{"type":"FeatureCollection","features":[{"type":"Feature","properties":{"lit":0.0759,"h":22.8},"geometry":{"type":"Polygon","coordinates":[[[-73.969855,40.672843],[-73.969695,40.672843],[-73.969695,40.672965],[-73.969855,40.672965],[-73.969855,40.672843]]]}},{"type":"Feature","properties":{"lit":0.0855,"h":10.1},"geometry":{"type":"Polygon","coordinates":[[[-73.963546,40.678655],[-73.962971,40.678655],[-73.962971,40.679094],[-73.963546,40.679094],[-73.963546,40.678655]]]}},{"type":"Feature","properties":{"lit":0.1119,"h":13.9},"geometry":{"type":"Polygon","coordinates":[[[-73.951912,40.675596],[-73.951144,40.675596],[-73.951144,40.676183],[-73.951912,40.676183],[-73.951912,40.675596]]]}},{"type":"Feature","properties":{"lit":0.1038,"h":12.2},"geometry":{"type":"Polygon","coordinates":[[[-73.950604,40.6756],[-73.949845,40.6756],[-73.949845,40.676179],[-73.950604,40.676179],[-73.950604,40.6756]]]}},{"type":"Feature","properties":{"lit":0.045,"h":11.7},"geometry":{"type":"Polygon","coordinates":[[[-73.95314,40.675654],[-73.952522,40.675654],[-73.952522,40.676125],[-73.95314,40.676125],[-73.95314,40.675654]]]}},{"type":"Feature","properties":{"lit":0.0713,"h":17.5},"geometry":{"type":"Polygon","coordinates":[[[-73.966167,40.674664],[-73.965563,40.674664],[-73.965563,40.675125],[-73.966167,40.675125],[-73.966167,40.674664]]]}},{"type":"Feature","properties":{"lit":0.085,"h":12.7},"geometry":{"type":"Polygon","coordinates":[[[-73.963546,40.67368],[-73.962971,40.67368],[-73.962971,40.674119],[-73.963546,40.674119],[-73.963546,40.67368]]]}},{"type":"Feature","properties":{"lit":0.1158,"h":16.1},"geometry":{"type":"Polygon","coordinates":[[[-73.96355,40.672681],[-73.962966,40.672681],[-73.962966,40.673127],[-73.96355,40.673127],[-73.96355,40.672681]]]}},{"type":"Feature","properties":{"lit":0.0435,"h":15.0},"geometry":{"type":"Polygon","coordinates":[[[-73.967522,40.673629],[-73.966815,40.673629],[-73.966815,40.674169],[-73.967522,40.674169],[-73.967522,40.673629]]]}},{"type":"Feature","properties":{"lit":0.0266,"h":15.7},"geometry":{"type":"Polygon","coordinates":[[[-73.964666,40.672825],[-73.964457,40.672825],[-73.964457,40.672984],[-73.964666,40.672984],[-73.964666,40.672825]]]}},{"type":"Feature","properties":{"lit":0.2214,"h":10.1},"geometry":{"type":"Polygon","coordinates":[[[-73.955751,40.674655],[-73.955125,40.674655],[-73.955125,40.675134],[-73.955751,40.675134],[-73.955751,40.674655]]]}},{"type":"Feature","properties":{"lit":0.2857,"h":10.1},"geometry":{"type":"Polygon","coordinates":[[[-73.957138,40.675586],[-73.956344,40.675586],[-73.956344,40.676193],[-73.957138,40.676193],[-73.957138,40.675586]]]}},{"type":"Feature","properties":{"lit":0.2846,"h":12.1},"geometry":{"type":"Polygon","coordinates":[[[-73.957129,40.673603],[-73.956354,40.673603],[-73.956354,40.674195],[-73.957129,40.674195],[-73.957129,40.673603]]]}},{"type":"Feature","properties":{"lit":0.3472,"h":12.1},"geometry":{"type":"Polygon","coordinates":[[[-73.957179,40.674561],[-73.956304,40.674561],[-73.956304,40.675228],[-73.957179,40.675228],[-73.957179,40.674561]]]}},{"type":"Feature","properties":{"lit":0.1141,"h":11.0},"geometry":{"type":"Polygon","coordinates":[[[-73.957056,40.672664],[-73.956427,40.672664],[-73.956427,40.673144],[-73.957056,40.673144],[-73.957056,40.672664]]]}},{"type":"Feature","properties":{"lit":0.0207,"h":11.8},"geometry":{"type":"Polygon","coordinates":[[[-73.955516,40.672844],[-73.95536,40.672844],[-73.95536,40.672964],[-73.955516,40.672964],[-73.955516,40.672844]]]}},{"type":"Feature","properties":{"lit":0.5472,"h":12.3},"geometry":{"type":"Polygon","coordinates":[[[-73.955823,40.676591],[-73.955053,40.676591],[-73.955053,40.677178],[-73.955823,40.677178],[-73.955823,40.676591]]]}},{"type":"Feature","properties":{"lit":0.0534,"h":12.1},"geometry":{"type":"Polygon","coordinates":[[[-73.955619,40.673761],[-73.955257,40.673761],[-73.955257,40.674037],[-73.955619,40.674037],[-73.955619,40.673761]]]}},{"type":"Feature","properties":{"lit":0.0403,"h":12.1},"geometry":{"type":"Polygon","coordinates":[[[-73.958175,40.674795],[-73.957914,40.674795],[-73.957914,40.674994],[-73.958175,40.674994],[-73.958175,40.674795]]]}},{"type":"Feature","properties":{"lit":0.2458,"h":10.7},"geometry":{"type":"Polygon","coordinates":[[[-73.957196,40.676538],[-73.956287,40.676538],[-73.956287,40.677232],[-73.957196,40.677232],[-73.957196,40.676538]]]}},{"type":"Feature","properties":{"lit":0.0676,"h":13.7},"geometry":{"type":"Polygon","coordinates":[[[-73.971217,40.665832],[-73.97094,40.665832],[-73.97094,40.666044],[-73.971217,40.666044],[-73.971217,40.665832]]]}},{"type":"Feature","properties":{"lit":0.0745,"h":6.4},"geometry":{"type":"Polygon","coordinates":[[[-73.976449,40.662833],[-73.976134,40.662833],[-73.976134,40.663073],[-73.976449,40.663073],[-73.976449,40.662833]]]}},{"type":"Feature","properties":{"lit":0.0388,"h":9.8},"geometry":{"type":"Polygon","coordinates":[[[-73.975168,40.664806],[-73.974809,40.664806],[-73.974809,40.66508],[-73.975168,40.66508],[-73.975168,40.664806]]]}},{"type":"Feature","properties":{"lit":0.3027,"h":19.2},"geometry":{"type":"Polygon","coordinates":[[[-73.953217,40.67659],[-73.952446,40.67659],[-73.952446,40.677179],[-73.953217,40.677179],[-73.953217,40.67659]]]}},{"type":"Feature","properties":{"lit":0.2237,"h":10.1},"geometry":{"type":"Polygon","coordinates":[[[-73.955721,40.675674],[-73.955155,40.675674],[-73.955155,40.676105],[-73.955721,40.676105],[-73.955721,40.675674]]]}},{"type":"Feature","properties":{"lit":0.2424,"h":10.7},"geometry":{"type":"Polygon","coordinates":[[[-73.95446,40.676636],[-73.953809,40.676636],[-73.953809,40.677133],[-73.95446,40.677133],[-73.95446,40.676636]]]}},{"type":"Feature","properties":{"lit":0.0267,"h":10.2},"geometry":{"type":"Polygon","coordinates":[[[-73.954274,40.675783],[-73.953995,40.675783],[-73.953995,40.675996],[-73.954274,40.675996],[-73.954274,40.675783]]]}},{"type":"Feature","properties":{"lit":0.0338,"h":14.5},"geometry":{"type":"Polygon","coordinates":[[[-73.949184,40.678674],[-73.948659,40.678674],[-73.948659,40.679075],[-73.949184,40.679075],[-73.949184,40.678674]]]}},{"type":"Feature","properties":{"lit":0.06,"h":13.1},"geometry":{"type":"Polygon","coordinates":[[[-73.966175,40.676648],[-73.965555,40.676648],[-73.965555,40.677121],[-73.966175,40.677121],[-73.966175,40.676648]]]}},{"type":"Feature","properties":{"lit":0.0343,"h":12.6},"geometry":{"type":"Polygon","coordinates":[[[-73.964897,40.676628],[-73.964225,40.676628],[-73.964225,40.677141],[-73.964897,40.677141],[-73.964897,40.676628]]]}},{"type":"Feature","properties":{"lit":0.1513,"h":13.0},"geometry":{"type":"Polygon","coordinates":[[[-73.968853,40.677589],[-73.968091,40.677589],[-73.968091,40.678171],[-73.968853,40.678171],[-73.968853,40.677589]]]}},{"type":"Feature","properties":{"lit":0.0442,"h":8.2},"geometry":{"type":"Polygon","coordinates":[[[-73.967214,40.677845],[-73.967122,40.677845],[-73.967122,40.677915],[-73.967214,40.677915],[-73.967214,40.677845]]]}},{"type":"Feature","properties":{"lit":0.0522,"h":13.0},"geometry":{"type":"Polygon","coordinates":[[[-73.966121,40.675694],[-73.965609,40.675694],[-73.965609,40.676085],[-73.966121,40.676085],[-73.966121,40.675694]]]}},{"type":"Feature","properties":{"lit":0.0357,"h":11.3},"geometry":{"type":"Polygon","coordinates":[[[-73.963441,40.676745],[-73.963075,40.676745],[-73.963075,40.677024],[-73.963441,40.677024],[-73.963441,40.676745]]]}},{"type":"Feature","properties":{"lit":0.0201,"h":15.5},"geometry":{"type":"Polygon","coordinates":[[[-73.964751,40.675745],[-73.964372,40.675745],[-73.964372,40.676034],[-73.964751,40.676034],[-73.964751,40.675745]]]}},{"type":"Feature","properties":{"lit":0.0412,"h":10.1},"geometry":{"type":"Polygon","coordinates":[[[-73.972709,40.67564],[-73.972054,40.67564],[-73.972054,40.676139],[-73.972709,40.676139],[-73.972709,40.67564]]]}},{"type":"Feature","properties":{"lit":0.0337,"h":40.6},"geometry":{"type":"Polygon","coordinates":[[[-73.971233,40.674776],[-73.970923,40.674776],[-73.970923,40.675013],[-73.971233,40.675013],[-73.971233,40.674776]]]}},{"type":"Feature","properties":{"lit":0.0329,"h":37.6},"geometry":{"type":"Polygon","coordinates":[[[-73.971282,40.671754],[-73.970875,40.671754],[-73.970875,40.672065],[-73.971282,40.672065],[-73.971282,40.671754]]]}},{"type":"Feature","properties":{"lit":0.0329,"h":9.7},"geometry":{"type":"Polygon","coordinates":[[[-73.980388,40.66082],[-73.980015,40.66082],[-73.980015,40.661105],[-73.980388,40.661105],[-73.980388,40.66082]]]}},{"type":"Feature","properties":{"lit":0.2053,"h":12.2},"geometry":{"type":"Polygon","coordinates":[[[-73.988251,40.659793],[-73.987793,40.659793],[-73.987793,40.660142],[-73.988251,40.660142],[-73.988251,40.659793]]]}},{"type":"Feature","properties":{"lit":0.0415,"h":7.9},"geometry":{"type":"Polygon","coordinates":[[[-73.989437,40.659882],[-73.989213,40.659882],[-73.989213,40.660053],[-73.989437,40.660053],[-73.989437,40.659882]]]}},{"type":"Feature","properties":{"lit":0.0524,"h":9.9},"geometry":{"type":"Polygon","coordinates":[[[-73.989451,40.658876],[-73.989199,40.658876],[-73.989199,40.659069],[-73.989451,40.659069],[-73.989451,40.658876]]]}},{"type":"Feature","properties":{"lit":0.3571,"h":14.2},"geometry":{"type":"Polygon","coordinates":[[[-73.951912,40.676592],[-73.951144,40.676592],[-73.951144,40.677178],[-73.951912,40.677178],[-73.951912,40.676592]]]}},{"type":"Feature","properties":{"lit":0.2456,"h":12.9},"geometry":{"type":"Polygon","coordinates":[[[-73.950569,40.676621],[-73.94988,40.676621],[-73.94988,40.677148],[-73.950569,40.677148],[-73.950569,40.676621]]]}},{"type":"Feature","properties":{"lit":0.0664,"h":15.5},"geometry":{"type":"Polygon","coordinates":[[[-73.952029,40.677497],[-73.951027,40.677497],[-73.951027,40.678262],[-73.952029,40.678262],[-73.952029,40.677497]]]}},{"type":"Feature","properties":{"lit":0.1325,"h":19.2},"geometry":{"type":"Polygon","coordinates":[[[-73.953169,40.677622],[-73.952494,40.677622],[-73.952494,40.678138],[-73.953169,40.678138],[-73.953169,40.677622]]]}},{"type":"Feature","properties":{"lit":0.0307,"h":14.0},"geometry":{"type":"Polygon","coordinates":[[[-73.950499,40.678665],[-73.94995,40.678665],[-73.94995,40.679084],[-73.950499,40.679084],[-73.950499,40.678665]]]}},{"type":"Feature","properties":{"lit":0.0681,"h":15.5},"geometry":{"type":"Polygon","coordinates":[[[-73.950594,40.677598],[-73.949855,40.677598],[-73.949855,40.678162],[-73.950594,40.678162],[-73.950594,40.677598]]]}},{"type":"Feature","properties":{"lit":0.2937,"h":12.0},"geometry":{"type":"Polygon","coordinates":[[[-73.954571,40.679537],[-73.953698,40.679537],[-73.953698,40.680203],[-73.954571,40.680203],[-73.954571,40.679537]]]}},{"type":"Feature","properties":{"lit":0.0698,"h":8.5},"geometry":{"type":"Polygon","coordinates":[[[-73.98695,40.660786],[-73.986487,40.660786],[-73.986487,40.661139],[-73.98695,40.661139],[-73.98695,40.660786]]]}},{"type":"Feature","properties":{"lit":0.036,"h":6.6},"geometry":{"type":"Polygon","coordinates":[[[-73.986797,40.659908],[-73.98664,40.659908],[-73.98664,40.660027],[-73.986797,40.660027],[-73.986797,40.659908]]]}},{"type":"Feature","properties":{"lit":0.0207,"h":10.4},"geometry":{"type":"Polygon","coordinates":[[[-73.982864,40.65893],[-73.982753,40.65893],[-73.982753,40.659015],[-73.982864,40.659015],[-73.982864,40.65893]]]}},{"type":"Feature","properties":{"lit":0.0254,"h":12.5},"geometry":{"type":"Polygon","coordinates":[[[-73.980343,40.65986],[-73.980061,40.65986],[-73.980061,40.660075],[-73.980343,40.660075],[-73.980343,40.65986]]]}},{"type":"Feature","properties":{"lit":0.0367,"h":20.9},"geometry":{"type":"Polygon","coordinates":[[[-73.9791,40.660809],[-73.978697,40.660809],[-73.978697,40.661117],[-73.9791,40.661117],[-73.9791,40.660809]]]}},{"type":"Feature","properties":{"lit":0.039,"h":14.8},"geometry":{"type":"Polygon","coordinates":[[[-73.984312,40.6628],[-73.983912,40.6628],[-73.983912,40.663106],[-73.984312,40.663106],[-73.984312,40.6628]]]}},{"type":"Feature","properties":{"lit":0.047,"h":11.5},"geometry":{"type":"Polygon","coordinates":[[[-73.97796,40.664664],[-73.97723,40.664664],[-73.97723,40.665222],[-73.97796,40.665222],[-73.97796,40.664664]]]}},{"type":"Feature","properties":{"lit":0.0481,"h":12.9},"geometry":{"type":"Polygon","coordinates":[[[-73.979219,40.665693],[-73.978578,40.665693],[-73.978578,40.666183],[-73.979219,40.666183],[-73.979219,40.665693]]]}},{"type":"Feature","properties":{"lit":0.0403,"h":11.9},"geometry":{"type":"Polygon","coordinates":[[[-73.97913,40.664766],[-73.978667,40.664766],[-73.978667,40.66512],[-73.97913,40.66512],[-73.97913,40.664766]]]}},{"type":"Feature","properties":{"lit":0.0364,"h":18.2},"geometry":{"type":"Polygon","coordinates":[[[-73.976485,40.665791],[-73.976099,40.665791],[-73.976099,40.666086],[-73.976485,40.666086],[-73.976485,40.665791]]]}},{"type":"Feature","properties":{"lit":0.0374,"h":9.1},"geometry":{"type":"Polygon","coordinates":[[[-73.977705,40.665855],[-73.977485,40.665855],[-73.977485,40.666022],[-73.977705,40.666022],[-73.977705,40.665855]]]}},{"type":"Feature","properties":{"lit":0.0555,"h":18.8},"geometry":{"type":"Polygon","coordinates":[[[-73.976412,40.664851],[-73.976171,40.664851],[-73.976171,40.665035],[-73.976412,40.665035],[-73.976412,40.664851]]]}},{"type":"Feature","properties":{"lit":0.0467,"h":19.7},"geometry":{"type":"Polygon","coordinates":[[[-73.947843,40.675718],[-73.947393,40.675718],[-73.947393,40.676061],[-73.947843,40.676061],[-73.947843,40.675718]]]}},{"type":"Feature","properties":{"lit":0.04,"h":3.9},"geometry":{"type":"Polygon","coordinates":[[[-73.948974,40.67585],[-73.948869,40.67585],[-73.948869,40.675929],[-73.948974,40.675929],[-73.948974,40.67585]]]}},{"type":"Feature","properties":{"lit":0.0553,"h":14.9},"geometry":{"type":"Polygon","coordinates":[[[-73.949211,40.676663],[-73.948631,40.676663],[-73.948631,40.677106],[-73.949211,40.677106],[-73.949211,40.676663]]]}},{"type":"Feature","properties":{"lit":0.0617,"h":17.3},"geometry":{"type":"Polygon","coordinates":[[[-73.948045,40.676559],[-73.947191,40.676559],[-73.947191,40.677211],[-73.948045,40.677211],[-73.948045,40.676559]]]}},{"type":"Feature","properties":{"lit":0.0363,"h":13.0},"geometry":{"type":"Polygon","coordinates":[[[-73.949196,40.67767],[-73.948647,40.67767],[-73.948647,40.678089],[-73.949196,40.678089],[-73.949196,40.67767]]]}},{"type":"Feature","properties":{"lit":0.0396,"h":14.2},"geometry":{"type":"Polygon","coordinates":[[[-73.947865,40.677691],[-73.947371,40.677691],[-73.947371,40.678068],[-73.947865,40.678068],[-73.947865,40.677691]]]}},{"type":"Feature","properties":{"lit":0.0523,"h":24.3},"geometry":{"type":"Polygon","coordinates":[[[-73.946553,40.675708],[-73.946077,40.675708],[-73.946077,40.676071],[-73.946553,40.676071],[-73.946553,40.675708]]]}},{"type":"Feature","properties":{"lit":0.042,"h":13.3},"geometry":{"type":"Polygon","coordinates":[[[-73.980507,40.665705],[-73.979896,40.665705],[-73.979896,40.666172],[-73.980507,40.666172],[-73.980507,40.665705]]]}},{"type":"Feature","properties":{"lit":0.0332,"h":16.0},"geometry":{"type":"Polygon","coordinates":[[[-73.981781,40.666723],[-73.981229,40.666723],[-73.981229,40.667144],[-73.981781,40.667144],[-73.981781,40.666723]]]}},{"type":"Feature","properties":{"lit":0.037,"h":11.5},"geometry":{"type":"Polygon","coordinates":[[[-73.982881,40.666878],[-73.982736,40.666878],[-73.982736,40.666989],[-73.982881,40.666989],[-73.982881,40.666878]]]}},{"type":"Feature","properties":{"lit":0.033,"h":12.8},"geometry":{"type":"Polygon","coordinates":[[[-73.980303,40.666856],[-73.9801,40.666856],[-73.9801,40.667011],[-73.980303,40.667011],[-73.980303,40.666856]]]}},{"type":"Feature","properties":{"lit":0.0256,"h":20.4},"geometry":{"type":"Polygon","coordinates":[[[-73.975121,40.678774],[-73.974856,40.678774],[-73.974856,40.678976],[-73.975121,40.678976],[-73.975121,40.678774]]]}},{"type":"Feature","properties":{"lit":0.0348,"h":12.4},"geometry":{"type":"Polygon","coordinates":[[[-73.973968,40.678659],[-73.973402,40.678659],[-73.973402,40.679091],[-73.973968,40.679091],[-73.973968,40.678659]]]}},{"type":"Feature","properties":{"lit":0.0347,"h":9.3},"geometry":{"type":"Polygon","coordinates":[[[-73.972611,40.676709],[-73.972152,40.676709],[-73.972152,40.67706],[-73.972611,40.67706],[-73.972611,40.676709]]]}},{"type":"Feature","properties":{"lit":0.0356,"h":5.8},"geometry":{"type":"Polygon","coordinates":[[[-73.973907,40.676715],[-73.973463,40.676715],[-73.973463,40.677054],[-73.973907,40.677054],[-73.973907,40.676715]]]}},{"type":"Feature","properties":{"lit":0.7912,"h":14.1},"geometry":{"type":"Polygon","coordinates":[[[-73.96094,40.673679],[-73.960363,40.673679],[-73.960363,40.674119],[-73.96094,40.674119],[-73.96094,40.673679]]]}},{"type":"Feature","properties":{"lit":0.0283,"h":14.9},"geometry":{"type":"Polygon","coordinates":[[[-73.96211,40.67179],[-73.961799,40.67179],[-73.961799,40.672028],[-73.96211,40.672028],[-73.96211,40.67179]]]}},{"type":"Feature","properties":{"lit":0.0839,"h":14.9},"geometry":{"type":"Polygon","coordinates":[[[-73.962354,40.672599],[-73.961555,40.672599],[-73.961555,40.673209],[-73.962354,40.673209],[-73.962354,40.672599]]]}},{"type":"Feature","properties":{"lit":0.1297,"h":13.7},"geometry":{"type":"Polygon","coordinates":[[[-73.962259,40.673667],[-73.961651,40.673667],[-73.961651,40.674131],[-73.962259,40.674131],[-73.962259,40.673667]]]}},{"type":"Feature","properties":{"lit":0.2226,"h":14.0},"geometry":{"type":"Polygon","coordinates":[[[-73.961103,40.67256],[-73.9602,40.67256],[-73.9602,40.673249],[-73.961103,40.673249],[-73.961103,40.67256]]]}},{"type":"Feature","properties":{"lit":0.039,"h":10.6},"geometry":{"type":"Polygon","coordinates":[[[-73.960798,40.671797],[-73.960505,40.671797],[-73.960505,40.672021],[-73.960798,40.672021],[-73.960798,40.671797]]]}},{"type":"Feature","properties":{"lit":0.0624,"h":13.9},"geometry":{"type":"Polygon","coordinates":[[[-73.958355,40.670677],[-73.957735,40.670677],[-73.957735,40.671151],[-73.958355,40.671151],[-73.958355,40.670677]]]}},{"type":"Feature","properties":{"lit":0.0473,"h":18.5},"geometry":{"type":"Polygon","coordinates":[[[-73.956991,40.670723],[-73.956491,40.670723],[-73.956491,40.671105],[-73.956991,40.671105],[-73.956991,40.670723]]]}},{"type":"Feature","properties":{"lit":0.3643,"h":13.6},"geometry":{"type":"Polygon","coordinates":[[[-73.958403,40.671635],[-73.957686,40.671635],[-73.957686,40.672183],[-73.958403,40.672183],[-73.958403,40.671635]]]}},{"type":"Feature","properties":{"lit":0.0315,"h":20.2},"geometry":{"type":"Polygon","coordinates":[[[-73.959614,40.671706],[-73.959082,40.671706],[-73.959082,40.672112],[-73.959614,40.672112],[-73.959614,40.671706]]]}},{"type":"Feature","properties":{"lit":0.0446,"h":14.7},"geometry":{"type":"Polygon","coordinates":[[[-73.95946,40.670829],[-73.959236,40.670829],[-73.959236,40.670999],[-73.95946,40.670999],[-73.95946,40.670829]]]}},{"type":"Feature","properties":{"lit":0.0868,"h":11.0},"geometry":{"type":"Polygon","coordinates":[[[-73.957026,40.671692],[-73.956457,40.671692],[-73.956457,40.672126],[-73.957026,40.672126],[-73.957026,40.671692]]]}},{"type":"Feature","properties":{"lit":0.2067,"h":10.5},"geometry":{"type":"Polygon","coordinates":[[[-73.958427,40.672613],[-73.957663,40.672613],[-73.957663,40.673196],[-73.958427,40.673196],[-73.958427,40.672613]]]}},{"type":"Feature","properties":{"lit":0.2084,"h":17.5},"geometry":{"type":"Polygon","coordinates":[[[-73.959769,40.674573],[-73.958927,40.674573],[-73.958927,40.675216],[-73.959769,40.675216],[-73.959769,40.674573]]]}},{"type":"Feature","properties":{"lit":0.0238,"h":25.6},"geometry":{"type":"Polygon","coordinates":[[[-73.959483,40.672801],[-73.959213,40.672801],[-73.959213,40.673007],[-73.959483,40.673007],[-73.959483,40.672801]]]}},{"type":"Feature","properties":{"lit":0.1338,"h":14.6},"geometry":{"type":"Polygon","coordinates":[[[-73.959755,40.673588],[-73.958941,40.673588],[-73.958941,40.67421],[-73.959755,40.67421],[-73.959755,40.673588]]]}},{"type":"Feature","properties":{"lit":0.1133,"h":12.5},"geometry":{"type":"Polygon","coordinates":[[[-73.958351,40.673665],[-73.957739,40.673665],[-73.957739,40.674133],[-73.958351,40.674133],[-73.958351,40.673665]]]}},{"type":"Feature","properties":{"lit":0.1292,"h":10.3},"geometry":{"type":"Polygon","coordinates":[[[-73.963554,40.674668],[-73.962962,40.674668],[-73.962962,40.675121],[-73.963554,40.675121],[-73.963554,40.674668]]]}},{"type":"Feature","properties":{"lit":0.1502,"h":13.7},"geometry":{"type":"Polygon","coordinates":[[[-73.962285,40.675638],[-73.961625,40.675638],[-73.961625,40.676141],[-73.962285,40.676141],[-73.962285,40.675638]]]}},{"type":"Feature","properties":{"lit":0.1028,"h":13.8},"geometry":{"type":"Polygon","coordinates":[[[-73.96107,40.67557],[-73.960233,40.67557],[-73.960233,40.676209],[-73.96107,40.676209],[-73.96107,40.67557]]]}},{"type":"Feature","properties":{"lit":0.1684,"h":13.9},"geometry":{"type":"Polygon","coordinates":[[[-73.962245,40.674673],[-73.961664,40.674673],[-73.961664,40.675116],[-73.962245,40.675116],[-73.962245,40.674673]]]}},{"type":"Feature","properties":{"lit":0.205,"h":11.7},"geometry":{"type":"Polygon","coordinates":[[[-73.961108,40.674546],[-73.960195,40.674546],[-73.960195,40.675243],[-73.961108,40.675243],[-73.961108,40.674546]]]}},{"type":"Feature","properties":{"lit":0.0227,"h":14.0},"geometry":{"type":"Polygon","coordinates":[[[-73.963388,40.675791],[-73.963128,40.675791],[-73.963128,40.675988],[-73.963388,40.675988],[-73.963388,40.675791]]]}},{"type":"Feature","properties":{"lit":0.4572,"h":23.6},"geometry":{"type":"Polygon","coordinates":[[[-73.959752,40.675581],[-73.958945,40.675581],[-73.958945,40.676198],[-73.959752,40.676198],[-73.959752,40.675581]]]}},{"type":"Feature","properties":{"lit":0.1797,"h":23.2},"geometry":{"type":"Polygon","coordinates":[[[-73.958483,40.675555],[-73.957607,40.675555],[-73.957607,40.676224],[-73.958483,40.676224],[-73.958483,40.675555]]]}},{"type":"Feature","properties":{"lit":0.4411,"h":16.3},"geometry":{"type":"Polygon","coordinates":[[[-73.959765,40.676566],[-73.958931,40.676566],[-73.958931,40.677203],[-73.959765,40.677203],[-73.959765,40.676566]]]}},{"type":"Feature","properties":{"lit":0.2865,"h":13.9},"geometry":{"type":"Polygon","coordinates":[[[-73.958583,40.677469],[-73.957507,40.677469],[-73.957507,40.678291],[-73.958583,40.678291],[-73.958583,40.677469]]]}},{"type":"Feature","properties":{"lit":0.6718,"h":7.6},"geometry":{"type":"Polygon","coordinates":[[[-73.957098,40.677607],[-73.956384,40.677607],[-73.956384,40.678152],[-73.957098,40.678152],[-73.957098,40.677607]]]}},{"type":"Feature","properties":{"lit":1.0,"h":14.7},"geometry":{"type":"Polygon","coordinates":[[[-73.955883,40.67754],[-73.954993,40.67754],[-73.954993,40.678219],[-73.955883,40.678219],[-73.955883,40.67754]]]}},{"type":"Feature","properties":{"lit":0.1466,"h":26.9},"geometry":{"type":"Polygon","coordinates":[[[-73.958493,40.676542],[-73.957597,40.676542],[-73.957597,40.677227],[-73.958493,40.677227],[-73.958493,40.676542]]]}},{"type":"Feature","properties":{"lit":0.3684,"h":13.0},"geometry":{"type":"Polygon","coordinates":[[[-73.959752,40.677571],[-73.958944,40.677571],[-73.958944,40.678188],[-73.959752,40.678188],[-73.959752,40.677571]]]}},{"type":"Feature","properties":{"lit":0.0874,"h":28.2},"geometry":{"type":"Polygon","coordinates":[[[-73.954703,40.678441],[-73.953566,40.678441],[-73.953566,40.679309],[-73.954703,40.679309],[-73.954703,40.678441]]]}},{"type":"Feature","properties":{"lit":0.4459,"h":15.1},"geometry":{"type":"Polygon","coordinates":[[[-73.95975,40.678568],[-73.958946,40.678568],[-73.958946,40.679182],[-73.95975,40.679182],[-73.95975,40.678568]]]}},{"type":"Feature","properties":{"lit":0.3046,"h":21.5},"geometry":{"type":"Polygon","coordinates":[[[-73.959883,40.679461],[-73.958813,40.679461],[-73.958813,40.680278],[-73.959883,40.680278],[-73.959883,40.679461]]]}},{"type":"Feature","properties":{"lit":0.3209,"h":14.4},"geometry":{"type":"Polygon","coordinates":[[[-73.95446,40.677631],[-73.953809,40.677631],[-73.953809,40.678128],[-73.95446,40.678128],[-73.95446,40.677631]]]}},{"type":"Feature","properties":{"lit":0.9798,"h":21.2},"geometry":{"type":"Polygon","coordinates":[[[-73.958474,40.678547],[-73.957615,40.678547],[-73.957615,40.679203],[-73.958474,40.679203],[-73.958474,40.678547]]]}},{"type":"Feature","properties":{"lit":1.0,"h":8.1},"geometry":{"type":"Polygon","coordinates":[[[-73.957194,40.67853],[-73.956289,40.67853],[-73.956289,40.67922],[-73.957194,40.67922],[-73.957194,40.67853]]]}},{"type":"Feature","properties":{"lit":0.1068,"h":12.0},"geometry":{"type":"Polygon","coordinates":[[[-73.962377,40.678552],[-73.961533,40.678552],[-73.961533,40.679197],[-73.962377,40.679197],[-73.962377,40.678552]]]}},{"type":"Feature","properties":{"lit":1.0,"h":10.5},"geometry":{"type":"Polygon","coordinates":[[[-73.955687,40.678685],[-73.955189,40.678685],[-73.955189,40.679065],[-73.955687,40.679065],[-73.955687,40.678685]]]}},{"type":"Feature","properties":{"lit":0.0786,"h":7.8},"geometry":{"type":"Polygon","coordinates":[[[-73.960931,40.678661],[-73.960372,40.678661],[-73.960372,40.679088],[-73.960931,40.679088],[-73.960931,40.678661]]]}},{"type":"Feature","properties":{"lit":0.0756,"h":12.5},"geometry":{"type":"Polygon","coordinates":[[[-73.968822,40.678607],[-73.968121,40.678607],[-73.968121,40.679143],[-73.968822,40.679143],[-73.968822,40.678607]]]}},{"type":"Feature","properties":{"lit":0.0253,"h":11.1},"geometry":{"type":"Polygon","coordinates":[[[-73.967362,40.678727],[-73.966974,40.678727],[-73.966974,40.679023],[-73.967362,40.679023],[-73.967362,40.678727]]]}},{"type":"Feature","properties":{"lit":0.0608,"h":12.1},"geometry":{"type":"Polygon","coordinates":[[[-73.97,40.677708],[-73.96955,40.677708],[-73.96955,40.678051],[-73.97,40.678051],[-73.97,40.677708]]]}},{"type":"Feature","properties":{"lit":0.0431,"h":8.4},"geometry":{"type":"Polygon","coordinates":[[[-73.969875,40.678798],[-73.969675,40.678798],[-73.969675,40.678951],[-73.969875,40.678951],[-73.969875,40.678798]]]}},{"type":"Feature","properties":{"lit":0.0232,"h":13.1},"geometry":{"type":"Polygon","coordinates":[[[-73.986807,40.658905],[-73.98663,40.658905],[-73.98663,40.65904],[-73.986807,40.65904],[-73.986807,40.658905]]]}},{"type":"Feature","properties":{"lit":0.4118,"h":5.7},"geometry":{"type":"Polygon","coordinates":[[[-73.988432,40.658659],[-73.987612,40.658659],[-73.987612,40.659286],[-73.988432,40.659286],[-73.988432,40.658659]]]}},{"type":"Feature","properties":{"lit":0.0515,"h":11.9},"geometry":{"type":"Polygon","coordinates":[[[-73.967452,40.675673],[-73.966884,40.675673],[-73.966884,40.676106],[-73.967452,40.676106],[-73.967452,40.675673]]]}},{"type":"Feature","properties":{"lit":0.0379,"h":13.8},"geometry":{"type":"Polygon","coordinates":[[[-73.971269,40.676739],[-73.970888,40.676739],[-73.970888,40.67703],[-73.971269,40.67703],[-73.971269,40.676739]]]}},{"type":"Feature","properties":{"lit":0.0491,"h":11.8},"geometry":{"type":"Polygon","coordinates":[[[-73.968692,40.676717],[-73.968251,40.676717],[-73.968251,40.677053],[-73.968692,40.677053],[-73.968692,40.676717]]]}},{"type":"Feature","properties":{"lit":0.0302,"h":10.8},"geometry":{"type":"Polygon","coordinates":[[[-73.967298,40.676786],[-73.967038,40.676786],[-73.967038,40.676984],[-73.967298,40.676984],[-73.967298,40.676786]]]}},{"type":"Feature","properties":{"lit":0.0257,"h":23.6},"geometry":{"type":"Polygon","coordinates":[[[-73.968656,40.675748],[-73.968287,40.675748],[-73.968287,40.676031],[-73.968656,40.676031],[-73.968656,40.675748]]]}},{"type":"Feature","properties":{"lit":0.0446,"h":27.0},"geometry":{"type":"Polygon","coordinates":[[[-73.971392,40.67565],[-73.970764,40.67565],[-73.970764,40.676129],[-73.971392,40.676129],[-73.971392,40.67565]]]}},{"type":"Feature","properties":{"lit":0.0679,"h":16.6},"geometry":{"type":"Polygon","coordinates":[[[-73.967474,40.674661],[-73.966862,40.674661],[-73.966862,40.675128],[-73.967474,40.675128],[-73.967474,40.674661]]]}},{"type":"Feature","properties":{"lit":0.0337,"h":34.6},"geometry":{"type":"Polygon","coordinates":[[[-73.96996,40.675748],[-73.96959,40.675748],[-73.96959,40.676031],[-73.96996,40.676031],[-73.96996,40.675748]]]}},{"type":"Feature","properties":{"lit":0.0609,"h":42.4},"geometry":{"type":"Polygon","coordinates":[[[-73.968644,40.672773],[-73.9683,40.672773],[-73.9683,40.673035],[-73.968644,40.673035],[-73.968644,40.672773]]]}},{"type":"Feature","properties":{"lit":0.0316,"h":47.1},"geometry":{"type":"Polygon","coordinates":[[[-73.968719,40.67371],[-73.968224,40.67371],[-73.968224,40.674088],[-73.968719,40.674088],[-73.968719,40.67371]]]}},{"type":"Feature","properties":{"lit":0.0444,"h":34.7},"geometry":{"type":"Polygon","coordinates":[[[-73.967384,40.672739],[-73.966952,40.672739],[-73.966952,40.673069],[-73.967384,40.673069],[-73.967384,40.672739]]]}},{"type":"Feature","properties":{"lit":0.0432,"h":13.5},"geometry":{"type":"Polygon","coordinates":[[[-73.972634,40.677687],[-73.972129,40.677687],[-73.972129,40.678072],[-73.972634,40.678072],[-73.972634,40.677687]]]}},{"type":"Feature","properties":{"lit":0.0228,"h":9.0},"geometry":{"type":"Polygon","coordinates":[[[-73.969997,40.676715],[-73.969553,40.676715],[-73.969553,40.677054],[-73.969997,40.677054],[-73.969997,40.676715]]]}},{"type":"Feature","properties":{"lit":0.1762,"h":9.1},"geometry":{"type":"Polygon","coordinates":[[[-73.964897,40.678619],[-73.964226,40.678619],[-73.964226,40.679131],[-73.964897,40.679131],[-73.964897,40.678619]]]}},{"type":"Feature","properties":{"lit":0.0319,"h":11.0},"geometry":{"type":"Polygon","coordinates":[[[-73.966032,40.678747],[-73.965698,40.678747],[-73.965698,40.679002],[-73.966032,40.679002],[-73.966032,40.678747]]]}},{"type":"Feature","properties":{"lit":0.0278,"h":13.5},"geometry":{"type":"Polygon","coordinates":[[[-73.965933,40.677828],[-73.965797,40.677828],[-73.965797,40.677932],[-73.965933,40.677932],[-73.965933,40.677828]]]}},{"type":"Feature","properties":{"lit":0.0582,"h":11.4},"geometry":{"type":"Polygon","coordinates":[[[-73.96226,40.677647],[-73.961649,40.677647],[-73.961649,40.678113],[-73.96226,40.678113],[-73.96226,40.677647]]]}},{"type":"Feature","properties":{"lit":0.0468,"h":8.2},"geometry":{"type":"Polygon","coordinates":[[[-73.961123,40.67752],[-73.96018,40.67752],[-73.96018,40.67824],[-73.961123,40.67824],[-73.961123,40.67752]]]}},{"type":"Feature","properties":{"lit":0.1297,"h":9.4},"geometry":{"type":"Polygon","coordinates":[[[-73.960826,40.676751],[-73.960477,40.676751],[-73.960477,40.677018],[-73.960826,40.677018],[-73.960826,40.676751]]]}},{"type":"Feature","properties":{"lit":0.0221,"h":11.9},"geometry":{"type":"Polygon","coordinates":[[[-73.962009,40.676843],[-73.9619,40.676843],[-73.9619,40.676926],[-73.962009,40.676926],[-73.962009,40.676843]]]}},{"type":"Feature","properties":{"lit":0.0287,"h":7.2},"geometry":{"type":"Polygon","coordinates":[[[-73.969839,40.67186],[-73.969711,40.67186],[-73.969711,40.671958],[-73.969839,40.671958],[-73.969839,40.67186]]]}},{"type":"Feature","properties":{"lit":0.0869,"h":19.2},"geometry":{"type":"Polygon","coordinates":[[[-73.962338,40.679577],[-73.961571,40.679577],[-73.961571,40.680163],[-73.962338,40.680163],[-73.962338,40.679577]]]}},{"type":"Feature","properties":{"lit":0.033,"h":9.0},"geometry":{"type":"Polygon","coordinates":[[[-73.97245,40.664891],[-73.972313,40.664891],[-73.972313,40.664996],[-73.97245,40.664996],[-73.97245,40.664891]]]}},{"type":"Feature","properties":{"lit":0.0632,"h":11.3},"geometry":{"type":"Polygon","coordinates":[[[-73.95566,40.683681],[-73.955216,40.683681],[-73.955216,40.68402],[-73.95566,40.68402],[-73.95566,40.683681]]]}},{"type":"Feature","properties":{"lit":0.0803,"h":11.0},"geometry":{"type":"Polygon","coordinates":[[[-73.957063,40.683605],[-73.95642,40.683605],[-73.95642,40.684096],[-73.957063,40.684096],[-73.957063,40.683605]]]}},{"type":"Feature","properties":{"lit":0.043,"h":13.8},"geometry":{"type":"Polygon","coordinates":[[[-73.95559,40.68473],[-73.955286,40.68473],[-73.955286,40.684961],[-73.95559,40.684961],[-73.95559,40.68473]]]}},{"type":"Feature","properties":{"lit":0.0666,"h":9.9},"geometry":{"type":"Polygon","coordinates":[[[-73.956903,40.684722],[-73.95658,40.684722],[-73.95658,40.684969],[-73.956903,40.684969],[-73.956903,40.684722]]]}},{"type":"Feature","properties":{"lit":0.0262,"h":10.8},"geometry":{"type":"Polygon","coordinates":[[[-73.992136,40.68469],[-73.991728,40.68469],[-73.991728,40.685002],[-73.992136,40.685002],[-73.992136,40.68469]]]}},{"type":"Feature","properties":{"lit":0.043,"h":14.4},"geometry":{"type":"Polygon","coordinates":[[[-73.993581,40.687567],[-73.992889,40.687567],[-73.992889,40.688095],[-73.993581,40.688095],[-73.993581,40.687567]]]}},{"type":"Feature","properties":{"lit":0.0568,"h":13.0},"geometry":{"type":"Polygon","coordinates":[[[-73.99364,40.686527],[-73.99283,40.686527],[-73.99283,40.687145],[-73.99364,40.687145],[-73.99364,40.686527]]]}},{"type":"Feature","properties":{"lit":0.0457,"h":19.3},"geometry":{"type":"Polygon","coordinates":[[[-73.992087,40.687713],[-73.991777,40.687713],[-73.991777,40.687949],[-73.992087,40.687949],[-73.992087,40.687713]]]}},{"type":"Feature","properties":{"lit":0.0522,"h":10.5},"geometry":{"type":"Polygon","coordinates":[[[-73.991072,40.686497],[-73.990185,40.686497],[-73.990185,40.687174],[-73.991072,40.687174],[-73.991072,40.686497]]]}},{"type":"Feature","properties":{"lit":0.0911,"h":14.5},"geometry":{"type":"Polygon","coordinates":[[[-73.991011,40.685549],[-73.990246,40.685549],[-73.990246,40.686133],[-73.991011,40.686133],[-73.991011,40.685549]]]}},{"type":"Feature","properties":{"lit":0.0465,"h":10.4},"geometry":{"type":"Polygon","coordinates":[[[-73.992355,40.686513],[-73.991509,40.686513],[-73.991509,40.687159],[-73.992355,40.687159],[-73.992355,40.686513]]]}},{"type":"Feature","properties":{"lit":0.105,"h":7.4},"geometry":{"type":"Polygon","coordinates":[[[-73.949303,40.679579],[-73.94854,40.679579],[-73.94854,40.680161],[-73.949303,40.680161],[-73.949303,40.679579]]]}},{"type":"Feature","properties":{"lit":0.0234,"h":10.9},"geometry":{"type":"Polygon","coordinates":[[[-73.942489,40.679805],[-73.94232,40.679805],[-73.94232,40.679935],[-73.942489,40.679935],[-73.942489,40.679805]]]}},{"type":"Feature","properties":{"lit":0.1456,"h":11.1},"geometry":{"type":"Polygon","coordinates":[[[-73.94151,40.679558],[-73.940692,40.679558],[-73.940692,40.680182],[-73.94151,40.680182],[-73.94151,40.679558]]]}},{"type":"Feature","properties":{"lit":0.096,"h":17.6},"geometry":{"type":"Polygon","coordinates":[[[-73.940057,40.679672],[-73.939538,40.679672],[-73.939538,40.680068],[-73.940057,40.680068],[-73.940057,40.679672]]]}},{"type":"Feature","properties":{"lit":0.0444,"h":10.3},"geometry":{"type":"Polygon","coordinates":[[[-73.941246,40.678764],[-73.940956,40.678764],[-73.940956,40.678985],[-73.941246,40.678985],[-73.941246,40.678764]]]}},{"type":"Feature","properties":{"lit":0.0236,"h":10.1},"geometry":{"type":"Polygon","coordinates":[[[-73.939874,40.678817],[-73.939721,40.678817],[-73.939721,40.678933],[-73.939874,40.678933],[-73.939874,40.678817]]]}},{"type":"Feature","properties":{"lit":0.0698,"h":13.6},"geometry":{"type":"Polygon","coordinates":[[[-73.94139,40.680645],[-73.940813,40.680645],[-73.940813,40.681085],[-73.94139,40.681085],[-73.94139,40.680645]]]}},{"type":"Feature","properties":{"lit":0.0634,"h":14.7},"geometry":{"type":"Polygon","coordinates":[[[-73.94139,40.681639],[-73.940812,40.681639],[-73.940812,40.682081],[-73.94139,40.682081],[-73.94139,40.681639]]]}},{"type":"Feature","properties":{"lit":0.045,"h":18.3},"geometry":{"type":"Polygon","coordinates":[[[-73.940096,40.680637],[-73.939499,40.680637],[-73.939499,40.681093],[-73.940096,40.681093],[-73.940096,40.680637]]]}},{"type":"Feature","properties":{"lit":0.0517,"h":13.5},"geometry":{"type":"Polygon","coordinates":[[[-73.943901,40.681713],[-73.943514,40.681713],[-73.943514,40.682008],[-73.943901,40.682008],[-73.943901,40.681713]]]}},{"type":"Feature","properties":{"lit":0.025,"h":11.2},"geometry":{"type":"Polygon","coordinates":[[[-73.942601,40.68171],[-73.942208,40.68171],[-73.942208,40.68201],[-73.942601,40.68201],[-73.942601,40.68171]]]}},{"type":"Feature","properties":{"lit":0.0587,"h":13.9},"geometry":{"type":"Polygon","coordinates":[[[-73.944067,40.682581],[-73.943349,40.682581],[-73.943349,40.683129],[-73.944067,40.683129],[-73.944067,40.682581]]]}},{"type":"Feature","properties":{"lit":0.0712,"h":11.6},"geometry":{"type":"Polygon","coordinates":[[[-73.942798,40.682555],[-73.942011,40.682555],[-73.942011,40.683156],[-73.942798,40.683156],[-73.942798,40.682555]]]}},{"type":"Feature","properties":{"lit":0.0724,"h":9.1},"geometry":{"type":"Polygon","coordinates":[[[-73.939887,40.681792],[-73.939709,40.681792],[-73.939709,40.681928],[-73.939887,40.681928],[-73.939887,40.681792]]]}},{"type":"Feature","properties":{"lit":0.2323,"h":9.8},"geometry":{"type":"Polygon","coordinates":[[[-73.940108,40.682618],[-73.939487,40.682618],[-73.939487,40.683092],[-73.940108,40.683092],[-73.940108,40.682618]]]}},{"type":"Feature","properties":{"lit":0.4772,"h":11.6},"geometry":{"type":"Polygon","coordinates":[[[-73.941451,40.682588],[-73.940751,40.682588],[-73.940751,40.683122],[-73.941451,40.683122],[-73.941451,40.682588]]]}},{"type":"Feature","properties":{"lit":0.5735,"h":12.5},"geometry":{"type":"Polygon","coordinates":[[[-73.941454,40.683581],[-73.940749,40.683581],[-73.940749,40.68412],[-73.941454,40.68412],[-73.941454,40.683581]]]}},{"type":"Feature","properties":{"lit":0.1017,"h":12.0},"geometry":{"type":"Polygon","coordinates":[[[-73.940172,40.683565],[-73.939423,40.683565],[-73.939423,40.684136],[-73.940172,40.684136],[-73.940172,40.683565]]]}},{"type":"Feature","properties":{"lit":0.0709,"h":13.0},"geometry":{"type":"Polygon","coordinates":[[[-73.94413,40.683528],[-73.943286,40.683528],[-73.943286,40.684172],[-73.94413,40.684172],[-73.94413,40.683528]]]}},{"type":"Feature","properties":{"lit":0.1397,"h":12.2},"geometry":{"type":"Polygon","coordinates":[[[-73.94278,40.683564],[-73.942029,40.683564],[-73.942029,40.684137],[-73.94278,40.684137],[-73.94278,40.683564]]]}},{"type":"Feature","properties":{"lit":0.0296,"h":11.6},"geometry":{"type":"Polygon","coordinates":[[[-73.938646,40.683735],[-73.938343,40.683735],[-73.938343,40.683966],[-73.938646,40.683966],[-73.938646,40.683735]]]}},{"type":"Feature","properties":{"lit":0.0829,"h":12.6},"geometry":{"type":"Polygon","coordinates":[[[-73.938826,40.684592],[-73.938163,40.684592],[-73.938163,40.685099],[-73.938826,40.685099],[-73.938826,40.684592]]]}},{"type":"Feature","properties":{"lit":0.0409,"h":11.9},"geometry":{"type":"Polygon","coordinates":[[[-73.937451,40.683652],[-73.936931,40.683652],[-73.936931,40.684049],[-73.937451,40.684049],[-73.937451,40.683652]]]}},{"type":"Feature","properties":{"lit":0.0523,"h":10.5},"geometry":{"type":"Polygon","coordinates":[[[-73.936147,40.683653],[-73.935629,40.683653],[-73.935629,40.684048],[-73.936147,40.684048],[-73.936147,40.683653]]]}},{"type":"Feature","properties":{"lit":0.0754,"h":10.8},"geometry":{"type":"Polygon","coordinates":[[[-73.936214,40.684597],[-73.935562,40.684597],[-73.935562,40.685094],[-73.936214,40.685094],[-73.936214,40.684597]]]}},{"type":"Feature","properties":{"lit":0.0865,"h":25.9},"geometry":{"type":"Polygon","coordinates":[[[-73.937842,40.684348],[-73.93654,40.684348],[-73.93654,40.685343],[-73.937842,40.685343],[-73.937842,40.684348]]]}},{"type":"Feature","properties":{"lit":0.0874,"h":13.1},"geometry":{"type":"Polygon","coordinates":[[[-73.998817,40.68755],[-73.998081,40.68755],[-73.998081,40.688112],[-73.998817,40.688112],[-73.998817,40.68755]]]}},{"type":"Feature","properties":{"lit":0.0857,"h":12.0},"geometry":{"type":"Polygon","coordinates":[[[-73.997525,40.687541],[-73.996766,40.687541],[-73.996766,40.68812],[-73.997525,40.68812],[-73.997525,40.687541]]]}},{"type":"Feature","properties":{"lit":0.2381,"h":15.9},"geometry":{"type":"Polygon","coordinates":[[[-73.996197,40.688555],[-73.995487,40.688555],[-73.995487,40.689097],[-73.996197,40.689097],[-73.996197,40.688555]]]}},{"type":"Feature","properties":{"lit":0.0623,"h":20.8},"geometry":{"type":"Polygon","coordinates":[[[-73.99754,40.688524],[-73.99675,40.688524],[-73.99675,40.689128],[-73.99754,40.689128],[-73.99754,40.688524]]]}},{"type":"Feature","properties":{"lit":0.2815,"h":11.4},"geometry":{"type":"Polygon","coordinates":[[[-73.996178,40.687574],[-73.995506,40.687574],[-73.995506,40.688087],[-73.996178,40.688087],[-73.996178,40.687574]]]}},{"type":"Feature","properties":{"lit":0.047,"h":20.4},"geometry":{"type":"Polygon","coordinates":[[[-73.997496,40.686568],[-73.996795,40.686568],[-73.996795,40.687103],[-73.997496,40.687103],[-73.997496,40.686568]]]}},{"type":"Feature","properties":{"lit":0.0719,"h":13.5},"geometry":{"type":"Polygon","coordinates":[[[-73.996196,40.686565],[-73.995488,40.686565],[-73.995488,40.687106],[-73.996196,40.687106],[-73.996196,40.686565]]]}},{"type":"Feature","properties":{"lit":0.0589,"h":13.4},"geometry":{"type":"Polygon","coordinates":[[[-73.994884,40.686572],[-73.994193,40.686572],[-73.994193,40.687099],[-73.994884,40.687099],[-73.994884,40.686572]]]}},{"type":"Feature","properties":{"lit":0.0446,"h":15.4},"geometry":{"type":"Polygon","coordinates":[[[-73.994658,40.688735],[-73.99442,40.688735],[-73.99442,40.688917],[-73.994658,40.688917],[-73.994658,40.688735]]]}},{"type":"Feature","properties":{"lit":0.0558,"h":13.6},"geometry":{"type":"Polygon","coordinates":[[[-73.994784,40.687644],[-73.994294,40.687644],[-73.994294,40.688018],[-73.994784,40.688018],[-73.994784,40.687644]]]}},{"type":"Feature","properties":{"lit":0.0628,"h":15.1},"geometry":{"type":"Polygon","coordinates":[[[-73.998688,40.686653],[-73.99821,40.686653],[-73.99821,40.687018],[-73.998688,40.687018],[-73.998688,40.686653]]]}},{"type":"Feature","properties":{"lit":0.065,"h":11.4},"geometry":{"type":"Polygon","coordinates":[[[-73.992253,40.685596],[-73.991611,40.685596],[-73.991611,40.686086],[-73.992253,40.686086],[-73.992253,40.685596]]]}},{"type":"Feature","properties":{"lit":0.0379,"h":17.6},"geometry":{"type":"Polygon","coordinates":[[[-73.990987,40.684571],[-73.99027,40.684571],[-73.99027,40.68512],[-73.990987,40.68512],[-73.990987,40.684571]]]}},{"type":"Feature","properties":{"lit":0.0533,"h":13.5},"geometry":{"type":"Polygon","coordinates":[[[-73.975258,40.680659],[-73.974719,40.680659],[-73.974719,40.681071],[-73.975258,40.681071],[-73.975258,40.680659]]]}},{"type":"Feature","properties":{"lit":0.0269,"h":14.2},"geometry":{"type":"Polygon","coordinates":[[[-73.975119,40.67977],[-73.974857,40.67977],[-73.974857,40.67997],[-73.975119,40.67997],[-73.975119,40.67977]]]}},{"type":"Feature","properties":{"lit":0.1522,"h":15.6},"geometry":{"type":"Polygon","coordinates":[[[-73.977736,40.684738],[-73.977454,40.684738],[-73.977454,40.684953],[-73.977736,40.684953],[-73.977736,40.684738]]]}},{"type":"Feature","properties":{"lit":0.1179,"h":49.6},"geometry":{"type":"Polygon","coordinates":[[[-73.985968,40.688404],[-73.984862,40.688404],[-73.984862,40.689248],[-73.985968,40.689248],[-73.985968,40.688404]]]}},{"type":"Feature","properties":{"lit":0.0268,"h":15.1},"geometry":{"type":"Polygon","coordinates":[[[-73.985653,40.68765],[-73.985178,40.68765],[-73.985178,40.688012],[-73.985653,40.688012],[-73.985653,40.68765]]]}},{"type":"Feature","properties":{"lit":0.0713,"h":18.0},"geometry":{"type":"Polygon","coordinates":[[[-73.984375,40.68763],[-73.983848,40.68763],[-73.983848,40.688032],[-73.984375,40.688032],[-73.984375,40.68763]]]}},{"type":"Feature","properties":{"lit":0.1177,"h":38.3},"geometry":{"type":"Polygon","coordinates":[[[-73.984509,40.688523],[-73.983715,40.688523],[-73.983715,40.689129],[-73.984509,40.689129],[-73.984509,40.688523]]]}},{"type":"Feature","properties":{"lit":0.1306,"h":10.5},"geometry":{"type":"Polygon","coordinates":[[[-73.951914,40.68057],[-73.951142,40.68057],[-73.951142,40.68116],[-73.951914,40.68116],[-73.951914,40.68057]]]}},{"type":"Feature","properties":{"lit":0.0848,"h":13.6},"geometry":{"type":"Polygon","coordinates":[[[-73.951919,40.681562],[-73.951137,40.681562],[-73.951137,40.682159],[-73.951919,40.682159],[-73.951919,40.681562]]]}},{"type":"Feature","properties":{"lit":0.0533,"h":15.3},"geometry":{"type":"Polygon","coordinates":[[[-73.953139,40.681626],[-73.952524,40.681626],[-73.952524,40.682095],[-73.953139,40.682095],[-73.953139,40.681626]]]}},{"type":"Feature","properties":{"lit":0.4483,"h":12.9},"geometry":{"type":"Polygon","coordinates":[[[-73.950581,40.680593],[-73.949868,40.680593],[-73.949868,40.681137],[-73.950581,40.681137],[-73.950581,40.680593]]]}},{"type":"Feature","properties":{"lit":0.1851,"h":11.5},"geometry":{"type":"Polygon","coordinates":[[[-73.953163,40.680611],[-73.952499,40.680611],[-73.952499,40.681119],[-73.953163,40.681119],[-73.953163,40.680611]]]}},{"type":"Feature","properties":{"lit":0.267,"h":15.9},"geometry":{"type":"Polygon","coordinates":[[[-73.95066,40.681528],[-73.949789,40.681528],[-73.949789,40.682193],[-73.95066,40.682193],[-73.95066,40.681528]]]}},{"type":"Feature","properties":{"lit":0.1418,"h":10.0},"geometry":{"type":"Polygon","coordinates":[[[-73.949283,40.680589],[-73.948559,40.680589],[-73.948559,40.681141],[-73.949283,40.681141],[-73.949283,40.680589]]]}},{"type":"Feature","properties":{"lit":0.1545,"h":15.9},"geometry":{"type":"Polygon","coordinates":[[[-73.949312,40.681562],[-73.948531,40.681562],[-73.948531,40.682158],[-73.949312,40.682158],[-73.949312,40.681562]]]}},{"type":"Feature","properties":{"lit":0.0852,"h":12.6},"geometry":{"type":"Polygon","coordinates":[[[-73.948037,40.681541],[-73.947199,40.681541],[-73.947199,40.68218],[-73.948037,40.68218],[-73.948037,40.681541]]]}},{"type":"Feature","properties":{"lit":0.0766,"h":13.6},"geometry":{"type":"Polygon","coordinates":[[[-73.950588,40.682578],[-73.949861,40.682578],[-73.949861,40.683133],[-73.950588,40.683133],[-73.950588,40.682578]]]}},{"type":"Feature","properties":{"lit":0.0505,"h":13.6},"geometry":{"type":"Polygon","coordinates":[[[-73.9493,40.682566],[-73.948542,40.682566],[-73.948542,40.683145],[-73.9493,40.683145],[-73.9493,40.682566]]]}},{"type":"Feature","properties":{"lit":0.0467,"h":13.6},"geometry":{"type":"Polygon","coordinates":[[[-73.94647,40.681741],[-73.946159,40.681741],[-73.946159,40.681979],[-73.94647,40.681979],[-73.94647,40.681741]]]}},{"type":"Feature","properties":{"lit":0.0403,"h":13.2},"geometry":{"type":"Polygon","coordinates":[[[-73.946689,40.682569],[-73.94594,40.682569],[-73.94594,40.683142],[-73.946689,40.683142],[-73.946689,40.682569]]]}},{"type":"Feature","properties":{"lit":0.0608,"h":14.1},"geometry":{"type":"Polygon","coordinates":[[[-73.948076,40.682506],[-73.94716,40.682506],[-73.94716,40.683205],[-73.948076,40.683205],[-73.948076,40.682506]]]}},{"type":"Feature","properties":{"lit":0.0428,"h":12.8},"geometry":{"type":"Polygon","coordinates":[[[-73.945384,40.68257],[-73.944638,40.68257],[-73.944638,40.68314],[-73.945384,40.68314],[-73.945384,40.68257]]]}},{"type":"Feature","properties":{"lit":0.1506,"h":15.7},"geometry":{"type":"Polygon","coordinates":[[[-73.953201,40.679588],[-73.952462,40.679588],[-73.952462,40.680152],[-73.953201,40.680152],[-73.953201,40.679588]]]}},{"type":"Feature","properties":{"lit":0.1158,"h":11.1},"geometry":{"type":"Polygon","coordinates":[[[-73.95193,40.679563],[-73.951126,40.679563],[-73.951126,40.680177],[-73.95193,40.680177],[-73.95193,40.679563]]]}},{"type":"Feature","properties":{"lit":0.3435,"h":9.3},"geometry":{"type":"Polygon","coordinates":[[[-73.950649,40.679546],[-73.9498,40.679546],[-73.9498,40.680194],[-73.950649,40.680194],[-73.950649,40.679546]]]}},{"type":"Feature","properties":{"lit":0.8596,"h":11.6},"geometry":{"type":"Polygon","coordinates":[[[-73.955748,40.679633],[-73.955128,40.679633],[-73.955128,40.680107],[-73.955748,40.680107],[-73.955748,40.679633]]]}},{"type":"Feature","properties":{"lit":0.0603,"h":16.0},"geometry":{"type":"Polygon","coordinates":[[[-73.9597,40.680596],[-73.958996,40.680596],[-73.958996,40.681134],[-73.9597,40.681134],[-73.9597,40.680596]]]}},{"type":"Feature","properties":{"lit":0.0488,"h":18.2},"geometry":{"type":"Polygon","coordinates":[[[-73.96109,40.681526],[-73.960213,40.681526],[-73.960213,40.682195],[-73.96109,40.682195],[-73.96109,40.681526]]]}},{"type":"Feature","properties":{"lit":0.0721,"h":13.0},"geometry":{"type":"Polygon","coordinates":[[[-73.959707,40.681586],[-73.958989,40.681586],[-73.958989,40.682134],[-73.959707,40.682134],[-73.959707,40.681586]]]}},{"type":"Feature","properties":{"lit":0.2003,"h":9.9},"geometry":{"type":"Polygon","coordinates":[[[-73.9584,40.679598],[-73.957689,40.679598],[-73.957689,40.680142],[-73.9584,40.680142],[-73.9584,40.679598]]]}},{"type":"Feature","properties":{"lit":0.0743,"h":14.2},"geometry":{"type":"Polygon","coordinates":[[[-73.958315,40.681654],[-73.957774,40.681654],[-73.957774,40.682067],[-73.958315,40.682067],[-73.958315,40.681654]]]}},{"type":"Feature","properties":{"lit":0.0623,"h":12.5},"geometry":{"type":"Polygon","coordinates":[[[-73.958308,40.680664],[-73.957781,40.680664],[-73.957781,40.681066],[-73.958308,40.681066],[-73.958308,40.680664]]]}},{"type":"Feature","properties":{"lit":0.2338,"h":12.2},"geometry":{"type":"Polygon","coordinates":[[[-73.956985,40.680679],[-73.956497,40.680679],[-73.956497,40.681051],[-73.956985,40.681051],[-73.956985,40.680679]]]}},{"type":"Feature","properties":{"lit":0.681,"h":9.8},"geometry":{"type":"Polygon","coordinates":[[[-73.955848,40.680552],[-73.955028,40.680552],[-73.955028,40.681178],[-73.955848,40.681178],[-73.955848,40.680552]]]}},{"type":"Feature","properties":{"lit":0.1548,"h":10.7},"geometry":{"type":"Polygon","coordinates":[[[-73.954539,40.680556],[-73.95373,40.680556],[-73.95373,40.681174],[-73.954539,40.681174],[-73.954539,40.680556]]]}},{"type":"Feature","properties":{"lit":0.0808,"h":13.6},"geometry":{"type":"Polygon","coordinates":[[[-73.956937,40.67972],[-73.956546,40.67972],[-73.956546,40.680019],[-73.956937,40.680019],[-73.956937,40.67972]]]}},{"type":"Feature","properties":{"lit":0.0389,"h":16.4},"geometry":{"type":"Polygon","coordinates":[[[-73.961099,40.680523],[-73.960204,40.680523],[-73.960204,40.681207],[-73.961099,40.681207],[-73.961099,40.680523]]]}},{"type":"Feature","properties":{"lit":0.0756,"h":11.6},"geometry":{"type":"Polygon","coordinates":[[[-73.963637,40.681571],[-73.962879,40.681571],[-73.962879,40.68215],[-73.963637,40.68215],[-73.963637,40.681571]]]}},{"type":"Feature","properties":{"lit":0.0924,"h":11.9},"geometry":{"type":"Polygon","coordinates":[[[-73.962326,40.681577],[-73.961584,40.681577],[-73.961584,40.682143],[-73.962326,40.682143],[-73.962326,40.681577]]]}},{"type":"Feature","properties":{"lit":0.1867,"h":12.5},"geometry":{"type":"Polygon","coordinates":[[[-73.963643,40.682561],[-73.962873,40.682561],[-73.962873,40.683149],[-73.963643,40.683149],[-73.963643,40.682561]]]}},{"type":"Feature","properties":{"lit":0.0526,"h":10.4},"geometry":{"type":"Polygon","coordinates":[[[-73.963628,40.680582],[-73.962888,40.680582],[-73.962888,40.681148],[-73.963628,40.681148],[-73.963628,40.680582]]]}},{"type":"Feature","properties":{"lit":0.0456,"h":13.1},"geometry":{"type":"Polygon","coordinates":[[[-73.96211,40.680747],[-73.9618,40.680747],[-73.9618,40.680983],[-73.96211,40.680983],[-73.96211,40.680747]]]}},{"type":"Feature","properties":{"lit":0.1329,"h":16.0},"geometry":{"type":"Polygon","coordinates":[[[-73.967424,40.68266],[-73.966912,40.68266],[-73.966912,40.683051],[-73.967424,40.683051],[-73.967424,40.68266]]]}},{"type":"Feature","properties":{"lit":0.0807,"h":13.5},"geometry":{"type":"Polygon","coordinates":[[[-73.966271,40.682546],[-73.965459,40.682546],[-73.965459,40.683165],[-73.966271,40.683165],[-73.966271,40.682546]]]}},{"type":"Feature","properties":{"lit":0.2554,"h":10.8},"geometry":{"type":"Polygon","coordinates":[[[-73.964944,40.682563],[-73.964179,40.682563],[-73.964179,40.683147],[-73.964944,40.683147],[-73.964944,40.682563]]]}},{"type":"Feature","properties":{"lit":0.1009,"h":15.1},"geometry":{"type":"Polygon","coordinates":[[[-73.967533,40.683572],[-73.966803,40.683572],[-73.966803,40.684129],[-73.967533,40.684129],[-73.967533,40.683572]]]}},{"type":"Feature","properties":{"lit":0.6581,"h":13.2},"geometry":{"type":"Polygon","coordinates":[[[-73.941459,40.684572],[-73.940743,40.684572],[-73.940743,40.685119],[-73.941459,40.685119],[-73.941459,40.684572]]]}},{"type":"Feature","properties":{"lit":0.0259,"h":12.2},"geometry":{"type":"Polygon","coordinates":[[[-73.93595,40.685793],[-73.935825,40.685793],[-73.935825,40.685888],[-73.93595,40.685888],[-73.93595,40.685793]]]}},{"type":"Feature","properties":{"lit":0.2073,"h":11.8},"geometry":{"type":"Polygon","coordinates":[[[-73.942703,40.684618],[-73.942106,40.684618],[-73.942106,40.685073],[-73.942703,40.685073],[-73.942703,40.684618]]]}},{"type":"Feature","properties":{"lit":0.1044,"h":11.5},"geometry":{"type":"Polygon","coordinates":[[[-73.940162,40.684567],[-73.939433,40.684567],[-73.939433,40.685124],[-73.940162,40.685124],[-73.940162,40.684567]]]}},{"type":"Feature","properties":{"lit":0.025,"h":12.0},"geometry":{"type":"Polygon","coordinates":[[[-73.943894,40.684704],[-73.943522,40.684704],[-73.943522,40.684987],[-73.943894,40.684987],[-73.943894,40.684704]]]}},{"type":"Feature","properties":{"lit":0.0486,"h":11.6},"geometry":{"type":"Polygon","coordinates":[[[-73.95189,40.682579],[-73.951166,40.682579],[-73.951166,40.683132],[-73.95189,40.683132],[-73.95189,40.682579]]]}},{"type":"Feature","properties":{"lit":0.0292,"h":12.7},"geometry":{"type":"Polygon","coordinates":[[[-73.953005,40.682723],[-73.952658,40.682723],[-73.952658,40.682988],[-73.953005,40.682988],[-73.953005,40.682723]]]}},{"type":"Feature","properties":{"lit":0.0511,"h":13.6},"geometry":{"type":"Polygon","coordinates":[[[-73.95049,40.683647],[-73.949959,40.683647],[-73.949959,40.684053],[-73.95049,40.684053],[-73.95049,40.683647]]]}},{"type":"Feature","properties":{"lit":0.143,"h":11.4},"geometry":{"type":"Polygon","coordinates":[[[-73.957027,40.681642],[-73.956456,40.681642],[-73.956456,40.682078],[-73.957027,40.682078],[-73.957027,40.681642]]]}},{"type":"Feature","properties":{"lit":0.5303,"h":11.1},"geometry":{"type":"Polygon","coordinates":[[[-73.955734,40.681634],[-73.955142,40.681634],[-73.955142,40.682086],[-73.955734,40.682086],[-73.955734,40.681634]]]}},{"type":"Feature","properties":{"lit":0.0341,"h":15.5},"geometry":{"type":"Polygon","coordinates":[[[-73.954441,40.681626],[-73.953829,40.681626],[-73.953829,40.682094],[-73.954441,40.682094],[-73.954441,40.681626]]]}},{"type":"Feature","properties":{"lit":0.0323,"h":17.4},"geometry":{"type":"Polygon","coordinates":[[[-73.959566,40.682689],[-73.95913,40.682689],[-73.95913,40.683022],[-73.959566,40.683022],[-73.959566,40.682689]]]}},{"type":"Feature","properties":{"lit":0.051,"h":13.3},"geometry":{"type":"Polygon","coordinates":[[[-73.949176,40.683656],[-73.948667,40.683656],[-73.948667,40.684045],[-73.949176,40.684045],[-73.949176,40.683656]]]}},{"type":"Feature","properties":{"lit":0.0515,"h":13.2},"geometry":{"type":"Polygon","coordinates":[[[-73.947905,40.683631],[-73.94733,40.683631],[-73.94733,40.68407],[-73.947905,40.68407],[-73.947905,40.683631]]]}},{"type":"Feature","properties":{"lit":0.0543,"h":17.8},"geometry":{"type":"Polygon","coordinates":[[[-73.960974,40.682609],[-73.960329,40.682609],[-73.960329,40.683101],[-73.960974,40.683101],[-73.960974,40.682609]]]}},{"type":"Feature","properties":{"lit":0.074,"h":17.9},"geometry":{"type":"Polygon","coordinates":[[[-73.962296,40.682595],[-73.961614,40.682595],[-73.961614,40.683116],[-73.962296,40.683116],[-73.962296,40.682595]]]}},{"type":"Feature","properties":{"lit":0.0421,"h":13.9},"geometry":{"type":"Polygon","coordinates":[[[-73.963607,40.683584],[-73.962909,40.683584],[-73.962909,40.684117],[-73.963607,40.684117],[-73.963607,40.683584]]]}},{"type":"Feature","properties":{"lit":0.0411,"h":12.9},"geometry":{"type":"Polygon","coordinates":[[[-73.963547,40.684625],[-73.962969,40.684625],[-73.962969,40.685066],[-73.963547,40.685066],[-73.963547,40.684625]]]}},{"type":"Feature","properties":{"lit":0.0424,"h":13.3},"geometry":{"type":"Polygon","coordinates":[[[-73.962054,40.683774],[-73.961855,40.683774],[-73.961855,40.683927],[-73.962054,40.683927],[-73.962054,40.683774]]]}},{"type":"Feature","properties":{"lit":0.0296,"h":11.7},"geometry":{"type":"Polygon","coordinates":[[[-73.96204,40.684781],[-73.96187,40.684781],[-73.96187,40.68491],[-73.96204,40.68491],[-73.96204,40.684781]]]}},{"type":"Feature","properties":{"lit":0.1749,"h":16.2},"geometry":{"type":"Polygon","coordinates":[[[-73.964924,40.683573],[-73.964199,40.683573],[-73.964199,40.684127],[-73.964924,40.684127],[-73.964924,40.683573]]]}},{"type":"Feature","properties":{"lit":0.0378,"h":14.1},"geometry":{"type":"Polygon","coordinates":[[[-73.964777,40.685676],[-73.964346,40.685676],[-73.964346,40.686005],[-73.964777,40.686005],[-73.964777,40.685676]]]}},{"type":"Feature","properties":{"lit":0.0962,"h":14.7},"geometry":{"type":"Polygon","coordinates":[[[-73.966298,40.68352],[-73.965432,40.68352],[-73.965432,40.684181],[-73.966298,40.684181],[-73.966298,40.68352]]]}},{"type":"Feature","properties":{"lit":0.0312,"h":11.9},"geometry":{"type":"Polygon","coordinates":[[[-73.968634,40.683726],[-73.968309,40.683726],[-73.968309,40.683975],[-73.968634,40.683975],[-73.968634,40.683726]]]}},{"type":"Feature","properties":{"lit":0.0884,"h":12.0},"geometry":{"type":"Polygon","coordinates":[[[-73.972555,40.685708],[-73.972208,40.685708],[-73.972208,40.685973],[-73.972555,40.685973],[-73.972555,40.685708]]]}},{"type":"Feature","properties":{"lit":0.182,"h":11.9},"geometry":{"type":"Polygon","coordinates":[[[-73.974009,40.686589],[-73.973361,40.686589],[-73.973361,40.687083],[-73.974009,40.687083],[-73.974009,40.686589]]]}},{"type":"Feature","properties":{"lit":0.3494,"h":11.8},"geometry":{"type":"Polygon","coordinates":[[[-73.974056,40.685557],[-73.973314,40.685557],[-73.973314,40.686124],[-73.974056,40.686124],[-73.974056,40.685557]]]}},{"type":"Feature","properties":{"lit":0.0258,"h":12.0},"geometry":{"type":"Polygon","coordinates":[[[-73.972481,40.68676],[-73.972282,40.68676],[-73.972282,40.686912],[-73.972481,40.686912],[-73.972481,40.68676]]]}},{"type":"Feature","properties":{"lit":0.0269,"h":16.2},"geometry":{"type":"Polygon","coordinates":[[[-73.929792,40.679549],[-73.92895,40.679549],[-73.92895,40.680191],[-73.929792,40.680191],[-73.929792,40.679549]]]}},{"type":"Feature","properties":{"lit":0.0234,"h":7.1},"geometry":{"type":"Polygon","coordinates":[[[-73.932058,40.679808],[-73.931897,40.679808],[-73.931897,40.679932],[-73.932058,40.679932],[-73.932058,40.679808]]]}},{"type":"Feature","properties":{"lit":0.0429,"h":7.7},"geometry":{"type":"Polygon","coordinates":[[[-73.921887,40.678619],[-73.921215,40.678619],[-73.921215,40.679131],[-73.921887,40.679131],[-73.921887,40.678619]]]}},{"type":"Feature","properties":{"lit":0.026,"h":10.8},"geometry":{"type":"Polygon","coordinates":[[[-73.922916,40.678828],[-73.922793,40.678828],[-73.922793,40.678922],[-73.922916,40.678922],[-73.922916,40.678828]]]}},{"type":"Feature","properties":{"lit":0.0202,"h":10.7},"geometry":{"type":"Polygon","coordinates":[[[-73.921608,40.679826],[-73.921494,40.679826],[-73.921494,40.679914],[-73.921608,40.679914],[-73.921608,40.679826]]]}},{"type":"Feature","properties":{"lit":0.0226,"h":11.2},"geometry":{"type":"Polygon","coordinates":[[[-73.921652,40.677803],[-73.92145,40.677803],[-73.92145,40.677957],[-73.921652,40.677957],[-73.921652,40.677803]]]}},{"type":"Feature","properties":{"lit":0.1304,"h":7.3},"geometry":{"type":"Polygon","coordinates":[[[-73.961036,40.679577],[-73.960267,40.679577],[-73.960267,40.680163],[-73.961036,40.680163],[-73.961036,40.679577]]]}},{"type":"Feature","properties":{"lit":0.0651,"h":20.6},"geometry":{"type":"Polygon","coordinates":[[[-73.977986,40.686537],[-73.977204,40.686537],[-73.977204,40.687134],[-73.977986,40.687134],[-73.977986,40.686537]]]}},{"type":"Feature","properties":{"lit":0.5607,"h":10.6},"geometry":{"type":"Polygon","coordinates":[[[-73.976653,40.68656],[-73.97593,40.68656],[-73.97593,40.687112],[-73.976653,40.687112],[-73.976653,40.68656]]]}},{"type":"Feature","properties":{"lit":0.2138,"h":12.7},"geometry":{"type":"Polygon","coordinates":[[[-73.976652,40.687556],[-73.975931,40.687556],[-73.975931,40.688106],[-73.976652,40.688106],[-73.976652,40.687556]]]}},{"type":"Feature","properties":{"lit":0.0881,"h":27.4},"geometry":{"type":"Polygon","coordinates":[[[-73.979228,40.686584],[-73.978569,40.686584],[-73.978569,40.687087],[-73.979228,40.687087],[-73.979228,40.686584]]]}},{"type":"Feature","properties":{"lit":0.1959,"h":13.2},"geometry":{"type":"Polygon","coordinates":[[[-73.975345,40.687558],[-73.974631,40.687558],[-73.974631,40.688103],[-73.975345,40.688103],[-73.975345,40.687558]]]}},{"type":"Feature","properties":{"lit":0.8846,"h":11.4},"geometry":{"type":"Polygon","coordinates":[[[-73.975295,40.686601],[-73.974681,40.686601],[-73.974681,40.68707],[-73.975295,40.68707],[-73.975295,40.686601]]]}},{"type":"Feature","properties":{"lit":0.1127,"h":25.0},"geometry":{"type":"Polygon","coordinates":[[[-73.976709,40.685522],[-73.975874,40.685522],[-73.975874,40.686159],[-73.976709,40.686159],[-73.976709,40.685522]]]}},{"type":"Feature","properties":{"lit":0.2887,"h":19.0},"geometry":{"type":"Polygon","coordinates":[[[-73.975347,40.685567],[-73.97463,40.685567],[-73.97463,40.686114],[-73.975347,40.686114],[-73.975347,40.685567]]]}},{"type":"Feature","properties":{"lit":0.0232,"h":8.3},"geometry":{"type":"Polygon","coordinates":[[[-73.977703,40.685758],[-73.977487,40.685758],[-73.977487,40.685923],[-73.977703,40.685923],[-73.977703,40.685758]]]}},{"type":"Feature","properties":{"lit":0.0424,"h":17.0},"geometry":{"type":"Polygon","coordinates":[[[-73.974012,40.684596],[-73.973358,40.684596],[-73.973358,40.685095],[-73.974012,40.685095],[-73.974012,40.684596]]]}},{"type":"Feature","properties":{"lit":0.0595,"h":8.5},"geometry":{"type":"Polygon","coordinates":[[[-73.972514,40.683749],[-73.972249,40.683749],[-73.972249,40.683952],[-73.972514,40.683952],[-73.972514,40.683749]]]}},{"type":"Feature","properties":{"lit":0.0495,"h":11.2},"geometry":{"type":"Polygon","coordinates":[[[-73.972648,40.684642],[-73.972115,40.684642],[-73.972115,40.685049],[-73.972648,40.685049],[-73.972648,40.684642]]]}},{"type":"Feature","properties":{"lit":0.0435,"h":9.4},"geometry":{"type":"Polygon","coordinates":[[[-73.973887,40.683696],[-73.973483,40.683696],[-73.973483,40.684004],[-73.973887,40.684004],[-73.973887,40.683696]]]}},{"type":"Feature","properties":{"lit":0.0431,"h":8.7},"geometry":{"type":"Polygon","coordinates":[[[-73.972503,40.682763],[-73.972261,40.682763],[-73.972261,40.682948],[-73.972503,40.682948],[-73.972503,40.682763]]]}},{"type":"Feature","properties":{"lit":0.0263,"h":36.5},"geometry":{"type":"Polygon","coordinates":[[[-73.973905,40.682687],[-73.973464,40.682687],[-73.973464,40.683024],[-73.973905,40.683024],[-73.973905,40.682687]]]}},{"type":"Feature","properties":{"lit":0.0407,"h":11.6},"geometry":{"type":"Polygon","coordinates":[[[-73.97635,40.683806],[-73.976234,40.683806],[-73.976234,40.683895],[-73.97635,40.683895],[-73.97635,40.683806]]]}},{"type":"Feature","properties":{"lit":0.0448,"h":56.3},"geometry":{"type":"Polygon","coordinates":[[[-73.975265,40.681649],[-73.974711,40.681649],[-73.974711,40.682072],[-73.975265,40.682072],[-73.975265,40.681649]]]}},{"type":"Feature","properties":{"lit":0.0442,"h":15.4},"geometry":{"type":"Polygon","coordinates":[[[-73.97397,40.680647],[-73.9734,40.680647],[-73.9734,40.681083],[-73.97397,40.681083],[-73.97397,40.680647]]]}},{"type":"Feature","properties":{"lit":0.0441,"h":77.7},"geometry":{"type":"Polygon","coordinates":[[[-73.973958,40.681652],[-73.973412,40.681652],[-73.973412,40.682068],[-73.973958,40.682068],[-73.973958,40.681652]]]}},{"type":"Feature","properties":{"lit":0.0246,"h":10.5},"geometry":{"type":"Polygon","coordinates":[[[-73.968604,40.679769],[-73.968339,40.679769],[-73.968339,40.679971],[-73.968604,40.679971],[-73.968604,40.679769]]]}},{"type":"Feature","properties":{"lit":0.0349,"h":14.4},"geometry":{"type":"Polygon","coordinates":[[[-73.973882,40.679719],[-73.973488,40.679719],[-73.973488,40.680021],[-73.973882,40.680021],[-73.973882,40.679719]]]}},{"type":"Feature","properties":{"lit":0.0851,"h":13.5},"geometry":{"type":"Polygon","coordinates":[[[-73.96475,40.680721],[-73.964373,40.680721],[-73.964373,40.681009],[-73.96475,40.681009],[-73.96475,40.680721]]]}},{"type":"Feature","properties":{"lit":0.29,"h":15.4},"geometry":{"type":"Polygon","coordinates":[[[-73.964927,40.679591],[-73.964196,40.679591],[-73.964196,40.680149],[-73.964927,40.680149],[-73.964927,40.679591]]]}},{"type":"Feature","properties":{"lit":0.0332,"h":11.5},"geometry":{"type":"Polygon","coordinates":[[[-73.967291,40.680771],[-73.967045,40.680771],[-73.967045,40.680959],[-73.967291,40.680959],[-73.967291,40.680771]]]}},{"type":"Feature","properties":{"lit":0.0413,"h":12.3},"geometry":{"type":"Polygon","coordinates":[[[-73.967334,40.679743],[-73.967002,40.679743],[-73.967002,40.679997],[-73.967334,40.679997],[-73.967334,40.679743]]]}},{"type":"Feature","properties":{"lit":0.2015,"h":10.4},"geometry":{"type":"Polygon","coordinates":[[[-73.963703,40.67953],[-73.962813,40.67953],[-73.962813,40.68021],[-73.963703,40.68021],[-73.963703,40.67953]]]}},{"type":"Feature","properties":{"lit":0.0479,"h":9.2},"geometry":{"type":"Polygon","coordinates":[[[-73.966107,40.679685],[-73.965623,40.679685],[-73.965623,40.680055],[-73.966107,40.680055],[-73.966107,40.679685]]]}},{"type":"Feature","properties":{"lit":0.028,"h":12.3},"geometry":{"type":"Polygon","coordinates":[[[-73.965948,40.680802],[-73.965782,40.680802],[-73.965782,40.680928],[-73.965948,40.680928],[-73.965948,40.680802]]]}},{"type":"Feature","properties":{"lit":0.0361,"h":6.5},"geometry":{"type":"Polygon","coordinates":[[[-73.903448,40.680755],[-73.90316,40.680755],[-73.90316,40.680975],[-73.903448,40.680975],[-73.903448,40.680755]]]}},{"type":"Feature","properties":{"lit":0.0233,"h":3.8},"geometry":{"type":"Polygon","coordinates":[[[-73.903376,40.679815],[-73.903232,40.679815],[-73.903232,40.679925],[-73.903376,40.679925],[-73.903376,40.679815]]]}},{"type":"Feature","properties":{"lit":0.0272,"h":8.8},"geometry":{"type":"Polygon","coordinates":[[[-73.904672,40.67982],[-73.904542,40.67982],[-73.904542,40.67992],[-73.904672,40.67992],[-73.904672,40.67982]]]}},{"type":"Feature","properties":{"lit":0.2441,"h":10.0},"geometry":{"type":"Polygon","coordinates":[[[-73.903535,40.678698],[-73.903072,40.678698],[-73.903072,40.679052],[-73.903535,40.679052],[-73.903535,40.678698]]]}},{"type":"Feature","properties":{"lit":0.1831,"h":4.1},"geometry":{"type":"Polygon","coordinates":[[[-73.904811,40.677724],[-73.904404,40.677724],[-73.904404,40.678035],[-73.904811,40.678035],[-73.904811,40.677724]]]}},{"type":"Feature","properties":{"lit":0.032,"h":8.6},"geometry":{"type":"Polygon","coordinates":[[[-73.904652,40.680831],[-73.904562,40.680831],[-73.904562,40.680899],[-73.904652,40.680899],[-73.904652,40.680831]]]}},{"type":"Feature","properties":{"lit":0.0322,"h":3.5},"geometry":{"type":"Polygon","coordinates":[[[-73.904691,40.678811],[-73.904523,40.678811],[-73.904523,40.678939],[-73.904691,40.678939],[-73.904691,40.678811]]]}},{"type":"Feature","properties":{"lit":0.7211,"h":32.3},"geometry":{"type":"Polygon","coordinates":[[[-73.976943,40.684348],[-73.97564,40.684348],[-73.97564,40.685343],[-73.976943,40.685343],[-73.976943,40.684348]]]}},{"type":"Feature","properties":{"lit":0.0496,"h":12.8},"geometry":{"type":"Polygon","coordinates":[[[-73.94663,40.683609],[-73.945999,40.683609],[-73.945999,40.684091],[-73.94663,40.684091],[-73.94663,40.683609]]]}},{"type":"Feature","properties":{"lit":0.0677,"h":13.5},"geometry":{"type":"Polygon","coordinates":[[[-73.945385,40.683565],[-73.944637,40.683565],[-73.944637,40.684136],[-73.945385,40.684136],[-73.945385,40.683565]]]}},{"type":"Feature","properties":{"lit":0.0237,"h":13.1},"geometry":{"type":"Polygon","coordinates":[[[-73.945175,40.684721],[-73.944848,40.684721],[-73.944848,40.68497],[-73.945175,40.68497],[-73.945175,40.684721]]]}},{"type":"Feature","properties":{"lit":0.047,"h":63.8},"geometry":{"type":"Polygon","coordinates":[[[-73.979222,40.687584],[-73.978574,40.687584],[-73.978574,40.688078],[-73.979222,40.688078],[-73.979222,40.687584]]]}},{"type":"Feature","properties":{"lit":0.066,"h":25.8},"geometry":{"type":"Polygon","coordinates":[[[-73.977973,40.687543],[-73.977217,40.687543],[-73.977217,40.688119],[-73.977973,40.688119],[-73.977973,40.687543]]]}},{"type":"Feature","properties":{"lit":0.0209,"h":15.2},"geometry":{"type":"Polygon","coordinates":[[[-73.986766,40.688789],[-73.98667,40.688789],[-73.98667,40.688863],[-73.986766,40.688863],[-73.986766,40.688789]]]}},{"type":"Feature","properties":{"lit":0.4724,"h":11.6},"geometry":{"type":"Polygon","coordinates":[[[-73.988318,40.691585],[-73.987726,40.691585],[-73.987726,40.692037],[-73.988318,40.692037],[-73.988318,40.691585]]]}},{"type":"Feature","properties":{"lit":0.1296,"h":49.1},"geometry":{"type":"Polygon","coordinates":[[[-73.988454,40.692477],[-73.98759,40.692477],[-73.98759,40.693136],[-73.988454,40.693136],[-73.988454,40.692477]]]}},{"type":"Feature","properties":{"lit":0.072,"h":20.0},"geometry":{"type":"Polygon","coordinates":[[[-73.988172,40.690701],[-73.987871,40.690701],[-73.987871,40.690931],[-73.988172,40.690931],[-73.988172,40.690701]]]}},{"type":"Feature","properties":{"lit":0.0304,"h":14.0},"geometry":{"type":"Polygon","coordinates":[[[-73.971228,40.689706],[-73.970928,40.689706],[-73.970928,40.689936],[-73.971228,40.689936],[-73.971228,40.689706]]]}},{"type":"Feature","properties":{"lit":0.0628,"h":13.4},"geometry":{"type":"Polygon","coordinates":[[[-73.97265,40.689616],[-73.972113,40.689616],[-73.972113,40.690026],[-73.97265,40.690026],[-73.97265,40.689616]]]}},{"type":"Feature","properties":{"lit":0.0505,"h":12.5},"geometry":{"type":"Polygon","coordinates":[[[-73.97258,40.688675],[-73.972184,40.688675],[-73.972184,40.688977],[-73.97258,40.688977],[-73.97258,40.688675]]]}},{"type":"Feature","properties":{"lit":0.0302,"h":13.9},"geometry":{"type":"Polygon","coordinates":[[[-73.971211,40.688725],[-73.970945,40.688725],[-73.970945,40.688927],[-73.971211,40.688927],[-73.971211,40.688725]]]}},{"type":"Feature","properties":{"lit":0.4147,"h":12.3},"geometry":{"type":"Polygon","coordinates":[[[-73.987153,40.691479],[-73.986284,40.691479],[-73.986284,40.692143],[-73.987153,40.692143],[-73.987153,40.691479]]]}},{"type":"Feature","properties":{"lit":0.0383,"h":16.4},"geometry":{"type":"Polygon","coordinates":[[[-73.986981,40.690616],[-73.986456,40.690616],[-73.986456,40.691017],[-73.986981,40.691017],[-73.986981,40.690616]]]}},{"type":"Feature","properties":{"lit":0.0436,"h":19.5},"geometry":{"type":"Polygon","coordinates":[[[-73.985617,40.690662],[-73.985213,40.690662],[-73.985213,40.69097],[-73.985617,40.69097],[-73.985617,40.690662]]]}},{"type":"Feature","properties":{"lit":0.0359,"h":9.6},"geometry":{"type":"Polygon","coordinates":[[[-73.912616,40.690673],[-73.912239,40.690673],[-73.912239,40.69096],[-73.912616,40.69096],[-73.912616,40.690673]]]}},{"type":"Feature","properties":{"lit":0.0427,"h":10.9},"geometry":{"type":"Polygon","coordinates":[[[-73.912624,40.691661],[-73.912231,40.691661],[-73.912231,40.691961],[-73.912624,40.691961],[-73.912624,40.691661]]]}},{"type":"Feature","properties":{"lit":0.0448,"h":11.1},"geometry":{"type":"Polygon","coordinates":[[[-73.911189,40.690766],[-73.911059,40.690766],[-73.911059,40.690866],[-73.911189,40.690866],[-73.911189,40.690766]]]}},{"type":"Feature","properties":{"lit":0.0342,"h":11.5},"geometry":{"type":"Polygon","coordinates":[[[-73.911262,40.691706],[-73.910986,40.691706],[-73.910986,40.691917],[-73.911262,40.691917],[-73.911262,40.691706]]]}},{"type":"Feature","properties":{"lit":0.0395,"h":10.7},"geometry":{"type":"Polygon","coordinates":[[[-73.911378,40.692613],[-73.91087,40.692613],[-73.91087,40.693],[-73.911378,40.693],[-73.911378,40.692613]]]}},{"type":"Feature","properties":{"lit":0.1133,"h":10.8},"geometry":{"type":"Polygon","coordinates":[[[-73.91017,40.69254],[-73.909471,40.69254],[-73.909471,40.693073],[-73.91017,40.693073],[-73.91017,40.69254]]]}},{"type":"Feature","properties":{"lit":0.0235,"h":10.8},"geometry":{"type":"Polygon","coordinates":[[[-73.909946,40.690721],[-73.909695,40.690721],[-73.909695,40.690912],[-73.909946,40.690912],[-73.909946,40.690721]]]}},{"type":"Feature","properties":{"lit":0.104,"h":11.2},"geometry":{"type":"Polygon","coordinates":[[[-73.908737,40.691644],[-73.908298,40.691644],[-73.908298,40.691979],[-73.908737,40.691979],[-73.908737,40.691644]]]}},{"type":"Feature","properties":{"lit":0.1429,"h":10.0},"geometry":{"type":"Polygon","coordinates":[[[-73.908725,40.692648],[-73.908309,40.692648],[-73.908309,40.692965],[-73.908725,40.692965],[-73.908725,40.692648]]]}},{"type":"Feature","properties":{"lit":0.0473,"h":10.8},"geometry":{"type":"Polygon","coordinates":[[[-73.90746,40.691623],[-73.906968,40.691623],[-73.906968,40.691999],[-73.90746,40.691999],[-73.90746,40.691623]]]}},{"type":"Feature","properties":{"lit":0.0525,"h":12.0},"geometry":{"type":"Polygon","coordinates":[[[-73.907592,40.692518],[-73.906836,40.692518],[-73.906836,40.693095],[-73.907592,40.693095],[-73.907592,40.692518]]]}},{"type":"Feature","properties":{"lit":0.0375,"h":10.1},"geometry":{"type":"Polygon","coordinates":[[[-73.910044,40.691641],[-73.909598,40.691641],[-73.909598,40.691982],[-73.910044,40.691982],[-73.910044,40.691641]]]}},{"type":"Feature","properties":{"lit":0.0431,"h":9.4},"geometry":{"type":"Polygon","coordinates":[[[-73.906247,40.692549],[-73.905574,40.692549],[-73.905574,40.693064],[-73.906247,40.693064],[-73.906247,40.692549]]]}},{"type":"Feature","properties":{"lit":0.0334,"h":22.6},"geometry":{"type":"Polygon","coordinates":[[[-73.908734,40.693636],[-73.9083,40.693636],[-73.9083,40.693967],[-73.908734,40.693967],[-73.908734,40.693636]]]}},{"type":"Feature","properties":{"lit":0.0784,"h":9.3},"geometry":{"type":"Polygon","coordinates":[[[-73.906329,40.691492],[-73.905492,40.691492],[-73.905492,40.692131],[-73.906329,40.692131],[-73.906329,40.691492]]]}},{"type":"Feature","properties":{"lit":0.0796,"h":9.6},"geometry":{"type":"Polygon","coordinates":[[[-73.904997,40.692509],[-73.904217,40.692509],[-73.904217,40.693104],[-73.904997,40.693104],[-73.904997,40.692509]]]}},{"type":"Feature","properties":{"lit":0.0625,"h":7.1},"geometry":{"type":"Polygon","coordinates":[[[-73.904807,40.693649],[-73.904407,40.693649],[-73.904407,40.693954],[-73.904807,40.693954],[-73.904807,40.693649]]]}},{"type":"Feature","properties":{"lit":0.045,"h":6.9},"geometry":{"type":"Polygon","coordinates":[[[-73.904777,40.695662],[-73.904438,40.695662],[-73.904438,40.695921],[-73.904777,40.695921],[-73.904777,40.695662]]]}},{"type":"Feature","properties":{"lit":0.0626,"h":9.6},"geometry":{"type":"Polygon","coordinates":[[[-73.905185,40.694355],[-73.904029,40.694355],[-73.904029,40.695238],[-73.905185,40.695238],[-73.905185,40.694355]]]}},{"type":"Feature","properties":{"lit":0.075,"h":6.2},"geometry":{"type":"Polygon","coordinates":[[[-73.903609,40.695559],[-73.902999,40.695559],[-73.902999,40.696025],[-73.903609,40.696025],[-73.903609,40.695559]]]}},{"type":"Feature","properties":{"lit":0.0873,"h":8.0},"geometry":{"type":"Polygon","coordinates":[[[-73.903764,40.694445],[-73.902844,40.694445],[-73.902844,40.695148],[-73.903764,40.695148],[-73.903764,40.694445]]]}},{"type":"Feature","properties":{"lit":0.0228,"h":6.1},"geometry":{"type":"Polygon","coordinates":[[[-73.903567,40.693601],[-73.903041,40.693601],[-73.903041,40.694002],[-73.903567,40.694002],[-73.903567,40.693601]]]}},{"type":"Feature","properties":{"lit":0.0411,"h":7.6},"geometry":{"type":"Polygon","coordinates":[[[-73.904872,40.691609],[-73.904343,40.691609],[-73.904343,40.692013],[-73.904872,40.692013],[-73.904872,40.691609]]]}},{"type":"Feature","properties":{"lit":0.0313,"h":11.1},"geometry":{"type":"Polygon","coordinates":[[[-73.906082,40.690686],[-73.90574,40.690686],[-73.90574,40.690947],[-73.906082,40.690947],[-73.906082,40.690686]]]}},{"type":"Feature","properties":{"lit":0.0749,"h":10.0},"geometry":{"type":"Polygon","coordinates":[[[-73.904835,40.688652],[-73.90438,40.688652],[-73.90438,40.689],[-73.904835,40.689],[-73.904835,40.688652]]]}},{"type":"Feature","properties":{"lit":0.0674,"h":12.8},"geometry":{"type":"Polygon","coordinates":[[[-73.957018,40.687619],[-73.956464,40.687619],[-73.956464,40.688042],[-73.957018,40.688042],[-73.957018,40.687619]]]}},{"type":"Feature","properties":{"lit":0.0298,"h":36.6},"geometry":{"type":"Polygon","coordinates":[[[-73.958303,40.687634],[-73.957786,40.687634],[-73.957786,40.688028],[-73.958303,40.688028],[-73.958303,40.687634]]]}},{"type":"Feature","properties":{"lit":0.0499,"h":11.8},"geometry":{"type":"Polygon","coordinates":[[[-73.956829,40.688759],[-73.956654,40.688759],[-73.956654,40.688893],[-73.956829,40.688893],[-73.956829,40.688759]]]}},{"type":"Feature","properties":{"lit":0.0445,"h":34.7},"geometry":{"type":"Polygon","coordinates":[[[-73.969955,40.687693],[-73.969595,40.687693],[-73.969595,40.687969],[-73.969955,40.687969],[-73.969955,40.687693]]]}},{"type":"Feature","properties":{"lit":0.1352,"h":88.7},"geometry":{"type":"Polygon","coordinates":[[[-73.987265,40.692389],[-73.986172,40.692389],[-73.986172,40.693224],[-73.987265,40.693224],[-73.987265,40.692389]]]}},{"type":"Feature","properties":{"lit":0.0266,"h":34.7},"geometry":{"type":"Polygon","coordinates":[[[-73.988187,40.700641],[-73.987857,40.700641],[-73.987857,40.700894],[-73.988187,40.700894],[-73.988187,40.700641]]]}},{"type":"Feature","properties":{"lit":0.0687,"h":11.8},"geometry":{"type":"Polygon","coordinates":[[[-73.911459,40.699517],[-73.910789,40.699517],[-73.910789,40.700028],[-73.911459,40.700028],[-73.911459,40.699517]]]}},{"type":"Feature","properties":{"lit":0.0217,"h":11.3},"geometry":{"type":"Polygon","coordinates":[[[-73.912491,40.699724],[-73.912364,40.699724],[-73.912364,40.699821],[-73.912491,40.699821],[-73.912491,40.699724]]]}},{"type":"Feature","properties":{"lit":0.0326,"h":2.6},"geometry":{"type":"Polygon","coordinates":[[[-73.911251,40.69868],[-73.910997,40.69868],[-73.910997,40.698874],[-73.911251,40.698874],[-73.911251,40.69868]]]}},{"type":"Feature","properties":{"lit":0.0424,"h":13.5},"geometry":{"type":"Polygon","coordinates":[[[-73.977803,40.689662],[-73.977387,40.689662],[-73.977387,40.68998],[-73.977803,40.68998],[-73.977803,40.689662]]]}},{"type":"Feature","properties":{"lit":0.0385,"h":13.1},"geometry":{"type":"Polygon","coordinates":[[[-73.977985,40.688528],[-73.977205,40.688528],[-73.977205,40.689124],[-73.977985,40.689124],[-73.977985,40.688528]]]}},{"type":"Feature","properties":{"lit":0.0597,"h":15.2},"geometry":{"type":"Polygon","coordinates":[[[-73.975285,40.6886],[-73.974692,40.6886],[-73.974692,40.689052],[-73.975285,40.689052],[-73.975285,40.6886]]]}},{"type":"Feature","properties":{"lit":0.2382,"h":14.0},"geometry":{"type":"Polygon","coordinates":[[[-73.97643,40.689716],[-73.976153,40.689716],[-73.976153,40.689927],[-73.97643,40.689927],[-73.97643,40.689716]]]}},{"type":"Feature","properties":{"lit":0.1535,"h":13.1},"geometry":{"type":"Polygon","coordinates":[[[-73.976481,40.688682],[-73.976103,40.688682],[-73.976103,40.68897],[-73.976481,40.68897],[-73.976481,40.688682]]]}},{"type":"Feature","properties":{"lit":0.0722,"h":14.9},"geometry":{"type":"Polygon","coordinates":[[[-73.975169,40.689683],[-73.974808,40.689683],[-73.974808,40.689959],[-73.975169,40.689959],[-73.975169,40.689683]]]}},{"type":"Feature","properties":{"lit":0.1449,"h":43.0},"geometry":{"type":"Polygon","coordinates":[[[-73.975023,40.691784],[-73.974953,40.691784],[-73.974953,40.691838],[-73.975023,40.691838],[-73.975023,40.691784]]]}},{"type":"Feature","properties":{"lit":0.1541,"h":18.7},"geometry":{"type":"Polygon","coordinates":[[[-73.990941,40.719436],[-73.990316,40.719436],[-73.990316,40.719913],[-73.990941,40.719913],[-73.990941,40.719436]]]}},{"type":"Feature","properties":{"lit":0.0991,"h":19.3},"geometry":{"type":"Polygon","coordinates":[[[-73.990867,40.720487],[-73.99039,40.720487],[-73.99039,40.720852],[-73.990867,40.720852],[-73.990867,40.720487]]]}},{"type":"Feature","properties":{"lit":0.0731,"h":16.7},"geometry":{"type":"Polygon","coordinates":[[[-73.989566,40.721481],[-73.989084,40.721481],[-73.989084,40.721849],[-73.989566,40.721849],[-73.989566,40.721481]]]}},{"type":"Feature","properties":{"lit":0.0945,"h":18.3},"geometry":{"type":"Polygon","coordinates":[[[-73.989657,40.720417],[-73.988994,40.720417],[-73.988994,40.720923],[-73.989657,40.720923],[-73.989657,40.720417]]]}},{"type":"Feature","properties":{"lit":0.0352,"h":22.1},"geometry":{"type":"Polygon","coordinates":[[[-74.001308,40.718487],[-74.000803,40.718487],[-74.000803,40.718872],[-74.001308,40.718872],[-74.001308,40.718487]]]}},{"type":"Feature","properties":{"lit":0.3443,"h":25.4},"geometry":{"type":"Polygon","coordinates":[[[-73.989801,40.719311],[-73.988849,40.719311],[-73.988849,40.720038],[-73.989801,40.720038],[-73.989801,40.719311]]]}},{"type":"Feature","properties":{"lit":0.3028,"h":18.1},"geometry":{"type":"Polygon","coordinates":[[[-73.989609,40.722443],[-73.989041,40.722443],[-73.989041,40.722877],[-73.989609,40.722877],[-73.989609,40.722443]]]}},{"type":"Feature","properties":{"lit":0.1574,"h":27.5},"geometry":{"type":"Polygon","coordinates":[[[-73.988374,40.722391],[-73.987669,40.722391],[-73.987669,40.722929],[-73.988374,40.722929],[-73.988374,40.722391]]]}},{"type":"Feature","properties":{"lit":0.0632,"h":20.1},"geometry":{"type":"Polygon","coordinates":[[[-73.98852,40.721284],[-73.987523,40.721284],[-73.987523,40.722045],[-73.98852,40.722045],[-73.98852,40.721284]]]}},{"type":"Feature","properties":{"lit":0.0833,"h":15.3},"geometry":{"type":"Polygon","coordinates":[[[-73.990861,40.722482],[-73.990396,40.722482],[-73.990396,40.722837],[-73.990861,40.722837],[-73.990861,40.722482]]]}},{"type":"Feature","properties":{"lit":0.0578,"h":22.9},"geometry":{"type":"Polygon","coordinates":[[[-73.987069,40.722393],[-73.986368,40.722393],[-73.986368,40.722927],[-73.987069,40.722927],[-73.987069,40.722393]]]}},{"type":"Feature","properties":{"lit":0.0438,"h":19.5},"geometry":{"type":"Polygon","coordinates":[[[-73.984307,40.721516],[-73.983917,40.721516],[-73.983917,40.721814],[-73.984307,40.721814],[-73.984307,40.721516]]]}},{"type":"Feature","properties":{"lit":0.044,"h":17.2},"geometry":{"type":"Polygon","coordinates":[[[-73.985716,40.72243],[-73.985114,40.72243],[-73.985114,40.72289],[-73.985716,40.72289],[-73.985716,40.72243]]]}},{"type":"Feature","properties":{"lit":0.0513,"h":22.2},"geometry":{"type":"Polygon","coordinates":[[[-74.000049,40.718453],[-73.999455,40.718453],[-73.999455,40.718906],[-74.000049,40.718906],[-74.000049,40.718453]]]}},{"type":"Feature","properties":{"lit":0.0347,"h":10.9},"geometry":{"type":"Polygon","coordinates":[[[-73.999901,40.717571],[-73.999603,40.717571],[-73.999603,40.717798],[-73.999901,40.717798],[-73.999901,40.717571]]]}},{"type":"Feature","properties":{"lit":0.0295,"h":19.9},"geometry":{"type":"Polygon","coordinates":[[[-73.983018,40.721505],[-73.982599,40.721505],[-73.982599,40.721825],[-73.983018,40.721825],[-73.983018,40.721505]]]}},{"type":"Feature","properties":{"lit":0.0455,"h":18.1},"geometry":{"type":"Polygon","coordinates":[[[-73.988466,40.72033],[-73.987577,40.72033],[-73.987577,40.721009],[-73.988466,40.721009],[-73.988466,40.72033]]]}},{"type":"Feature","properties":{"lit":0.057,"h":44.2},"geometry":{"type":"Polygon","coordinates":[[[-73.987055,40.721408],[-73.986382,40.721408],[-73.986382,40.721922],[-73.987055,40.721922],[-73.987055,40.721408]]]}},{"type":"Feature","properties":{"lit":0.0791,"h":18.2},"geometry":{"type":"Polygon","coordinates":[[[-73.987075,40.719403],[-73.986362,40.719403],[-73.986362,40.719946],[-73.987075,40.719946],[-73.987075,40.719403]]]}},{"type":"Feature","properties":{"lit":0.0314,"h":25.3},"geometry":{"type":"Polygon","coordinates":[[[-73.986949,40.720494],[-73.986488,40.720494],[-73.986488,40.720846],[-73.986949,40.720846],[-73.986949,40.720494]]]}},{"type":"Feature","properties":{"lit":0.2811,"h":9.8},"geometry":{"type":"Polygon","coordinates":[[[-73.988644,40.718205],[-73.9874,40.718205],[-73.9874,40.719154],[-73.988644,40.719154],[-73.988644,40.718205]]]}},{"type":"Feature","properties":{"lit":0.036,"h":17.4},"geometry":{"type":"Polygon","coordinates":[[[-73.988488,40.719319],[-73.987555,40.719319],[-73.987555,40.720031],[-73.988488,40.720031],[-73.988488,40.719319]]]}},{"type":"Feature","properties":{"lit":0.0377,"h":23.1},"geometry":{"type":"Polygon","coordinates":[[[-73.986995,40.718468],[-73.986442,40.718468],[-73.986442,40.718891],[-73.986995,40.718891],[-73.986995,40.718468]]]}},{"type":"Feature","properties":{"lit":0.0672,"h":18.6},"geometry":{"type":"Polygon","coordinates":[[[-73.990991,40.718403],[-73.990266,40.718403],[-73.990266,40.718956],[-73.990991,40.718956],[-73.990991,40.718403]]]}},{"type":"Feature","properties":{"lit":0.0233,"h":21.0},"geometry":{"type":"Polygon","coordinates":[[[-73.992062,40.71858],[-73.991801,40.71858],[-73.991801,40.718779],[-73.992062,40.718779],[-73.992062,40.71858]]]}},{"type":"Feature","properties":{"lit":0.0589,"h":16.0},"geometry":{"type":"Polygon","coordinates":[[[-73.989589,40.718478],[-73.989061,40.718478],[-73.989061,40.718881],[-73.989589,40.718881],[-73.989589,40.718478]]]}},{"type":"Feature","properties":{"lit":0.0472,"h":17.0},"geometry":{"type":"Polygon","coordinates":[[[-73.98954,40.71752],[-73.989111,40.71752],[-73.989111,40.717848],[-73.98954,40.717848],[-73.98954,40.71752]]]}},{"type":"Feature","properties":{"lit":0.5229,"h":16.7},"geometry":{"type":"Polygon","coordinates":[[[-73.994728,40.71555],[-73.994349,40.71555],[-73.994349,40.715839],[-73.994728,40.715839],[-73.994728,40.71555]]]}},{"type":"Feature","properties":{"lit":0.0796,"h":17.9},"geometry":{"type":"Polygon","coordinates":[[[-73.994706,40.714571],[-73.994371,40.714571],[-73.994371,40.714827],[-73.994706,40.714827],[-73.994706,40.714571]]]}},{"type":"Feature","properties":{"lit":0.0678,"h":17.5},"geometry":{"type":"Polygon","coordinates":[[[-73.993442,40.714541],[-73.993029,40.714541],[-73.993029,40.714857],[-73.993442,40.714857],[-73.993442,40.714541]]]}},{"type":"Feature","properties":{"lit":0.1881,"h":16.0},"geometry":{"type":"Polygon","coordinates":[[[-73.99361,40.715408],[-73.992861,40.715408],[-73.992861,40.71598],[-73.99361,40.71598],[-73.99361,40.715408]]]}},{"type":"Feature","properties":{"lit":0.0952,"h":20.9},"geometry":{"type":"Polygon","coordinates":[[[-73.993674,40.716354],[-73.992797,40.716354],[-73.992797,40.717024],[-73.993674,40.717024],[-73.993674,40.716354]]]}},{"type":"Feature","properties":{"lit":0.0396,"h":17.8},"geometry":{"type":"Polygon","coordinates":[[[-73.992148,40.715529],[-73.991715,40.715529],[-73.991715,40.715859],[-73.992148,40.715859],[-73.992148,40.715529]]]}},{"type":"Feature","properties":{"lit":0.071,"h":20.2},"geometry":{"type":"Polygon","coordinates":[[[-73.990876,40.71451],[-73.990381,40.71451],[-73.990381,40.714888],[-73.990876,40.714888],[-73.990876,40.71451]]]}},{"type":"Feature","properties":{"lit":0.0312,"h":32.5},"geometry":{"type":"Polygon","coordinates":[[[-73.992104,40.714568],[-73.99176,40.714568],[-73.99176,40.71483],[-73.992104,40.71483],[-73.992104,40.714568]]]}},{"type":"Feature","properties":{"lit":0.1462,"h":87.0},"geometry":{"type":"Polygon","coordinates":[[[-73.988383,40.717409],[-73.987661,40.717409],[-73.987661,40.71796],[-73.988383,40.71796],[-73.988383,40.717409]]]}},{"type":"Feature","properties":{"lit":0.1028,"h":81.5},"geometry":{"type":"Polygon","coordinates":[[[-73.987061,40.701501],[-73.986376,40.701501],[-73.986376,40.702024],[-73.987061,40.702024],[-73.987061,40.701501]]]}},{"type":"Feature","properties":{"lit":0.0883,"h":8.3},"geometry":{"type":"Polygon","coordinates":[[[-73.923254,40.706433],[-73.922454,40.706433],[-73.922454,40.707044],[-73.923254,40.707044],[-73.923254,40.706433]]]}},{"type":"Feature","properties":{"lit":0.0522,"h":7.2},"geometry":{"type":"Polygon","coordinates":[[[-73.923125,40.705536],[-73.922583,40.705536],[-73.922583,40.70595],[-73.923125,40.70595],[-73.923125,40.705536]]]}},{"type":"Feature","properties":{"lit":0.0547,"h":7.3},"geometry":{"type":"Polygon","coordinates":[[[-73.925835,40.705457],[-73.925086,40.705457],[-73.925086,40.706029],[-73.925835,40.706029],[-73.925835,40.705457]]]}},{"type":"Feature","properties":{"lit":0.03,"h":8.7},"geometry":{"type":"Polygon","coordinates":[[[-73.924372,40.705579],[-73.923943,40.705579],[-73.923943,40.705906],[-73.924372,40.705906],[-73.924372,40.705579]]]}},{"type":"Feature","properties":{"lit":0.0469,"h":7.0},"geometry":{"type":"Polygon","coordinates":[[[-73.924505,40.706473],[-73.92381,40.706473],[-73.92381,40.707003],[-73.924505,40.707003],[-73.924505,40.706473]]]}},{"type":"Feature","properties":{"lit":0.0423,"h":10.1},"geometry":{"type":"Polygon","coordinates":[[[-73.919139,40.703604],[-73.918749,40.703604],[-73.918749,40.703901],[-73.919139,40.703901],[-73.919139,40.703604]]]}},{"type":"Feature","properties":{"lit":0.0554,"h":10.8},"geometry":{"type":"Polygon","coordinates":[[[-73.917883,40.703568],[-73.917399,40.703568],[-73.917399,40.703937],[-73.917883,40.703937],[-73.917883,40.703568]]]}},{"type":"Feature","properties":{"lit":0.0271,"h":10.3},"geometry":{"type":"Polygon","coordinates":[[[-73.919027,40.702695],[-73.918861,40.702695],[-73.918861,40.702821],[-73.919027,40.702821],[-73.919027,40.702695]]]}},{"type":"Feature","properties":{"lit":0.0378,"h":9.9},"geometry":{"type":"Polygon","coordinates":[[[-73.91783,40.702613],[-73.917452,40.702613],[-73.917452,40.702902],[-73.91783,40.702902],[-73.91783,40.702613]]]}},{"type":"Feature","properties":{"lit":0.0228,"h":5.2},"geometry":{"type":"Polygon","coordinates":[[[-73.921739,40.706595],[-73.921363,40.706595],[-73.921363,40.706881],[-73.921739,40.706881],[-73.921739,40.706595]]]}},{"type":"Feature","properties":{"lit":0.0482,"h":8.4},"geometry":{"type":"Polygon","coordinates":[[[-73.922986,40.707632],[-73.922722,40.707632],[-73.922722,40.707834],[-73.922986,40.707834],[-73.922986,40.707632]]]}},{"type":"Feature","properties":{"lit":0.0803,"h":16.0},"geometry":{"type":"Polygon","coordinates":[[[-73.92439,40.707556],[-73.923925,40.707556],[-73.923925,40.707911],[-73.92439,40.707911],[-73.92439,40.707556]]]}},{"type":"Feature","properties":{"lit":0.2597,"h":21.3},"geometry":{"type":"Polygon","coordinates":[[[-73.991008,40.713414],[-73.990249,40.713414],[-73.990249,40.713994],[-73.991008,40.713994],[-73.991008,40.713414]]]}},{"type":"Feature","properties":{"lit":0.2113,"h":22.9},"geometry":{"type":"Polygon","coordinates":[[[-73.989703,40.713416],[-73.988948,40.713416],[-73.988948,40.713992],[-73.989703,40.713992],[-73.989703,40.713416]]]}},{"type":"Feature","properties":{"lit":0.2983,"h":22.4},"geometry":{"type":"Polygon","coordinates":[[[-73.990951,40.712463],[-73.990307,40.712463],[-73.990307,40.712955],[-73.990951,40.712955],[-73.990951,40.712463]]]}},{"type":"Feature","properties":{"lit":0.2538,"h":16.3},"geometry":{"type":"Polygon","coordinates":[[[-73.989595,40.712503],[-73.989056,40.712503],[-73.989056,40.712915],[-73.989595,40.712915],[-73.989595,40.712503]]]}},{"type":"Feature","properties":{"lit":0.1995,"h":16.0},"geometry":{"type":"Polygon","coordinates":[[[-73.98584,40.718355],[-73.98499,40.718355],[-73.98499,40.719004],[-73.98584,40.719004],[-73.98584,40.718355]]]}},{"type":"Feature","properties":{"lit":0.1278,"h":18.3},"geometry":{"type":"Polygon","coordinates":[[[-73.985751,40.719418],[-73.98508,40.719418],[-73.98508,40.719931],[-73.985751,40.719931],[-73.985751,40.719418]]]}},{"type":"Feature","properties":{"lit":0.1649,"h":12.4},"geometry":{"type":"Polygon","coordinates":[[[-73.984677,40.718248],[-73.983547,40.718248],[-73.983547,40.719111],[-73.984677,40.719111],[-73.984677,40.718248]]]}},{"type":"Feature","properties":{"lit":0.192,"h":10.4},"geometry":{"type":"Polygon","coordinates":[[[-73.984359,40.719486],[-73.983865,40.719486],[-73.983865,40.719863],[-73.984359,40.719863],[-73.984359,40.719486]]]}},{"type":"Feature","properties":{"lit":0.0235,"h":21.4},"geometry":{"type":"Polygon","coordinates":[[[-73.985512,40.717611],[-73.985319,40.717611],[-73.985319,40.717758],[-73.985512,40.717758],[-73.985512,40.717611]]]}},{"type":"Feature","properties":{"lit":0.3213,"h":8.8},"geometry":{"type":"Polygon","coordinates":[[[-73.933876,40.707279],[-73.932686,40.707279],[-73.932686,40.708187],[-73.933876,40.708187],[-73.933876,40.707279]]]}},{"type":"Feature","properties":{"lit":0.2741,"h":9.2},"geometry":{"type":"Polygon","coordinates":[[[-73.933509,40.706564],[-73.933053,40.706564],[-73.933053,40.706912],[-73.933509,40.706912],[-73.933509,40.706564]]]}},{"type":"Feature","properties":{"lit":0.0826,"h":24.4},"geometry":{"type":"Polygon","coordinates":[[[-73.93474,40.707614],[-73.934429,40.707614],[-73.934429,40.707852],[-73.93474,40.707852],[-73.93474,40.707614]]]}},{"type":"Feature","properties":{"lit":0.1466,"h":7.6},"geometry":{"type":"Polygon","coordinates":[[[-73.932142,40.707608],[-73.931813,40.707608],[-73.931813,40.707859],[-73.932142,40.707859],[-73.932142,40.707608]]]}},{"type":"Feature","properties":{"lit":0.0422,"h":8.2},"geometry":{"type":"Polygon","coordinates":[[[-73.932134,40.706618],[-73.931821,40.706618],[-73.931821,40.706858],[-73.932134,40.706858],[-73.932134,40.706618]]]}},{"type":"Feature","properties":{"lit":0.0288,"h":5.4},"geometry":{"type":"Polygon","coordinates":[[[-73.933378,40.705669],[-73.933184,40.705669],[-73.933184,40.705817],[-73.933378,40.705817],[-73.933378,40.705669]]]}},{"type":"Feature","properties":{"lit":0.0276,"h":13.7},"geometry":{"type":"Polygon","coordinates":[[[-73.934823,40.705561],[-73.934346,40.705561],[-73.934346,40.705925],[-73.934823,40.705925],[-73.934823,40.705561]]]}},{"type":"Feature","properties":{"lit":0.0447,"h":5.9},"geometry":{"type":"Polygon","coordinates":[[[-73.930947,40.70653],[-73.930402,40.70653],[-73.930402,40.706946],[-73.930947,40.706946],[-73.930947,40.70653]]]}},{"type":"Feature","properties":{"lit":0.0273,"h":9.0},"geometry":{"type":"Polygon","coordinates":[[[-73.930894,40.707565],[-73.930455,40.707565],[-73.930455,40.707901],[-73.930894,40.707901],[-73.930894,40.707565]]]}},{"type":"Feature","properties":{"lit":0.0384,"h":9.9},"geometry":{"type":"Polygon","coordinates":[[[-73.929676,40.70551],[-73.929066,40.70551],[-73.929066,40.705976],[-73.929676,40.705976],[-73.929676,40.70551]]]}},{"type":"Feature","properties":{"lit":0.0318,"h":6.1},"geometry":{"type":"Polygon","coordinates":[[[-73.929545,40.704615],[-73.929197,40.704615],[-73.929197,40.704881],[-73.929545,40.704881],[-73.929545,40.704615]]]}},{"type":"Feature","properties":{"lit":0.0247,"h":15.5},"geometry":{"type":"Polygon","coordinates":[[[-73.930855,40.705605],[-73.930493,40.705605],[-73.930493,40.705881],[-73.930855,40.705881],[-73.930855,40.705605]]]}},{"type":"Feature","properties":{"lit":0.097,"h":6.7},"geometry":{"type":"Polygon","coordinates":[[[-73.923144,40.708507],[-73.922564,40.708507],[-73.922564,40.70895],[-73.923144,40.70895],[-73.923144,40.708507]]]}},{"type":"Feature","properties":{"lit":0.3813,"h":7.6},"geometry":{"type":"Polygon","coordinates":[[[-73.923297,40.709385],[-73.922411,40.709385],[-73.922411,40.710061],[-73.923297,40.710061],[-73.923297,40.709385]]]}},{"type":"Feature","properties":{"lit":0.0804,"h":5.3},"geometry":{"type":"Polygon","coordinates":[[[-73.924306,40.708615],[-73.924009,40.708615],[-73.924009,40.708842],[-73.924306,40.708842],[-73.924306,40.708615]]]}},{"type":"Feature","properties":{"lit":0.4114,"h":13.3},"geometry":{"type":"Polygon","coordinates":[[[-73.924525,40.709442],[-73.92379,40.709442],[-73.92379,40.710004],[-73.924525,40.710004],[-73.924525,40.709442]]]}},{"type":"Feature","properties":{"lit":0.0254,"h":7.5},"geometry":{"type":"Polygon","coordinates":[[[-73.923152,40.710491],[-73.922556,40.710491],[-73.922556,40.710946],[-73.923152,40.710946],[-73.923152,40.710491]]]}},{"type":"Feature","properties":{"lit":0.0448,"h":20.4},"geometry":{"type":"Polygon","coordinates":[[[-74.001239,40.717544],[-74.000871,40.717544],[-74.000871,40.717825],[-74.001239,40.717825],[-74.001239,40.717544]]]}},{"type":"Feature","properties":{"lit":0.0343,"h":22.9},"geometry":{"type":"Polygon","coordinates":[[[-73.990731,40.717606],[-73.990526,40.717606],[-73.990526,40.717762],[-73.990731,40.717762],[-73.990731,40.717606]]]}},{"type":"Feature","properties":{"lit":0.2973,"h":24.1},"geometry":{"type":"Polygon","coordinates":[[[-73.979332,40.729295],[-73.978465,40.729295],[-73.978465,40.729957],[-73.979332,40.729957],[-73.979332,40.729295]]]}},{"type":"Feature","properties":{"lit":0.0472,"h":31.8},"geometry":{"type":"Polygon","coordinates":[[[-73.980546,40.730358],[-73.979857,40.730358],[-73.979857,40.730884],[-73.980546,40.730884],[-73.980546,40.730358]]]}},{"type":"Feature","properties":{"lit":0.0465,"h":18.0},"geometry":{"type":"Polygon","coordinates":[[[-73.987159,40.728294],[-73.986278,40.728294],[-73.986278,40.728967],[-73.987159,40.728967],[-73.987159,40.728294]]]}},{"type":"Feature","properties":{"lit":0.0368,"h":17.8},"geometry":{"type":"Polygon","coordinates":[[[-73.988302,40.727422],[-73.987742,40.727422],[-73.987742,40.727849],[-73.988302,40.727849],[-73.988302,40.727422]]]}},{"type":"Feature","properties":{"lit":0.0709,"h":18.8},"geometry":{"type":"Polygon","coordinates":[[[-73.987167,40.727293],[-73.98627,40.727293],[-73.98627,40.727978],[-73.987167,40.727978],[-73.987167,40.727293]]]}},{"type":"Feature","properties":{"lit":0.2391,"h":15.6},"geometry":{"type":"Polygon","coordinates":[[[-73.985871,40.727288],[-73.98496,40.727288],[-73.98496,40.727983],[-73.985871,40.727983],[-73.985871,40.727288]]]}},{"type":"Feature","properties":{"lit":0.0876,"h":24.4},"geometry":{"type":"Polygon","coordinates":[[[-73.985903,40.728258],[-73.984927,40.728258],[-73.984927,40.729003],[-73.985903,40.729003],[-73.985903,40.728258]]]}},{"type":"Feature","properties":{"lit":0.0434,"h":17.9},"geometry":{"type":"Polygon","coordinates":[[[-73.988447,40.728306],[-73.987597,40.728306],[-73.987597,40.728955],[-73.988447,40.728955],[-73.988447,40.728306]]]}},{"type":"Feature","properties":{"lit":0.2124,"h":15.8},"geometry":{"type":"Polygon","coordinates":[[[-73.987155,40.726307],[-73.986282,40.726307],[-73.986282,40.726974],[-73.987155,40.726974],[-73.987155,40.726307]]]}},{"type":"Feature","properties":{"lit":0.3588,"h":22.2},"geometry":{"type":"Polygon","coordinates":[[[-73.987065,40.72538],[-73.986371,40.72538],[-73.986371,40.72591],[-73.987065,40.72591],[-73.987065,40.72538]]]}},{"type":"Feature","properties":{"lit":0.0207,"h":20.1},"geometry":{"type":"Polygon","coordinates":[[[-73.988129,40.726559],[-73.987915,40.726559],[-73.987915,40.726722],[-73.988129,40.726722],[-73.988129,40.726559]]]}},{"type":"Feature","properties":{"lit":0.0516,"h":19.9},"geometry":{"type":"Polygon","coordinates":[[[-73.989674,40.728364],[-73.988976,40.728364],[-73.988976,40.728897],[-73.989674,40.728897],[-73.989674,40.728364]]]}},{"type":"Feature","properties":{"lit":0.0252,"h":19.2},"geometry":{"type":"Polygon","coordinates":[[[-73.989466,40.727528],[-73.989185,40.727528],[-73.989185,40.727743],[-73.989466,40.727743],[-73.989466,40.727528]]]}},{"type":"Feature","properties":{"lit":0.0368,"h":16.7},"geometry":{"type":"Polygon","coordinates":[[[-73.989593,40.726436],[-73.989057,40.726436],[-73.989057,40.726845],[-73.989593,40.726845],[-73.989593,40.726436]]]}},{"type":"Feature","properties":{"lit":0.0295,"h":24.7},"geometry":{"type":"Polygon","coordinates":[[[-73.990729,40.728554],[-73.990528,40.728554],[-73.990528,40.728708],[-73.990729,40.728708],[-73.990729,40.728554]]]}},{"type":"Feature","properties":{"lit":0.0782,"h":28.0},"geometry":{"type":"Polygon","coordinates":[[[-73.989706,40.729335],[-73.988944,40.729335],[-73.988944,40.729917],[-73.989706,40.729917],[-73.989706,40.729335]]]}},{"type":"Feature","properties":{"lit":0.0918,"h":47.3},"geometry":{"type":"Polygon","coordinates":[[[-73.990942,40.729386],[-73.990315,40.729386],[-73.990315,40.729865],[-73.990942,40.729865],[-73.990942,40.729386]]]}},{"type":"Feature","properties":{"lit":0.047,"h":42.5},"geometry":{"type":"Polygon","coordinates":[[[-73.989664,40.730362],[-73.988986,40.730362],[-73.988986,40.73088],[-73.989664,40.73088],[-73.989664,40.730362]]]}},{"type":"Feature","properties":{"lit":0.0512,"h":19.8},"geometry":{"type":"Polygon","coordinates":[[[-73.988493,40.729266],[-73.987551,40.729266],[-73.987551,40.729985],[-73.988493,40.729985],[-73.988493,40.729266]]]}},{"type":"Feature","properties":{"lit":0.0278,"h":18.3},"geometry":{"type":"Polygon","coordinates":[[[-73.986952,40.729447],[-73.986485,40.729447],[-73.986485,40.729804],[-73.986952,40.729804],[-73.986952,40.729447]]]}},{"type":"Feature","properties":{"lit":0.0325,"h":20.0},"geometry":{"type":"Polygon","coordinates":[[[-73.988267,40.730433],[-73.987776,40.730433],[-73.987776,40.730808],[-73.988267,40.730808],[-73.988267,40.730433]]]}},{"type":"Feature","properties":{"lit":0.0513,"h":57.0},"geometry":{"type":"Polygon","coordinates":[[[-73.99095,40.730376],[-73.990308,40.730376],[-73.990308,40.730866],[-73.99095,40.730866],[-73.99095,40.730376]]]}},{"type":"Feature","properties":{"lit":0.036,"h":42.3},"geometry":{"type":"Polygon","coordinates":[[[-73.992163,40.729449],[-73.991701,40.729449],[-73.991701,40.729802],[-73.992163,40.729802],[-73.992163,40.729449]]]}},{"type":"Feature","properties":{"lit":0.0417,"h":19.0},"geometry":{"type":"Polygon","coordinates":[[[-73.990745,40.724561],[-73.990512,40.724561],[-73.990512,40.724739],[-73.990745,40.724739],[-73.990745,40.724561]]]}},{"type":"Feature","properties":{"lit":0.0371,"h":28.8},"geometry":{"type":"Polygon","coordinates":[[[-73.992166,40.725467],[-73.991698,40.725467],[-73.991698,40.725824],[-73.992166,40.725824],[-73.992166,40.725467]]]}},{"type":"Feature","properties":{"lit":0.0395,"h":12.4},"geometry":{"type":"Polygon","coordinates":[[[-73.990789,40.725523],[-73.990468,40.725523],[-73.990468,40.725768],[-73.990789,40.725768],[-73.990789,40.725523]]]}},{"type":"Feature","properties":{"lit":0.353,"h":18.2},"geometry":{"type":"Polygon","coordinates":[[[-73.988392,40.723373],[-73.987652,40.723373],[-73.987652,40.723937],[-73.988392,40.723937],[-73.988392,40.723373]]]}},{"type":"Feature","properties":{"lit":0.1852,"h":18.9},"geometry":{"type":"Polygon","coordinates":[[[-73.988358,40.724394],[-73.987686,40.724394],[-73.987686,40.724907],[-73.988358,40.724907],[-73.988358,40.724394]]]}},{"type":"Feature","properties":{"lit":0.1281,"h":18.0},"geometry":{"type":"Polygon","coordinates":[[[-73.989672,40.72339],[-73.988978,40.72339],[-73.988978,40.72392],[-73.989672,40.72392],[-73.989672,40.72339]]]}},{"type":"Feature","properties":{"lit":0.0288,"h":14.1},"geometry":{"type":"Polygon","coordinates":[[[-73.989384,40.724605],[-73.989266,40.724605],[-73.989266,40.724695],[-73.989384,40.724695],[-73.989384,40.724605]]]}},{"type":"Feature","properties":{"lit":0.058,"h":15.0},"geometry":{"type":"Polygon","coordinates":[[[-73.993548,40.723416],[-73.992923,40.723416],[-73.992923,40.723894],[-73.993548,40.723894],[-73.993548,40.723416]]]}},{"type":"Feature","properties":{"lit":0.0446,"h":16.1},"geometry":{"type":"Polygon","coordinates":[[[-73.993493,40.724453],[-73.992977,40.724453],[-73.992977,40.724847],[-73.993493,40.724847],[-73.993493,40.724453]]]}},{"type":"Feature","properties":{"lit":0.1329,"h":35.9},"geometry":{"type":"Polygon","coordinates":[[[-73.99622,40.724361],[-73.995464,40.724361],[-73.995464,40.724939],[-73.99622,40.724939],[-73.99622,40.724361]]]}},{"type":"Feature","properties":{"lit":0.1174,"h":28.8},"geometry":{"type":"Polygon","coordinates":[[[-73.996247,40.725336],[-73.995437,40.725336],[-73.995437,40.725954],[-73.996247,40.725954],[-73.996247,40.725336]]]}},{"type":"Feature","properties":{"lit":0.0297,"h":28.8},"geometry":{"type":"Polygon","coordinates":[[[-73.994894,40.725374],[-73.994183,40.725374],[-73.994183,40.725917],[-73.994894,40.725917],[-73.994894,40.725374]]]}},{"type":"Feature","properties":{"lit":0.1512,"h":18.4},"geometry":{"type":"Polygon","coordinates":[[[-73.988346,40.725398],[-73.987698,40.725398],[-73.987698,40.725893],[-73.988346,40.725893],[-73.988346,40.725398]]]}},{"type":"Feature","properties":{"lit":0.0541,"h":17.6},"geometry":{"type":"Polygon","coordinates":[[[-73.994945,40.723344],[-73.994132,40.723344],[-73.994132,40.723966],[-73.994945,40.723966],[-73.994945,40.723344]]]}},{"type":"Feature","properties":{"lit":0.0501,"h":11.9},"geometry":{"type":"Polygon","coordinates":[[[-73.996141,40.723426],[-73.995543,40.723426],[-73.995543,40.723884],[-73.996141,40.723884],[-73.996141,40.723426]]]}},{"type":"Feature","properties":{"lit":0.0741,"h":24.2},"geometry":{"type":"Polygon","coordinates":[[[-73.994893,40.72438],[-73.994184,40.72438],[-73.994184,40.72492],[-73.994893,40.72492],[-73.994893,40.72438]]]}},{"type":"Feature","properties":{"lit":0.1541,"h":37.2},"geometry":{"type":"Polygon","coordinates":[[[-73.997367,40.72448],[-73.996923,40.72448],[-73.996923,40.72482],[-73.997367,40.72482],[-73.997367,40.72448]]]}},{"type":"Feature","properties":{"lit":0.0345,"h":24.7},"geometry":{"type":"Polygon","coordinates":[[[-73.988394,40.732327],[-73.987649,40.732327],[-73.987649,40.732895],[-73.988394,40.732895],[-73.988394,40.732327]]]}},{"type":"Feature","properties":{"lit":0.063,"h":17.7},"geometry":{"type":"Polygon","coordinates":[[[-73.984462,40.728363],[-73.983761,40.728363],[-73.983761,40.728898],[-73.984462,40.728898],[-73.984462,40.728363]]]}},{"type":"Feature","properties":{"lit":0.0394,"h":15.3},"geometry":{"type":"Polygon","coordinates":[[[-73.984308,40.729476],[-73.983915,40.729476],[-73.983915,40.729776],[-73.984308,40.729776],[-73.984308,40.729476]]]}},{"type":"Feature","properties":{"lit":0.031,"h":19.9},"geometry":{"type":"Polygon","coordinates":[[[-73.985573,40.729505],[-73.985257,40.729505],[-73.985257,40.729746],[-73.985573,40.729746],[-73.985573,40.729505]]]}},{"type":"Feature","properties":{"lit":0.0428,"h":13.8},"geometry":{"type":"Polygon","coordinates":[[[-73.98435,40.730439],[-73.983873,40.730439],[-73.983873,40.730803],[-73.98435,40.730803],[-73.98435,40.730439]]]}},{"type":"Feature","properties":{"lit":0.0782,"h":16.7},"geometry":{"type":"Polygon","coordinates":[[[-73.983199,40.730323],[-73.982418,40.730323],[-73.982418,40.730919],[-73.983199,40.730919],[-73.983199,40.730323]]]}},{"type":"Feature","properties":{"lit":0.0387,"h":4.3},"geometry":{"type":"Polygon","coordinates":[[[-73.988135,40.73352],[-73.987908,40.73352],[-73.987908,40.733693],[-73.988135,40.733693],[-73.988135,40.73352]]]}},{"type":"Feature","properties":{"lit":0.048,"h":18.4},"geometry":{"type":"Polygon","coordinates":[[[-73.983072,40.729425],[-73.982545,40.729425],[-73.982545,40.729827],[-73.983072,40.729827],[-73.983072,40.729425]]]}},{"type":"Feature","properties":{"lit":0.021,"h":17.3},"geometry":{"type":"Polygon","coordinates":[[[-73.981584,40.729565],[-73.981426,40.729565],[-73.981426,40.729686],[-73.981584,40.729686],[-73.981584,40.729565]]]}},{"type":"Feature","properties":{"lit":0.0538,"h":18.4},"geometry":{"type":"Polygon","coordinates":[[[-73.981939,40.73029],[-73.981071,40.73029],[-73.981071,40.730952],[-73.981939,40.730952],[-73.981939,40.73029]]]}},{"type":"Feature","properties":{"lit":0.0491,"h":15.5},"geometry":{"type":"Polygon","coordinates":[[[-73.983133,40.731368],[-73.982484,40.731368],[-73.982484,40.731864],[-73.983133,40.731864],[-73.983133,40.731368]]]}},{"type":"Feature","properties":{"lit":0.0208,"h":20.2},"geometry":{"type":"Polygon","coordinates":[[[-73.997276,40.72256],[-73.997014,40.72256],[-73.997014,40.72276],[-73.997276,40.72276],[-73.997276,40.72256]]]}},{"type":"Feature","properties":{"lit":0.0232,"h":48.3},"geometry":{"type":"Polygon","coordinates":[[[-73.992388,40.723307],[-73.991476,40.723307],[-73.991476,40.724003],[-73.992388,40.724003],[-73.992388,40.723307]]]}},{"type":"Feature","properties":{"lit":0.7436,"h":18.5},"geometry":{"type":"Polygon","coordinates":[[[-73.98453,40.725326],[-73.983693,40.725326],[-73.983693,40.725965],[-73.98453,40.725965],[-73.98453,40.725326]]]}},{"type":"Feature","properties":{"lit":0.1358,"h":19.4},"geometry":{"type":"Polygon","coordinates":[[[-73.981871,40.724371],[-73.98114,40.724371],[-73.98114,40.724929],[-73.981871,40.724929],[-73.981871,40.724371]]]}},{"type":"Feature","properties":{"lit":0.8261,"h":17.5},"geometry":{"type":"Polygon","coordinates":[[[-73.985836,40.726319],[-73.984994,40.726319],[-73.984994,40.726962],[-73.985836,40.726962],[-73.985836,40.726319]]]}},{"type":"Feature","properties":{"lit":0.8597,"h":16.8},"geometry":{"type":"Polygon","coordinates":[[[-73.98459,40.726275],[-73.983633,40.726275],[-73.983633,40.727006],[-73.98459,40.727006],[-73.98459,40.726275]]]}},{"type":"Feature","properties":{"lit":0.2438,"h":16.0},"geometry":{"type":"Polygon","coordinates":[[[-73.98316,40.725377],[-73.982457,40.725377],[-73.982457,40.725914],[-73.98316,40.725914],[-73.98316,40.725377]]]}},{"type":"Feature","properties":{"lit":0.1252,"h":16.3},"geometry":{"type":"Polygon","coordinates":[[[-73.981641,40.725541],[-73.981369,40.725541],[-73.981369,40.725749],[-73.981641,40.725749],[-73.981641,40.725541]]]}},{"type":"Feature","properties":{"lit":0.2157,"h":42.3},"geometry":{"type":"Polygon","coordinates":[[[-73.985688,40.725437],[-73.985143,40.725437],[-73.985143,40.725853],[-73.985688,40.725853],[-73.985688,40.725437]]]}},{"type":"Feature","properties":{"lit":0.0348,"h":17.4},"geometry":{"type":"Polygon","coordinates":[[[-73.983018,40.72449],[-73.982599,40.72449],[-73.982599,40.72481],[-73.983018,40.72481],[-73.983018,40.72449]]]}},{"type":"Feature","properties":{"lit":0.0789,"h":17.4},"geometry":{"type":"Polygon","coordinates":[[[-73.984391,40.727422],[-73.983833,40.727422],[-73.983833,40.727848],[-73.984391,40.727848],[-73.984391,40.727422]]]}},{"type":"Feature","properties":{"lit":0.4063,"h":18.1},"geometry":{"type":"Polygon","coordinates":[[[-73.983034,40.726468],[-73.982582,40.726468],[-73.982582,40.726813],[-73.983034,40.726813],[-73.983034,40.726468]]]}},{"type":"Feature","properties":{"lit":0.0566,"h":17.9},"geometry":{"type":"Polygon","coordinates":[[[-73.983095,40.727416],[-73.982522,40.727416],[-73.982522,40.727854],[-73.983095,40.727854],[-73.983095,40.727416]]]}},{"type":"Feature","properties":{"lit":0.0389,"h":30.5},"geometry":{"type":"Polygon","coordinates":[[[-73.992284,40.724382],[-73.99158,40.724382],[-73.99158,40.724919],[-73.992284,40.724919],[-73.992284,40.724382]]]}},{"type":"Feature","properties":{"lit":0.0399,"h":20.6},"geometry":{"type":"Polygon","coordinates":[[[-73.99084,40.723494],[-73.990418,40.723494],[-73.990418,40.723816],[-73.99084,40.723816],[-73.99084,40.723494]]]}},{"type":"Feature","properties":{"lit":0.0687,"h":16.2},"geometry":{"type":"Polygon","coordinates":[[[-74.000145,40.732311],[-73.999359,40.732311],[-73.999359,40.732911],[-74.000145,40.732911],[-74.000145,40.732311]]]}},{"type":"Feature","properties":{"lit":0.0516,"h":12.6},"geometry":{"type":"Polygon","coordinates":[[[-74.00005,40.733379],[-73.999454,40.733379],[-73.999454,40.733834],[-74.00005,40.733834],[-74.00005,40.733379]]]}},{"type":"Feature","properties":{"lit":0.0249,"h":11.1},"geometry":{"type":"Polygon","coordinates":[[[-74.001119,40.733558],[-74.000992,40.733558],[-74.000992,40.733655],[-74.001119,40.733655],[-74.001119,40.733558]]]}},{"type":"Feature","properties":{"lit":0.0448,"h":12.8},"geometry":{"type":"Polygon","coordinates":[[[-73.999977,40.731444],[-73.999527,40.731444],[-73.999527,40.731787],[-73.999977,40.731787],[-73.999977,40.731444]]]}},{"type":"Feature","properties":{"lit":0.0292,"h":12.0},"geometry":{"type":"Polygon","coordinates":[[[-74.001204,40.731502],[-74.000907,40.731502],[-74.000907,40.731729],[-74.001204,40.731729],[-74.001204,40.731502]]]}},{"type":"Feature","properties":{"lit":0.1346,"h":11.9},"geometry":{"type":"Polygon","coordinates":[[[-73.98432,40.724491],[-73.983903,40.724491],[-73.983903,40.724809],[-73.98432,40.724809],[-73.98432,40.724491]]]}},{"type":"Feature","properties":{"lit":0.0319,"h":3.2},"geometry":{"type":"Polygon","coordinates":[[[-73.985457,40.724618],[-73.985373,40.724618],[-73.985373,40.724682],[-73.985457,40.724682],[-73.985457,40.724618]]]}},{"type":"Feature","properties":{"lit":0.0616,"h":23.1},"geometry":{"type":"Polygon","coordinates":[[[-73.985816,40.723349],[-73.985015,40.723349],[-73.985015,40.723961],[-73.985816,40.723961],[-73.985816,40.723349]]]}},{"type":"Feature","properties":{"lit":0.2255,"h":67.2},"geometry":{"type":"Polygon","coordinates":[[[-73.986897,40.724514],[-73.98654,40.724514],[-73.98654,40.724787],[-73.986897,40.724787],[-73.986897,40.724514]]]}},{"type":"Feature","properties":{"lit":0.1024,"h":30.5},"geometry":{"type":"Polygon","coordinates":[[[-73.98695,40.723478],[-73.986487,40.723478],[-73.986487,40.723832],[-73.98695,40.723832],[-73.98695,40.723478]]]}},{"type":"Feature","properties":{"lit":0.062,"h":11.4},"geometry":{"type":"Polygon","coordinates":[[[-73.984356,40.723468],[-73.983867,40.723468],[-73.983867,40.723842],[-73.984356,40.723842],[-73.984356,40.723468]]]}},{"type":"Feature","properties":{"lit":0.0332,"h":29.9},"geometry":{"type":"Polygon","coordinates":[[[-73.987076,40.737314],[-73.986361,40.737314],[-73.986361,40.73786],[-73.987076,40.73786],[-73.987076,40.737314]]]}},{"type":"Feature","properties":{"lit":0.0325,"h":37.0},"geometry":{"type":"Polygon","coordinates":[[[-73.986967,40.738392],[-73.98647,40.738392],[-73.98647,40.738771],[-73.986967,40.738771],[-73.986967,40.738392]]]}},{"type":"Feature","properties":{"lit":0.0329,"h":39.1},"geometry":{"type":"Polygon","coordinates":[[[-73.987024,40.733373],[-73.986413,40.733373],[-73.986413,40.73384],[-73.987024,40.73384],[-73.987024,40.733373]]]}},{"type":"Feature","properties":{"lit":0.2829,"h":15.3},"geometry":{"type":"Polygon","coordinates":[[[-73.980641,40.7273],[-73.979762,40.7273],[-73.979762,40.727971],[-73.980641,40.727971],[-73.980641,40.7273]]]}},{"type":"Feature","properties":{"lit":0.1216,"h":18.2},"geometry":{"type":"Polygon","coordinates":[[[-73.97921,40.727397],[-73.978586,40.727397],[-73.978586,40.727874],[-73.97921,40.727874],[-73.97921,40.727397]]]}},{"type":"Feature","properties":{"lit":0.0329,"h":16.1},"geometry":{"type":"Polygon","coordinates":[[[-73.981717,40.727474],[-73.981293,40.727474],[-73.981293,40.727797],[-73.981717,40.727797],[-73.981717,40.727474]]]}},{"type":"Feature","properties":{"lit":0.2139,"h":30.9},"geometry":{"type":"Polygon","coordinates":[[[-73.98047,40.726436],[-73.979934,40.726436],[-73.979934,40.726845],[-73.98047,40.726845],[-73.98047,40.726436]]]}},{"type":"Feature","properties":{"lit":0.2176,"h":12.1},"geometry":{"type":"Polygon","coordinates":[[[-73.979227,40.72838],[-73.97857,40.72838],[-73.97857,40.728881],[-73.979227,40.728881],[-73.979227,40.72838]]]}},{"type":"Feature","properties":{"lit":0.0501,"h":22.1},"geometry":{"type":"Polygon","coordinates":[[[-73.980598,40.729323],[-73.979806,40.729323],[-73.979806,40.729928],[-73.980598,40.729928],[-73.980598,40.729323]]]}},{"type":"Feature","properties":{"lit":0.0679,"h":21.4},"geometry":{"type":"Polygon","coordinates":[[[-74.001369,40.732371],[-74.000741,40.732371],[-74.000741,40.732851],[-74.001369,40.732851],[-74.001369,40.732371]]]}},{"type":"Feature","properties":{"lit":0.2634,"h":33.3},"geometry":{"type":"Polygon","coordinates":[[[-73.977889,40.728406],[-73.977301,40.728406],[-73.977301,40.728855],[-73.977889,40.728855],[-73.977889,40.728406]]]}},{"type":"Feature","properties":{"lit":0.6644,"h":4.1},"geometry":{"type":"Polygon","coordinates":[[[-73.9777,40.729546],[-73.97749,40.729546],[-73.97749,40.729706],[-73.9777,40.729706],[-73.9777,40.729546]]]}},{"type":"Feature","properties":{"lit":0.2319,"h":17.7},"geometry":{"type":"Polygon","coordinates":[[[-73.979133,40.726461],[-73.978663,40.726461],[-73.978663,40.72682],[-73.979133,40.72682],[-73.979133,40.726461]]]}},{"type":"Feature","properties":{"lit":0.043,"h":19.0},"geometry":{"type":"Polygon","coordinates":[[[-73.980485,40.725429],[-73.979918,40.725429],[-73.979918,40.725862],[-73.980485,40.725862],[-73.980485,40.725429]]]}},{"type":"Feature","properties":{"lit":0.0555,"h":19.1},"geometry":{"type":"Polygon","coordinates":[[[-73.980431,40.724475],[-73.979972,40.724475],[-73.979972,40.724825],[-73.980431,40.724825],[-73.980431,40.724475]]]}},{"type":"Feature","properties":{"lit":0.041,"h":51.6},"geometry":{"type":"Polygon","coordinates":[[[-73.987077,40.734328],[-73.98636,40.734328],[-73.98636,40.734875],[-73.987077,40.734875],[-73.987077,40.734328]]]}},{"type":"Feature","properties":{"lit":0.0411,"h":34.0},"geometry":{"type":"Polygon","coordinates":[[[-73.985725,40.734365],[-73.985105,40.734365],[-73.985105,40.734838],[-73.985725,40.734838],[-73.985725,40.734365]]]}},{"type":"Feature","properties":{"lit":0.025,"h":57.6},"geometry":{"type":"Polygon","coordinates":[[[-73.985826,40.735283],[-73.985005,40.735283],[-73.985005,40.73591],[-73.985826,40.73591],[-73.985826,40.735283]]]}},{"type":"Feature","properties":{"lit":0.0544,"h":4.1},"geometry":{"type":"Polygon","coordinates":[[[-73.986781,40.735548],[-73.986656,40.735548],[-73.986656,40.735644],[-73.986781,40.735644],[-73.986781,40.735548]]]}},{"type":"Feature","properties":{"lit":0.0582,"h":26.2},"geometry":{"type":"Polygon","coordinates":[[[-73.985606,40.737441],[-73.985224,40.737441],[-73.985224,40.737733],[-73.985606,40.737733],[-73.985606,40.737441]]]}},{"type":"Feature","properties":{"lit":0.0296,"h":17.0},"geometry":{"type":"Polygon","coordinates":[[[-73.985599,40.736451],[-73.985231,40.736451],[-73.985231,40.736732],[-73.985599,40.736732],[-73.985599,40.736451]]]}},{"type":"Feature","properties":{"lit":0.0288,"h":43.7},"geometry":{"type":"Polygon","coordinates":[[[-73.98562,40.738425],[-73.98521,40.738425],[-73.98521,40.738738],[-73.98562,40.738738],[-73.98562,40.738425]]]}},{"type":"Feature","properties":{"lit":0.025,"h":54.3},"geometry":{"type":"Polygon","coordinates":[[[-73.984362,40.738391],[-73.983862,40.738391],[-73.983862,40.738773],[-73.984362,40.738773],[-73.984362,40.738391]]]}},{"type":"Feature","properties":{"lit":0.0567,"h":43.9},"geometry":{"type":"Polygon","coordinates":[[[-73.981894,40.73729],[-73.981117,40.73729],[-73.981117,40.737883],[-73.981894,40.737883],[-73.981894,40.73729]]]}},{"type":"Feature","properties":{"lit":0.067,"h":29.1},"geometry":{"type":"Polygon","coordinates":[[[-73.983285,40.738218],[-73.982332,40.738218],[-73.982332,40.738946],[-73.983285,40.738946],[-73.983285,40.738218]]]}},{"type":"Feature","properties":{"lit":0.0427,"h":17.1},"geometry":{"type":"Polygon","coordinates":[[[-73.982927,40.737496],[-73.98269,40.737496],[-73.98269,40.737677],[-73.982927,40.737677],[-73.982927,40.737496]]]}},{"type":"Feature","properties":{"lit":0.0419,"h":52.0},"geometry":{"type":"Polygon","coordinates":[[[-73.980542,40.737327],[-73.979861,40.737327],[-73.979861,40.737846],[-73.980542,40.737846],[-73.980542,40.737327]]]}},{"type":"Feature","properties":{"lit":0.0366,"h":23.6},"geometry":{"type":"Polygon","coordinates":[[[-73.980549,40.736326],[-73.979854,40.736326],[-73.979854,40.736857],[-73.980549,40.736857],[-73.980549,40.736326]]]}},{"type":"Feature","properties":{"lit":0.0332,"h":51.6},"geometry":{"type":"Polygon","coordinates":[[[-73.979245,40.736327],[-73.978551,40.736327],[-73.978551,40.736856],[-73.979245,40.736856],[-73.979245,40.736327]]]}},{"type":"Feature","properties":{"lit":0.0282,"h":43.1},"geometry":{"type":"Polygon","coordinates":[[[-73.981806,40.736362],[-73.981204,40.736362],[-73.981204,40.736821],[-73.981806,40.736821],[-73.981806,40.736362]]]}},{"type":"Feature","properties":{"lit":0.0339,"h":10.0},"geometry":{"type":"Polygon","coordinates":[[[-73.981844,40.738323],[-73.981166,40.738323],[-73.981166,40.738841],[-73.981844,40.738841],[-73.981844,40.738323]]]}},{"type":"Feature","properties":{"lit":0.057,"h":9.0},"geometry":{"type":"Polygon","coordinates":[[[-73.983246,40.740238],[-73.982371,40.740238],[-73.982371,40.740906],[-73.983246,40.740906],[-73.983246,40.740238]]]}},{"type":"Feature","properties":{"lit":0.0389,"h":29.8},"geometry":{"type":"Polygon","coordinates":[[[-73.981827,40.73137],[-73.981183,40.73137],[-73.981183,40.731862],[-73.981827,40.731862],[-73.981827,40.73137]]]}},{"type":"Feature","properties":{"lit":0.0208,"h":6.4},"geometry":{"type":"Polygon","coordinates":[[[-73.926816,40.803225],[-73.926712,40.803225],[-73.926712,40.803304],[-73.926816,40.803304],[-73.926816,40.803225]]]}},{"type":"Feature","properties":{"lit":0.0783,"h":4.0},"geometry":{"type":"Polygon","coordinates":[[[-73.92683,40.804209],[-73.926699,40.804209],[-73.926699,40.804309],[-73.92683,40.804309],[-73.92683,40.804209]]]}},{"type":"Feature","properties":{"lit":0.0342,"h":36.7},"geometry":{"type":"Polygon","coordinates":[[[-73.925641,40.806112],[-73.925281,40.806112],[-73.925281,40.806387],[-73.925641,40.806387],[-73.925641,40.806112]]]}},{"type":"Feature","properties":{"lit":0.0709,"h":9.0},"geometry":{"type":"Polygon","coordinates":[[[-73.925489,40.805233],[-73.925433,40.805233],[-73.925433,40.805276],[-73.925489,40.805276],[-73.925489,40.805233]]]}},{"type":"Feature","properties":{"lit":0.0265,"h":19.8},"geometry":{"type":"Polygon","coordinates":[[[-73.92956,40.863822],[-73.929182,40.863822],[-73.929182,40.86411],[-73.92956,40.86411],[-73.92956,40.863822]]]}},{"type":"Feature","properties":{"lit":0.0388,"h":12.7},"geometry":{"type":"Polygon","coordinates":[[[-73.928308,40.863782],[-73.927827,40.863782],[-73.927827,40.86415],[-73.928308,40.86415],[-73.928308,40.863782]]]}},{"type":"Feature","properties":{"lit":0.0346,"h":14.8},"geometry":{"type":"Polygon","coordinates":[[[-73.92833,40.864761],[-73.927805,40.864761],[-73.927805,40.865162],[-73.92833,40.865162],[-73.92833,40.864761]]]}},{"type":"Feature","properties":{"lit":0.0347,"h":6.3},"geometry":{"type":"Polygon","coordinates":[[[-73.925733,40.863759],[-73.925189,40.863759],[-73.925189,40.864174],[-73.925733,40.864174],[-73.925733,40.863759]]]}},{"type":"Feature","properties":{"lit":0.0423,"h":7.6},"geometry":{"type":"Polygon","coordinates":[[[-73.927082,40.864719],[-73.926447,40.864719],[-73.926447,40.865204],[-73.927082,40.865204],[-73.927082,40.864719]]]}},{"type":"Feature","properties":{"lit":0.0315,"h":12.5},"geometry":{"type":"Polygon","coordinates":[[[-73.924373,40.865792],[-73.923942,40.865792],[-73.923942,40.866121],[-73.924373,40.866121],[-73.924373,40.865792]]]}},{"type":"Feature","properties":{"lit":0.2297,"h":18.3},"geometry":{"type":"Polygon","coordinates":[[[-73.927088,40.866704],[-73.92644,40.866704],[-73.92644,40.867199],[-73.927088,40.867199],[-73.927088,40.866704]]]}},{"type":"Feature","properties":{"lit":0.0372,"h":7.6},"geometry":{"type":"Polygon","coordinates":[[[-73.928197,40.866853],[-73.927938,40.866853],[-73.927938,40.86705],[-73.928197,40.86705],[-73.928197,40.866853]]]}},{"type":"Feature","properties":{"lit":0.3356,"h":16.1},"geometry":{"type":"Polygon","coordinates":[[[-73.927088,40.8677],[-73.926441,40.8677],[-73.926441,40.868194],[-73.927088,40.868194],[-73.927088,40.8677]]]}},{"type":"Feature","properties":{"lit":0.1112,"h":19.2},"geometry":{"type":"Polygon","coordinates":[[[-73.925759,40.866724],[-73.925163,40.866724],[-73.925163,40.867179],[-73.925759,40.867179],[-73.925759,40.866724]]]}},{"type":"Feature","properties":{"lit":0.0739,"h":19.8},"geometry":{"type":"Polygon","coordinates":[[[-73.925777,40.867705],[-73.925145,40.867705],[-73.925145,40.868188],[-73.925777,40.868188],[-73.925777,40.867705]]]}},{"type":"Feature","properties":{"lit":0.038,"h":8.8},"geometry":{"type":"Polygon","coordinates":[[[-73.929668,40.809008],[-73.929074,40.809008],[-73.929074,40.809462],[-73.929668,40.809462],[-73.929668,40.809008]]]}},{"type":"Feature","properties":{"lit":0.0201,"h":9.9},"geometry":{"type":"Polygon","coordinates":[[[-73.928202,40.809132],[-73.927933,40.809132],[-73.927933,40.809337],[-73.928202,40.809337],[-73.928202,40.809132]]]}},{"type":"Feature","properties":{"lit":0.0253,"h":8.5},"geometry":{"type":"Polygon","coordinates":[[[-73.930938,40.81998],[-73.93041,40.81998],[-73.93041,40.820383],[-73.930938,40.820383],[-73.930938,40.81998]]]}}]}