{"type":"FeatureCollection","features":[{"type":"Feature","properties":{"lit":0.0356},"geometry":{"type":"LineString","coordinates":[[-73.950051,40.678984],[-73.949811,40.678972]]}},{"type":"Feature","properties":{"lit":0.0427},"geometry":{"type":"LineString","coordinates":[[-73.949811,40.678972],[-73.949753,40.678969]]}},{"type":"Feature","properties":{"lit":0.0445},"geometry":{"type":"LineString","coordinates":[[-73.949753,40.678969],[-73.949647,40.678963]]}},{"type":"Feature","properties":{"lit":0.0359},"geometry":{"type":"LineString","coordinates":[[-73.988591,40.660265],[-73.988358,40.660126]]}},{"type":"Feature","properties":{"lit":0.1197},"geometry":{"type":"LineString","coordinates":[[-73.988358,40.660126],[-73.988126,40.659987]]}},{"type":"Feature","properties":{"lit":0.2673},"geometry":{"type":"LineString","coordinates":[[-73.988126,40.659987],[-73.987944,40.659878]]}},{"type":"Feature","properties":{"lit":0.3963},"geometry":{"type":"LineString","coordinates":[[-73.987944,40.659878],[-73.98784,40.659816]]}},{"type":"Feature","properties":{"lit":0.0344},"geometry":{"type":"LineString","coordinates":[[-73.970566,40.674164],[-73.970575,40.674076]]}},{"type":"Feature","properties":{"lit":0.035},"geometry":{"type":"LineString","coordinates":[[-73.970575,40.674076],[-73.970575,40.674008]]}},{"type":"Feature","properties":{"lit":0.0358},"geometry":{"type":"LineString","coordinates":[[-73.970575,40.674008],[-73.970559,40.673877]]}},{"type":"Feature","properties":{"lit":0.0373},"geometry":{"type":"LineString","coordinates":[[-73.970559,40.673877],[-73.970526,40.673728]]}},{"type":"Feature","properties":{"lit":0.0394},"geometry":{"type":"LineString","coordinates":[[-73.970526,40.673728],[-73.970499,40.673645]]}},{"type":"Feature","properties":{"lit":0.0413},"geometry":{"type":"LineString","coordinates":[[-73.970499,40.673645],[-73.97046,40.673409]]}},{"type":"Feature","properties":{"lit":0.1092},"geometry":{"type":"LineString","coordinates":[[-73.968878,40.672995],[-73.969026,40.673007]]}},{"type":"Feature","properties":{"lit":0.102},"geometry":{"type":"LineString","coordinates":[[-73.969026,40.673007],[-73.969077,40.673016]]}},{"type":"Feature","properties":{"lit":0.0969},"geometry":{"type":"LineString","coordinates":[[-73.969077,40.673016],[-73.969189,40.673033]]}},{"type":"Feature","properties":{"lit":0.0914},"geometry":{"type":"LineString","coordinates":[[-73.969189,40.673033],[-73.969326,40.67306]]}},{"type":"Feature","properties":{"lit":0.0901},"geometry":{"type":"LineString","coordinates":[[-73.969326,40.67306],[-73.969429,40.673092]]}},{"type":"Feature","properties":{"lit":0.0601},"geometry":{"type":"LineString","coordinates":[[-73.980053,40.660776],[-73.980119,40.660697]]}},{"type":"Feature","properties":{"lit":0.0342},"geometry":{"type":"LineString","coordinates":[[-73.980119,40.660697],[-73.980327,40.660449]]}},{"type":"Feature","properties":{"lit":0.0374},"geometry":{"type":"LineString","coordinates":[[-73.981785,40.658746],[-73.982002,40.658536]]}},{"type":"Feature","properties":{"lit":0.0593},"geometry":{"type":"LineString","coordinates":[[-73.982002,40.658536],[-73.982218,40.658326]]}},{"type":"Feature","properties":{"lit":0.0537},"geometry":{"type":"LineString","coordinates":[[-73.982218,40.658326],[-73.982275,40.658271]]}},{"type":"Feature","properties":{"lit":0.0475},"geometry":{"type":"LineString","coordinates":[[-73.982275,40.658271],[-73.982327,40.658221]]}},{"type":"Feature","properties":{"lit":0.0327},"geometry":{"type":"LineString","coordinates":[[-73.982327,40.658221],[-73.982485,40.658067]]}},{"type":"Feature","properties":{"lit":0.0276},"geometry":{"type":"LineString","coordinates":[[-73.970423,40.672646],[-73.970441,40.67257]]}},{"type":"Feature","properties":{"lit":0.025},"geometry":{"type":"LineString","coordinates":[[-73.970441,40.67257],[-73.970477,40.672465]]}},{"type":"Feature","properties":{"lit":0.0511},"geometry":{"type":"LineString","coordinates":[[-73.979311,40.661087],[-73.979005,40.66113]]}},{"type":"Feature","properties":{"lit":0.0206},"geometry":{"type":"LineString","coordinates":[[-73.979005,40.66113],[-73.978754,40.66116]]}},{"type":"Feature","properties":{"lit":0.0471},"geometry":{"type":"LineString","coordinates":[[-73.973051,40.677997],[-73.973128,40.677888]]}},{"type":"Feature","properties":{"lit":0.051},"geometry":{"type":"LineString","coordinates":[[-73.973128,40.677888],[-73.973215,40.677764]]}},{"type":"Feature","properties":{"lit":0.0481},"geometry":{"type":"LineString","coordinates":[[-73.973215,40.677764],[-73.973251,40.677714]]}},{"type":"Feature","properties":{"lit":0.1235},"geometry":{"type":"LineString","coordinates":[[-73.986682,40.66093],[-73.986587,40.660873]]}},{"type":"Feature","properties":{"lit":0.0946},"geometry":{"type":"LineString","coordinates":[[-73.986587,40.660873],[-73.986386,40.660751]]}},{"type":"Feature","properties":{"lit":0.0462},"geometry":{"type":"LineString","coordinates":[[-73.986386,40.660751],[-73.986184,40.660629]]}},{"type":"Feature","properties":{"lit":0.033},"geometry":{"type":"LineString","coordinates":[[-73.982749,40.658556],[-73.982557,40.65844]]}},{"type":"Feature","properties":{"lit":0.049},"geometry":{"type":"LineString","coordinates":[[-73.982557,40.65844],[-73.982365,40.658324]]}},{"type":"Feature","properties":{"lit":0.0518},"geometry":{"type":"LineString","coordinates":[[-73.982365,40.658324],[-73.982275,40.658271]]}},{"type":"Feature","properties":{"lit":0.0486},"geometry":{"type":"LineString","coordinates":[[-73.982275,40.658271],[-73.982195,40.658222]]}},{"type":"Feature","properties":{"lit":0.0374},"geometry":{"type":"LineString","coordinates":[[-73.982195,40.658222],[-73.981996,40.658101]]}},{"type":"Feature","properties":{"lit":0.0882},"geometry":{"type":"LineString","coordinates":[[-73.969216,40.672795],[-73.969264,40.672861]]}},{"type":"Feature","properties":{"lit":0.091},"geometry":{"type":"LineString","coordinates":[[-73.969264,40.672861],[-73.969278,40.67288]]}},{"type":"Feature","properties":{"lit":0.0934},"geometry":{"type":"LineString","coordinates":[[-73.969278,40.67288],[-73.969429,40.673092]]}},{"type":"Feature","properties":{"lit":0.1175},"geometry":{"type":"LineString","coordinates":[[-73.921667,40.678871],[-73.921653,40.67878]]}},{"type":"Feature","properties":{"lit":0.1043},"geometry":{"type":"LineString","coordinates":[[-73.921653,40.67878],[-73.92167,40.678591]]}},{"type":"Feature","properties":{"lit":0.0632},"geometry":{"type":"LineString","coordinates":[[-73.92167,40.678591],[-73.921686,40.678402]]}},{"type":"Feature","properties":{"lit":0.0246},"geometry":{"type":"LineString","coordinates":[[-73.921686,40.678402],[-73.921705,40.678191]]}},{"type":"Feature","properties":{"lit":0.3767},"geometry":{"type":"LineString","coordinates":[[-73.954368,40.680075],[-73.954355,40.680016]]}},{"type":"Feature","properties":{"lit":0.3735},"geometry":{"type":"LineString","coordinates":[[-73.954355,40.680016],[-73.954345,40.679967]]}},{"type":"Feature","properties":{"lit":0.29},"geometry":{"type":"LineString","coordinates":[[-73.954345,40.679967],[-73.95427,40.679618]]}},{"type":"Feature","properties":{"lit":0.1261},"geometry":{"type":"LineString","coordinates":[[-73.95427,40.679618],[-73.95423,40.679403]]}},{"type":"Feature","properties":{"lit":0.0729},"geometry":{"type":"LineString","coordinates":[[-73.95423,40.679403],[-73.95419,40.679188]]}},{"type":"Feature","properties":{"lit":0.0627},"geometry":{"type":"LineString","coordinates":[[-73.95419,40.679188],[-73.954181,40.679134]]}},{"type":"Feature","properties":{"lit":0.0631},"geometry":{"type":"LineString","coordinates":[[-73.954181,40.679134],[-73.954165,40.679037]]}},{"type":"Feature","properties":{"lit":0.0249},"geometry":{"type":"LineString","coordinates":[[-73.970866,40.671875],[-73.970972,40.671917]]}},{"type":"Feature","properties":{"lit":0.0205},"geometry":{"type":"LineString","coordinates":[[-73.970972,40.671917],[-73.971183,40.672]]}},{"type":"Feature","properties":{"lit":0.0456},"geometry":{"type":"LineString","coordinates":[[-73.961029,40.672244],[-73.961115,40.672263]]}},{"type":"Feature","properties":{"lit":0.0371},"geometry":{"type":"LineString","coordinates":[[-73.961115,40.672263],[-73.961368,40.672315]]}},{"type":"Feature","properties":{"lit":0.0304},"geometry":{"type":"LineString","coordinates":[[-73.962788,40.672773],[-73.962926,40.672802]]}},{"type":"Feature","properties":{"lit":0.0359},"geometry":{"type":"LineString","coordinates":[[-73.962926,40.672802],[-73.963159,40.672851]]}},{"type":"Feature","properties":{"lit":0.0421},"geometry":{"type":"LineString","coordinates":[[-73.963159,40.672851],[-73.963391,40.672899]]}},{"type":"Feature","properties":{"lit":0.0385},"geometry":{"type":"LineString","coordinates":[[-73.963391,40.672899],[-73.963624,40.672948]]}},{"type":"Feature","properties":{"lit":0.0255},"geometry":{"type":"LineString","coordinates":[[-73.963624,40.672948],[-73.963856,40.672997]]}},{"type":"Feature","properties":{"lit":0.0234},"geometry":{"type":"LineString","coordinates":[[-73.966646,40.673581],[-73.966879,40.673629]]}},{"type":"Feature","properties":{"lit":0.0415},"geometry":{"type":"LineString","coordinates":[[-73.966879,40.673629],[-73.967111,40.673678]]}},{"type":"Feature","properties":{"lit":0.0507},"geometry":{"type":"LineString","coordinates":[[-73.967111,40.673678],[-73.967191,40.673694]]}},{"type":"Feature","properties":{"lit":0.0242},"geometry":{"type":"LineString","coordinates":[[-73.952733,40.675671],[-73.952714,40.675924]]}},{"type":"Feature","properties":{"lit":0.0557},"geometry":{"type":"LineString","coordinates":[[-73.952714,40.675924],[-73.952695,40.676176]]}},{"type":"Feature","properties":{"lit":0.0781},"geometry":{"type":"LineString","coordinates":[[-73.952695,40.676176],[-73.95269,40.676237]]}},{"type":"Feature","properties":{"lit":0.0835},"geometry":{"type":"LineString","coordinates":[[-73.976352,40.665214],[-73.976439,40.665256]]}},{"type":"Feature","properties":{"lit":0.0653},"geometry":{"type":"LineString","coordinates":[[-73.976439,40.665256],[-73.976658,40.665362]]}},{"type":"Feature","properties":{"lit":0.0329},"geometry":{"type":"LineString","coordinates":[[-73.976658,40.665362],[-73.976878,40.665469]]}},{"type":"Feature","properties":{"lit":0.0301},"geometry":{"type":"LineString","coordinates":[[-73.971935,40.675595],[-73.971703,40.675503]]}},{"type":"Feature","properties":{"lit":0.0358},"geometry":{"type":"LineString","coordinates":[[-73.971703,40.675503],[-73.971632,40.675476]]}},{"type":"Feature","properties":{"lit":0.0389},"geometry":{"type":"LineString","coordinates":[[-73.971632,40.675476],[-73.971544,40.675441]]}},{"type":"Feature","properties":{"lit":0.0469},"geometry":{"type":"LineString","coordinates":[[-73.971544,40.675441],[-73.971272,40.675337]]}},{"type":"Feature","properties":{"lit":0.0608},"geometry":{"type":"LineString","coordinates":[[-73.971272,40.675337],[-73.971137,40.675286]]}},{"type":"Feature","properties":{"lit":0.0678},"geometry":{"type":"LineString","coordinates":[[-73.971137,40.675286],[-73.971046,40.675248]]}},{"type":"Feature","properties":{"lit":0.0297},"geometry":{"type":"LineString","coordinates":[[-73.967672,40.674238],[-73.96745,40.674308]]}},{"type":"Feature","properties":{"lit":0.0485},"geometry":{"type":"LineString","coordinates":[[-73.96745,40.674308],[-73.967228,40.674378]]}},{"type":"Feature","properties":{"lit":0.0646},"geometry":{"type":"LineString","coordinates":[[-73.967228,40.674378],[-73.967116,40.6744]]}},{"type":"Feature","properties":{"lit":0.0717},"geometry":{"type":"LineString","coordinates":[[-73.967116,40.6744],[-73.967056,40.674413]]}},{"type":"Feature","properties":{"lit":0.0769},"geometry":{"type":"LineString","coordinates":[[-73.967056,40.674413],[-73.96694,40.674412]]}},{"type":"Feature","properties":{"lit":0.0324},"geometry":{"type":"LineString","coordinates":[[-73.980132,40.661175],[-73.980202,40.661185]]}},{"type":"Feature","properties":{"lit":0.0248},"geometry":{"type":"LineString","coordinates":[[-73.980202,40.661185],[-73.980279,40.661198]]}},{"type":"Feature","properties":{"lit":0.1079},"geometry":{"type":"LineString","coordinates":[[-73.968984,40.672879],[-73.968954,40.672905]]}},{"type":"Feature","properties":{"lit":0.1118},"geometry":{"type":"LineString","coordinates":[[-73.968954,40.672905],[-73.968916,40.672941]]}},{"type":"Feature","properties":{"lit":0.115},"geometry":{"type":"LineString","coordinates":[[-73.968916,40.672941],[-73.968878,40.672995]]}},{"type":"Feature","properties":{"lit":0.0255},"geometry":{"type":"LineString","coordinates":[[-73.973555,40.677834],[-73.973343,40.677751]]}},{"type":"Feature","properties":{"lit":0.0416},"geometry":{"type":"LineString","coordinates":[[-73.973343,40.677751],[-73.973251,40.677714]]}},{"type":"Feature","properties":{"lit":0.0659},"geometry":{"type":"LineString","coordinates":[[-73.971046,40.675248],[-73.971134,40.675136]]}},{"type":"Feature","properties":{"lit":0.0554},"geometry":{"type":"LineString","coordinates":[[-73.971134,40.675136],[-73.971169,40.675073]]}},{"type":"Feature","properties":{"lit":0.0397},"geometry":{"type":"LineString","coordinates":[[-73.971169,40.675073],[-73.971263,40.674916]]}},{"type":"Feature","properties":{"lit":0.0408},"geometry":{"type":"LineString","coordinates":[[-73.960529,40.676872],[-73.960281,40.676818]]}},{"type":"Feature","properties":{"lit":0.1486},"geometry":{"type":"LineString","coordinates":[[-73.960281,40.676818],[-73.960032,40.676764]]}},{"type":"Feature","properties":{"lit":0.383},"geometry":{"type":"LineString","coordinates":[[-73.960032,40.676764],[-73.959784,40.67671]]}},{"type":"Feature","properties":{"lit":0.716},"geometry":{"type":"LineString","coordinates":[[-73.959784,40.67671],[-73.959535,40.676655]]}},{"type":"Feature","properties":{"lit":0.9179},"geometry":{"type":"LineString","coordinates":[[-73.959535,40.676655],[-73.959433,40.676633]]}},{"type":"Feature","properties":{"lit":0.0634},"geometry":{"type":"LineString","coordinates":[[-73.972453,40.677173],[-73.972417,40.677272]]}},{"type":"Feature","properties":{"lit":0.0695},"geometry":{"type":"LineString","coordinates":[[-73.972417,40.677272],[-73.972404,40.677305]]}},{"type":"Feature","properties":{"lit":0.0728},"geometry":{"type":"LineString","coordinates":[[-73.972404,40.677305],[-73.972366,40.677408]]}},{"type":"Feature","properties":{"lit":0.0726},"geometry":{"type":"LineString","coordinates":[[-73.972366,40.677408],[-73.972348,40.677457]]}},{"type":"Feature","properties":{"lit":0.6469},"geometry":{"type":"LineString","coordinates":[[-73.959892,40.673894],[-73.96026,40.673971]]}},{"type":"Feature","properties":{"lit":0.8885},"geometry":{"type":"LineString","coordinates":[[-73.96026,40.673971],[-73.960312,40.673982]]}},{"type":"Feature","properties":{"lit":0.9328},"geometry":{"type":"LineString","coordinates":[[-73.960312,40.673982],[-73.960393,40.673999]]}},{"type":"Feature","properties":{"lit":0.956},"geometry":{"type":"LineString","coordinates":[[-73.960393,40.673999],[-73.960489,40.674019]]}},{"type":"Feature","properties":{"lit":0.8806},"geometry":{"type":"LineString","coordinates":[[-73.960489,40.674019],[-73.960735,40.67407]]}},{"type":"Feature","properties":{"lit":0.5738},"geometry":{"type":"LineString","coordinates":[[-73.960735,40.67407],[-73.96098,40.674122]]}},{"type":"Feature","properties":{"lit":0.2602},"geometry":{"type":"LineString","coordinates":[[-73.96098,40.674122],[-73.961226,40.674173]]}},{"type":"Feature","properties":{"lit":0.0827},"geometry":{"type":"LineString","coordinates":[[-73.961226,40.674173],[-73.961471,40.674225]]}},{"type":"Feature","properties":{"lit":0.0259},"geometry":{"type":"LineString","coordinates":[[-73.961717,40.674276],[-73.961962,40.674327]]}},{"type":"Feature","properties":{"lit":0.047},"geometry":{"type":"LineString","coordinates":[[-73.961962,40.674327],[-73.962208,40.674379]]}},{"type":"Feature","properties":{"lit":0.0594},"geometry":{"type":"LineString","coordinates":[[-73.962208,40.674379],[-73.962454,40.67443]]}},{"type":"Feature","properties":{"lit":0.0518},"geometry":{"type":"LineString","coordinates":[[-73.962454,40.67443],[-73.962699,40.674481]]}},{"type":"Feature","properties":{"lit":0.0299},"geometry":{"type":"LineString","coordinates":[[-73.962699,40.674481],[-73.962945,40.674533]]}},{"type":"Feature","properties":{"lit":0.024},"geometry":{"type":"LineString","coordinates":[[-73.970508,40.672656],[-73.970423,40.672646]]}},{"type":"Feature","properties":{"lit":0.0234},"geometry":{"type":"LineString","coordinates":[[-73.946915,40.677496],[-73.946999,40.677501]]}},{"type":"Feature","properties":{"lit":0.0313},"geometry":{"type":"LineString","coordinates":[[-73.946999,40.677501],[-73.947098,40.677506]]}},{"type":"Feature","properties":{"lit":0.0481},"geometry":{"type":"LineString","coordinates":[[-73.947098,40.677506],[-73.947356,40.67752]]}},{"type":"Feature","properties":{"lit":0.0639},"geometry":{"type":"LineString","coordinates":[[-73.947356,40.67752],[-73.947614,40.677535]]}},{"type":"Feature","properties":{"lit":0.0569},"geometry":{"type":"LineString","coordinates":[[-73.947614,40.677535],[-73.947872,40.677549]]}},{"type":"Feature","properties":{"lit":0.0333},"geometry":{"type":"LineString","coordinates":[[-73.947872,40.677549],[-73.948129,40.677563]]}},{"type":"Feature","properties":{"lit":0.0351},"geometry":{"type":"LineString","coordinates":[[-73.94916,40.677619],[-73.949418,40.677633]]}},{"type":"Feature","properties":{"lit":0.0625},"geometry":{"type":"LineString","coordinates":[[-73.949418,40.677633],[-73.949676,40.677647]]}},{"type":"Feature","properties":{"lit":0.073},"geometry":{"type":"LineString","coordinates":[[-73.949676,40.677647],[-73.94977,40.677652]]}},{"type":"Feature","properties":{"lit":0.9772},"geometry":{"type":"LineString","coordinates":[[-73.959433,40.676633],[-73.959361,40.676618]]}},{"type":"Feature","properties":{"lit":0.9768},"geometry":{"type":"LineString","coordinates":[[-73.959361,40.676618],[-73.959037,40.67655]]}},{"type":"Feature","properties":{"lit":0.728},"geometry":{"type":"LineString","coordinates":[[-73.959037,40.67655],[-73.958788,40.676498]]}},{"type":"Feature","properties":{"lit":0.5091},"geometry":{"type":"LineString","coordinates":[[-73.958788,40.676498],[-73.95854,40.676446]]}},{"type":"Feature","properties":{"lit":0.3891},"geometry":{"type":"LineString","coordinates":[[-73.95854,40.676446],[-73.958231,40.676381]]}},{"type":"Feature","properties":{"lit":0.3106},"geometry":{"type":"LineString","coordinates":[[-73.958231,40.676381],[-73.957923,40.676316]]}},{"type":"Feature","properties":{"lit":0.2142},"geometry":{"type":"LineString","coordinates":[[-73.957923,40.676316],[-73.957501,40.676228]]}},{"type":"Feature","properties":{"lit":0.1634},"geometry":{"type":"LineString","coordinates":[[-73.957501,40.676228],[-73.957333,40.676193]]}},{"type":"Feature","properties":{"lit":0.1558},"geometry":{"type":"LineString","coordinates":[[-73.957333,40.676193],[-73.957311,40.676188]]}},{"type":"Feature","properties":{"lit":0.1128},"geometry":{"type":"LineString","coordinates":[[-73.98737,40.660267],[-73.987459,40.660181]]}},{"type":"Feature","properties":{"lit":0.0258},"geometry":{"type":"LineString","coordinates":[[-73.970402,40.673011],[-73.970433,40.672961]]}},{"type":"Feature","properties":{"lit":0.0231},"geometry":{"type":"LineString","coordinates":[[-73.970433,40.672961],[-73.970456,40.672934]]}},{"type":"Feature","properties":{"lit":0.0208},"geometry":{"type":"LineString","coordinates":[[-73.970456,40.672934],[-73.970488,40.672907]]}},{"type":"Feature","properties":{"lit":0.027},"geometry":{"type":"LineString","coordinates":[[-73.970402,40.673011],[-73.970399,40.672907]]}},{"type":"Feature","properties":{"lit":0.0274},"geometry":{"type":"LineString","coordinates":[[-73.970399,40.672907],[-73.970401,40.672826]]}},{"type":"Feature","properties":{"lit":0.0285},"geometry":{"type":"LineString","coordinates":[[-73.970401,40.672826],[-73.970406,40.672734]]}},{"type":"Feature","properties":{"lit":0.0292},"geometry":{"type":"LineString","coordinates":[[-73.970406,40.672734],[-73.970408,40.672701]]}},{"type":"Feature","properties":{"lit":0.0734},"geometry":{"type":"LineString","coordinates":[[-73.969653,40.672641],[-73.969464,40.672603]]}},{"type":"Feature","properties":{"lit":0.0632},"geometry":{"type":"LineString","coordinates":[[-73.969464,40.672603],[-73.96935,40.672584]]}},{"type":"Feature","properties":{"lit":0.0565},"geometry":{"type":"LineString","coordinates":[[-73.96935,40.672584],[-73.969274,40.672562]]}},{"type":"Feature","properties":{"lit":0.0529},"geometry":{"type":"LineString","coordinates":[[-73.969274,40.672562],[-73.969233,40.672548]]}},{"type":"Feature","properties":{"lit":0.0494},"geometry":{"type":"LineString","coordinates":[[-73.969233,40.672548],[-73.969183,40.672527]]}},{"type":"Feature","properties":{"lit":0.0413},"geometry":{"type":"LineString","coordinates":[[-73.969183,40.672527],[-73.969076,40.672449]]}},{"type":"Feature","properties":{"lit":0.0303},"geometry":{"type":"LineString","coordinates":[[-73.969076,40.672449],[-73.969016,40.672375]]}},{"type":"Feature","properties":{"lit":0.0325},"geometry":{"type":"LineString","coordinates":[[-73.969116,40.671085],[-73.969225,40.67112]]}},{"type":"Feature","properties":{"lit":0.0461},"geometry":{"type":"LineString","coordinates":[[-73.969225,40.67112],[-73.969335,40.671145]]}},{"type":"Feature","properties":{"lit":0.06},"geometry":{"type":"LineString","coordinates":[[-73.969335,40.671145],[-73.969441,40.671164]]}},{"type":"Feature","properties":{"lit":0.0738},"geometry":{"type":"LineString","coordinates":[[-73.969441,40.671164],[-73.969583,40.671177]]}},{"type":"Feature","properties":{"lit":0.0823},"geometry":{"type":"LineString","coordinates":[[-73.969583,40.671177],[-73.969707,40.671179]]}},{"type":"Feature","properties":{"lit":0.0824},"geometry":{"type":"LineString","coordinates":[[-73.969707,40.671179],[-73.969812,40.671173]]}},{"type":"Feature","properties":{"lit":0.0771},"geometry":{"type":"LineString","coordinates":[[-73.969812,40.671173],[-73.969901,40.671161]]}},{"type":"Feature","properties":{"lit":0.0724},"geometry":{"type":"LineString","coordinates":[[-73.969901,40.671161],[-73.969993,40.671143]]}},{"type":"Feature","properties":{"lit":0.0641},"geometry":{"type":"LineString","coordinates":[[-73.969993,40.671143],[-73.970065,40.671124]]}},{"type":"Feature","properties":{"lit":0.0572},"geometry":{"type":"LineString","coordinates":[[-73.970065,40.671124],[-73.970112,40.671111]]}},{"type":"Feature","properties":{"lit":0.0471},"geometry":{"type":"LineString","coordinates":[[-73.970112,40.671111],[-73.970243,40.671072]]}},{"type":"Feature","properties":{"lit":0.0325},"geometry":{"type":"LineString","coordinates":[[-73.970243,40.671072],[-73.970422,40.671005]]}},{"type":"Feature","properties":{"lit":0.4854},"geometry":{"type":"LineString","coordinates":[[-73.987593,40.659668],[-73.987463,40.659662]]}},{"type":"Feature","properties":{"lit":0.3398},"geometry":{"type":"LineString","coordinates":[[-73.987463,40.659662],[-73.987227,40.659553]]}},{"type":"Feature","properties":{"lit":0.1568},"geometry":{"type":"LineString","coordinates":[[-73.987227,40.659553],[-73.986991,40.659443]]}},{"type":"Feature","properties":{"lit":0.0452},"geometry":{"type":"LineString","coordinates":[[-73.986991,40.659443],[-73.986754,40.659334]]}},{"type":"Feature","properties":{"lit":0.0833},"geometry":{"type":"LineString","coordinates":[[-73.969653,40.672641],[-73.96962,40.672758]]}},{"type":"Feature","properties":{"lit":0.0794},"geometry":{"type":"LineString","coordinates":[[-73.970041,40.672641],[-73.969764,40.672641]]}},{"type":"Feature","properties":{"lit":0.0813},"geometry":{"type":"LineString","coordinates":[[-73.969764,40.672641],[-73.969653,40.672641]]}},{"type":"Feature","properties":{"lit":0.1144},"geometry":{"type":"LineString","coordinates":[[-73.968878,40.672995],[-73.968833,40.673065]]}},{"type":"Feature","properties":{"lit":0.1108},"geometry":{"type":"LineString","coordinates":[[-73.968833,40.673065],[-73.968825,40.6731]]}},{"type":"Feature","properties":{"lit":0.1056},"geometry":{"type":"LineString","coordinates":[[-73.968825,40.6731],[-73.968815,40.673143]]}},{"type":"Feature","properties":{"lit":0.0617},"geometry":{"type":"LineString","coordinates":[[-73.902602,40.678379],[-73.902798,40.678492]]}},{"type":"Feature","properties":{"lit":0.1461},"geometry":{"type":"LineString","coordinates":[[-73.902798,40.678492],[-73.902993,40.678605]]}},{"type":"Feature","properties":{"lit":0.2461},"geometry":{"type":"LineString","coordinates":[[-73.902993,40.678605],[-73.903188,40.678719]]}},{"type":"Feature","properties":{"lit":0.3191},"geometry":{"type":"LineString","coordinates":[[-73.903188,40.678719],[-73.903384,40.678832]]}},{"type":"Feature","properties":{"lit":0.3309},"geometry":{"type":"LineString","coordinates":[[-73.903384,40.678832],[-73.903579,40.678945]]}},{"type":"Feature","properties":{"lit":0.1366},"geometry":{"type":"LineString","coordinates":[[-73.964797,40.680349],[-73.964816,40.680281]]}},{"type":"Feature","properties":{"lit":0.1626},"geometry":{"type":"LineString","coordinates":[[-73.964816,40.680281],[-73.964929,40.679967]]}},{"type":"Feature","properties":{"lit":0.1665},"geometry":{"type":"LineString","coordinates":[[-73.964929,40.679967],[-73.965043,40.679653]]}},{"type":"Feature","properties":{"lit":0.1512},"geometry":{"type":"LineString","coordinates":[[-73.965043,40.679653],[-73.965067,40.679586]]}},{"type":"Feature","properties":{"lit":0.1393},"geometry":{"type":"LineString","coordinates":[[-73.965067,40.679586],[-73.965093,40.679514]]}},{"type":"Feature","properties":{"lit":0.0909},"geometry":{"type":"LineString","coordinates":[[-73.965093,40.679514],[-73.965206,40.679201]]}},{"type":"Feature","properties":{"lit":0.0482},"geometry":{"type":"LineString","coordinates":[[-73.965206,40.679201],[-73.965319,40.678888]]}},{"type":"Feature","properties":{"lit":0.0545},"geometry":{"type":"LineString","coordinates":[[-73.965319,40.678888],[-73.965346,40.678815]]}},{"type":"Feature","properties":{"lit":0.1242},"geometry":{"type":"LineString","coordinates":[[-73.987459,40.660181],[-73.987526,40.660266]]}},{"type":"Feature","properties":{"lit":0.109},"geometry":{"type":"LineString","coordinates":[[-73.987526,40.660266],[-73.98761,40.660394]]}},{"type":"Feature","properties":{"lit":0.0984},"geometry":{"type":"LineString","coordinates":[[-73.98761,40.660394],[-73.987656,40.660459]]}},{"type":"Feature","properties":{"lit":0.0723},"geometry":{"type":"LineString","coordinates":[[-73.987656,40.660459],[-73.987792,40.660653]]}},{"type":"Feature","properties":{"lit":0.0405},"geometry":{"type":"LineString","coordinates":[[-73.987792,40.660653],[-73.987878,40.660735]]}},{"type":"Feature","properties":{"lit":0.3428},"geometry":{"type":"LineString","coordinates":[[-73.988428,40.65925],[-73.988376,40.6593]]}},{"type":"Feature","properties":{"lit":0.5132},"geometry":{"type":"LineString","coordinates":[[-73.988376,40.6593],[-73.988216,40.659454]]}},{"type":"Feature","properties":{"lit":0.6796},"geometry":{"type":"LineString","coordinates":[[-73.988216,40.659454],[-73.988057,40.659607]]}},{"type":"Feature","properties":{"lit":0.6173},"geometry":{"type":"LineString","coordinates":[[-73.988057,40.659607],[-73.987897,40.659761]]}},{"type":"Feature","properties":{"lit":0.4806},"geometry":{"type":"LineString","coordinates":[[-73.987897,40.659761],[-73.98784,40.659816]]}},{"type":"Feature","properties":{"lit":0.2617},"geometry":{"type":"LineString","coordinates":[[-73.988428,40.65925],[-73.988482,40.659198]]}},{"type":"Feature","properties":{"lit":0.125},"geometry":{"type":"LineString","coordinates":[[-73.988482,40.659198],[-73.988659,40.659028]]}},{"type":"Feature","properties":{"lit":0.0266},"geometry":{"type":"LineString","coordinates":[[-73.988659,40.659028],[-73.988837,40.658859]]}},{"type":"Feature","properties":{"lit":0.0452},"geometry":{"type":"LineString","coordinates":[[-73.969568,40.6735],[-73.969561,40.673785]]}},{"type":"Feature","properties":{"lit":0.0368},"geometry":{"type":"LineString","coordinates":[[-73.969561,40.673785],[-73.969583,40.67395]]}},{"type":"Feature","properties":{"lit":0.0359},"geometry":{"type":"LineString","coordinates":[[-73.969583,40.67395],[-73.969615,40.674106]]}},{"type":"Feature","properties":{"lit":0.0359},"geometry":{"type":"LineString","coordinates":[[-73.969615,40.674106],[-73.969639,40.674183]]}},{"type":"Feature","properties":{"lit":0.0325},"geometry":{"type":"LineString","coordinates":[[-73.969639,40.674183],[-73.969646,40.674359]]}},{"type":"Feature","properties":{"lit":0.0265},"geometry":{"type":"LineString","coordinates":[[-73.969646,40.674359],[-73.969694,40.674462]]}},{"type":"Feature","properties":{"lit":0.0265},"geometry":{"type":"LineString","coordinates":[[-73.969694,40.674462],[-73.969818,40.67464]]}},{"type":"Feature","properties":{"lit":0.0298},"geometry":{"type":"LineString","coordinates":[[-73.969818,40.67464],[-73.969833,40.674686]]}},{"type":"Feature","properties":{"lit":0.0313},"geometry":{"type":"LineString","coordinates":[[-73.969833,40.674686],[-73.969836,40.674736]]}},{"type":"Feature","properties":{"lit":0.0345},"geometry":{"type":"LineString","coordinates":[[-73.969836,40.674736],[-73.96979,40.674967]]}},{"type":"Feature","properties":{"lit":0.038},"geometry":{"type":"LineString","coordinates":[[-73.96979,40.674967],[-73.969802,40.675076]]}},{"type":"Feature","properties":{"lit":0.0201},"geometry":{"type":"LineString","coordinates":[[-73.968982,40.671041],[-73.969113,40.671106]]}},{"type":"Feature","properties":{"lit":0.0338},"geometry":{"type":"LineString","coordinates":[[-73.969113,40.671106],[-73.969232,40.671178]]}},{"type":"Feature","properties":{"lit":0.0465},"geometry":{"type":"LineString","coordinates":[[-73.969232,40.671178],[-73.969301,40.671228]]}},{"type":"Feature","properties":{"lit":0.0585},"geometry":{"type":"LineString","coordinates":[[-73.969301,40.671228],[-73.969401,40.671313]]}},{"type":"Feature","properties":{"lit":0.0695},"geometry":{"type":"LineString","coordinates":[[-73.969401,40.671313],[-73.969472,40.671391]]}},{"type":"Feature","properties":{"lit":0.0754},"geometry":{"type":"LineString","coordinates":[[-73.969472,40.671391],[-73.969539,40.671492]]}},{"type":"Feature","properties":{"lit":0.0756},"geometry":{"type":"LineString","coordinates":[[-73.969539,40.671492],[-73.969567,40.671567]]}},{"type":"Feature","properties":{"lit":0.0673},"geometry":{"type":"LineString","coordinates":[[-73.969567,40.671567],[-73.969604,40.671767]]}},{"type":"Feature","properties":{"lit":0.0462},"geometry":{"type":"LineString","coordinates":[[-73.969604,40.671767],[-73.969636,40.671989]]}},{"type":"Feature","properties":{"lit":0.035},"geometry":{"type":"LineString","coordinates":[[-73.969636,40.671989],[-73.969667,40.672156]]}},{"type":"Feature","properties":{"lit":0.0388},"geometry":{"type":"LineString","coordinates":[[-73.969667,40.672156],[-73.969675,40.672213]]}},{"type":"Feature","properties":{"lit":0.0359},"geometry":{"type":"LineString","coordinates":[[-73.969639,40.674183],[-73.969719,40.674354]]}},{"type":"Feature","properties":{"lit":0.0343},"geometry":{"type":"LineString","coordinates":[[-73.969719,40.674354],[-73.969768,40.674412]]}},{"type":"Feature","properties":{"lit":0.0337},"geometry":{"type":"LineString","coordinates":[[-73.969768,40.674412],[-73.969803,40.674444]]}},{"type":"Feature","properties":{"lit":0.0346},"geometry":{"type":"LineString","coordinates":[[-73.969803,40.674444],[-73.969854,40.674481]]}},{"type":"Feature","properties":{"lit":0.036},"geometry":{"type":"LineString","coordinates":[[-73.969854,40.674481],[-73.969917,40.674519]]}},{"type":"Feature","properties":{"lit":0.0382},"geometry":{"type":"LineString","coordinates":[[-73.969917,40.674519],[-73.970012,40.674561]]}},{"type":"Feature","properties":{"lit":0.0419},"geometry":{"type":"LineString","coordinates":[[-73.970012,40.674561],[-73.970167,40.674624]]}},{"type":"Feature","properties":{"lit":0.0444},"geometry":{"type":"LineString","coordinates":[[-73.970167,40.674624],[-73.970263,40.674664]]}},{"type":"Feature","properties":{"lit":0.0453},"geometry":{"type":"LineString","coordinates":[[-73.969802,40.675076],[-73.969941,40.674937]]}},{"type":"Feature","properties":{"lit":0.0527},"geometry":{"type":"LineString","coordinates":[[-73.969941,40.674937],[-73.970073,40.674823]]}},{"type":"Feature","properties":{"lit":0.0253},"geometry":{"type":"LineString","coordinates":[[-73.970422,40.671005],[-73.970464,40.670973]]}},{"type":"Feature","properties":{"lit":0.0231},"geometry":{"type":"LineString","coordinates":[[-73.970464,40.670973],[-73.970546,40.670896]]}},{"type":"Feature","properties":{"lit":0.0218},"geometry":{"type":"LineString","coordinates":[[-73.970546,40.670896],[-73.970647,40.670779]]}},{"type":"Feature","properties":{"lit":0.0224},"geometry":{"type":"LineString","coordinates":[[-73.970647,40.670779],[-73.970706,40.670712]]}},{"type":"Feature","properties":{"lit":0.0233},"geometry":{"type":"LineString","coordinates":[[-73.970706,40.670712],[-73.970781,40.6706]]}},{"type":"Feature","properties":{"lit":0.0229},"geometry":{"type":"LineString","coordinates":[[-73.970781,40.6706],[-73.970818,40.670544]]}},{"type":"Feature","properties":{"lit":0.0217},"geometry":{"type":"LineString","coordinates":[[-73.970818,40.670544],[-73.970927,40.670373]]}},{"type":"Feature","properties":{"lit":0.0202},"geometry":{"type":"LineString","coordinates":[[-73.972339,40.666064],[-73.97242,40.665934]]}},{"type":"Feature","properties":{"lit":0.025},"geometry":{"type":"LineString","coordinates":[[-73.97242,40.665934],[-73.972448,40.665896]]}},{"type":"Feature","properties":{"lit":0.03},"geometry":{"type":"LineString","coordinates":[[-73.972448,40.665896],[-73.972521,40.665802]]}},{"type":"Feature","properties":{"lit":0.0409},"geometry":{"type":"LineString","coordinates":[[-73.972521,40.665802],[-73.972651,40.665673]]}},{"type":"Feature","properties":{"lit":0.0544},"geometry":{"type":"LineString","coordinates":[[-73.972651,40.665673],[-73.972763,40.665582]]}},{"type":"Feature","properties":{"lit":0.062},"geometry":{"type":"LineString","coordinates":[[-73.972763,40.665582],[-73.97292,40.665455]]}},{"type":"Feature","properties":{"lit":0.0519},"geometry":{"type":"LineString","coordinates":[[-73.97292,40.665455],[-73.973125,40.665264]]}},{"type":"Feature","properties":{"lit":0.0296},"geometry":{"type":"LineString","coordinates":[[-73.973125,40.665264],[-73.973246,40.665138]]}},{"type":"Feature","properties":{"lit":0.0329},"geometry":{"type":"LineString","coordinates":[[-73.973982,40.664082],[-73.974136,40.663924]]}},{"type":"Feature","properties":{"lit":0.0359},"geometry":{"type":"LineString","coordinates":[[-73.974136,40.663924],[-73.974286,40.663784]]}},{"type":"Feature","properties":{"lit":0.0275},"geometry":{"type":"LineString","coordinates":[[-73.974286,40.663784],[-73.974468,40.663631]]}},{"type":"Feature","properties":{"lit":0.0243},"geometry":{"type":"LineString","coordinates":[[-73.974956,40.663291],[-73.975182,40.663162]]}},{"type":"Feature","properties":{"lit":0.0345},"geometry":{"type":"LineString","coordinates":[[-73.975182,40.663162],[-73.975421,40.663034]]}},{"type":"Feature","properties":{"lit":0.0376},"geometry":{"type":"LineString","coordinates":[[-73.975421,40.663034],[-73.975649,40.66294]]}},{"type":"Feature","properties":{"lit":0.0323},"geometry":{"type":"LineString","coordinates":[[-73.975649,40.66294],[-73.975925,40.662821]]}},{"type":"Feature","properties":{"lit":0.0278},"geometry":{"type":"LineString","coordinates":[[-73.975925,40.662821],[-73.976037,40.662774]]}},{"type":"Feature","properties":{"lit":0.0268},"geometry":{"type":"LineString","coordinates":[[-73.976037,40.662774],[-73.976242,40.662674]]}},{"type":"Feature","properties":{"lit":0.0287},"geometry":{"type":"LineString","coordinates":[[-73.976242,40.662674],[-73.976448,40.662574]]}},{"type":"Feature","properties":{"lit":0.0279},"geometry":{"type":"LineString","coordinates":[[-73.976448,40.662574],[-73.976618,40.662484]]}},{"type":"Feature","properties":{"lit":0.0226},"geometry":{"type":"LineString","coordinates":[[-73.976618,40.662484],[-73.976787,40.662383]]}},{"type":"Feature","properties":{"lit":0.0253},"geometry":{"type":"LineString","coordinates":[[-73.977345,40.661888],[-73.97744,40.661761]]}},{"type":"Feature","properties":{"lit":0.0415},"geometry":{"type":"LineString","coordinates":[[-73.97744,40.661761],[-73.977507,40.66162]]}},{"type":"Feature","properties":{"lit":0.0551},"geometry":{"type":"LineString","coordinates":[[-73.977507,40.66162],[-73.977564,40.661478]]}},{"type":"Feature","properties":{"lit":0.059},"geometry":{"type":"LineString","coordinates":[[-73.977564,40.661478],[-73.977577,40.661409]]}},{"type":"Feature","properties":{"lit":0.058},"geometry":{"type":"LineString","coordinates":[[-73.977577,40.661409],[-73.977584,40.661335]]}},{"type":"Feature","properties":{"lit":0.0522},"geometry":{"type":"LineString","coordinates":[[-73.977584,40.661335],[-73.977581,40.661206]]}},{"type":"Feature","properties":{"lit":0.0383},"geometry":{"type":"LineString","coordinates":[[-73.977581,40.661206],[-73.97756,40.661059]]}},{"type":"Feature","properties":{"lit":0.0473},"geometry":{"type":"LineString","coordinates":[[-73.97083,40.674927],[-73.970797,40.674816]]}},{"type":"Feature","properties":{"lit":0.0342},"geometry":{"type":"LineString","coordinates":[[-73.970797,40.674816],[-73.970696,40.674673]]}},{"type":"Feature","properties":{"lit":0.0277},"geometry":{"type":"LineString","coordinates":[[-73.970696,40.674673],[-73.970663,40.67462]]}},{"type":"Feature","properties":{"lit":0.0255},"geometry":{"type":"LineString","coordinates":[[-73.970663,40.67462],[-73.970641,40.674569]]}},{"type":"Feature","properties":{"lit":0.0241},"geometry":{"type":"LineString","coordinates":[[-73.970641,40.674569],[-73.970633,40.674527]]}},{"type":"Feature","properties":{"lit":0.0229},"geometry":{"type":"LineString","coordinates":[[-73.970633,40.674527],[-73.970636,40.674471]]}},{"type":"Feature","properties":{"lit":0.0222},"geometry":{"type":"LineString","coordinates":[[-73.970636,40.674471],[-73.970641,40.674427]]}},{"type":"Feature","properties":{"lit":0.0218},"geometry":{"type":"LineString","coordinates":[[-73.970641,40.674427],[-73.970655,40.67435]]}},{"type":"Feature","properties":{"lit":0.0203},"geometry":{"type":"LineString","coordinates":[[-73.959172,40.670691],[-73.958933,40.670641]]}},{"type":"Feature","properties":{"lit":0.0265},"geometry":{"type":"LineString","coordinates":[[-73.958217,40.670489],[-73.958147,40.670474]]}},{"type":"Feature","properties":{"lit":0.0296},"geometry":{"type":"LineString","coordinates":[[-73.958147,40.670474],[-73.958048,40.670453]]}},{"type":"Feature","properties":{"lit":0.033},"geometry":{"type":"LineString","coordinates":[[-73.958048,40.670453],[-73.957964,40.670435]]}},{"type":"Feature","properties":{"lit":0.0354},"geometry":{"type":"LineString","coordinates":[[-73.957964,40.670435],[-73.95773,40.670386]]}},{"type":"Feature","properties":{"lit":0.0296},"geometry":{"type":"LineString","coordinates":[[-73.95773,40.670386],[-73.957495,40.670338]]}},{"type":"Feature","properties":{"lit":0.0262},"geometry":{"type":"LineString","coordinates":[[-73.97756,40.661059],[-73.977543,40.660989]]}},{"type":"Feature","properties":{"lit":0.0518},"geometry":{"type":"LineString","coordinates":[[-73.968763,40.672527],[-73.968704,40.672444]]}},{"type":"Feature","properties":{"lit":0.0396},"geometry":{"type":"LineString","coordinates":[[-73.968704,40.672444],[-73.968662,40.672385]]}},{"type":"Feature","properties":{"lit":0.0348},"geometry":{"type":"LineString","coordinates":[[-73.968662,40.672385],[-73.968651,40.67237]]}},{"type":"Feature","properties":{"lit":0.0357},"geometry":{"type":"LineString","coordinates":[[-73.968651,40.67237],[-73.968615,40.672381]]}},{"type":"Feature","properties":{"lit":0.0383},"geometry":{"type":"LineString","coordinates":[[-73.968615,40.672381],[-73.968621,40.672392]]}},{"type":"Feature","properties":{"lit":0.0395},"geometry":{"type":"LineString","coordinates":[[-73.968621,40.672392],[-73.968625,40.672398]]}},{"type":"Feature","properties":{"lit":0.0419},"geometry":{"type":"LineString","coordinates":[[-73.968625,40.672398],[-73.968597,40.672411]]}},{"type":"Feature","properties":{"lit":0.0458},"geometry":{"type":"LineString","coordinates":[[-73.968597,40.672411],[-73.968572,40.672424]]}},{"type":"Feature","properties":{"lit":0.0503},"geometry":{"type":"LineString","coordinates":[[-73.968572,40.672424],[-73.968546,40.67244]]}},{"type":"Feature","properties":{"lit":0.0556},"geometry":{"type":"LineString","coordinates":[[-73.968546,40.67244],[-73.96852,40.672459]]}},{"type":"Feature","properties":{"lit":0.0601},"geometry":{"type":"LineString","coordinates":[[-73.96852,40.672459],[-73.968534,40.672479]]}},{"type":"Feature","properties":{"lit":0.0647},"geometry":{"type":"LineString","coordinates":[[-73.968534,40.672479],[-73.968538,40.672506]]}},{"type":"Feature","properties":{"lit":0.0705},"geometry":{"type":"LineString","coordinates":[[-73.968538,40.672506],[-73.968535,40.672529]]}},{"type":"Feature","properties":{"lit":0.0764},"geometry":{"type":"LineString","coordinates":[[-73.968535,40.672529],[-73.968522,40.672552]]}},{"type":"Feature","properties":{"lit":0.0818},"geometry":{"type":"LineString","coordinates":[[-73.968522,40.672552],[-73.968504,40.672564]]}},{"type":"Feature","properties":{"lit":0.0864},"geometry":{"type":"LineString","coordinates":[[-73.968504,40.672564],[-73.968479,40.672576]]}},{"type":"Feature","properties":{"lit":0.0905},"geometry":{"type":"LineString","coordinates":[[-73.968479,40.672576],[-73.968451,40.672581]]}},{"type":"Feature","properties":{"lit":0.094},"geometry":{"type":"LineString","coordinates":[[-73.968451,40.672581],[-73.968418,40.672581]]}},{"type":"Feature","properties":{"lit":0.0981},"geometry":{"type":"LineString","coordinates":[[-73.968418,40.672581],[-73.96841,40.6726]]}},{"type":"Feature","properties":{"lit":0.1048},"geometry":{"type":"LineString","coordinates":[[-73.96841,40.6726],[-73.968399,40.672628]]}},{"type":"Feature","properties":{"lit":0.1133},"geometry":{"type":"LineString","coordinates":[[-73.968399,40.672628],[-73.968394,40.672666]]}},{"type":"Feature","properties":{"lit":0.1183},"geometry":{"type":"LineString","coordinates":[[-73.968394,40.672666],[-73.968382,40.672666]]}},{"type":"Feature","properties":{"lit":0.119},"geometry":{"type":"LineString","coordinates":[[-73.968382,40.672666],[-73.968372,40.672666]]}},{"type":"Feature","properties":{"lit":0.1229},"geometry":{"type":"LineString","coordinates":[[-73.968372,40.672666],[-73.968374,40.672698]]}},{"type":"Feature","properties":{"lit":0.1255},"geometry":{"type":"LineString","coordinates":[[-73.968374,40.672698],[-73.9684,40.672699]]}},{"type":"Feature","properties":{"lit":0.1222},"geometry":{"type":"LineString","coordinates":[[-73.9684,40.672699],[-73.968475,40.672704]]}},{"type":"Feature","properties":{"lit":0.1157},"geometry":{"type":"LineString","coordinates":[[-73.968475,40.672704],[-73.968608,40.672712]]}},{"type":"Feature","properties":{"lit":0.0982},"geometry":{"type":"LineString","coordinates":[[-73.968608,40.672712],[-73.968681,40.672625]]}},{"type":"Feature","properties":{"lit":0.072},"geometry":{"type":"LineString","coordinates":[[-73.968681,40.672625],[-73.968763,40.672527]]}},{"type":"Feature","properties":{"lit":0.0428},"geometry":{"type":"LineString","coordinates":[[-73.98774,40.660929],[-73.987623,40.660766]]}},{"type":"Feature","properties":{"lit":0.0783},"geometry":{"type":"LineString","coordinates":[[-73.987623,40.660766],[-73.987505,40.660603]]}},{"type":"Feature","properties":{"lit":0.1066},"geometry":{"type":"LineString","coordinates":[[-73.987505,40.660603],[-73.987333,40.660374]]}},{"type":"Feature","properties":{"lit":0.085},"geometry":{"type":"LineString","coordinates":[[-73.987333,40.660374],[-73.987161,40.660145]]}},{"type":"Feature","properties":{"lit":0.0541},"geometry":{"type":"LineString","coordinates":[[-73.987161,40.660145],[-73.987002,40.659968]]}},{"type":"Feature","properties":{"lit":0.0303},"geometry":{"type":"LineString","coordinates":[[-73.987002,40.659968],[-73.986842,40.659792]]}},{"type":"Feature","properties":{"lit":0.0248},"geometry":{"type":"LineString","coordinates":[[-73.958653,40.671745],[-73.958845,40.671785]]}},{"type":"Feature","properties":{"lit":0.1213},"geometry":{"type":"LineString","coordinates":[[-73.95766,40.671544],[-73.957753,40.671563]]}},{"type":"Feature","properties":{"lit":0.1274},"geometry":{"type":"LineString","coordinates":[[-73.957753,40.671563],[-73.958053,40.671624]]}},{"type":"Feature","properties":{"lit":0.0984},"geometry":{"type":"LineString","coordinates":[[-73.958053,40.671624],[-73.958353,40.671684]]}},{"type":"Feature","properties":{"lit":0.0513},"geometry":{"type":"LineString","coordinates":[[-73.958353,40.671684],[-73.958653,40.671745]]}},{"type":"Feature","properties":{"lit":0.15},"geometry":{"type":"LineString","coordinates":[[-73.958532,40.672665],[-73.958315,40.672619]]}},{"type":"Feature","properties":{"lit":0.3606},"geometry":{"type":"LineString","coordinates":[[-73.958315,40.672619],[-73.958018,40.672557]]}},{"type":"Feature","properties":{"lit":0.5758},"geometry":{"type":"LineString","coordinates":[[-73.958018,40.672557],[-73.957722,40.672495]]}},{"type":"Feature","properties":{"lit":0.5166},"geometry":{"type":"LineString","coordinates":[[-73.957722,40.672495],[-73.957425,40.672433]]}},{"type":"Feature","properties":{"lit":0.3556},"geometry":{"type":"LineString","coordinates":[[-73.957425,40.672433],[-73.957339,40.672414]]}},{"type":"Feature","properties":{"lit":0.0863},"geometry":{"type":"LineString","coordinates":[[-73.957978,40.673492],[-73.958178,40.673538]]}},{"type":"Feature","properties":{"lit":0.0436},"geometry":{"type":"LineString","coordinates":[[-73.956202,40.673123],[-73.956445,40.673174]]}},{"type":"Feature","properties":{"lit":0.1172},"geometry":{"type":"LineString","coordinates":[[-73.956445,40.673174],[-73.956687,40.673226]]}},{"type":"Feature","properties":{"lit":0.2323},"geometry":{"type":"LineString","coordinates":[[-73.956687,40.673226],[-73.956929,40.673277]]}},{"type":"Feature","properties":{"lit":0.3071},"geometry":{"type":"LineString","coordinates":[[-73.956929,40.673277],[-73.957021,40.673295]]}},{"type":"Feature","properties":{"lit":0.3363},"geometry":{"type":"LineString","coordinates":[[-73.957021,40.673295],[-73.957117,40.673315]]}},{"type":"Feature","properties":{"lit":0.3506},"geometry":{"type":"LineString","coordinates":[[-73.957117,40.673315],[-73.957407,40.673374]]}},{"type":"Feature","properties":{"lit":0.2628},"geometry":{"type":"LineString","coordinates":[[-73.957407,40.673374],[-73.957693,40.673433]]}},{"type":"Feature","properties":{"lit":0.1428},"geometry":{"type":"LineString","coordinates":[[-73.957693,40.673433],[-73.957978,40.673492]]}},{"type":"Feature","properties":{"lit":0.0209},"geometry":{"type":"LineString","coordinates":[[-73.970655,40.67435],[-73.97068,40.67428]]}},{"type":"Feature","properties":{"lit":0.0216},"geometry":{"type":"LineString","coordinates":[[-73.97068,40.67428],[-73.970693,40.674226]]}},{"type":"Feature","properties":{"lit":0.0218},"geometry":{"type":"LineString","coordinates":[[-73.970693,40.674226],[-73.970706,40.674156]]}},{"type":"Feature","properties":{"lit":0.0213},"geometry":{"type":"LineString","coordinates":[[-73.970706,40.674156],[-73.970707,40.674141]]}},{"type":"Feature","properties":{"lit":0.0214},"geometry":{"type":"LineString","coordinates":[[-73.970707,40.674141],[-73.970712,40.674101]]}},{"type":"Feature","properties":{"lit":0.0216},"geometry":{"type":"LineString","coordinates":[[-73.970712,40.674101],[-73.970717,40.674013]]}},{"type":"Feature","properties":{"lit":0.0217},"geometry":{"type":"LineString","coordinates":[[-73.970717,40.674013],[-73.970712,40.673926]]}},{"type":"Feature","properties":{"lit":0.0221},"geometry":{"type":"LineString","coordinates":[[-73.970712,40.673926],[-73.970694,40.673832]]}},{"type":"Feature","properties":{"lit":0.0236},"geometry":{"type":"LineString","coordinates":[[-73.970694,40.673832],[-73.97066,40.673701]]}},{"type":"Feature","properties":{"lit":0.033},"geometry":{"type":"LineString","coordinates":[[-73.97066,40.673701],[-73.97046,40.673409]]}},{"type":"Feature","properties":{"lit":0.1005},"geometry":{"type":"LineString","coordinates":[[-73.987037,40.660383],[-73.987049,40.660384]]}},{"type":"Feature","properties":{"lit":0.1013},"geometry":{"type":"LineString","coordinates":[[-73.987049,40.660384],[-73.987085,40.660384]]}},{"type":"Feature","properties":{"lit":0.1034},"geometry":{"type":"LineString","coordinates":[[-73.987085,40.660384],[-73.987245,40.660387]]}},{"type":"Feature","properties":{"lit":0.1044},"geometry":{"type":"LineString","coordinates":[[-73.987245,40.660387],[-73.987398,40.66039]]}},{"type":"Feature","properties":{"lit":0.1045},"geometry":{"type":"LineString","coordinates":[[-73.987398,40.66039],[-73.987463,40.660392]]}},{"type":"Feature","properties":{"lit":0.1042},"geometry":{"type":"LineString","coordinates":[[-73.987463,40.660392],[-73.98761,40.660394]]}},{"type":"Feature","properties":{"lit":0.0971},"geometry":{"type":"LineString","coordinates":[[-73.986902,40.660381],[-73.987037,40.660383]]}},{"type":"Feature","properties":{"lit":0.105},"geometry":{"type":"LineString","coordinates":[[-73.986902,40.660381],[-73.986951,40.660448]]}},{"type":"Feature","properties":{"lit":0.1243},"geometry":{"type":"LineString","coordinates":[[-73.986951,40.660448],[-73.98698,40.660488]]}},{"type":"Feature","properties":{"lit":0.1451},"geometry":{"type":"LineString","coordinates":[[-73.98698,40.660488],[-73.987047,40.660578]]}},{"type":"Feature","properties":{"lit":0.0373},"geometry":{"type":"LineString","coordinates":[[-73.986683,40.660113],[-73.986841,40.660299]]}},{"type":"Feature","properties":{"lit":0.078},"geometry":{"type":"LineString","coordinates":[[-73.986841,40.660299],[-73.986902,40.660381]]}},{"type":"Feature","properties":{"lit":0.1161},"geometry":{"type":"LineString","coordinates":[[-73.987126,40.660502],[-73.987245,40.660387]]}},{"type":"Feature","properties":{"lit":0.0975},"geometry":{"type":"LineString","coordinates":[[-73.987245,40.660387],[-73.98737,40.660267]]}},{"type":"Feature","properties":{"lit":0.5017},"geometry":{"type":"LineString","coordinates":[[-73.95277,40.677034],[-73.952801,40.676949]]}},{"type":"Feature","properties":{"lit":0.4801},"geometry":{"type":"LineString","coordinates":[[-73.952801,40.676949],[-73.952805,40.67694]]}},{"type":"Feature","properties":{"lit":0.4753},"geometry":{"type":"LineString","coordinates":[[-73.952805,40.67694],[-73.952807,40.676932]]}},{"type":"Feature","properties":{"lit":0.4623},"geometry":{"type":"LineString","coordinates":[[-73.952807,40.676932],[-73.95282,40.676898]]}},{"type":"Feature","properties":{"lit":0.3737},"geometry":{"type":"LineString","coordinates":[[-73.95282,40.676898],[-73.952886,40.676711]]}},{"type":"Feature","properties":{"lit":0.2133},"geometry":{"type":"LineString","coordinates":[[-73.952886,40.676711],[-73.952953,40.676524]]}},{"type":"Feature","properties":{"lit":0.1155},"geometry":{"type":"LineString","coordinates":[[-73.952953,40.676524],[-73.95302,40.676337]]}},{"type":"Feature","properties":{"lit":0.0837},"geometry":{"type":"LineString","coordinates":[[-73.95302,40.676337],[-73.95305,40.676258]]}},{"type":"Feature","properties":{"lit":0.0721},"geometry":{"type":"LineString","coordinates":[[-73.95305,40.676258],[-73.953072,40.676197]]}},{"type":"Feature","properties":{"lit":0.0583},"geometry":{"type":"LineString","coordinates":[[-73.953072,40.676197],[-73.953137,40.676012]]}},{"type":"Feature","properties":{"lit":0.0343},"geometry":{"type":"LineString","coordinates":[[-73.953137,40.676012],[-73.953202,40.675828]]}},{"type":"Feature","properties":{"lit":0.0445},"geometry":{"type":"LineString","coordinates":[[-73.966915,40.672974],[-73.967345,40.673044]]}},{"type":"Feature","properties":{"lit":0.0837},"geometry":{"type":"LineString","coordinates":[[-73.967345,40.673044],[-73.967433,40.673059]]}},{"type":"Feature","properties":{"lit":0.0956},"geometry":{"type":"LineString","coordinates":[[-73.967433,40.673059],[-73.967513,40.67307]]}},{"type":"Feature","properties":{"lit":0.1101},"geometry":{"type":"LineString","coordinates":[[-73.967513,40.67307],[-73.967677,40.673091]]}},{"type":"Feature","properties":{"lit":0.1254},"geometry":{"type":"LineString","coordinates":[[-73.967677,40.673091],[-73.96793,40.673119]]}},{"type":"Feature","properties":{"lit":0.1292},"geometry":{"type":"LineString","coordinates":[[-73.96793,40.673119],[-73.968184,40.673136]]}},{"type":"Feature","properties":{"lit":0.1255},"geometry":{"type":"LineString","coordinates":[[-73.968184,40.673136],[-73.96847,40.673146]]}},{"type":"Feature","properties":{"lit":0.1183},"geometry":{"type":"LineString","coordinates":[[-73.96847,40.673146],[-73.968644,40.673144]]}},{"type":"Feature","properties":{"lit":0.1118},"geometry":{"type":"LineString","coordinates":[[-73.968644,40.673144],[-73.968714,40.673144]]}},{"type":"Feature","properties":{"lit":0.1057},"geometry":{"type":"LineString","coordinates":[[-73.968714,40.673144],[-73.968815,40.673143]]}},{"type":"Feature","properties":{"lit":0.033},"geometry":{"type":"LineString","coordinates":[[-73.946544,40.675907],[-73.946802,40.675921]]}},{"type":"Feature","properties":{"lit":0.0543},"geometry":{"type":"LineString","coordinates":[[-73.946802,40.675921],[-73.947061,40.675934]]}},{"type":"Feature","properties":{"lit":0.0606},"geometry":{"type":"LineString","coordinates":[[-73.947061,40.675934],[-73.947147,40.675939]]}},{"type":"Feature","properties":{"lit":0.0595},"geometry":{"type":"LineString","coordinates":[[-73.947147,40.675939],[-73.947249,40.675945]]}},{"type":"Feature","properties":{"lit":0.0496},"geometry":{"type":"LineString","coordinates":[[-73.947249,40.675945],[-73.947506,40.675959]]}},{"type":"Feature","properties":{"lit":0.0278},"geometry":{"type":"LineString","coordinates":[[-73.947506,40.675959],[-73.947763,40.675973]]}},{"type":"Feature","properties":{"lit":0.0286},"geometry":{"type":"LineString","coordinates":[[-73.949306,40.676056],[-73.949563,40.67607]]}},{"type":"Feature","properties":{"lit":0.0654},"geometry":{"type":"LineString","coordinates":[[-73.949563,40.67607],[-73.94982,40.676084]]}},{"type":"Feature","properties":{"lit":0.0969},"geometry":{"type":"LineString","coordinates":[[-73.94982,40.676084],[-73.949917,40.676088]]}},{"type":"Feature","properties":{"lit":0.0671},"geometry":{"type":"LineString","coordinates":[[-73.979224,40.665749],[-73.979153,40.665834]]}},{"type":"Feature","properties":{"lit":0.063},"geometry":{"type":"LineString","coordinates":[[-73.979153,40.665834],[-73.979021,40.665993]]}},{"type":"Feature","properties":{"lit":0.0416},"geometry":{"type":"LineString","coordinates":[[-73.979021,40.665993],[-73.978889,40.666152]]}},{"type":"Feature","properties":{"lit":0.0333},"geometry":{"type":"LineString","coordinates":[[-73.971671,40.675419],[-73.971632,40.675476]]}},{"type":"Feature","properties":{"lit":0.0829},"geometry":{"type":"LineString","coordinates":[[-73.976863,40.664605],[-73.97694,40.664512]]}},{"type":"Feature","properties":{"lit":0.0681},"geometry":{"type":"LineString","coordinates":[[-73.97694,40.664512],[-73.977079,40.664345]]}},{"type":"Feature","properties":{"lit":0.0435},"geometry":{"type":"LineString","coordinates":[[-73.977079,40.664345],[-73.977218,40.664178]]}},{"type":"Feature","properties":{"lit":0.0253},"geometry":{"type":"LineString","coordinates":[[-73.983762,40.662885],[-73.983995,40.662997]]}},{"type":"Feature","properties":{"lit":0.0497},"geometry":{"type":"LineString","coordinates":[[-73.983995,40.662997],[-73.984228,40.663109]]}},{"type":"Feature","properties":{"lit":0.0611},"geometry":{"type":"LineString","coordinates":[[-73.984228,40.663109],[-73.984461,40.663221]]}},{"type":"Feature","properties":{"lit":0.0561},"geometry":{"type":"LineString","coordinates":[[-73.984461,40.663221],[-73.984485,40.663233]]}},{"type":"Feature","properties":{"lit":0.0509},"geometry":{"type":"LineString","coordinates":[[-73.984485,40.663233],[-73.984591,40.663284]]}},{"type":"Feature","properties":{"lit":0.0404},"geometry":{"type":"LineString","coordinates":[[-73.984591,40.663284],[-73.984693,40.663333]]}},{"type":"Feature","properties":{"lit":0.0229},"geometry":{"type":"LineString","coordinates":[[-73.984693,40.663333],[-73.984924,40.663446]]}},{"type":"Feature","properties":{"lit":0.0402},"geometry":{"type":"LineString","coordinates":[[-73.979482,40.66544],[-73.979292,40.665668]]}},{"type":"Feature","properties":{"lit":0.0617},"geometry":{"type":"LineString","coordinates":[[-73.979292,40.665668],[-73.979224,40.665749]]}},{"type":"Feature","properties":{"lit":0.169},"geometry":{"type":"LineString","coordinates":[[-73.961676,40.679701],[-73.961702,40.67963]]}},{"type":"Feature","properties":{"lit":0.175},"geometry":{"type":"LineString","coordinates":[[-73.961702,40.67963],[-73.961779,40.67942]]}},{"type":"Feature","properties":{"lit":0.1783},"geometry":{"type":"LineString","coordinates":[[-73.961779,40.67942],[-73.961856,40.67921]]}},{"type":"Feature","properties":{"lit":0.1981},"geometry":{"type":"LineString","coordinates":[[-73.961856,40.67921],[-73.961933,40.679]]}},{"type":"Feature","properties":{"lit":0.2072},"geometry":{"type":"LineString","coordinates":[[-73.961933,40.679],[-73.961957,40.678934]]}},{"type":"Feature","properties":{"lit":0.2038},"geometry":{"type":"LineString","coordinates":[[-73.961957,40.678934],[-73.961981,40.678868]]}},{"type":"Feature","properties":{"lit":0.18},"geometry":{"type":"LineString","coordinates":[[-73.961981,40.678868],[-73.962056,40.678658]]}},{"type":"Feature","properties":{"lit":0.1188},"geometry":{"type":"LineString","coordinates":[[-73.962056,40.678658],[-73.96213,40.678448]]}},{"type":"Feature","properties":{"lit":0.0677},"geometry":{"type":"LineString","coordinates":[[-73.96213,40.678448],[-73.962205,40.678239]]}},{"type":"Feature","properties":{"lit":0.0458},"geometry":{"type":"LineString","coordinates":[[-73.962205,40.678239],[-73.962231,40.678166]]}},{"type":"Feature","properties":{"lit":0.0365},"geometry":{"type":"LineString","coordinates":[[-73.962231,40.678166],[-73.962257,40.678095]]}},{"type":"Feature","properties":{"lit":0.0225},"geometry":{"type":"LineString","coordinates":[[-73.962257,40.678095],[-73.962324,40.677908]]}},{"type":"Feature","properties":{"lit":0.1045},"geometry":{"type":"LineString","coordinates":[[-73.949585,40.679636],[-73.949591,40.679574]]}},{"type":"Feature","properties":{"lit":0.0642},"geometry":{"type":"LineString","coordinates":[[-73.949591,40.679574],[-73.949609,40.67937]]}},{"type":"Feature","properties":{"lit":0.0337},"geometry":{"type":"LineString","coordinates":[[-73.949609,40.67937],[-73.949628,40.679167]]}},{"type":"Feature","properties":{"lit":0.0363},"geometry":{"type":"LineString","coordinates":[[-73.949628,40.679167],[-73.949647,40.678963]]}},{"type":"Feature","properties":{"lit":0.0392},"geometry":{"type":"LineString","coordinates":[[-73.969639,40.674183],[-73.969766,40.674314]]}},{"type":"Feature","properties":{"lit":0.0413},"geometry":{"type":"LineString","coordinates":[[-73.969766,40.674314],[-73.969835,40.674375]]}},{"type":"Feature","properties":{"lit":0.0419},"geometry":{"type":"LineString","coordinates":[[-73.969835,40.674375],[-73.969888,40.674412]]}},{"type":"Feature","properties":{"lit":0.0425},"geometry":{"type":"LineString","coordinates":[[-73.969888,40.674412],[-73.969942,40.67444]]}},{"type":"Feature","properties":{"lit":0.0426},"geometry":{"type":"LineString","coordinates":[[-73.969942,40.67444],[-73.969997,40.674462]]}},{"type":"Feature","properties":{"lit":0.0436},"geometry":{"type":"LineString","coordinates":[[-73.969997,40.674462],[-73.970067,40.674475]]}},{"type":"Feature","properties":{"lit":0.0442},"geometry":{"type":"LineString","coordinates":[[-73.970067,40.674475],[-73.970129,40.674479]]}},{"type":"Feature","properties":{"lit":0.0441},"geometry":{"type":"LineString","coordinates":[[-73.970129,40.674479],[-73.970212,40.674475]]}},{"type":"Feature","properties":{"lit":0.0427},"geometry":{"type":"LineString","coordinates":[[-73.970212,40.674475],[-73.970293,40.674462]]}},{"type":"Feature","properties":{"lit":0.0408},"geometry":{"type":"LineString","coordinates":[[-73.970293,40.674462],[-73.970376,40.674431]]}},{"type":"Feature","properties":{"lit":0.0378},"geometry":{"type":"LineString","coordinates":[[-73.970376,40.674431],[-73.970441,40.674392]]}},{"type":"Feature","properties":{"lit":0.0356},"geometry":{"type":"LineString","coordinates":[[-73.970441,40.674392],[-73.970488,40.67435]]}},{"type":"Feature","properties":{"lit":0.0343},"geometry":{"type":"LineString","coordinates":[[-73.970488,40.67435],[-73.970524,40.674299]]}},{"type":"Feature","properties":{"lit":0.034},"geometry":{"type":"LineString","coordinates":[[-73.970524,40.674299],[-73.970545,40.674247]]}},{"type":"Feature","properties":{"lit":0.0344},"geometry":{"type":"LineString","coordinates":[[-73.970545,40.674247],[-73.970566,40.674164]]}},{"type":"Feature","properties":{"lit":0.0512},"geometry":{"type":"LineString","coordinates":[[-73.965988,40.675171],[-73.966259,40.675228]]}},{"type":"Feature","properties":{"lit":0.1032},"geometry":{"type":"LineString","coordinates":[[-73.966259,40.675228],[-73.966529,40.675284]]}},{"type":"Feature","properties":{"lit":0.1262},"geometry":{"type":"LineString","coordinates":[[-73.966529,40.675284],[-73.966613,40.675302]]}},{"type":"Feature","properties":{"lit":0.1899},"geometry":{"type":"LineString","coordinates":[[-73.962904,40.673342],[-73.962865,40.673153]]}},{"type":"Feature","properties":{"lit":0.111},"geometry":{"type":"LineString","coordinates":[[-73.962865,40.673153],[-73.962827,40.672963]]}},{"type":"Feature","properties":{"lit":0.0482},"geometry":{"type":"LineString","coordinates":[[-73.962827,40.672963],[-73.962788,40.672773]]}},{"type":"Feature","properties":{"lit":0.0228},"geometry":{"type":"LineString","coordinates":[[-73.962788,40.672773],[-73.962773,40.672697]]}},{"type":"Feature","properties":{"lit":0.21},"geometry":{"type":"LineString","coordinates":[[-73.962953,40.673584],[-73.962826,40.673552]]}},{"type":"Feature","properties":{"lit":0.1601},"geometry":{"type":"LineString","coordinates":[[-73.962826,40.673552],[-73.962439,40.673474]]}},{"type":"Feature","properties":{"lit":0.1241},"geometry":{"type":"LineString","coordinates":[[-73.962439,40.673474],[-73.962205,40.673426]]}},{"type":"Feature","properties":{"lit":0.1197},"geometry":{"type":"LineString","coordinates":[[-73.962205,40.673426],[-73.96197,40.673379]]}},{"type":"Feature","properties":{"lit":0.1293},"geometry":{"type":"LineString","coordinates":[[-73.96197,40.673379],[-73.961735,40.673331]]}},{"type":"Feature","properties":{"lit":0.1691},"geometry":{"type":"LineString","coordinates":[[-73.961735,40.673331],[-73.9615,40.673284]]}},{"type":"Feature","properties":{"lit":0.2588},"geometry":{"type":"LineString","coordinates":[[-73.9615,40.673284],[-73.961266,40.673237]]}},{"type":"Feature","properties":{"lit":0.3584},"geometry":{"type":"LineString","coordinates":[[-73.961266,40.673237],[-73.961031,40.673189]]}},{"type":"Feature","properties":{"lit":0.4041},"geometry":{"type":"LineString","coordinates":[[-73.961031,40.673189],[-73.960796,40.673142]]}},{"type":"Feature","properties":{"lit":0.3755},"geometry":{"type":"LineString","coordinates":[[-73.960796,40.673142],[-73.960709,40.673122]]}},{"type":"Feature","properties":{"lit":1.0},"geometry":{"type":"LineString","coordinates":[[-73.955475,40.677576],[-73.955496,40.677513]]}},{"type":"Feature","properties":{"lit":1.0},"geometry":{"type":"LineString","coordinates":[[-73.955496,40.677513],[-73.955569,40.677311]]}},{"type":"Feature","properties":{"lit":1.0},"geometry":{"type":"LineString","coordinates":[[-73.955569,40.677311],[-73.955642,40.677108]]}},{"type":"Feature","properties":{"lit":1.0},"geometry":{"type":"LineString","coordinates":[[-73.955475,40.677576],[-73.955387,40.677558]]}},{"type":"Feature","properties":{"lit":1.0},"geometry":{"type":"LineString","coordinates":[[-73.955387,40.677558],[-73.955147,40.677508]]}},{"type":"Feature","properties":{"lit":1.0},"geometry":{"type":"LineString","coordinates":[[-73.955147,40.677508],[-73.954907,40.677458]]}},{"type":"Feature","properties":{"lit":0.6843},"geometry":{"type":"LineString","coordinates":[[-73.954907,40.677458],[-73.954668,40.677408]]}},{"type":"Feature","properties":{"lit":0.4951},"geometry":{"type":"LineString","coordinates":[[-73.954668,40.677408],[-73.954428,40.677358]]}},{"type":"Feature","properties":{"lit":0.4633},"geometry":{"type":"LineString","coordinates":[[-73.954428,40.677358],[-73.954188,40.677309]]}},{"type":"Feature","properties":{"lit":0.5089},"geometry":{"type":"LineString","coordinates":[[-73.954188,40.677309],[-73.953948,40.677259]]}},{"type":"Feature","properties":{"lit":0.5434},"geometry":{"type":"LineString","coordinates":[[-73.953948,40.677259],[-73.953708,40.677209]]}},{"type":"Feature","properties":{"lit":0.5372},"geometry":{"type":"LineString","coordinates":[[-73.953708,40.677209],[-73.953469,40.677159]]}},{"type":"Feature","properties":{"lit":0.5063},"geometry":{"type":"LineString","coordinates":[[-73.953469,40.677159],[-73.953229,40.677109]]}},{"type":"Feature","properties":{"lit":0.4878},"geometry":{"type":"LineString","coordinates":[[-73.953229,40.677109],[-73.952989,40.67706]]}},{"type":"Feature","properties":{"lit":0.4911},"geometry":{"type":"LineString","coordinates":[[-73.952989,40.67706],[-73.952913,40.677044]]}},{"type":"Feature","properties":{"lit":0.4951},"geometry":{"type":"LineString","coordinates":[[-73.952913,40.677044],[-73.952896,40.677043]]}},{"type":"Feature","properties":{"lit":0.5002},"geometry":{"type":"LineString","coordinates":[[-73.952896,40.677043],[-73.952838,40.677039]]}},{"type":"Feature","properties":{"lit":0.5072},"geometry":{"type":"LineString","coordinates":[[-73.952838,40.677039],[-73.95277,40.677034]]}},{"type":"Feature","properties":{"lit":0.1616},"geometry":{"type":"LineString","coordinates":[[-73.949845,40.676875],[-73.949746,40.67687]]}},{"type":"Feature","properties":{"lit":0.1091},"geometry":{"type":"LineString","coordinates":[[-73.949746,40.67687],[-73.949488,40.676856]]}},{"type":"Feature","properties":{"lit":0.0483},"geometry":{"type":"LineString","coordinates":[[-73.949488,40.676856],[-73.949231,40.676842]]}},{"type":"Feature","properties":{"lit":0.0375},"geometry":{"type":"LineString","coordinates":[[-73.9482,40.676785],[-73.947943,40.676771]]}},{"type":"Feature","properties":{"lit":0.0797},"geometry":{"type":"LineString","coordinates":[[-73.947943,40.676771],[-73.947685,40.676757]]}},{"type":"Feature","properties":{"lit":0.1146},"geometry":{"type":"LineString","coordinates":[[-73.947685,40.676757],[-73.947428,40.676742]]}},{"type":"Feature","properties":{"lit":0.1148},"geometry":{"type":"LineString","coordinates":[[-73.947428,40.676742],[-73.94717,40.676728]]}},{"type":"Feature","properties":{"lit":0.0929},"geometry":{"type":"LineString","coordinates":[[-73.94717,40.676728],[-73.947074,40.676723]]}},{"type":"Feature","properties":{"lit":0.0782},"geometry":{"type":"LineString","coordinates":[[-73.947074,40.676723],[-73.946986,40.676718]]}},{"type":"Feature","properties":{"lit":0.0421},"geometry":{"type":"LineString","coordinates":[[-73.946986,40.676718],[-73.94662,40.676698]]}},{"type":"Feature","properties":{"lit":0.0632},"geometry":{"type":"LineString","coordinates":[[-73.987456,40.658668],[-73.987661,40.658792]]}},{"type":"Feature","properties":{"lit":0.1814},"geometry":{"type":"LineString","coordinates":[[-73.987661,40.658792],[-73.987866,40.658916]]}},{"type":"Feature","properties":{"lit":0.3414},"geometry":{"type":"LineString","coordinates":[[-73.987866,40.658916],[-73.988071,40.65904]]}},{"type":"Feature","properties":{"lit":0.4173},"geometry":{"type":"LineString","coordinates":[[-73.988071,40.65904],[-73.988337,40.659198]]}},{"type":"Feature","properties":{"lit":0.3353},"geometry":{"type":"LineString","coordinates":[[-73.988337,40.659198],[-73.988428,40.65925]]}},{"type":"Feature","properties":{"lit":0.4752},"geometry":{"type":"LineString","coordinates":[[-73.98784,40.659816],[-73.987753,40.659763]]}},{"type":"Feature","properties":{"lit":0.5378},"geometry":{"type":"LineString","coordinates":[[-73.987753,40.659763],[-73.987593,40.659668]]}},{"type":"Feature","properties":{"lit":0.5297},"geometry":{"type":"LineString","coordinates":[[-73.987593,40.659668],[-73.98748,40.659597]]}},{"type":"Feature","properties":{"lit":0.4238},"geometry":{"type":"LineString","coordinates":[[-73.98748,40.659597],[-73.987285,40.659479]]}},{"type":"Feature","properties":{"lit":0.2297},"geometry":{"type":"LineString","coordinates":[[-73.987285,40.659479],[-73.98709,40.65936]]}},{"type":"Feature","properties":{"lit":0.0851},"geometry":{"type":"LineString","coordinates":[[-73.98709,40.65936],[-73.986895,40.659241]]}},{"type":"Feature","properties":{"lit":0.0218},"geometry":{"type":"LineString","coordinates":[[-73.986895,40.659241],[-73.9867,40.659123]]}},{"type":"Feature","properties":{"lit":0.0788},"geometry":{"type":"LineString","coordinates":[[-73.972717,40.677537],[-73.97277,40.677609]]}},{"type":"Feature","properties":{"lit":0.0761},"geometry":{"type":"LineString","coordinates":[[-73.97277,40.677609],[-73.972896,40.677783]]}},{"type":"Feature","properties":{"lit":0.0623},"geometry":{"type":"LineString","coordinates":[[-73.972896,40.677783],[-73.973005,40.677933]]}},{"type":"Feature","properties":{"lit":0.0474},"geometry":{"type":"LineString","coordinates":[[-73.973005,40.677933],[-73.973051,40.677997]]}},{"type":"Feature","properties":{"lit":0.7578},"geometry":{"type":"LineString","coordinates":[[-73.95575,40.676808],[-73.955773,40.676744]]}},{"type":"Feature","properties":{"lit":0.6887},"geometry":{"type":"LineString","coordinates":[[-73.955773,40.676744],[-73.955839,40.676563]]}},{"type":"Feature","properties":{"lit":0.5863},"geometry":{"type":"LineString","coordinates":[[-73.955839,40.676563],[-73.955904,40.676381]]}},{"type":"Feature","properties":{"lit":0.4908},"geometry":{"type":"LineString","coordinates":[[-73.955904,40.676381],[-73.955969,40.6762]]}},{"type":"Feature","properties":{"lit":0.4181},"geometry":{"type":"LineString","coordinates":[[-73.955969,40.6762],[-73.956034,40.676018]]}},{"type":"Feature","properties":{"lit":0.3874},"geometry":{"type":"LineString","coordinates":[[-73.956034,40.676018],[-73.956069,40.675928]]}},{"type":"Feature","properties":{"lit":1.0},"geometry":{"type":"LineString","coordinates":[[-73.955292,40.67927],[-73.955263,40.679137]]}},{"type":"Feature","properties":{"lit":0.0414},"geometry":{"type":"LineString","coordinates":[[-73.963055,40.674135],[-73.96302,40.673945]]}},{"type":"Feature","properties":{"lit":0.8598},"geometry":{"type":"LineString","coordinates":[[-73.964073,40.679379],[-73.964058,40.679302]]}},{"type":"Feature","properties":{"lit":0.6063},"geometry":{"type":"LineString","coordinates":[[-73.964058,40.679302],[-73.964009,40.679039]]}},{"type":"Feature","properties":{"lit":0.1949},"geometry":{"type":"LineString","coordinates":[[-73.964009,40.679039],[-73.963959,40.678777]]}},{"type":"Feature","properties":{"lit":0.0435},"geometry":{"type":"LineString","coordinates":[[-73.963959,40.678777],[-73.963927,40.678605]]}},{"type":"Feature","properties":{"lit":0.0219},"geometry":{"type":"LineString","coordinates":[[-73.963623,40.677055],[-73.963587,40.676854]]}},{"type":"Feature","properties":{"lit":0.0284},"geometry":{"type":"LineString","coordinates":[[-73.963587,40.676854],[-73.963545,40.676626]]}},{"type":"Feature","properties":{"lit":0.0251},"geometry":{"type":"LineString","coordinates":[[-73.963545,40.676626],[-73.963529,40.676547]]}},{"type":"Feature","properties":{"lit":0.0214},"geometry":{"type":"LineString","coordinates":[[-73.963529,40.676547],[-73.963514,40.676473]]}},{"type":"Feature","properties":{"lit":0.0557},"geometry":{"type":"LineString","coordinates":[[-73.977577,40.661409],[-73.977669,40.661319]]}},{"type":"Feature","properties":{"lit":0.0461},"geometry":{"type":"LineString","coordinates":[[-73.977669,40.661319],[-73.977761,40.661259]]}},{"type":"Feature","properties":{"lit":0.0352},"geometry":{"type":"LineString","coordinates":[[-73.977761,40.661259],[-73.977869,40.661215]]}},{"type":"Feature","properties":{"lit":0.0226},"geometry":{"type":"LineString","coordinates":[[-73.977869,40.661215],[-73.978035,40.661177]]}},{"type":"Feature","properties":{"lit":0.0382},"geometry":{"type":"LineString","coordinates":[[-73.957049,40.671412],[-73.957309,40.671468]]}},{"type":"Feature","properties":{"lit":0.0848},"geometry":{"type":"LineString","coordinates":[[-73.957309,40.671468],[-73.957568,40.671524]]}},{"type":"Feature","properties":{"lit":0.1116},"geometry":{"type":"LineString","coordinates":[[-73.957568,40.671524],[-73.95766,40.671544]]}},{"type":"Feature","properties":{"lit":0.0268},"geometry":{"type":"LineString","coordinates":[[-73.959312,40.671883],[-73.959546,40.671932]]}},{"type":"Feature","properties":{"lit":0.038},"geometry":{"type":"LineString","coordinates":[[-73.959546,40.671932],[-73.959779,40.671981]]}},{"type":"Feature","properties":{"lit":0.0415},"geometry":{"type":"LineString","coordinates":[[-73.959779,40.671981],[-73.960012,40.67203]]}},{"type":"Feature","properties":{"lit":0.0363},"geometry":{"type":"LineString","coordinates":[[-73.960012,40.67203],[-73.960246,40.672079]]}},{"type":"Feature","properties":{"lit":0.0333},"geometry":{"type":"LineString","coordinates":[[-73.960246,40.672079],[-73.960479,40.672128]]}},{"type":"Feature","properties":{"lit":0.039},"geometry":{"type":"LineString","coordinates":[[-73.960479,40.672128],[-73.960713,40.672177]]}},{"type":"Feature","properties":{"lit":0.0477},"geometry":{"type":"LineString","coordinates":[[-73.960713,40.672177],[-73.960946,40.672227]]}},{"type":"Feature","properties":{"lit":0.0476},"geometry":{"type":"LineString","coordinates":[[-73.960946,40.672227],[-73.961029,40.672244]]}},{"type":"Feature","properties":{"lit":0.0315},"geometry":{"type":"LineString","coordinates":[[-73.955307,40.674823],[-73.955556,40.674875]]}},{"type":"Feature","properties":{"lit":0.1294},"geometry":{"type":"LineString","coordinates":[[-73.955556,40.674875],[-73.955805,40.674928]]}},{"type":"Feature","properties":{"lit":0.339},"geometry":{"type":"LineString","coordinates":[[-73.955805,40.674928],[-73.956055,40.67498]]}},{"type":"Feature","properties":{"lit":0.5934},"geometry":{"type":"LineString","coordinates":[[-73.956055,40.67498],[-73.956304,40.675033]]}},{"type":"Feature","properties":{"lit":0.6905},"geometry":{"type":"LineString","coordinates":[[-73.956304,40.675033],[-73.956386,40.67505]]}},{"type":"Feature","properties":{"lit":0.6975},"geometry":{"type":"LineString","coordinates":[[-73.956386,40.67505],[-73.956485,40.675071]]}},{"type":"Feature","properties":{"lit":0.6089},"geometry":{"type":"LineString","coordinates":[[-73.956485,40.675071],[-73.956755,40.675127]]}},{"type":"Feature","properties":{"lit":0.3455},"geometry":{"type":"LineString","coordinates":[[-73.956755,40.675127],[-73.957025,40.675184]]}},{"type":"Feature","properties":{"lit":0.1288},"geometry":{"type":"LineString","coordinates":[[-73.957025,40.675184],[-73.957296,40.67524]]}},{"type":"Feature","properties":{"lit":0.0329},"geometry":{"type":"LineString","coordinates":[[-73.957296,40.67524],[-73.957566,40.675297]]}},{"type":"Feature","properties":{"lit":0.0254},"geometry":{"type":"LineString","coordinates":[[-73.958264,40.675443],[-73.958515,40.675496]]}},{"type":"Feature","properties":{"lit":0.0455},"geometry":{"type":"LineString","coordinates":[[-73.958515,40.675496],[-73.958613,40.675516]]}},{"type":"Feature","properties":{"lit":0.0902},"geometry":{"type":"LineString","coordinates":[[-73.958613,40.675516],[-73.958937,40.675584]]}},{"type":"Feature","properties":{"lit":0.2073},"geometry":{"type":"LineString","coordinates":[[-73.958937,40.675584],[-73.95926,40.675652]]}},{"type":"Feature","properties":{"lit":0.3614},"geometry":{"type":"LineString","coordinates":[[-73.95926,40.675652],[-73.959676,40.675739]]}},{"type":"Feature","properties":{"lit":0.3963},"geometry":{"type":"LineString","coordinates":[[-73.959676,40.675739],[-73.959758,40.675756]]}},{"type":"Feature","properties":{"lit":0.3796},"geometry":{"type":"LineString","coordinates":[[-73.959758,40.675756],[-73.959862,40.675778]]}},{"type":"Feature","properties":{"lit":0.3093},"geometry":{"type":"LineString","coordinates":[[-73.959862,40.675778],[-73.960105,40.675829]]}},{"type":"Feature","properties":{"lit":0.1701},"geometry":{"type":"LineString","coordinates":[[-73.960105,40.675829],[-73.960348,40.675879]]}},{"type":"Feature","properties":{"lit":0.073},"geometry":{"type":"LineString","coordinates":[[-73.960348,40.675879],[-73.960591,40.67593]]}},{"type":"Feature","properties":{"lit":0.0437},"geometry":{"type":"LineString","coordinates":[[-73.960591,40.67593],[-73.960835,40.675981]]}},{"type":"Feature","properties":{"lit":0.0498},"geometry":{"type":"LineString","coordinates":[[-73.960835,40.675981],[-73.961078,40.676032]]}},{"type":"Feature","properties":{"lit":0.0597},"geometry":{"type":"LineString","coordinates":[[-73.961078,40.676032],[-73.961321,40.676083]]}},{"type":"Feature","properties":{"lit":0.0493},"geometry":{"type":"LineString","coordinates":[[-73.961321,40.676083],[-73.961565,40.676134]]}},{"type":"Feature","properties":{"lit":0.0274},"geometry":{"type":"LineString","coordinates":[[-73.961565,40.676134],[-73.961808,40.676185]]}},{"type":"Feature","properties":{"lit":0.0371},"geometry":{"type":"LineString","coordinates":[[-73.952967,40.678632],[-73.95285,40.678607]]}},{"type":"Feature","properties":{"lit":0.037},"geometry":{"type":"LineString","coordinates":[[-73.95285,40.678607],[-73.95276,40.678589]]}},{"type":"Feature","properties":{"lit":0.0357},"geometry":{"type":"LineString","coordinates":[[-73.95276,40.678589],[-73.952669,40.678571]]}},{"type":"Feature","properties":{"lit":0.0322},"geometry":{"type":"LineString","coordinates":[[-73.952669,40.678571],[-73.952584,40.678556]]}},{"type":"Feature","properties":{"lit":0.0279},"geometry":{"type":"LineString","coordinates":[[-73.952584,40.678556],[-73.9525,40.678544]]}},{"type":"Feature","properties":{"lit":0.0234},"geometry":{"type":"LineString","coordinates":[[-73.9525,40.678544],[-73.952423,40.678534]]}},{"type":"Feature","properties":{"lit":0.0331},"geometry":{"type":"LineString","coordinates":[[-73.950066,40.678401],[-73.949804,40.678387]]}},{"type":"Feature","properties":{"lit":0.0385},"geometry":{"type":"LineString","coordinates":[[-73.949804,40.678387],[-73.949696,40.678382]]}},{"type":"Feature","properties":{"lit":0.0382},"geometry":{"type":"LineString","coordinates":[[-73.949696,40.678382],[-73.949606,40.678376]]}},{"type":"Feature","properties":{"lit":0.0303},"geometry":{"type":"LineString","coordinates":[[-73.949606,40.678376],[-73.949258,40.678357]]}},{"type":"Feature","properties":{"lit":0.0786},"geometry":{"type":"LineString","coordinates":[[-73.969653,40.672641],[-73.969486,40.672698]]}},{"type":"Feature","properties":{"lit":0.0786},"geometry":{"type":"LineString","coordinates":[[-73.969486,40.672698],[-73.969291,40.672769]]}},{"type":"Feature","properties":{"lit":0.0836},"geometry":{"type":"LineString","coordinates":[[-73.969291,40.672769],[-73.969216,40.672795]]}},{"type":"Feature","properties":{"lit":0.0737},"geometry":{"type":"LineString","coordinates":[[-73.968802,40.673197],[-73.968762,40.673376]]}},{"type":"Feature","properties":{"lit":0.0418},"geometry":{"type":"LineString","coordinates":[[-73.968762,40.673376],[-73.968737,40.673498]]}},{"type":"Feature","properties":{"lit":0.0228},"geometry":{"type":"LineString","coordinates":[[-73.968737,40.673498],[-73.968721,40.67362]]}},{"type":"Feature","properties":{"lit":0.0257},"geometry":{"type":"LineString","coordinates":[[-73.969576,40.675303],[-73.969688,40.675367]]}},{"type":"Feature","properties":{"lit":0.3111},"geometry":{"type":"LineString","coordinates":[[-73.957021,40.673295],[-73.957045,40.673227]]}},{"type":"Feature","properties":{"lit":0.2634},"geometry":{"type":"LineString","coordinates":[[-73.957045,40.673227],[-73.957112,40.673042]]}},{"type":"Feature","properties":{"lit":0.1988},"geometry":{"type":"LineString","coordinates":[[-73.957112,40.673042],[-73.957179,40.672857]]}},{"type":"Feature","properties":{"lit":0.1715},"geometry":{"type":"LineString","coordinates":[[-73.957179,40.672857],[-73.957246,40.672672]]}},{"type":"Feature","properties":{"lit":0.2205},"geometry":{"type":"LineString","coordinates":[[-73.957246,40.672672],[-73.957312,40.672488]]}},{"type":"Feature","properties":{"lit":0.2937},"geometry":{"type":"LineString","coordinates":[[-73.957312,40.672488],[-73.957339,40.672414]]}},{"type":"Feature","properties":{"lit":0.3338},"geometry":{"type":"LineString","coordinates":[[-73.957339,40.672414],[-73.957359,40.672356]]}},{"type":"Feature","properties":{"lit":0.3888},"geometry":{"type":"LineString","coordinates":[[-73.957359,40.672356],[-73.957428,40.672171]]}},{"type":"Feature","properties":{"lit":0.3799},"geometry":{"type":"LineString","coordinates":[[-73.957428,40.672171],[-73.957497,40.671986]]}},{"type":"Feature","properties":{"lit":0.2782},"geometry":{"type":"LineString","coordinates":[[-73.957497,40.671986],[-73.957565,40.6718]]}},{"type":"Feature","properties":{"lit":0.1714},"geometry":{"type":"LineString","coordinates":[[-73.957565,40.6718],[-73.957634,40.671615]]}},{"type":"Feature","properties":{"lit":0.1259},"geometry":{"type":"LineString","coordinates":[[-73.957634,40.671615],[-73.95766,40.671544]]}},{"type":"Feature","properties":{"lit":0.3779},"geometry":{"type":"LineString","coordinates":[[-73.956069,40.675928],[-73.956096,40.675853]]}},{"type":"Feature","properties":{"lit":0.3836},"geometry":{"type":"LineString","coordinates":[[-73.956096,40.675853],[-73.956162,40.675671]]}},{"type":"Feature","properties":{"lit":0.4315},"geometry":{"type":"LineString","coordinates":[[-73.956162,40.675671],[-73.956228,40.675489]]}},{"type":"Feature","properties":{"lit":0.5349},"geometry":{"type":"LineString","coordinates":[[-73.956228,40.675489],[-73.956293,40.675307]]}},{"type":"Feature","properties":{"lit":0.6471},"geometry":{"type":"LineString","coordinates":[[-73.956293,40.675307],[-73.956359,40.675124]]}},{"type":"Feature","properties":{"lit":0.6933},"geometry":{"type":"LineString","coordinates":[[-73.956359,40.675124],[-73.956386,40.67505]]}},{"type":"Feature","properties":{"lit":0.6979},"geometry":{"type":"LineString","coordinates":[[-73.956386,40.67505],[-73.956408,40.674989]]}},{"type":"Feature","properties":{"lit":0.6651},"geometry":{"type":"LineString","coordinates":[[-73.956408,40.674989],[-73.956476,40.674799]]}},{"type":"Feature","properties":{"lit":0.0344},"geometry":{"type":"LineString","coordinates":[[-73.958632,40.670808],[-73.95835,40.670752]]}},{"type":"Feature","properties":{"lit":0.0494},"geometry":{"type":"LineString","coordinates":[[-73.95835,40.670752],[-73.958068,40.670696]]}},{"type":"Feature","properties":{"lit":0.0644},"geometry":{"type":"LineString","coordinates":[[-73.958068,40.670696],[-73.957968,40.670676]]}},{"type":"Feature","properties":{"lit":0.069},"geometry":{"type":"LineString","coordinates":[[-73.957968,40.670676],[-73.957882,40.670659]]}},{"type":"Feature","properties":{"lit":0.0708},"geometry":{"type":"LineString","coordinates":[[-73.957882,40.670659],[-73.957604,40.670602]]}},{"type":"Feature","properties":{"lit":0.0503},"geometry":{"type":"LineString","coordinates":[[-73.957604,40.670602],[-73.957326,40.670546]]}},{"type":"Feature","properties":{"lit":0.024},"geometry":{"type":"LineString","coordinates":[[-73.957326,40.670546],[-73.957089,40.670495]]}},{"type":"Feature","properties":{"lit":0.0253},"geometry":{"type":"LineString","coordinates":[[-73.95332,40.678708],[-73.953086,40.678659]]}},{"type":"Feature","properties":{"lit":0.0336},"geometry":{"type":"LineString","coordinates":[[-73.953086,40.678659],[-73.952967,40.678632]]}},{"type":"Feature","properties":{"lit":0.0545},"geometry":{"type":"LineString","coordinates":[[-73.949679,40.678551],[-73.949788,40.678555]]}},{"type":"Feature","properties":{"lit":0.0468},"geometry":{"type":"LineString","coordinates":[[-73.949788,40.678555],[-73.950039,40.678569]]}},{"type":"Feature","properties":{"lit":0.0276},"geometry":{"type":"LineString","coordinates":[[-73.950039,40.678569],[-73.950291,40.678583]]}},{"type":"Feature","properties":{"lit":1.0},"geometry":{"type":"LineString","coordinates":[[-73.955028,40.679086],[-73.954717,40.679022]]}},{"type":"Feature","properties":{"lit":0.7325},"geometry":{"type":"LineString","coordinates":[[-73.954717,40.679022],[-73.954602,40.678997]]}},{"type":"Feature","properties":{"lit":0.4947},"geometry":{"type":"LineString","coordinates":[[-73.954602,40.678997],[-73.954494,40.678972]]}},{"type":"Feature","properties":{"lit":0.3068},"geometry":{"type":"LineString","coordinates":[[-73.954494,40.678972],[-73.954377,40.678942]]}},{"type":"Feature","properties":{"lit":0.1733},"geometry":{"type":"LineString","coordinates":[[-73.954377,40.678942],[-73.954265,40.678915]]}},{"type":"Feature","properties":{"lit":0.093},"geometry":{"type":"LineString","coordinates":[[-73.954265,40.678915],[-73.954156,40.678887]]}},{"type":"Feature","properties":{"lit":0.0444},"geometry":{"type":"LineString","coordinates":[[-73.954156,40.678887],[-73.954032,40.678859]]}},{"type":"Feature","properties":{"lit":0.1228},"geometry":{"type":"LineString","coordinates":[[-73.952808,40.677842],[-73.952828,40.677911]]}},{"type":"Feature","properties":{"lit":0.0985},"geometry":{"type":"LineString","coordinates":[[-73.952828,40.677911],[-73.952873,40.678134]]}},{"type":"Feature","properties":{"lit":0.0832},"geometry":{"type":"LineString","coordinates":[[-73.952873,40.678134],[-73.952902,40.678274]]}},{"type":"Feature","properties":{"lit":0.0706},"geometry":{"type":"LineString","coordinates":[[-73.952902,40.678274],[-73.952931,40.678432]]}},{"type":"Feature","properties":{"lit":0.0544},"geometry":{"type":"LineString","coordinates":[[-73.952931,40.678432],[-73.952953,40.678559]]}},{"type":"Feature","properties":{"lit":0.0406},"geometry":{"type":"LineString","coordinates":[[-73.952953,40.678559],[-73.952967,40.678632]]}},{"type":"Feature","properties":{"lit":0.0254},"geometry":{"type":"LineString","coordinates":[[-73.952967,40.678632],[-73.953004,40.678804]]}},{"type":"Feature","properties":{"lit":0.3362},"geometry":{"type":"LineString","coordinates":[[-73.952741,40.677369],[-73.952748,40.677416]]}},{"type":"Feature","properties":{"lit":0.2141},"geometry":{"type":"LineString","coordinates":[[-73.952748,40.677416],[-73.952799,40.67777]]}},{"type":"Feature","properties":{"lit":0.1409},"geometry":{"type":"LineString","coordinates":[[-73.952799,40.67777],[-73.952808,40.677842]]}},{"type":"Feature","properties":{"lit":0.0856},"geometry":{"type":"LineString","coordinates":[[-73.979584,40.660864],[-73.979468,40.660808]]}},{"type":"Feature","properties":{"lit":0.1461},"geometry":{"type":"LineString","coordinates":[[-73.968417,40.672947],[-73.968536,40.67299]]}},{"type":"Feature","properties":{"lit":0.1355},"geometry":{"type":"LineString","coordinates":[[-73.968536,40.67299],[-73.968727,40.672991]]}},{"type":"Feature","properties":{"lit":0.1215},"geometry":{"type":"LineString","coordinates":[[-73.968727,40.672991],[-73.968878,40.672995]]}},{"type":"Feature","properties":{"lit":0.1303},"geometry":{"type":"LineString","coordinates":[[-73.967789,40.672903],[-73.967701,40.672845]]}},{"type":"Feature","properties":{"lit":0.1159},"geometry":{"type":"LineString","coordinates":[[-73.967701,40.672845],[-73.967633,40.672835]]}},{"type":"Feature","properties":{"lit":0.104},"geometry":{"type":"LineString","coordinates":[[-73.967633,40.672835],[-73.967574,40.672826]]}},{"type":"Feature","properties":{"lit":0.0851},"geometry":{"type":"LineString","coordinates":[[-73.967574,40.672826],[-73.967429,40.672804]]}},{"type":"Feature","properties":{"lit":0.0597},"geometry":{"type":"LineString","coordinates":[[-73.967429,40.672804],[-73.967291,40.672784]]}},{"type":"Feature","properties":{"lit":0.0445},"geometry":{"type":"LineString","coordinates":[[-73.967291,40.672784],[-73.967213,40.672812]]}},{"type":"Feature","properties":{"lit":0.0356},"geometry":{"type":"LineString","coordinates":[[-73.968918,40.672401],[-73.968975,40.672475]]}},{"type":"Feature","properties":{"lit":0.0545},"geometry":{"type":"LineString","coordinates":[[-73.968975,40.672475],[-73.969108,40.672647]]}},{"type":"Feature","properties":{"lit":0.0776},"geometry":{"type":"LineString","coordinates":[[-73.969108,40.672647],[-73.969216,40.672795]]}},{"type":"Feature","properties":{"lit":0.1078},"geometry":{"type":"LineString","coordinates":[[-73.968394,40.67897],[-73.968458,40.678795]]}},{"type":"Feature","properties":{"lit":0.1485},"geometry":{"type":"LineString","coordinates":[[-73.968458,40.678795],[-73.968522,40.678619]]}},{"type":"Feature","properties":{"lit":0.1776},"geometry":{"type":"LineString","coordinates":[[-73.968522,40.678619],[-73.968551,40.678545]]}},{"type":"Feature","properties":{"lit":0.0228},"geometry":{"type":"LineString","coordinates":[[-73.968254,40.679352],[-73.968261,40.679333]]}},{"type":"Feature","properties":{"lit":0.0365},"geometry":{"type":"LineString","coordinates":[[-73.968261,40.679333],[-73.968328,40.679151]]}},{"type":"Feature","properties":{"lit":0.0689},"geometry":{"type":"LineString","coordinates":[[-73.968328,40.679151],[-73.968394,40.67897]]}},{"type":"Feature","properties":{"lit":0.1904},"geometry":{"type":"LineString","coordinates":[[-73.968551,40.678545],[-73.968624,40.678489]]}},{"type":"Feature","properties":{"lit":0.2097},"geometry":{"type":"LineString","coordinates":[[-73.968624,40.678489],[-73.968689,40.678304]]}},{"type":"Feature","properties":{"lit":0.2319},"geometry":{"type":"LineString","coordinates":[[-73.968689,40.678304],[-73.968755,40.678119]]}},{"type":"Feature","properties":{"lit":0.2305},"geometry":{"type":"LineString","coordinates":[[-73.968755,40.678119],[-73.96882,40.677934]]}},{"type":"Feature","properties":{"lit":0.2071},"geometry":{"type":"LineString","coordinates":[[-73.96882,40.677934],[-73.968886,40.677749]]}},{"type":"Feature","properties":{"lit":0.1868},"geometry":{"type":"LineString","coordinates":[[-73.968886,40.677749],[-73.968866,40.677667]]}},{"type":"Feature","properties":{"lit":0.0264},"geometry":{"type":"LineString","coordinates":[[-73.969341,40.676348],[-73.969406,40.676162]]}},{"type":"Feature","properties":{"lit":0.0483},"geometry":{"type":"LineString","coordinates":[[-73.969406,40.676162],[-73.969472,40.675977]]}},{"type":"Feature","properties":{"lit":0.0584},"geometry":{"type":"LineString","coordinates":[[-73.969472,40.675977],[-73.969498,40.675906]]}},{"type":"Feature","properties":{"lit":0.1748},"geometry":{"type":"LineString","coordinates":[[-73.968866,40.677667],[-73.968889,40.677599]]}},{"type":"Feature","properties":{"lit":0.1455},"geometry":{"type":"LineString","coordinates":[[-73.968889,40.677599],[-73.96896,40.67741]]}},{"type":"Feature","properties":{"lit":0.0991},"geometry":{"type":"LineString","coordinates":[[-73.96896,40.67741],[-73.96903,40.677222]]}},{"type":"Feature","properties":{"lit":0.0598},"geometry":{"type":"LineString","coordinates":[[-73.969498,40.675906],[-73.96952,40.675843]]}},{"type":"Feature","properties":{"lit":0.0558},"geometry":{"type":"LineString","coordinates":[[-73.96952,40.675843],[-73.969585,40.675658]]}},{"type":"Feature","properties":{"lit":0.0531},"geometry":{"type":"LineString","coordinates":[[-73.96903,40.677222],[-73.969093,40.67704]]}},{"type":"Feature","properties":{"lit":0.0219},"geometry":{"type":"LineString","coordinates":[[-73.969093,40.67704],[-73.969156,40.676859]]}},{"type":"Feature","properties":{"lit":0.028},"geometry":{"type":"LineString","coordinates":[[-73.969688,40.675367],[-73.969729,40.675268]]}},{"type":"Feature","properties":{"lit":0.0338},"geometry":{"type":"LineString","coordinates":[[-73.969729,40.675268],[-73.969802,40.675076]]}},{"type":"Feature","properties":{"lit":0.2273},"geometry":{"type":"LineString","coordinates":[[-73.962953,40.673584],[-73.962935,40.673497]]}},{"type":"Feature","properties":{"lit":0.2333},"geometry":{"type":"LineString","coordinates":[[-73.962935,40.673497],[-73.962904,40.673342]]}},{"type":"Feature","properties":{"lit":0.1221},"geometry":{"type":"LineString","coordinates":[[-73.96302,40.673945],[-73.962973,40.673692]]}},{"type":"Feature","properties":{"lit":0.2002},"geometry":{"type":"LineString","coordinates":[[-73.962973,40.673692],[-73.962953,40.673584]]}},{"type":"Feature","properties":{"lit":0.0482},"geometry":{"type":"LineString","coordinates":[[-73.981582,40.666888],[-73.981651,40.666805]]}},{"type":"Feature","properties":{"lit":0.0451},"geometry":{"type":"LineString","coordinates":[[-73.981651,40.666805],[-73.981682,40.666768]]}},{"type":"Feature","properties":{"lit":0.0334},"geometry":{"type":"LineString","coordinates":[[-73.981682,40.666768],[-73.981855,40.666561]]}},{"type":"Feature","properties":{"lit":0.0239},"geometry":{"type":"LineString","coordinates":[[-73.984266,40.663674],[-73.984403,40.663509]]}},{"type":"Feature","properties":{"lit":0.0403},"geometry":{"type":"LineString","coordinates":[[-73.984403,40.663509],[-73.98454,40.663345]]}},{"type":"Feature","properties":{"lit":0.0457},"geometry":{"type":"LineString","coordinates":[[-73.98454,40.663345],[-73.984591,40.663284]]}},{"type":"Feature","properties":{"lit":0.0452},"geometry":{"type":"LineString","coordinates":[[-73.984591,40.663284],[-73.984642,40.663223]]}},{"type":"Feature","properties":{"lit":0.0436},"geometry":{"type":"LineString","coordinates":[[-73.984642,40.663223],[-73.984656,40.663206]]}},{"type":"Feature","properties":{"lit":0.037},"geometry":{"type":"LineString","coordinates":[[-73.984656,40.663206],[-73.984789,40.663047]]}},{"type":"Feature","properties":{"lit":0.0205},"geometry":{"type":"LineString","coordinates":[[-73.984789,40.663047],[-73.984922,40.662888]]}},{"type":"Feature","properties":{"lit":0.0602},"geometry":{"type":"LineString","coordinates":[[-73.986407,40.661195],[-73.986625,40.660985]]}},{"type":"Feature","properties":{"lit":0.1164},"geometry":{"type":"LineString","coordinates":[[-73.986625,40.660985],[-73.986682,40.66093]]}},{"type":"Feature","properties":{"lit":0.138},"geometry":{"type":"LineString","coordinates":[[-73.986682,40.66093],[-73.986728,40.660885]]}},{"type":"Feature","properties":{"lit":0.158},"geometry":{"type":"LineString","coordinates":[[-73.986728,40.660885],[-73.986793,40.660823]]}},{"type":"Feature","properties":{"lit":0.1802},"geometry":{"type":"LineString","coordinates":[[-73.986793,40.660823],[-73.987047,40.660578]]}},{"type":"Feature","properties":{"lit":0.6681},"geometry":{"type":"LineString","coordinates":[[-73.95451,40.679108],[-73.954852,40.679179]]}},{"type":"Feature","properties":{"lit":1.0},"geometry":{"type":"LineString","coordinates":[[-73.954852,40.679179],[-73.955194,40.67925]]}},{"type":"Feature","properties":{"lit":1.0},"geometry":{"type":"LineString","coordinates":[[-73.955194,40.67925],[-73.955292,40.67927]]}},{"type":"Feature","properties":{"lit":0.1656},"geometry":{"type":"LineString","coordinates":[[-73.954165,40.679037],[-73.95451,40.679108]]}},{"type":"Feature","properties":{"lit":0.5307},"geometry":{"type":"LineString","coordinates":[[-73.952651,40.677028],[-73.952665,40.677096]]}},{"type":"Feature","properties":{"lit":0.5185},"geometry":{"type":"LineString","coordinates":[[-73.952665,40.677096],[-73.952673,40.677133]]}},{"type":"Feature","properties":{"lit":0.4886},"geometry":{"type":"LineString","coordinates":[[-73.952673,40.677133],[-73.952692,40.67723]]}},{"type":"Feature","properties":{"lit":0.4077},"geometry":{"type":"LineString","coordinates":[[-73.952692,40.67723],[-73.952741,40.677369]]}},{"type":"Feature","properties":{"lit":0.5091},"geometry":{"type":"LineString","coordinates":[[-73.952638,40.676933],[-73.952638,40.676941]]}},{"type":"Feature","properties":{"lit":0.5251},"geometry":{"type":"LineString","coordinates":[[-73.952638,40.676941],[-73.952651,40.677028]]}},{"type":"Feature","properties":{"lit":0.0319},"geometry":{"type":"LineString","coordinates":[[-73.959549,40.671001],[-73.95932,40.670953]]}},{"type":"Feature","properties":{"lit":0.0439},"geometry":{"type":"LineString","coordinates":[[-73.95932,40.670953],[-73.959091,40.670905]]}},{"type":"Feature","properties":{"lit":0.0463},"geometry":{"type":"LineString","coordinates":[[-73.959091,40.670905],[-73.958861,40.670856]]}},{"type":"Feature","properties":{"lit":0.0387},"geometry":{"type":"LineString","coordinates":[[-73.958861,40.670856],[-73.958632,40.670808]]}},{"type":"Feature","properties":{"lit":0.1107},"geometry":{"type":"LineString","coordinates":[[-73.968984,40.672879],[-73.968876,40.672896]]}},{"type":"Feature","properties":{"lit":0.1221},"geometry":{"type":"LineString","coordinates":[[-73.968876,40.672896],[-73.968723,40.672902]]}},{"type":"Feature","properties":{"lit":0.1364},"geometry":{"type":"LineString","coordinates":[[-73.968723,40.672902],[-73.968531,40.672912]]}},{"type":"Feature","properties":{"lit":0.1471},"geometry":{"type":"LineString","coordinates":[[-73.968531,40.672912],[-73.968417,40.672947]]}},{"type":"Feature","properties":{"lit":0.0291},"geometry":{"type":"LineString","coordinates":[[-73.969688,40.675367],[-73.969763,40.675404]]}},{"type":"Feature","properties":{"lit":0.0311},"geometry":{"type":"LineString","coordinates":[[-73.969763,40.675404],[-73.969817,40.675429]]}},{"type":"Feature","properties":{"lit":0.0317},"geometry":{"type":"LineString","coordinates":[[-73.969817,40.675429],[-73.969881,40.675453]]}},{"type":"Feature","properties":{"lit":0.0316},"geometry":{"type":"LineString","coordinates":[[-73.969881,40.675453],[-73.969981,40.675482]]}},{"type":"Feature","properties":{"lit":0.0307},"geometry":{"type":"LineString","coordinates":[[-73.969981,40.675482],[-73.970097,40.675505]]}},{"type":"Feature","properties":{"lit":0.03},"geometry":{"type":"LineString","coordinates":[[-73.970097,40.675505],[-73.970241,40.675518]]}},{"type":"Feature","properties":{"lit":0.0317},"geometry":{"type":"LineString","coordinates":[[-73.970241,40.675518],[-73.970388,40.675514]]}},{"type":"Feature","properties":{"lit":0.0382},"geometry":{"type":"LineString","coordinates":[[-73.970388,40.675514],[-73.970521,40.675495]]}},{"type":"Feature","properties":{"lit":0.0459},"geometry":{"type":"LineString","coordinates":[[-73.970521,40.675495],[-73.970629,40.675468]]}},{"type":"Feature","properties":{"lit":0.0556},"geometry":{"type":"LineString","coordinates":[[-73.970629,40.675468],[-73.970739,40.675429]]}},{"type":"Feature","properties":{"lit":0.0648},"geometry":{"type":"LineString","coordinates":[[-73.970739,40.675429],[-73.97084,40.675381]]}},{"type":"Feature","properties":{"lit":0.0714},"geometry":{"type":"LineString","coordinates":[[-73.97084,40.675381],[-73.97094,40.67532]]}},{"type":"Feature","properties":{"lit":0.0725},"geometry":{"type":"LineString","coordinates":[[-73.97094,40.67532],[-73.971046,40.675248]]}},{"type":"Feature","properties":{"lit":0.0949},"geometry":{"type":"LineString","coordinates":[[-73.969216,40.672795],[-73.968984,40.672879]]}},{"type":"Feature","properties":{"lit":0.0382},"geometry":{"type":"LineString","coordinates":[[-73.969585,40.675658],[-73.969657,40.675452]]}},{"type":"Feature","properties":{"lit":0.029},"geometry":{"type":"LineString","coordinates":[[-73.969657,40.675452],[-73.969688,40.675367]]}},{"type":"Feature","properties":{"lit":0.1446},"geometry":{"type":"LineString","coordinates":[[-73.987047,40.660578],[-73.987126,40.660502]]}},{"type":"Feature","properties":{"lit":0.2791},"geometry":{"type":"LineString","coordinates":[[-73.957339,40.672414],[-73.957254,40.672396]]}},{"type":"Feature","properties":{"lit":0.1638},"geometry":{"type":"LineString","coordinates":[[-73.957254,40.672396],[-73.957041,40.672351]]}},{"type":"Feature","properties":{"lit":0.0498},"geometry":{"type":"LineString","coordinates":[[-73.957041,40.672351],[-73.95676,40.672292]]}},{"type":"Feature","properties":{"lit":0.3388},"geometry":{"type":"LineString","coordinates":[[-73.903537,40.67881],[-73.90346,40.678743]]}},{"type":"Feature","properties":{"lit":0.3022},"geometry":{"type":"LineString","coordinates":[[-73.90346,40.678743],[-73.903421,40.678547]]}},{"type":"Feature","properties":{"lit":0.1929},"geometry":{"type":"LineString","coordinates":[[-73.903421,40.678547],[-73.903382,40.678351]]}},{"type":"Feature","properties":{"lit":0.0872},"geometry":{"type":"LineString","coordinates":[[-73.903382,40.678351],[-73.903344,40.678156]]}},{"type":"Feature","properties":{"lit":0.0278},"geometry":{"type":"LineString","coordinates":[[-73.903344,40.678156],[-73.903305,40.67796]]}},{"type":"Feature","properties":{"lit":0.0916},"geometry":{"type":"LineString","coordinates":[[-73.979584,40.660864],[-73.97957,40.660882]]}},{"type":"Feature","properties":{"lit":0.0919},"geometry":{"type":"LineString","coordinates":[[-73.97957,40.660882],[-73.979558,40.660901]]}},{"type":"Feature","properties":{"lit":0.0924},"geometry":{"type":"LineString","coordinates":[[-73.979558,40.660901],[-73.979539,40.660951]]}},{"type":"Feature","properties":{"lit":0.0924},"geometry":{"type":"LineString","coordinates":[[-73.979539,40.660951],[-73.979535,40.660999]]}},{"type":"Feature","properties":{"lit":0.0915},"geometry":{"type":"LineString","coordinates":[[-73.979535,40.660999],[-73.979542,40.661048]]}},{"type":"Feature","properties":{"lit":0.0575},"geometry":{"type":"LineString","coordinates":[[-73.979592,40.661328],[-73.979625,40.661304]]}},{"type":"Feature","properties":{"lit":0.0615},"geometry":{"type":"LineString","coordinates":[[-73.979625,40.661304],[-73.979677,40.661267]]}},{"type":"Feature","properties":{"lit":0.0649},"geometry":{"type":"LineString","coordinates":[[-73.979677,40.661267],[-73.979731,40.661236]]}},{"type":"Feature","properties":{"lit":0.0374},"geometry":{"type":"LineString","coordinates":[[-73.970408,40.673281],[-73.97034,40.673132]]}},{"type":"Feature","properties":{"lit":0.0386},"geometry":{"type":"LineString","coordinates":[[-73.97034,40.673132],[-73.970257,40.672952]]}},{"type":"Feature","properties":{"lit":0.0445},"geometry":{"type":"LineString","coordinates":[[-73.970257,40.672952],[-73.970213,40.672875]]}},{"type":"Feature","properties":{"lit":0.0502},"geometry":{"type":"LineString","coordinates":[[-73.970213,40.672875],[-73.970173,40.672819]]}},{"type":"Feature","properties":{"lit":0.0573},"geometry":{"type":"LineString","coordinates":[[-73.970173,40.672819],[-73.970116,40.672738]]}},{"type":"Feature","properties":{"lit":0.0937},"geometry":{"type":"LineString","coordinates":[[-73.96962,40.672775],[-73.969621,40.673035]]}},{"type":"Feature","properties":{"lit":0.089},"geometry":{"type":"LineString","coordinates":[[-73.969621,40.673035],[-73.969623,40.673296]]}},{"type":"Feature","properties":{"lit":0.0693},"geometry":{"type":"LineString","coordinates":[[-73.969623,40.673296],[-73.969568,40.6735]]}},{"type":"Feature","properties":{"lit":0.0488},"geometry":{"type":"LineString","coordinates":[[-73.971909,40.676425],[-73.972127,40.676491]]}},{"type":"Feature","properties":{"lit":0.0309},"geometry":{"type":"LineString","coordinates":[[-73.972127,40.676491],[-73.972268,40.676539]]}},{"type":"Feature","properties":{"lit":0.0315},"geometry":{"type":"LineString","coordinates":[[-73.974115,40.679461],[-73.97399,40.67929]]}},{"type":"Feature","properties":{"lit":0.0525},"geometry":{"type":"LineString","coordinates":[[-73.97399,40.67929],[-73.973866,40.679119]]}},{"type":"Feature","properties":{"lit":0.0583},"geometry":{"type":"LineString","coordinates":[[-73.973866,40.679119],[-73.973741,40.678947]]}},{"type":"Feature","properties":{"lit":0.0431},"geometry":{"type":"LineString","coordinates":[[-73.973741,40.678947],[-73.973617,40.678776]]}},{"type":"Feature","properties":{"lit":0.0257},"geometry":{"type":"LineString","coordinates":[[-73.973617,40.678776],[-73.973547,40.67868]]}},{"type":"Feature","properties":{"lit":0.0623},"geometry":{"type":"LineString","coordinates":[[-73.969167,40.678674],[-73.968928,40.678624]]}},{"type":"Feature","properties":{"lit":0.1284},"geometry":{"type":"LineString","coordinates":[[-73.968928,40.678624],[-73.968689,40.678574]]}},{"type":"Feature","properties":{"lit":0.1753},"geometry":{"type":"LineString","coordinates":[[-73.968689,40.678574],[-73.968551,40.678545]]}},{"type":"Feature","properties":{"lit":0.0319},"geometry":{"type":"LineString","coordinates":[[-73.973119,40.67809],[-73.973089,40.678048]]}},{"type":"Feature","properties":{"lit":0.0387},"geometry":{"type":"LineString","coordinates":[[-73.973089,40.678048],[-73.973051,40.677997]]}},{"type":"Feature","properties":{"lit":0.0283},"geometry":{"type":"LineString","coordinates":[[-73.973547,40.67868],[-73.973768,40.678748]]}},{"type":"Feature","properties":{"lit":0.0418},"geometry":{"type":"LineString","coordinates":[[-73.973768,40.678748],[-73.97393,40.678797]]}},{"type":"Feature","properties":{"lit":0.0483},"geometry":{"type":"LineString","coordinates":[[-73.97393,40.678797],[-73.97415,40.678882]]}},{"type":"Feature","properties":{"lit":0.0411},"geometry":{"type":"LineString","coordinates":[[-73.97415,40.678882],[-73.974369,40.678966]]}},{"type":"Feature","properties":{"lit":0.0241},"geometry":{"type":"LineString","coordinates":[[-73.974369,40.678966],[-73.974588,40.679051]]}},{"type":"Feature","properties":{"lit":0.0624},"geometry":{"type":"LineString","coordinates":[[-73.972453,40.677173],[-73.972516,40.677259]]}},{"type":"Feature","properties":{"lit":0.0738},"geometry":{"type":"LineString","coordinates":[[-73.972516,40.677259],[-73.972664,40.677462]]}},{"type":"Feature","properties":{"lit":0.0783},"geometry":{"type":"LineString","coordinates":[[-73.972664,40.677462],[-73.972717,40.677537]]}},{"type":"Feature","properties":{"lit":0.0794},"geometry":{"type":"LineString","coordinates":[[-73.972717,40.677537],[-73.972539,40.677498]]}},{"type":"Feature","properties":{"lit":0.0772},"geometry":{"type":"LineString","coordinates":[[-73.972539,40.677498],[-73.972414,40.677471]]}},{"type":"Feature","properties":{"lit":0.0734},"geometry":{"type":"LineString","coordinates":[[-73.972414,40.677471],[-73.972348,40.677457]]}},{"type":"Feature","properties":{"lit":0.0458},"geometry":{"type":"LineString","coordinates":[[-73.970263,40.674664],[-73.970352,40.674701]]}},{"type":"Feature","properties":{"lit":0.0474},"geometry":{"type":"LineString","coordinates":[[-73.970352,40.674701],[-73.970571,40.674795]]}},{"type":"Feature","properties":{"lit":0.0491},"geometry":{"type":"LineString","coordinates":[[-73.970571,40.674795],[-73.970683,40.674847]]}},{"type":"Feature","properties":{"lit":0.052},"geometry":{"type":"LineString","coordinates":[[-73.970683,40.674847],[-73.97083,40.674927]]}},{"type":"Feature","properties":{"lit":0.043},"geometry":{"type":"LineString","coordinates":[[-73.970263,40.674664],[-73.97033,40.674606]]}},{"type":"Feature","properties":{"lit":0.0381},"geometry":{"type":"LineString","coordinates":[[-73.97033,40.674606],[-73.970423,40.674534]]}},{"type":"Feature","properties":{"lit":0.0334},"geometry":{"type":"LineString","coordinates":[[-73.970423,40.674534],[-73.970485,40.674482]]}},{"type":"Feature","properties":{"lit":0.0299},"geometry":{"type":"LineString","coordinates":[[-73.970485,40.674482],[-73.970547,40.674428]]}},{"type":"Feature","properties":{"lit":0.025},"geometry":{"type":"LineString","coordinates":[[-73.970547,40.674428],[-73.970655,40.67435]]}},{"type":"Feature","properties":{"lit":0.0708},"geometry":{"type":"LineString","coordinates":[[-73.971046,40.675248],[-73.970981,40.675152]]}},{"type":"Feature","properties":{"lit":0.0701},"geometry":{"type":"LineString","coordinates":[[-73.970981,40.675152],[-73.970969,40.675133]]}},{"type":"Feature","properties":{"lit":0.0632},"geometry":{"type":"LineString","coordinates":[[-73.970969,40.675133],[-73.97083,40.674927]]}},{"type":"Feature","properties":{"lit":0.0499},"geometry":{"type":"LineString","coordinates":[[-73.973251,40.677714],[-73.973182,40.677687]]}},{"type":"Feature","properties":{"lit":0.065},"geometry":{"type":"LineString","coordinates":[[-73.973182,40.677687],[-73.972907,40.677578]]}},{"type":"Feature","properties":{"lit":0.0741},"geometry":{"type":"LineString","coordinates":[[-73.972907,40.677578],[-73.972847,40.677566]]}},{"type":"Feature","properties":{"lit":0.0259},"geometry":{"type":"LineString","coordinates":[[-73.966874,40.676301],[-73.966634,40.676251]]}},{"type":"Feature","properties":{"lit":0.0436},"geometry":{"type":"LineString","coordinates":[[-73.966634,40.676251],[-73.966393,40.6762]]}},{"type":"Feature","properties":{"lit":0.0502},"geometry":{"type":"LineString","coordinates":[[-73.966393,40.6762],[-73.966296,40.67618]]}},{"type":"Feature","properties":{"lit":0.0502},"geometry":{"type":"LineString","coordinates":[[-73.966296,40.67618],[-73.966218,40.676164]]}},{"type":"Feature","properties":{"lit":0.0445},"geometry":{"type":"LineString","coordinates":[[-73.966218,40.676164],[-73.965989,40.676116]]}},{"type":"Feature","properties":{"lit":0.0287},"geometry":{"type":"LineString","coordinates":[[-73.965989,40.676116],[-73.965759,40.676068]]}},{"type":"Feature","properties":{"lit":0.0362},"geometry":{"type":"LineString","coordinates":[[-73.980132,40.661175],[-73.98015,40.661158]]}},{"type":"Feature","properties":{"lit":0.0361},"geometry":{"type":"LineString","coordinates":[[-73.98015,40.661158],[-73.980175,40.66113]]}},{"type":"Feature","properties":{"lit":0.0359},"geometry":{"type":"LineString","coordinates":[[-73.980175,40.66113],[-73.980192,40.661108]]}},{"type":"Feature","properties":{"lit":0.0367},"geometry":{"type":"LineString","coordinates":[[-73.980192,40.661108],[-73.980211,40.66106]]}},{"type":"Feature","properties":{"lit":0.0384},"geometry":{"type":"LineString","coordinates":[[-73.980211,40.66106],[-73.98022,40.661018]]}},{"type":"Feature","properties":{"lit":0.0405},"geometry":{"type":"LineString","coordinates":[[-73.98022,40.661018],[-73.980219,40.660977]]}},{"type":"Feature","properties":{"lit":0.0432},"geometry":{"type":"LineString","coordinates":[[-73.980219,40.660977],[-73.98021,40.660936]]}},{"type":"Feature","properties":{"lit":0.0466},"geometry":{"type":"LineString","coordinates":[[-73.98021,40.660936],[-73.980193,40.660897]]}},{"type":"Feature","properties":{"lit":0.0504},"geometry":{"type":"LineString","coordinates":[[-73.980193,40.660897],[-73.980167,40.66086]]}},{"type":"Feature","properties":{"lit":0.0547},"geometry":{"type":"LineString","coordinates":[[-73.980167,40.66086],[-73.980134,40.660827]]}},{"type":"Feature","properties":{"lit":0.0588},"geometry":{"type":"LineString","coordinates":[[-73.980134,40.660827],[-73.980102,40.660803]]}},{"type":"Feature","properties":{"lit":0.0633},"geometry":{"type":"LineString","coordinates":[[-73.980102,40.660803],[-73.980053,40.660776]]}},{"type":"Feature","properties":{"lit":0.0373},"geometry":{"type":"LineString","coordinates":[[-73.958019,40.670532],[-73.958048,40.670453]]}},{"type":"Feature","properties":{"lit":0.0279},"geometry":{"type":"LineString","coordinates":[[-73.958048,40.670453],[-73.958068,40.670399]]}},{"type":"Feature","properties":{"lit":0.0895},"geometry":{"type":"LineString","coordinates":[[-73.957897,40.670872],[-73.957928,40.670785]]}},{"type":"Feature","properties":{"lit":0.0759},"geometry":{"type":"LineString","coordinates":[[-73.957928,40.670785],[-73.957968,40.670676]]}},{"type":"Feature","properties":{"lit":0.066},"geometry":{"type":"LineString","coordinates":[[-73.971909,40.676425],[-73.971842,40.676337]]}},{"type":"Feature","properties":{"lit":0.0796},"geometry":{"type":"LineString","coordinates":[[-73.971842,40.676337],[-73.971718,40.676162]]}},{"type":"Feature","properties":{"lit":0.0858},"geometry":{"type":"LineString","coordinates":[[-73.971718,40.676162],[-73.971587,40.675981]]}},{"type":"Feature","properties":{"lit":0.0821},"geometry":{"type":"LineString","coordinates":[[-73.971587,40.675981],[-73.971455,40.675799]]}},{"type":"Feature","properties":{"lit":0.0752},"geometry":{"type":"LineString","coordinates":[[-73.971455,40.675799],[-73.971428,40.675762]]}},{"type":"Feature","properties":{"lit":0.0723},"geometry":{"type":"LineString","coordinates":[[-73.971428,40.675762],[-73.9714,40.675723]]}},{"type":"Feature","properties":{"lit":0.0691},"geometry":{"type":"LineString","coordinates":[[-73.9714,40.675723],[-73.971365,40.675677]]}},{"type":"Feature","properties":{"lit":0.0624},"geometry":{"type":"LineString","coordinates":[[-73.971365,40.675677],[-73.971231,40.675498]]}},{"type":"Feature","properties":{"lit":0.0633},"geometry":{"type":"LineString","coordinates":[[-73.971231,40.675498],[-73.971098,40.675318]]}},{"type":"Feature","properties":{"lit":0.0691},"geometry":{"type":"LineString","coordinates":[[-73.971098,40.675318],[-73.971046,40.675248]]}},{"type":"Feature","properties":{"lit":0.0562},"geometry":{"type":"LineString","coordinates":[[-73.969498,40.675906],[-73.969638,40.675936]]}},{"type":"Feature","properties":{"lit":0.0414},"geometry":{"type":"LineString","coordinates":[[-73.969638,40.675936],[-73.969869,40.675985]]}},{"type":"Feature","properties":{"lit":0.0206},"geometry":{"type":"LineString","coordinates":[[-73.969869,40.675985],[-73.9701,40.676034]]}},{"type":"Feature","properties":{"lit":0.0375},"geometry":{"type":"LineString","coordinates":[[-73.971024,40.67623],[-73.971255,40.676279]]}},{"type":"Feature","properties":{"lit":0.058},"geometry":{"type":"LineString","coordinates":[[-73.971255,40.676279],[-73.971485,40.676328]]}},{"type":"Feature","properties":{"lit":0.0708},"geometry":{"type":"LineString","coordinates":[[-73.971485,40.676328],[-73.971716,40.676378]]}},{"type":"Feature","properties":{"lit":0.0668},"geometry":{"type":"LineString","coordinates":[[-73.971716,40.676378],[-73.971909,40.676425]]}},{"type":"Feature","properties":{"lit":0.341},"geometry":{"type":"LineString","coordinates":[[-73.960709,40.673122],[-73.960623,40.673104]]}},{"type":"Feature","properties":{"lit":0.2492},"geometry":{"type":"LineString","coordinates":[[-73.960623,40.673104],[-73.960362,40.673049]]}},{"type":"Feature","properties":{"lit":0.142},"geometry":{"type":"LineString","coordinates":[[-73.960362,40.673049],[-73.96023,40.673022]]}},{"type":"Feature","properties":{"lit":0.0637},"geometry":{"type":"LineString","coordinates":[[-73.96023,40.673022],[-73.959959,40.672965]]}},{"type":"Feature","properties":{"lit":0.0355},"geometry":{"type":"LineString","coordinates":[[-73.958872,40.672736],[-73.958532,40.672665]]}},{"type":"Feature","properties":{"lit":0.0406},"geometry":{"type":"LineString","coordinates":[[-73.969813,40.672197],[-73.969791,40.672107]]}},{"type":"Feature","properties":{"lit":0.0378},"geometry":{"type":"LineString","coordinates":[[-73.969791,40.672107],[-73.96976,40.671983]]}},{"type":"Feature","properties":{"lit":0.046},"geometry":{"type":"LineString","coordinates":[[-73.96976,40.671983],[-73.969728,40.671821]]}},{"type":"Feature","properties":{"lit":0.057},"geometry":{"type":"LineString","coordinates":[[-73.969728,40.671821],[-73.969724,40.671769]]}},{"type":"Feature","properties":{"lit":0.0645},"geometry":{"type":"LineString","coordinates":[[-73.969724,40.671769],[-73.96973,40.671687]]}},{"type":"Feature","properties":{"lit":0.071},"geometry":{"type":"LineString","coordinates":[[-73.96973,40.671687],[-73.969733,40.671645]]}},{"type":"Feature","properties":{"lit":0.0749},"geometry":{"type":"LineString","coordinates":[[-73.969733,40.671645],[-73.969739,40.671604]]}},{"type":"Feature","properties":{"lit":0.0787},"geometry":{"type":"LineString","coordinates":[[-73.969739,40.671604],[-73.969763,40.671532]]}},{"type":"Feature","properties":{"lit":0.0822},"geometry":{"type":"LineString","coordinates":[[-73.969763,40.671532],[-73.969791,40.671471]]}},{"type":"Feature","properties":{"lit":0.0831},"geometry":{"type":"LineString","coordinates":[[-73.969791,40.671471],[-73.969825,40.671422]]}},{"type":"Feature","properties":{"lit":0.0822},"geometry":{"type":"LineString","coordinates":[[-73.969825,40.671422],[-73.969861,40.671373]]}},{"type":"Feature","properties":{"lit":0.0795},"geometry":{"type":"LineString","coordinates":[[-73.969861,40.671373],[-73.969906,40.671327]]}},{"type":"Feature","properties":{"lit":0.0756},"geometry":{"type":"LineString","coordinates":[[-73.969906,40.671327],[-73.969957,40.671284]]}},{"type":"Feature","properties":{"lit":0.0647},"geometry":{"type":"LineString","coordinates":[[-73.969957,40.671284],[-73.970087,40.671207]]}},{"type":"Feature","properties":{"lit":0.051},"geometry":{"type":"LineString","coordinates":[[-73.970087,40.671207],[-73.970158,40.671163]]}},{"type":"Feature","properties":{"lit":0.0435},"geometry":{"type":"LineString","coordinates":[[-73.970158,40.671163],[-73.970264,40.6711]]}},{"type":"Feature","properties":{"lit":0.0315},"geometry":{"type":"LineString","coordinates":[[-73.970264,40.6711],[-73.970422,40.671005]]}},{"type":"Feature","properties":{"lit":0.063},"geometry":{"type":"LineString","coordinates":[[-73.979731,40.661236],[-73.979788,40.661251]]}},{"type":"Feature","properties":{"lit":0.057},"geometry":{"type":"LineString","coordinates":[[-73.979788,40.661251],[-73.979847,40.661259]]}},{"type":"Feature","properties":{"lit":0.0516},"geometry":{"type":"LineString","coordinates":[[-73.979847,40.661259],[-73.979907,40.661259]]}},{"type":"Feature","properties":{"lit":0.0468},"geometry":{"type":"LineString","coordinates":[[-73.979907,40.661259],[-73.979966,40.661251]]}},{"type":"Feature","properties":{"lit":0.0428},"geometry":{"type":"LineString","coordinates":[[-73.979966,40.661251],[-73.980023,40.661236]]}},{"type":"Feature","properties":{"lit":0.0397},"geometry":{"type":"LineString","coordinates":[[-73.980023,40.661236],[-73.980075,40.661213]]}},{"type":"Feature","properties":{"lit":0.0376},"geometry":{"type":"LineString","coordinates":[[-73.980075,40.661213],[-73.980124,40.661181]]}},{"type":"Feature","properties":{"lit":0.0364},"geometry":{"type":"LineString","coordinates":[[-73.980124,40.661181],[-73.980132,40.661175]]}},{"type":"Feature","properties":{"lit":0.5689},"geometry":{"type":"LineString","coordinates":[[-73.960074,40.674878],[-73.960047,40.674954]]}},{"type":"Feature","properties":{"lit":0.5482},"geometry":{"type":"LineString","coordinates":[[-73.960047,40.674954],[-73.959981,40.675138]]}},{"type":"Feature","properties":{"lit":0.5086},"geometry":{"type":"LineString","coordinates":[[-73.959981,40.675138],[-73.959914,40.675322]]}},{"type":"Feature","properties":{"lit":0.4692},"geometry":{"type":"LineString","coordinates":[[-73.959914,40.675322],[-73.959848,40.675506]]}},{"type":"Feature","properties":{"lit":0.4239},"geometry":{"type":"LineString","coordinates":[[-73.959848,40.675506],[-73.959782,40.675691]]}},{"type":"Feature","properties":{"lit":0.3971},"geometry":{"type":"LineString","coordinates":[[-73.959782,40.675691],[-73.959758,40.675756]]}},{"type":"Feature","properties":{"lit":0.3867},"geometry":{"type":"LineString","coordinates":[[-73.959758,40.675756],[-73.959731,40.675829]]}},{"type":"Feature","properties":{"lit":0.3944},"geometry":{"type":"LineString","coordinates":[[-73.959731,40.675829],[-73.959663,40.676012]]}},{"type":"Feature","properties":{"lit":0.5165},"geometry":{"type":"LineString","coordinates":[[-73.959663,40.676012],[-73.959596,40.676194]]}},{"type":"Feature","properties":{"lit":0.749},"geometry":{"type":"LineString","coordinates":[[-73.959596,40.676194],[-73.959528,40.676376]]}},{"type":"Feature","properties":{"lit":0.9431},"geometry":{"type":"LineString","coordinates":[[-73.959528,40.676376],[-73.959461,40.676558]]}},{"type":"Feature","properties":{"lit":0.9684},"geometry":{"type":"LineString","coordinates":[[-73.959461,40.676558],[-73.959433,40.676633]]}},{"type":"Feature","properties":{"lit":0.9365},"geometry":{"type":"LineString","coordinates":[[-73.959433,40.676633],[-73.959401,40.676719]]}},{"type":"Feature","properties":{"lit":0.8281},"geometry":{"type":"LineString","coordinates":[[-73.959401,40.676719],[-73.959326,40.676921]]}},{"type":"Feature","properties":{"lit":0.7056},"geometry":{"type":"LineString","coordinates":[[-73.959326,40.676921],[-73.959251,40.677124]]}},{"type":"Feature","properties":{"lit":0.7587},"geometry":{"type":"LineString","coordinates":[[-73.959251,40.677124],[-73.959132,40.677445]]}},{"type":"Feature","properties":{"lit":0.843},"geometry":{"type":"LineString","coordinates":[[-73.959132,40.677445],[-73.959107,40.677513]]}},{"type":"Feature","properties":{"lit":0.8551},"geometry":{"type":"LineString","coordinates":[[-73.959107,40.677513],[-73.959083,40.677581]]}},{"type":"Feature","properties":{"lit":0.8331},"geometry":{"type":"LineString","coordinates":[[-73.959083,40.677581],[-73.959011,40.677793]]}},{"type":"Feature","properties":{"lit":0.7642},"geometry":{"type":"LineString","coordinates":[[-73.959011,40.677793],[-73.958939,40.678005]]}},{"type":"Feature","properties":{"lit":0.7941},"geometry":{"type":"LineString","coordinates":[[-73.958939,40.678005],[-73.958867,40.678217]]}},{"type":"Feature","properties":{"lit":0.8698},"geometry":{"type":"LineString","coordinates":[[-73.958867,40.678217],[-73.958844,40.678282]]}},{"type":"Feature","properties":{"lit":0.9107},"geometry":{"type":"LineString","coordinates":[[-73.958844,40.678282],[-73.95882,40.678352]]}},{"type":"Feature","properties":{"lit":0.9943},"geometry":{"type":"LineString","coordinates":[[-73.95882,40.678352],[-73.958744,40.678559]]}},{"type":"Feature","properties":{"lit":0.0279},"geometry":{"type":"LineString","coordinates":[[-73.961292,40.671487],[-73.961258,40.671576]]}},{"type":"Feature","properties":{"lit":0.0352},"geometry":{"type":"LineString","coordinates":[[-73.961258,40.671576],[-73.96124,40.671628]]}},{"type":"Feature","properties":{"lit":0.0453},"geometry":{"type":"LineString","coordinates":[[-73.96124,40.671628],[-73.961177,40.671811]]}},{"type":"Feature","properties":{"lit":0.0518},"geometry":{"type":"LineString","coordinates":[[-73.961177,40.671811],[-73.961115,40.671994]]}},{"type":"Feature","properties":{"lit":0.0466},"geometry":{"type":"LineString","coordinates":[[-73.961115,40.671994],[-73.961052,40.672176]]}},{"type":"Feature","properties":{"lit":0.0452},"geometry":{"type":"LineString","coordinates":[[-73.961052,40.672176],[-73.961029,40.672244]]}},{"type":"Feature","properties":{"lit":0.0485},"geometry":{"type":"LineString","coordinates":[[-73.961029,40.672244],[-73.961003,40.672315]]}},{"type":"Feature","properties":{"lit":0.0626},"geometry":{"type":"LineString","coordinates":[[-73.961003,40.672315],[-73.960935,40.672502]]}},{"type":"Feature","properties":{"lit":0.0988},"geometry":{"type":"LineString","coordinates":[[-73.960935,40.672502],[-73.960866,40.672689]]}},{"type":"Feature","properties":{"lit":0.1519},"geometry":{"type":"LineString","coordinates":[[-73.960866,40.672689],[-73.960798,40.672876]]}},{"type":"Feature","properties":{"lit":0.2407},"geometry":{"type":"LineString","coordinates":[[-73.960798,40.672876],[-73.96073,40.673062]]}},{"type":"Feature","properties":{"lit":0.3308},"geometry":{"type":"LineString","coordinates":[[-73.96073,40.673062],[-73.960709,40.673122]]}},{"type":"Feature","properties":{"lit":0.3962},"geometry":{"type":"LineString","coordinates":[[-73.960709,40.673122],[-73.960684,40.673192]]}},{"type":"Feature","properties":{"lit":0.5839},"geometry":{"type":"LineString","coordinates":[[-73.960684,40.673192],[-73.960613,40.67339]]}},{"type":"Feature","properties":{"lit":0.9442},"geometry":{"type":"LineString","coordinates":[[-73.960613,40.67339],[-73.960541,40.673588]]}},{"type":"Feature","properties":{"lit":0.0265},"geometry":{"type":"LineString","coordinates":[[-73.971678,40.671387],[-73.971448,40.671298]]}},{"type":"Feature","properties":{"lit":0.0346},"geometry":{"type":"LineString","coordinates":[[-73.971448,40.671298],[-73.971339,40.671248]]}},{"type":"Feature","properties":{"lit":0.0445},"geometry":{"type":"LineString","coordinates":[[-73.973251,40.677714],[-73.973284,40.677665]]}},{"type":"Feature","properties":{"lit":0.0333},"geometry":{"type":"LineString","coordinates":[[-73.973284,40.677665],[-73.973403,40.677491]]}},{"type":"Feature","properties":{"lit":0.832},"geometry":{"type":"LineString","coordinates":[[-73.959107,40.677513],[-73.959217,40.677536]]}},{"type":"Feature","properties":{"lit":0.6839},"geometry":{"type":"LineString","coordinates":[[-73.959217,40.677536],[-73.959468,40.677588]]}},{"type":"Feature","properties":{"lit":0.3748},"geometry":{"type":"LineString","coordinates":[[-73.959468,40.677588],[-73.959719,40.677641]]}},{"type":"Feature","properties":{"lit":0.143},"geometry":{"type":"LineString","coordinates":[[-73.959719,40.677641],[-73.959961,40.677691]]}},{"type":"Feature","properties":{"lit":0.0431},"geometry":{"type":"LineString","coordinates":[[-73.959961,40.677691],[-73.960204,40.677742]]}},{"type":"Feature","properties":{"lit":0.0267},"geometry":{"type":"LineString","coordinates":[[-73.960204,40.677742],[-73.960446,40.677793]]}},{"type":"Feature","properties":{"lit":0.0471},"geometry":{"type":"LineString","coordinates":[[-73.960446,40.677793],[-73.960689,40.677844]]}},{"type":"Feature","properties":{"lit":0.0635},"geometry":{"type":"LineString","coordinates":[[-73.960689,40.677844],[-73.960931,40.677894]]}},{"type":"Feature","properties":{"lit":0.0633},"geometry":{"type":"LineString","coordinates":[[-73.960931,40.677894],[-73.961174,40.677945]]}},{"type":"Feature","properties":{"lit":0.0567},"geometry":{"type":"LineString","coordinates":[[-73.961174,40.677945],[-73.961416,40.677996]]}},{"type":"Feature","properties":{"lit":0.0598},"geometry":{"type":"LineString","coordinates":[[-73.961416,40.677996],[-73.961659,40.678046]]}},{"type":"Feature","properties":{"lit":0.0652},"geometry":{"type":"LineString","coordinates":[[-73.961659,40.678046],[-73.961901,40.678097]]}},{"type":"Feature","properties":{"lit":0.0574},"geometry":{"type":"LineString","coordinates":[[-73.961901,40.678097],[-73.962144,40.678148]]}},{"type":"Feature","properties":{"lit":0.0443},"geometry":{"type":"LineString","coordinates":[[-73.962144,40.678148],[-73.962231,40.678166]]}},{"type":"Feature","properties":{"lit":0.0361},"geometry":{"type":"LineString","coordinates":[[-73.962231,40.678166],[-73.962335,40.678188]]}},{"type":"Feature","properties":{"lit":0.0226},"geometry":{"type":"LineString","coordinates":[[-73.962335,40.678188],[-73.96257,40.678237]]}},{"type":"Feature","properties":{"lit":0.0833},"geometry":{"type":"LineString","coordinates":[[-73.95269,40.676237],[-73.952793,40.676243]]}},{"type":"Feature","properties":{"lit":0.0831},"geometry":{"type":"LineString","coordinates":[[-73.952793,40.676243],[-73.952938,40.676251]]}},{"type":"Feature","properties":{"lit":0.0807},"geometry":{"type":"LineString","coordinates":[[-73.952938,40.676251],[-73.95305,40.676258]]}},{"type":"Feature","properties":{"lit":0.514},"geometry":{"type":"LineString","coordinates":[[-73.95277,40.677034],[-73.952763,40.677098]]}},{"type":"Feature","properties":{"lit":0.4521},"geometry":{"type":"LineString","coordinates":[[-73.952763,40.677098],[-73.952741,40.677369]]}},{"type":"Feature","properties":{"lit":0.0478},"geometry":{"type":"LineString","coordinates":[[-73.986868,40.660031],[-73.987103,40.660322]]}},{"type":"Feature","properties":{"lit":0.1069},"geometry":{"type":"LineString","coordinates":[[-73.987103,40.660322],[-73.987221,40.660481]]}},{"type":"Feature","properties":{"lit":0.1278},"geometry":{"type":"LineString","coordinates":[[-73.987221,40.660481],[-73.987339,40.660639]]}},{"type":"Feature","properties":{"lit":0.1113},"geometry":{"type":"LineString","coordinates":[[-73.987339,40.660639],[-73.987454,40.660799]]}},{"type":"Feature","properties":{"lit":0.0701},"geometry":{"type":"LineString","coordinates":[[-73.987454,40.660799],[-73.98757,40.660959]]}},{"type":"Feature","properties":{"lit":0.0313},"geometry":{"type":"LineString","coordinates":[[-73.98757,40.660959],[-73.987685,40.661119]]}},{"type":"Feature","properties":{"lit":0.0687},"geometry":{"type":"LineString","coordinates":[[-73.980053,40.660776],[-73.979993,40.660754]]}},{"type":"Feature","properties":{"lit":0.0731},"geometry":{"type":"LineString","coordinates":[[-73.979993,40.660754],[-73.979948,40.660745]]}},{"type":"Feature","properties":{"lit":0.077},"geometry":{"type":"LineString","coordinates":[[-73.979948,40.660745],[-73.979889,40.660739]]}},{"type":"Feature","properties":{"lit":0.0807},"geometry":{"type":"LineString","coordinates":[[-73.979889,40.660739],[-73.979829,40.660742]]}},{"type":"Feature","properties":{"lit":0.0839},"geometry":{"type":"LineString","coordinates":[[-73.979829,40.660742],[-73.97977,40.660752]]}},{"type":"Feature","properties":{"lit":0.0864},"geometry":{"type":"LineString","coordinates":[[-73.97977,40.660752],[-73.979715,40.66077]]}},{"type":"Feature","properties":{"lit":0.0883},"geometry":{"type":"LineString","coordinates":[[-73.979715,40.66077],[-73.979665,40.660795]]}},{"type":"Feature","properties":{"lit":0.0898},"geometry":{"type":"LineString","coordinates":[[-73.979665,40.660795],[-73.979624,40.660824]]}},{"type":"Feature","properties":{"lit":0.0911},"geometry":{"type":"LineString","coordinates":[[-73.979624,40.660824],[-73.979584,40.660864]]}},{"type":"Feature","properties":{"lit":0.0648},"geometry":{"type":"LineString","coordinates":[[-73.978737,40.665513],[-73.978514,40.665405]]}},{"type":"Feature","properties":{"lit":0.0769},"geometry":{"type":"LineString","coordinates":[[-73.978514,40.665405],[-73.978291,40.665297]]}},{"type":"Feature","properties":{"lit":0.083},"geometry":{"type":"LineString","coordinates":[[-73.978291,40.665297],[-73.978068,40.665189]]}},{"type":"Feature","properties":{"lit":0.0807},"geometry":{"type":"LineString","coordinates":[[-73.978068,40.665189],[-73.977846,40.665081]]}},{"type":"Feature","properties":{"lit":0.0652},"geometry":{"type":"LineString","coordinates":[[-73.977846,40.665081],[-73.977623,40.664973]]}},{"type":"Feature","properties":{"lit":0.0443},"geometry":{"type":"LineString","coordinates":[[-73.977623,40.664973],[-73.9774,40.664865]]}},{"type":"Feature","properties":{"lit":0.0376},"geometry":{"type":"LineString","coordinates":[[-73.9774,40.664865],[-73.977177,40.664757]]}},{"type":"Feature","properties":{"lit":0.0589},"geometry":{"type":"LineString","coordinates":[[-73.977177,40.664757],[-73.976954,40.664649]]}},{"type":"Feature","properties":{"lit":0.0806},"geometry":{"type":"LineString","coordinates":[[-73.976954,40.664649],[-73.976863,40.664605]]}},{"type":"Feature","properties":{"lit":0.0314},"geometry":{"type":"LineString","coordinates":[[-73.970408,40.673281],[-73.970402,40.673011]]}},{"type":"Feature","properties":{"lit":1.0},"geometry":{"type":"LineString","coordinates":[[-73.960541,40.673588],[-73.960414,40.673937]]}},{"type":"Feature","properties":{"lit":0.9925},"geometry":{"type":"LineString","coordinates":[[-73.960414,40.673937],[-73.960393,40.673999]]}},{"type":"Feature","properties":{"lit":1.0},"geometry":{"type":"LineString","coordinates":[[-73.958744,40.678559],[-73.95867,40.678772]]}},{"type":"Feature","properties":{"lit":1.0},"geometry":{"type":"LineString","coordinates":[[-73.95867,40.678772],[-73.958595,40.678985]]}},{"type":"Feature","properties":{"lit":1.0},"geometry":{"type":"LineString","coordinates":[[-73.958595,40.678985],[-73.958572,40.679049]]}},{"type":"Feature","properties":{"lit":1.0},"geometry":{"type":"LineString","coordinates":[[-73.958572,40.679049],[-73.958547,40.67912]]}},{"type":"Feature","properties":{"lit":1.0},"geometry":{"type":"LineString","coordinates":[[-73.958547,40.67912],[-73.958476,40.67932]]}},{"type":"Feature","properties":{"lit":0.9508},"geometry":{"type":"LineString","coordinates":[[-73.958476,40.67932],[-73.958425,40.679465]]}},{"type":"Feature","properties":{"lit":0.07},"geometry":{"type":"LineString","coordinates":[[-73.972348,40.677457],[-73.972327,40.677513]]}},{"type":"Feature","properties":{"lit":0.058},"geometry":{"type":"LineString","coordinates":[[-73.972327,40.677513],[-73.972258,40.6777]]}},{"type":"Feature","properties":{"lit":0.0329},"geometry":{"type":"LineString","coordinates":[[-73.972258,40.6777],[-73.972189,40.677888]]}},{"type":"Feature","properties":{"lit":0.0326},"geometry":{"type":"LineString","coordinates":[[-73.957069,40.670695],[-73.957317,40.670748]]}},{"type":"Feature","properties":{"lit":0.0656},"geometry":{"type":"LineString","coordinates":[[-73.957317,40.670748],[-73.957564,40.670801]]}},{"type":"Feature","properties":{"lit":0.0915},"geometry":{"type":"LineString","coordinates":[[-73.957564,40.670801],[-73.957812,40.670853]]}},{"type":"Feature","properties":{"lit":0.0952},"geometry":{"type":"LineString","coordinates":[[-73.957812,40.670853],[-73.957897,40.670872]]}},{"type":"Feature","properties":{"lit":0.029},"geometry":{"type":"LineString","coordinates":[[-73.963529,40.676547],[-73.963659,40.676574]]}},{"type":"Feature","properties":{"lit":0.0467},"geometry":{"type":"LineString","coordinates":[[-73.963659,40.676574],[-73.963908,40.676626]]}},{"type":"Feature","properties":{"lit":0.0608},"geometry":{"type":"LineString","coordinates":[[-73.963908,40.676626],[-73.964156,40.676678]]}},{"type":"Feature","properties":{"lit":0.0534},"geometry":{"type":"LineString","coordinates":[[-73.964156,40.676678],[-73.964404,40.676731]]}},{"type":"Feature","properties":{"lit":0.0345},"geometry":{"type":"LineString","coordinates":[[-73.964404,40.676731],[-73.964652,40.676783]]}},{"type":"Feature","properties":{"lit":0.0267},"geometry":{"type":"LineString","coordinates":[[-73.964652,40.676783],[-73.964901,40.676835]]}},{"type":"Feature","properties":{"lit":0.0417},"geometry":{"type":"LineString","coordinates":[[-73.964901,40.676835],[-73.965149,40.676887]]}},{"type":"Feature","properties":{"lit":0.0669},"geometry":{"type":"LineString","coordinates":[[-73.965149,40.676887],[-73.965397,40.676939]]}},{"type":"Feature","properties":{"lit":0.0843},"geometry":{"type":"LineString","coordinates":[[-73.965397,40.676939],[-73.965645,40.676991]]}},{"type":"Feature","properties":{"lit":0.082},"geometry":{"type":"LineString","coordinates":[[-73.965645,40.676991],[-73.965894,40.677043]]}},{"type":"Feature","properties":{"lit":0.0709},"geometry":{"type":"LineString","coordinates":[[-73.965894,40.677043],[-73.965974,40.67706]]}},{"type":"Feature","properties":{"lit":0.0627},"geometry":{"type":"LineString","coordinates":[[-73.965974,40.67706],[-73.966073,40.677081]]}},{"type":"Feature","properties":{"lit":0.0452},"geometry":{"type":"LineString","coordinates":[[-73.966073,40.677081],[-73.966315,40.677132]]}},{"type":"Feature","properties":{"lit":0.0223},"geometry":{"type":"LineString","coordinates":[[-73.966315,40.677132],[-73.966557,40.677182]]}},{"type":"Feature","properties":{"lit":0.0509},"geometry":{"type":"LineString","coordinates":[[-73.968008,40.677487],[-73.96825,40.677537]]}},{"type":"Feature","properties":{"lit":0.112},"geometry":{"type":"LineString","coordinates":[[-73.96825,40.677537],[-73.968491,40.677588]]}},{"type":"Feature","properties":{"lit":0.1722},"geometry":{"type":"LineString","coordinates":[[-73.968491,40.677588],[-73.968733,40.677639]]}},{"type":"Feature","properties":{"lit":0.1865},"geometry":{"type":"LineString","coordinates":[[-73.968733,40.677639],[-73.968866,40.677667]]}},{"type":"Feature","properties":{"lit":0.027},"geometry":{"type":"LineString","coordinates":[[-73.964275,40.678592],[-73.964514,40.678642]]}},{"type":"Feature","properties":{"lit":0.0325},"geometry":{"type":"LineString","coordinates":[[-73.964514,40.678642],[-73.964753,40.678691]]}},{"type":"Feature","properties":{"lit":0.0402},"geometry":{"type":"LineString","coordinates":[[-73.964753,40.678691],[-73.964992,40.678741]]}},{"type":"Feature","properties":{"lit":0.047},"geometry":{"type":"LineString","coordinates":[[-73.964992,40.678741],[-73.965232,40.678791]]}},{"type":"Feature","properties":{"lit":0.055},"geometry":{"type":"LineString","coordinates":[[-73.965232,40.678791],[-73.965257,40.678796]]}},{"type":"Feature","properties":{"lit":0.0567},"geometry":{"type":"LineString","coordinates":[[-73.965257,40.678796],[-73.965346,40.678815]]}},{"type":"Feature","properties":{"lit":0.8386},"geometry":{"type":"LineString","coordinates":[[-73.964073,40.679379],[-73.963948,40.679353]]}},{"type":"Feature","properties":{"lit":0.6053},"geometry":{"type":"LineString","coordinates":[[-73.963948,40.679353],[-73.96371,40.679303]]}},{"type":"Feature","properties":{"lit":0.2869},"geometry":{"type":"LineString","coordinates":[[-73.96371,40.679303],[-73.963473,40.679253]]}},{"type":"Feature","properties":{"lit":0.0948},"geometry":{"type":"LineString","coordinates":[[-73.963473,40.679253],[-73.963236,40.679203]]}},{"type":"Feature","properties":{"lit":0.0268},"geometry":{"type":"LineString","coordinates":[[-73.963236,40.679203],[-73.962999,40.679153]]}},{"type":"Feature","properties":{"lit":0.0202},"geometry":{"type":"LineString","coordinates":[[-73.962999,40.679153],[-73.962762,40.679103]]}},{"type":"Feature","properties":{"lit":0.0544},"geometry":{"type":"LineString","coordinates":[[-73.962762,40.679103],[-73.962525,40.679054]]}},{"type":"Feature","properties":{"lit":0.1097},"geometry":{"type":"LineString","coordinates":[[-73.962525,40.679054],[-73.962287,40.679004]]}},{"type":"Feature","properties":{"lit":0.1719},"geometry":{"type":"LineString","coordinates":[[-73.962287,40.679004],[-73.96205,40.678954]]}},{"type":"Feature","properties":{"lit":0.2017},"geometry":{"type":"LineString","coordinates":[[-73.96205,40.678954],[-73.961957,40.678934]]}},{"type":"Feature","properties":{"lit":0.2096},"geometry":{"type":"LineString","coordinates":[[-73.961957,40.678934],[-73.961862,40.678914]]}},{"type":"Feature","properties":{"lit":0.2035},"geometry":{"type":"LineString","coordinates":[[-73.961862,40.678914],[-73.96156,40.678851]]}},{"type":"Feature","properties":{"lit":0.1583},"geometry":{"type":"LineString","coordinates":[[-73.96156,40.678851],[-73.961258,40.678788]]}},{"type":"Feature","properties":{"lit":0.1139},"geometry":{"type":"LineString","coordinates":[[-73.961258,40.678788],[-73.961027,40.678739]]}},{"type":"Feature","properties":{"lit":0.0924},"geometry":{"type":"LineString","coordinates":[[-73.961027,40.678739],[-73.960795,40.678691]]}},{"type":"Feature","properties":{"lit":0.0832},"geometry":{"type":"LineString","coordinates":[[-73.960795,40.678691],[-73.960564,40.678642]]}},{"type":"Feature","properties":{"lit":0.0741},"geometry":{"type":"LineString","coordinates":[[-73.960564,40.678642],[-73.960332,40.678594]]}},{"type":"Feature","properties":{"lit":0.0533},"geometry":{"type":"LineString","coordinates":[[-73.960332,40.678594],[-73.960101,40.678545]]}},{"type":"Feature","properties":{"lit":0.036},"geometry":{"type":"LineString","coordinates":[[-73.960101,40.678545],[-73.95987,40.678497]]}},{"type":"Feature","properties":{"lit":0.0622},"geometry":{"type":"LineString","coordinates":[[-73.95987,40.678497],[-73.959638,40.678448]]}},{"type":"Feature","properties":{"lit":0.1809},"geometry":{"type":"LineString","coordinates":[[-73.959638,40.678448],[-73.959407,40.6784]]}},{"type":"Feature","properties":{"lit":0.4211},"geometry":{"type":"LineString","coordinates":[[-73.959407,40.6784],[-73.959175,40.678351]]}},{"type":"Feature","properties":{"lit":0.725},"geometry":{"type":"LineString","coordinates":[[-73.959175,40.678351],[-73.958944,40.678303]]}},{"type":"Feature","properties":{"lit":0.8707},"geometry":{"type":"LineString","coordinates":[[-73.958944,40.678303],[-73.958844,40.678282]]}},{"type":"Feature","properties":{"lit":0.4404},"geometry":{"type":"LineString","coordinates":[[-73.956703,40.674171],[-73.956616,40.674153]]}},{"type":"Feature","properties":{"lit":0.3528},"geometry":{"type":"LineString","coordinates":[[-73.956616,40.674153],[-73.956366,40.674101]]}},{"type":"Feature","properties":{"lit":0.1836},"geometry":{"type":"LineString","coordinates":[[-73.956366,40.674101],[-73.956117,40.674049]]}},{"type":"Feature","properties":{"lit":0.064},"geometry":{"type":"LineString","coordinates":[[-73.956117,40.674049],[-73.955867,40.673997]]}},{"type":"Feature","properties":{"lit":0.1556},"geometry":{"type":"LineString","coordinates":[[-73.987459,40.660181],[-73.987617,40.66003]]}},{"type":"Feature","properties":{"lit":0.2673},"geometry":{"type":"LineString","coordinates":[[-73.987617,40.66003],[-73.987775,40.659878]]}},{"type":"Feature","properties":{"lit":0.3974},"geometry":{"type":"LineString","coordinates":[[-73.987775,40.659878],[-73.98784,40.659816]]}},{"type":"Feature","properties":{"lit":0.2012},"geometry":{"type":"LineString","coordinates":[[-73.957052,40.676134],[-73.956759,40.676073]]}},{"type":"Feature","properties":{"lit":0.3129},"geometry":{"type":"LineString","coordinates":[[-73.956759,40.676073],[-73.956465,40.676011]]}},{"type":"Feature","properties":{"lit":0.4093},"geometry":{"type":"LineString","coordinates":[[-73.956465,40.676011],[-73.956171,40.67595]]}},{"type":"Feature","properties":{"lit":0.3975},"geometry":{"type":"LineString","coordinates":[[-73.956171,40.67595],[-73.956069,40.675928]]}},{"type":"Feature","properties":{"lit":0.1531},"geometry":{"type":"LineString","coordinates":[[-73.957311,40.676188],[-73.957052,40.676134]]}},{"type":"Feature","properties":{"lit":1.0},"geometry":{"type":"LineString","coordinates":[[-73.955292,40.67927],[-73.955421,40.679297]]}},{"type":"Feature","properties":{"lit":1.0},"geometry":{"type":"LineString","coordinates":[[-73.955421,40.679297],[-73.955818,40.679375]]}},{"type":"Feature","properties":{"lit":0.6757},"geometry":{"type":"LineString","coordinates":[[-73.955818,40.679375],[-73.955939,40.679398]]}},{"type":"Feature","properties":{"lit":0.4672},"geometry":{"type":"LineString","coordinates":[[-73.955939,40.679398],[-73.95607,40.679425]]}},{"type":"Feature","properties":{"lit":0.2942},"geometry":{"type":"LineString","coordinates":[[-73.95607,40.679425],[-73.956329,40.679479]]}},{"type":"Feature","properties":{"lit":0.2562},"geometry":{"type":"LineString","coordinates":[[-73.956329,40.679479],[-73.956588,40.679534]]}},{"type":"Feature","properties":{"lit":0.2219},"geometry":{"type":"LineString","coordinates":[[-73.956588,40.679534],[-73.956847,40.679589]]}},{"type":"Feature","properties":{"lit":0.0971},"geometry":{"type":"LineString","coordinates":[[-73.956847,40.679589],[-73.957106,40.679643]]}},{"type":"Feature","properties":{"lit":0.0871},"geometry":{"type":"LineString","coordinates":[[-73.957106,40.679643],[-73.957364,40.679698]]}},{"type":"Feature","properties":{"lit":0.1219},"geometry":{"type":"LineString","coordinates":[[-73.957364,40.679698],[-73.957468,40.67972]]}},{"type":"Feature","properties":{"lit":0.1507},"geometry":{"type":"LineString","coordinates":[[-73.957468,40.67972],[-73.95758,40.679742]]}},{"type":"Feature","properties":{"lit":0.1816},"geometry":{"type":"LineString","coordinates":[[-73.95758,40.679742],[-73.957692,40.679767]]}},{"type":"Feature","properties":{"lit":0.222},"geometry":{"type":"LineString","coordinates":[[-73.957692,40.679767],[-73.957809,40.679794]]}},{"type":"Feature","properties":{"lit":0.2929},"geometry":{"type":"LineString","coordinates":[[-73.957809,40.679794],[-73.958089,40.679859]]}},{"type":"Feature","properties":{"lit":0.3409},"geometry":{"type":"LineString","coordinates":[[-73.958089,40.679859],[-73.958167,40.679877]]}},{"type":"Feature","properties":{"lit":0.3494},"geometry":{"type":"LineString","coordinates":[[-73.958167,40.679877],[-73.95827,40.679899]]}},{"type":"Feature","properties":{"lit":0.4059},"geometry":{"type":"LineString","coordinates":[[-73.958314,40.679778],[-73.958209,40.679758]]}},{"type":"Feature","properties":{"lit":0.4036},"geometry":{"type":"LineString","coordinates":[[-73.958209,40.679758],[-73.958162,40.679749]]}},{"type":"Feature","properties":{"lit":0.3912},"geometry":{"type":"LineString","coordinates":[[-73.958162,40.679749],[-73.958056,40.679728]]}},{"type":"Feature","properties":{"lit":0.3648},"geometry":{"type":"LineString","coordinates":[[-73.958056,40.679728],[-73.957945,40.679709]]}},{"type":"Feature","properties":{"lit":0.3247},"geometry":{"type":"LineString","coordinates":[[-73.957945,40.679709],[-73.957803,40.67968]]}},{"type":"Feature","properties":{"lit":0.2785},"geometry":{"type":"LineString","coordinates":[[-73.957803,40.67968],[-73.957684,40.679656]]}},{"type":"Feature","properties":{"lit":0.2425},"geometry":{"type":"LineString","coordinates":[[-73.957684,40.679656],[-73.957571,40.679632]]}},{"type":"Feature","properties":{"lit":0.1984},"geometry":{"type":"LineString","coordinates":[[-73.957571,40.679632],[-73.957323,40.67958]]}},{"type":"Feature","properties":{"lit":0.299},"geometry":{"type":"LineString","coordinates":[[-73.957323,40.67958],[-73.957075,40.679528]]}},{"type":"Feature","properties":{"lit":0.6486},"geometry":{"type":"LineString","coordinates":[[-73.957075,40.679528],[-73.956827,40.679476]]}},{"type":"Feature","properties":{"lit":0.8954},"geometry":{"type":"LineString","coordinates":[[-73.956827,40.679476],[-73.956579,40.679424]]}},{"type":"Feature","properties":{"lit":0.8813},"geometry":{"type":"LineString","coordinates":[[-73.956579,40.679424],[-73.956331,40.679372]]}},{"type":"Feature","properties":{"lit":0.6647},"geometry":{"type":"LineString","coordinates":[[-73.956331,40.679372],[-73.956084,40.679321]]}},{"type":"Feature","properties":{"lit":0.6138},"geometry":{"type":"LineString","coordinates":[[-73.956084,40.679321],[-73.955967,40.679296]]}},{"type":"Feature","properties":{"lit":0.7091},"geometry":{"type":"LineString","coordinates":[[-73.955967,40.679296],[-73.955854,40.67927]]}},{"type":"Feature","properties":{"lit":0.9209},"geometry":{"type":"LineString","coordinates":[[-73.955854,40.67927],[-73.955748,40.679245]]}},{"type":"Feature","properties":{"lit":1.0},"geometry":{"type":"LineString","coordinates":[[-73.955748,40.679245],[-73.955661,40.679225]]}},{"type":"Feature","properties":{"lit":0.8963},"geometry":{"type":"LineString","coordinates":[[-73.958844,40.678282],[-73.958759,40.678264]]}},{"type":"Feature","properties":{"lit":0.8431},"geometry":{"type":"LineString","coordinates":[[-73.958759,40.678264],[-73.958514,40.678213]]}},{"type":"Feature","properties":{"lit":0.6042},"geometry":{"type":"LineString","coordinates":[[-73.958514,40.678213],[-73.958269,40.678161]]}},{"type":"Feature","properties":{"lit":0.3741},"geometry":{"type":"LineString","coordinates":[[-73.958269,40.678161],[-73.958024,40.67811]]}},{"type":"Feature","properties":{"lit":0.7956},"geometry":{"type":"LineString","coordinates":[[-73.958024,40.67811],[-73.957778,40.678059]]}},{"type":"Feature","properties":{"lit":1.0},"geometry":{"type":"LineString","coordinates":[[-73.957778,40.678059],[-73.957533,40.678007]]}},{"type":"Feature","properties":{"lit":1.0},"geometry":{"type":"LineString","coordinates":[[-73.957533,40.678007],[-73.957288,40.677956]]}},{"type":"Feature","properties":{"lit":1.0},"geometry":{"type":"LineString","coordinates":[[-73.957288,40.677956],[-73.957043,40.677905]]}},{"type":"Feature","properties":{"lit":1.0},"geometry":{"type":"LineString","coordinates":[[-73.957043,40.677905],[-73.956798,40.677853]]}},{"type":"Feature","properties":{"lit":1.0},"geometry":{"type":"LineString","coordinates":[[-73.956798,40.677853],[-73.956553,40.677802]]}},{"type":"Feature","properties":{"lit":1.0},"geometry":{"type":"LineString","coordinates":[[-73.956553,40.677802],[-73.956308,40.677751]]}},{"type":"Feature","properties":{"lit":0.8719},"geometry":{"type":"LineString","coordinates":[[-73.956308,40.677751],[-73.956063,40.677699]]}},{"type":"Feature","properties":{"lit":1.0},"geometry":{"type":"LineString","coordinates":[[-73.956063,40.677699],[-73.955818,40.677648]]}},{"type":"Feature","properties":{"lit":1.0},"geometry":{"type":"LineString","coordinates":[[-73.955818,40.677648],[-73.955573,40.677597]]}},{"type":"Feature","properties":{"lit":1.0},"geometry":{"type":"LineString","coordinates":[[-73.955573,40.677597],[-73.955475,40.677576]]}},{"type":"Feature","properties":{"lit":1.0},"geometry":{"type":"LineString","coordinates":[[-73.958572,40.679049],[-73.958667,40.679069]]}},{"type":"Feature","properties":{"lit":1.0},"geometry":{"type":"LineString","coordinates":[[-73.958667,40.679069],[-73.95891,40.67912]]}},{"type":"Feature","properties":{"lit":0.7835},"geometry":{"type":"LineString","coordinates":[[-73.95891,40.67912],[-73.959153,40.679171]]}},{"type":"Feature","properties":{"lit":0.5744},"geometry":{"type":"LineString","coordinates":[[-73.959153,40.679171],[-73.959397,40.679222]]}},{"type":"Feature","properties":{"lit":0.4734},"geometry":{"type":"LineString","coordinates":[[-73.959397,40.679222],[-73.95964,40.679273]]}},{"type":"Feature","properties":{"lit":0.4141},"geometry":{"type":"LineString","coordinates":[[-73.95964,40.679273],[-73.959883,40.679324]]}},{"type":"Feature","properties":{"lit":0.36},"geometry":{"type":"LineString","coordinates":[[-73.959883,40.679324],[-73.960126,40.679375]]}},{"type":"Feature","properties":{"lit":0.3082},"geometry":{"type":"LineString","coordinates":[[-73.960126,40.679375],[-73.960369,40.679426]]}},{"type":"Feature","properties":{"lit":0.2694},"geometry":{"type":"LineString","coordinates":[[-73.960369,40.679426],[-73.960612,40.679477]]}},{"type":"Feature","properties":{"lit":0.2438},"geometry":{"type":"LineString","coordinates":[[-73.960612,40.679477],[-73.960856,40.679529]]}},{"type":"Feature","properties":{"lit":0.2276},"geometry":{"type":"LineString","coordinates":[[-73.960856,40.679529],[-73.961099,40.67958]]}},{"type":"Feature","properties":{"lit":0.2082},"geometry":{"type":"LineString","coordinates":[[-73.961099,40.67958],[-73.961342,40.679631]]}},{"type":"Feature","properties":{"lit":0.1888},"geometry":{"type":"LineString","coordinates":[[-73.961342,40.679631],[-73.961585,40.679682]]}},{"type":"Feature","properties":{"lit":0.1708},"geometry":{"type":"LineString","coordinates":[[-73.961585,40.679682],[-73.961676,40.679701]]}},{"type":"Feature","properties":{"lit":1.0},"geometry":{"type":"LineString","coordinates":[[-73.9552,40.678344],[-73.955286,40.678362]]}},{"type":"Feature","properties":{"lit":1.0},"geometry":{"type":"LineString","coordinates":[[-73.955286,40.678362],[-73.955516,40.67841]]}},{"type":"Feature","properties":{"lit":1.0},"geometry":{"type":"LineString","coordinates":[[-73.955516,40.67841],[-73.955746,40.678458]]}},{"type":"Feature","properties":{"lit":1.0},"geometry":{"type":"LineString","coordinates":[[-73.955746,40.678458],[-73.955976,40.678506]]}},{"type":"Feature","properties":{"lit":1.0},"geometry":{"type":"LineString","coordinates":[[-73.955976,40.678506],[-73.956206,40.678554]]}},{"type":"Feature","properties":{"lit":1.0},"geometry":{"type":"LineString","coordinates":[[-73.956206,40.678554],[-73.956437,40.678603]]}},{"type":"Feature","properties":{"lit":1.0},"geometry":{"type":"LineString","coordinates":[[-73.956437,40.678603],[-73.956667,40.678651]]}},{"type":"Feature","properties":{"lit":1.0},"geometry":{"type":"LineString","coordinates":[[-73.956667,40.678651],[-73.956897,40.678699]]}},{"type":"Feature","properties":{"lit":1.0},"geometry":{"type":"LineString","coordinates":[[-73.956897,40.678699],[-73.957127,40.678747]]}},{"type":"Feature","properties":{"lit":1.0},"geometry":{"type":"LineString","coordinates":[[-73.957127,40.678747],[-73.957357,40.678795]]}},{"type":"Feature","properties":{"lit":1.0},"geometry":{"type":"LineString","coordinates":[[-73.957357,40.678795],[-73.957638,40.678854]]}},{"type":"Feature","properties":{"lit":1.0},"geometry":{"type":"LineString","coordinates":[[-73.957638,40.678854],[-73.95792,40.678913]]}},{"type":"Feature","properties":{"lit":1.0},"geometry":{"type":"LineString","coordinates":[[-73.95792,40.678913],[-73.958201,40.678972]]}},{"type":"Feature","properties":{"lit":1.0},"geometry":{"type":"LineString","coordinates":[[-73.958201,40.678972],[-73.958483,40.67903]]}},{"type":"Feature","properties":{"lit":1.0},"geometry":{"type":"LineString","coordinates":[[-73.958483,40.67903],[-73.958572,40.679049]]}},{"type":"Feature","properties":{"lit":0.785},"geometry":{"type":"LineString","coordinates":[[-73.95575,40.676808],[-73.955849,40.676829]]}},{"type":"Feature","properties":{"lit":0.7155},"geometry":{"type":"LineString","coordinates":[[-73.955849,40.676829],[-73.956128,40.676888]]}},{"type":"Feature","properties":{"lit":0.4377},"geometry":{"type":"LineString","coordinates":[[-73.956128,40.676888],[-73.956406,40.676947]]}},{"type":"Feature","properties":{"lit":0.2188},"geometry":{"type":"LineString","coordinates":[[-73.956406,40.676947],[-73.956684,40.677005]]}},{"type":"Feature","properties":{"lit":0.0738},"geometry":{"type":"LineString","coordinates":[[-73.95305,40.676258],[-73.953185,40.676266]]}},{"type":"Feature","properties":{"lit":0.0583},"geometry":{"type":"LineString","coordinates":[[-73.953185,40.676266],[-73.953444,40.67632]]}},{"type":"Feature","properties":{"lit":0.0396},"geometry":{"type":"LineString","coordinates":[[-73.953444,40.67632],[-73.953703,40.676375]]}},{"type":"Feature","properties":{"lit":0.0278},"geometry":{"type":"LineString","coordinates":[[-73.953703,40.676375],[-73.953948,40.676427]]}},{"type":"Feature","properties":{"lit":0.0284},"geometry":{"type":"LineString","coordinates":[[-73.953948,40.676427],[-73.954192,40.676479]]}},{"type":"Feature","properties":{"lit":0.04},"geometry":{"type":"LineString","coordinates":[[-73.954192,40.676479],[-73.954437,40.67653]]}},{"type":"Feature","properties":{"lit":0.0598},"geometry":{"type":"LineString","coordinates":[[-73.954437,40.67653],[-73.954682,40.676582]]}},{"type":"Feature","properties":{"lit":0.1007},"geometry":{"type":"LineString","coordinates":[[-73.954682,40.676582],[-73.954927,40.676634]]}},{"type":"Feature","properties":{"lit":0.1872},"geometry":{"type":"LineString","coordinates":[[-73.954927,40.676634],[-73.955172,40.676686]]}},{"type":"Feature","properties":{"lit":0.3774},"geometry":{"type":"LineString","coordinates":[[-73.955172,40.676686],[-73.955416,40.676737]]}},{"type":"Feature","properties":{"lit":0.6362},"geometry":{"type":"LineString","coordinates":[[-73.955416,40.676737],[-73.955661,40.676789]]}},{"type":"Feature","properties":{"lit":0.7625},"geometry":{"type":"LineString","coordinates":[[-73.955661,40.676789],[-73.95575,40.676808]]}},{"type":"Feature","properties":{"lit":0.563},"geometry":{"type":"LineString","coordinates":[[-73.960074,40.674878],[-73.959988,40.67486]]}},{"type":"Feature","properties":{"lit":0.4687},"geometry":{"type":"LineString","coordinates":[[-73.959988,40.67486],[-73.959717,40.674803]]}},{"type":"Feature","properties":{"lit":0.2629},"geometry":{"type":"LineString","coordinates":[[-73.959717,40.674803],[-73.959447,40.674746]]}},{"type":"Feature","properties":{"lit":0.1254},"geometry":{"type":"LineString","coordinates":[[-73.959447,40.674746],[-73.959176,40.67469]]}},{"type":"Feature","properties":{"lit":0.0325},"geometry":{"type":"LineString","coordinates":[[-73.963097,40.675511],[-73.962862,40.675462]]}},{"type":"Feature","properties":{"lit":0.1146},"geometry":{"type":"LineString","coordinates":[[-73.962862,40.675462],[-73.962628,40.675413]]}},{"type":"Feature","properties":{"lit":0.2784},"geometry":{"type":"LineString","coordinates":[[-73.962628,40.675413],[-73.962394,40.675364]]}},{"type":"Feature","properties":{"lit":0.4829},"geometry":{"type":"LineString","coordinates":[[-73.962394,40.675364],[-73.96214,40.675311]]}},{"type":"Feature","properties":{"lit":0.5743},"geometry":{"type":"LineString","coordinates":[[-73.96214,40.675311],[-73.961886,40.675257]]}},{"type":"Feature","properties":{"lit":0.4509},"geometry":{"type":"LineString","coordinates":[[-73.961886,40.675257],[-73.961584,40.675194]]}},{"type":"Feature","properties":{"lit":0.2332},"geometry":{"type":"LineString","coordinates":[[-73.961584,40.675194],[-73.961282,40.675131]]}},{"type":"Feature","properties":{"lit":0.1189},"geometry":{"type":"LineString","coordinates":[[-73.961282,40.675131],[-73.961005,40.675073]]}},{"type":"Feature","properties":{"lit":0.1323},"geometry":{"type":"LineString","coordinates":[[-73.961005,40.675073],[-73.960728,40.675015]]}},{"type":"Feature","properties":{"lit":0.2977},"geometry":{"type":"LineString","coordinates":[[-73.960728,40.675015],[-73.960451,40.674957]]}},{"type":"Feature","properties":{"lit":0.5131},"geometry":{"type":"LineString","coordinates":[[-73.960451,40.674957],[-73.960173,40.674899]]}},{"type":"Feature","properties":{"lit":0.5752},"geometry":{"type":"LineString","coordinates":[[-73.960173,40.674899],[-73.960074,40.674878]]}},{"type":"Feature","properties":{"lit":0.0261},"geometry":{"type":"LineString","coordinates":[[-73.975897,40.665767],[-73.976051,40.665575]]}},{"type":"Feature","properties":{"lit":0.0554},"geometry":{"type":"LineString","coordinates":[[-73.976051,40.665575],[-73.976202,40.665394]]}},{"type":"Feature","properties":{"lit":0.0789},"geometry":{"type":"LineString","coordinates":[[-73.976202,40.665394],[-73.976352,40.665214]]}},{"type":"Feature","properties":{"lit":0.0909},"geometry":{"type":"LineString","coordinates":[[-73.976352,40.665214],[-73.976548,40.664981]]}},{"type":"Feature","properties":{"lit":0.0557},"geometry":{"type":"LineString","coordinates":[[-73.957968,40.670676],[-73.958019,40.670532]]}},{"type":"Feature","properties":{"lit":0.0216},"geometry":{"type":"LineString","coordinates":[[-73.970477,40.672465],[-73.970494,40.672429]]}},{"type":"Feature","properties":{"lit":0.0383},"geometry":{"type":"LineString","coordinates":[[-73.970866,40.671875],[-73.97101,40.671683]]}},{"type":"Feature","properties":{"lit":0.059},"geometry":{"type":"LineString","coordinates":[[-73.97101,40.671683],[-73.971153,40.671492]]}},{"type":"Feature","properties":{"lit":0.0543},"geometry":{"type":"LineString","coordinates":[[-73.971153,40.671492],[-73.971297,40.6713]]}},{"type":"Feature","properties":{"lit":0.0393},"geometry":{"type":"LineString","coordinates":[[-73.971297,40.6713],[-73.971339,40.671248]]}},{"type":"Feature","properties":{"lit":0.0321},"geometry":{"type":"LineString","coordinates":[[-73.971339,40.671248],[-73.971379,40.671197]]}},{"type":"Feature","properties":{"lit":0.0356},"geometry":{"type":"LineString","coordinates":[[-73.973182,40.66902],[-73.973333,40.66884]]}},{"type":"Feature","properties":{"lit":0.0526},"geometry":{"type":"LineString","coordinates":[[-73.973333,40.66884],[-73.973484,40.668658]]}},{"type":"Feature","properties":{"lit":0.0476},"geometry":{"type":"LineString","coordinates":[[-73.973484,40.668658],[-73.973636,40.668477]]}},{"type":"Feature","properties":{"lit":0.0264},"geometry":{"type":"LineString","coordinates":[[-73.973636,40.668477],[-73.973788,40.668295]]}},{"type":"Feature","properties":{"lit":0.0386},"geometry":{"type":"LineString","coordinates":[[-73.904856,40.677948],[-73.904601,40.677935]]}},{"type":"Feature","properties":{"lit":0.0593},"geometry":{"type":"LineString","coordinates":[[-73.904601,40.677935],[-73.904346,40.677921]]}},{"type":"Feature","properties":{"lit":0.061},"geometry":{"type":"LineString","coordinates":[[-73.904346,40.677921],[-73.904091,40.677908]]}},{"type":"Feature","properties":{"lit":0.0419},"geometry":{"type":"LineString","coordinates":[[-73.904091,40.677908],[-73.903835,40.677894]]}},{"type":"Feature","properties":{"lit":0.0332},"geometry":{"type":"LineString","coordinates":[[-73.970423,40.672646],[-73.970334,40.672646]]}},{"type":"Feature","properties":{"lit":0.0491},"geometry":{"type":"LineString","coordinates":[[-73.970334,40.672646],[-73.970137,40.672636]]}},{"type":"Feature","properties":{"lit":0.0758},"geometry":{"type":"LineString","coordinates":[[-73.96694,40.674412],[-73.966973,40.674317]]}},{"type":"Feature","properties":{"lit":0.071},"geometry":{"type":"LineString","coordinates":[[-73.966973,40.674317],[-73.967038,40.674132]]}},{"type":"Feature","properties":{"lit":0.0699},"geometry":{"type":"LineString","coordinates":[[-73.967038,40.674132],[-73.967103,40.673947]]}},{"type":"Feature","properties":{"lit":0.0634},"geometry":{"type":"LineString","coordinates":[[-73.967103,40.673947],[-73.967168,40.673761]]}},{"type":"Feature","properties":{"lit":0.0541},"geometry":{"type":"LineString","coordinates":[[-73.967168,40.673761],[-73.967191,40.673694]]}},{"type":"Feature","properties":{"lit":0.0495},"geometry":{"type":"LineString","coordinates":[[-73.967191,40.673694],[-73.967211,40.673641]]}},{"type":"Feature","properties":{"lit":0.0474},"geometry":{"type":"LineString","coordinates":[[-73.967211,40.673641],[-73.967278,40.673467]]}},{"type":"Feature","properties":{"lit":0.0566},"geometry":{"type":"LineString","coordinates":[[-73.967278,40.673467],[-73.967344,40.673292]]}},{"type":"Feature","properties":{"lit":0.078},"geometry":{"type":"LineString","coordinates":[[-73.967344,40.673292],[-73.967411,40.673118]]}},{"type":"Feature","properties":{"lit":0.0889},"geometry":{"type":"LineString","coordinates":[[-73.967411,40.673118],[-73.967433,40.673059]]}},{"type":"Feature","properties":{"lit":0.0788},"geometry":{"type":"LineString","coordinates":[[-73.96694,40.674412],[-73.966844,40.674406]]}},{"type":"Feature","properties":{"lit":0.0701},"geometry":{"type":"LineString","coordinates":[[-73.966844,40.674406],[-73.96661,40.674357]]}},{"type":"Feature","properties":{"lit":0.0432},"geometry":{"type":"LineString","coordinates":[[-73.96661,40.674357],[-73.966375,40.674307]]}},{"type":"Feature","properties":{"lit":0.0228},"geometry":{"type":"LineString","coordinates":[[-73.96403,40.673816],[-73.963795,40.673767]]}},{"type":"Feature","properties":{"lit":0.0671},"geometry":{"type":"LineString","coordinates":[[-73.963795,40.673767],[-73.96356,40.673717]]}},{"type":"Feature","properties":{"lit":0.1387},"geometry":{"type":"LineString","coordinates":[[-73.96356,40.673717],[-73.963326,40.673668]]}},{"type":"Feature","properties":{"lit":0.204},"geometry":{"type":"LineString","coordinates":[[-73.963326,40.673668],[-73.963091,40.673619]]}},{"type":"Feature","properties":{"lit":0.2209},"geometry":{"type":"LineString","coordinates":[[-73.963091,40.673619],[-73.962953,40.673584]]}},{"type":"Feature","properties":{"lit":0.1324},"geometry":{"type":"LineString","coordinates":[[-73.966613,40.675302],[-73.966638,40.675234]]}},{"type":"Feature","properties":{"lit":0.1429},"geometry":{"type":"LineString","coordinates":[[-73.966638,40.675234],[-73.966715,40.675034]]}},{"type":"Feature","properties":{"lit":0.1356},"geometry":{"type":"LineString","coordinates":[[-73.966715,40.675034],[-73.966792,40.674834]]}},{"type":"Feature","properties":{"lit":0.1052},"geometry":{"type":"LineString","coordinates":[[-73.966792,40.674834],[-73.966896,40.674531]]}},{"type":"Feature","properties":{"lit":0.0832},"geometry":{"type":"LineString","coordinates":[[-73.966896,40.674531],[-73.96694,40.674412]]}},{"type":"Feature","properties":{"lit":0.0353},"geometry":{"type":"LineString","coordinates":[[-73.947179,40.675598],[-73.947158,40.675827]]}},{"type":"Feature","properties":{"lit":0.0512},"geometry":{"type":"LineString","coordinates":[[-73.947158,40.675827],[-73.947153,40.675879]]}},{"type":"Feature","properties":{"lit":0.0579},"geometry":{"type":"LineString","coordinates":[[-73.947153,40.675879],[-73.947147,40.675939]]}},{"type":"Feature","properties":{"lit":0.0633},"geometry":{"type":"LineString","coordinates":[[-73.947147,40.675939],[-73.94714,40.676018]]}},{"type":"Feature","properties":{"lit":0.0683},"geometry":{"type":"LineString","coordinates":[[-73.94714,40.676018],[-73.94712,40.676232]]}},{"type":"Feature","properties":{"lit":0.0699},"geometry":{"type":"LineString","coordinates":[[-73.94712,40.676232],[-73.9471,40.676445]]}},{"type":"Feature","properties":{"lit":0.0801},"geometry":{"type":"LineString","coordinates":[[-73.9471,40.676445],[-73.94708,40.676658]]}},{"type":"Feature","properties":{"lit":0.0854},"geometry":{"type":"LineString","coordinates":[[-73.94708,40.676658],[-73.947074,40.676723]]}},{"type":"Feature","properties":{"lit":0.0844},"geometry":{"type":"LineString","coordinates":[[-73.947074,40.676723],[-73.947067,40.676801]]}},{"type":"Feature","properties":{"lit":0.0744},"geometry":{"type":"LineString","coordinates":[[-73.947067,40.676801],[-73.947046,40.67701]]}},{"type":"Feature","properties":{"lit":0.0474},"geometry":{"type":"LineString","coordinates":[[-73.947046,40.67701],[-73.947026,40.67722]]}},{"type":"Feature","properties":{"lit":0.0307},"geometry":{"type":"LineString","coordinates":[[-73.947026,40.67722],[-73.947006,40.67743]]}},{"type":"Feature","properties":{"lit":0.0274},"geometry":{"type":"LineString","coordinates":[[-73.947006,40.67743],[-73.946999,40.677501]]}},{"type":"Feature","properties":{"lit":0.0263},"geometry":{"type":"LineString","coordinates":[[-73.946999,40.677501],[-73.946992,40.677576]]}},{"type":"Feature","properties":{"lit":0.0221},"geometry":{"type":"LineString","coordinates":[[-73.946992,40.677576],[-73.94697,40.677804]]}},{"type":"Feature","properties":{"lit":1.0},"geometry":{"type":"LineString","coordinates":[[-73.955383,40.679701],[-73.955311,40.679368]]}},{"type":"Feature","properties":{"lit":1.0},"geometry":{"type":"LineString","coordinates":[[-73.955311,40.679368],[-73.955292,40.67927]]}},{"type":"Feature","properties":{"lit":1.0},"geometry":{"type":"LineString","coordinates":[[-73.955189,40.678722],[-73.955168,40.678619]]}},{"type":"Feature","properties":{"lit":1.0},"geometry":{"type":"LineString","coordinates":[[-73.955168,40.678619],[-73.955166,40.678481]]}},{"type":"Feature","properties":{"lit":1.0},"geometry":{"type":"LineString","coordinates":[[-73.955166,40.678481],[-73.95518,40.678413]]}},{"type":"Feature","properties":{"lit":1.0},"geometry":{"type":"LineString","coordinates":[[-73.95518,40.678413],[-73.9552,40.678344]]}},{"type":"Feature","properties":{"lit":1.0},"geometry":{"type":"LineString","coordinates":[[-73.9552,40.678344],[-73.955218,40.67828]]}},{"type":"Feature","properties":{"lit":1.0},"geometry":{"type":"LineString","coordinates":[[-73.955218,40.67828],[-73.955295,40.678068]]}},{"type":"Feature","properties":{"lit":1.0},"geometry":{"type":"LineString","coordinates":[[-73.955295,40.678068],[-73.955373,40.677856]]}},{"type":"Feature","properties":{"lit":1.0},"geometry":{"type":"LineString","coordinates":[[-73.955373,40.677856],[-73.95545,40.677644]]}},{"type":"Feature","properties":{"lit":1.0},"geometry":{"type":"LineString","coordinates":[[-73.95545,40.677644],[-73.955475,40.677576]]}},{"type":"Feature","properties":{"lit":0.0661},"geometry":{"type":"LineString","coordinates":[[-73.959176,40.67469],[-73.958934,40.674639]]}},{"type":"Feature","properties":{"lit":0.0352},"geometry":{"type":"LineString","coordinates":[[-73.958934,40.674639],[-73.958692,40.674588]]}},{"type":"Feature","properties":{"lit":0.0394},"geometry":{"type":"LineString","coordinates":[[-73.97046,40.673409],[-73.970408,40.673281]]}},{"type":"Feature","properties":{"lit":0.0976},"geometry":{"type":"LineString","coordinates":[[-73.968815,40.673143],[-73.968802,40.673197]]}},{"type":"Feature","properties":{"lit":0.057},"geometry":{"type":"LineString","coordinates":[[-73.965346,40.678815],[-73.96545,40.678836]]}},{"type":"Feature","properties":{"lit":0.0459},"geometry":{"type":"LineString","coordinates":[[-73.96545,40.678836],[-73.965779,40.678905]]}},{"type":"Feature","properties":{"lit":0.0217},"geometry":{"type":"LineString","coordinates":[[-73.965779,40.678905],[-73.966009,40.678953]]}},{"type":"Feature","properties":{"lit":0.0854},"geometry":{"type":"LineString","coordinates":[[-73.969429,40.673092],[-73.969519,40.673235]]}},{"type":"Feature","properties":{"lit":0.077},"geometry":{"type":"LineString","coordinates":[[-73.969519,40.673235],[-73.969551,40.673313]]}},{"type":"Feature","properties":{"lit":0.0657},"geometry":{"type":"LineString","coordinates":[[-73.969551,40.673313],[-73.969568,40.6735]]}},{"type":"Feature","properties":{"lit":0.0908},"geometry":{"type":"LineString","coordinates":[[-73.95269,40.676237],[-73.952684,40.676327]]}},{"type":"Feature","properties":{"lit":0.1667},"geometry":{"type":"LineString","coordinates":[[-73.952684,40.676327],[-73.952657,40.676679]]}},{"type":"Feature","properties":{"lit":0.4144},"geometry":{"type":"LineString","coordinates":[[-73.952657,40.676679],[-73.952638,40.676933]]}},{"type":"Feature","properties":{"lit":0.0413},"geometry":{"type":"LineString","coordinates":[[-73.971632,40.675476],[-73.97159,40.675533]]}},{"type":"Feature","properties":{"lit":0.0537},"geometry":{"type":"LineString","coordinates":[[-73.97159,40.675533],[-73.971513,40.675647]]}},{"type":"Feature","properties":{"lit":0.0672},"geometry":{"type":"LineString","coordinates":[[-73.971513,40.675647],[-73.9714,40.675723]]}},{"type":"Feature","properties":{"lit":0.9513},"geometry":{"type":"LineString","coordinates":[[-73.955642,40.677108],[-73.955726,40.676876]]}},{"type":"Feature","properties":{"lit":0.8034},"geometry":{"type":"LineString","coordinates":[[-73.955726,40.676876],[-73.95575,40.676808]]}},{"type":"Feature","properties":{"lit":1.0},"geometry":{"type":"LineString","coordinates":[[-73.955263,40.679137],[-73.955242,40.679036]]}},{"type":"Feature","properties":{"lit":1.0},"geometry":{"type":"LineString","coordinates":[[-73.955242,40.679036],[-73.955223,40.67894]]}},{"type":"Feature","properties":{"lit":1.0},"geometry":{"type":"LineString","coordinates":[[-73.955223,40.67894],[-73.955202,40.678835]]}},{"type":"Feature","properties":{"lit":1.0},"geometry":{"type":"LineString","coordinates":[[-73.955202,40.678835],[-73.955189,40.678722]]}},{"type":"Feature","properties":{"lit":0.1101},"geometry":{"type":"LineString","coordinates":[[-73.95766,40.671544],[-73.957686,40.67147]]}},{"type":"Feature","properties":{"lit":0.0977},"geometry":{"type":"LineString","coordinates":[[-73.957686,40.67147],[-73.95775,40.67129]]}},{"type":"Feature","properties":{"lit":0.0966},"geometry":{"type":"LineString","coordinates":[[-73.95775,40.67129],[-73.957813,40.67111]]}},{"type":"Feature","properties":{"lit":0.1012},"geometry":{"type":"LineString","coordinates":[[-73.957813,40.67111],[-73.957876,40.67093]]}},{"type":"Feature","properties":{"lit":0.0962},"geometry":{"type":"LineString","coordinates":[[-73.957876,40.67093],[-73.957897,40.670872]]}},{"type":"Feature","properties":{"lit":0.5788},"geometry":{"type":"LineString","coordinates":[[-73.956476,40.674799],[-73.956526,40.674662]]}},{"type":"Feature","properties":{"lit":0.4933},"geometry":{"type":"LineString","coordinates":[[-73.956526,40.674662],[-73.9566,40.674456]]}},{"type":"Feature","properties":{"lit":0.4533},"geometry":{"type":"LineString","coordinates":[[-73.9566,40.674456],[-73.956675,40.67425]]}},{"type":"Feature","properties":{"lit":0.453},"geometry":{"type":"LineString","coordinates":[[-73.956675,40.67425],[-73.956703,40.674171]]}},{"type":"Feature","properties":{"lit":0.4543},"geometry":{"type":"LineString","coordinates":[[-73.956703,40.674171],[-73.956726,40.674109]]}},{"type":"Feature","properties":{"lit":0.4474},"geometry":{"type":"LineString","coordinates":[[-73.956726,40.674109],[-73.956818,40.673855]]}},{"type":"Feature","properties":{"lit":0.4156},"geometry":{"type":"LineString","coordinates":[[-73.956818,40.673855],[-73.95691,40.673601]]}},{"type":"Feature","properties":{"lit":0.3755},"geometry":{"type":"LineString","coordinates":[[-73.95691,40.673601],[-73.956994,40.673367]]}},{"type":"Feature","properties":{"lit":0.335},"geometry":{"type":"LineString","coordinates":[[-73.956994,40.673367],[-73.957021,40.673295]]}},{"type":"Feature","properties":{"lit":0.2686},"geometry":{"type":"LineString","coordinates":[[-73.988428,40.65925],[-73.988513,40.659302]]}},{"type":"Feature","properties":{"lit":0.158},"geometry":{"type":"LineString","coordinates":[[-73.988513,40.659302],[-73.988717,40.659425]]}},{"type":"Feature","properties":{"lit":0.0523},"geometry":{"type":"LineString","coordinates":[[-73.988717,40.659425],[-73.988921,40.659548]]}},{"type":"Feature","properties":{"lit":0.0913},"geometry":{"type":"LineString","coordinates":[[-73.957897,40.670872],[-73.957999,40.670893]]}},{"type":"Feature","properties":{"lit":0.0769},"geometry":{"type":"LineString","coordinates":[[-73.957999,40.670893],[-73.958238,40.670943]]}},{"type":"Feature","properties":{"lit":0.0562},"geometry":{"type":"LineString","coordinates":[[-73.958238,40.670943],[-73.958478,40.670994]]}},{"type":"Feature","properties":{"lit":0.0519},"geometry":{"type":"LineString","coordinates":[[-73.958478,40.670994],[-73.958718,40.671044]]}},{"type":"Feature","properties":{"lit":0.06},"geometry":{"type":"LineString","coordinates":[[-73.958718,40.671044],[-73.958958,40.671094]]}},{"type":"Feature","properties":{"lit":0.0619},"geometry":{"type":"LineString","coordinates":[[-73.958958,40.671094],[-73.959198,40.671145]]}},{"type":"Feature","properties":{"lit":0.0481},"geometry":{"type":"LineString","coordinates":[[-73.959198,40.671145],[-73.959438,40.671195]]}},{"type":"Feature","properties":{"lit":0.0333},"geometry":{"type":"LineString","coordinates":[[-73.959438,40.671195],[-73.959678,40.671245]]}},{"type":"Feature","properties":{"lit":0.028},"geometry":{"type":"LineString","coordinates":[[-73.959678,40.671245],[-73.959918,40.671295]]}},{"type":"Feature","properties":{"lit":0.0285},"geometry":{"type":"LineString","coordinates":[[-73.959918,40.671295],[-73.960158,40.671346]]}},{"type":"Feature","properties":{"lit":0.0275},"geometry":{"type":"LineString","coordinates":[[-73.960158,40.671346],[-73.960398,40.671396]]}},{"type":"Feature","properties":{"lit":0.0294},"geometry":{"type":"LineString","coordinates":[[-73.960398,40.671396],[-73.960638,40.671446]]}},{"type":"Feature","properties":{"lit":0.0365},"geometry":{"type":"LineString","coordinates":[[-73.960638,40.671446],[-73.960878,40.671497]]}},{"type":"Feature","properties":{"lit":0.0408},"geometry":{"type":"LineString","coordinates":[[-73.960878,40.671497],[-73.961118,40.671547]]}},{"type":"Feature","properties":{"lit":0.0373},"geometry":{"type":"LineString","coordinates":[[-73.961118,40.671547],[-73.961181,40.67156]]}},{"type":"Feature","properties":{"lit":0.0345},"geometry":{"type":"LineString","coordinates":[[-73.961181,40.67156],[-73.961258,40.671576]]}},{"type":"Feature","properties":{"lit":0.0297},"geometry":{"type":"LineString","coordinates":[[-73.961258,40.671576],[-73.96136,40.671598]]}},{"type":"Feature","properties":{"lit":0.0756},"geometry":{"type":"LineString","coordinates":[[-73.979405,40.661071],[-73.979311,40.661087]]}},{"type":"Feature","properties":{"lit":0.0929},"geometry":{"type":"LineString","coordinates":[[-73.976548,40.664981],[-73.976792,40.664691]]}},{"type":"Feature","properties":{"lit":0.0886},"geometry":{"type":"LineString","coordinates":[[-73.976792,40.664691],[-73.976863,40.664605]]}},{"type":"Feature","properties":{"lit":0.0379},"geometry":{"type":"LineString","coordinates":[[-73.979401,40.661558],[-73.979592,40.661328]]}},{"type":"Feature","properties":{"lit":0.0469},"geometry":{"type":"LineString","coordinates":[[-73.949679,40.678551],[-73.949696,40.678382]]}},{"type":"Feature","properties":{"lit":0.0356},"geometry":{"type":"LineString","coordinates":[[-73.949696,40.678382],[-73.949702,40.678313]]}},{"type":"Feature","properties":{"lit":0.0282},"geometry":{"type":"LineString","coordinates":[[-73.949702,40.678313],[-73.949722,40.678118]]}},{"type":"Feature","properties":{"lit":0.0343},"geometry":{"type":"LineString","coordinates":[[-73.949722,40.678118],[-73.949742,40.677924]]}},{"type":"Feature","properties":{"lit":0.0548},"geometry":{"type":"LineString","coordinates":[[-73.949742,40.677924],[-73.949762,40.67773]]}},{"type":"Feature","properties":{"lit":0.0702},"geometry":{"type":"LineString","coordinates":[[-73.949762,40.67773],[-73.94977,40.677652]]}},{"type":"Feature","properties":{"lit":0.0738},"geometry":{"type":"LineString","coordinates":[[-73.94977,40.677652],[-73.949878,40.677659]]}},{"type":"Feature","properties":{"lit":0.0657},"geometry":{"type":"LineString","coordinates":[[-73.949878,40.677659],[-73.950134,40.677673]]}},{"type":"Feature","properties":{"lit":0.0457},"geometry":{"type":"LineString","coordinates":[[-73.950134,40.677673],[-73.950391,40.677687]]}},{"type":"Feature","properties":{"lit":0.0348},"geometry":{"type":"LineString","coordinates":[[-73.950391,40.677687],[-73.950647,40.677701]]}},{"type":"Feature","properties":{"lit":0.0415},"geometry":{"type":"LineString","coordinates":[[-73.950647,40.677701],[-73.950903,40.677715]]}},{"type":"Feature","properties":{"lit":0.0591},"geometry":{"type":"LineString","coordinates":[[-73.950903,40.677715],[-73.951159,40.677729]]}},{"type":"Feature","properties":{"lit":0.0747},"geometry":{"type":"LineString","coordinates":[[-73.951159,40.677729],[-73.951415,40.677742]]}},{"type":"Feature","properties":{"lit":0.0755},"geometry":{"type":"LineString","coordinates":[[-73.951415,40.677742],[-73.951671,40.677756]]}},{"type":"Feature","properties":{"lit":0.0707},"geometry":{"type":"LineString","coordinates":[[-73.951671,40.677756],[-73.951927,40.67777]]}},{"type":"Feature","properties":{"lit":0.081},"geometry":{"type":"LineString","coordinates":[[-73.951927,40.67777],[-73.952183,40.677784]]}},{"type":"Feature","properties":{"lit":0.1143},"geometry":{"type":"LineString","coordinates":[[-73.952183,40.677784],[-73.952439,40.677798]]}},{"type":"Feature","properties":{"lit":0.1427},"geometry":{"type":"LineString","coordinates":[[-73.952439,40.677798],[-73.952695,40.677812]]}},{"type":"Feature","properties":{"lit":0.1367},"geometry":{"type":"LineString","coordinates":[[-73.952695,40.677812],[-73.952808,40.677842]]}},{"type":"Feature","properties":{"lit":0.1241},"geometry":{"type":"LineString","coordinates":[[-73.952808,40.677842],[-73.952928,40.677871]]}},{"type":"Feature","properties":{"lit":0.0964},"geometry":{"type":"LineString","coordinates":[[-73.952928,40.677871],[-73.953212,40.67793]]}},{"type":"Feature","properties":{"lit":0.0616},"geometry":{"type":"LineString","coordinates":[[-73.953212,40.67793],[-73.953449,40.67798]]}},{"type":"Feature","properties":{"lit":0.0384},"geometry":{"type":"LineString","coordinates":[[-73.953449,40.67798],[-73.953685,40.678029]]}},{"type":"Feature","properties":{"lit":0.0284},"geometry":{"type":"LineString","coordinates":[[-73.953685,40.678029],[-73.953922,40.678078]]}},{"type":"Feature","properties":{"lit":0.0307},"geometry":{"type":"LineString","coordinates":[[-73.953922,40.678078],[-73.954158,40.678128]]}},{"type":"Feature","properties":{"lit":0.0909},"geometry":{"type":"LineString","coordinates":[[-73.954158,40.678128],[-73.954395,40.678177]]}},{"type":"Feature","properties":{"lit":0.3376},"geometry":{"type":"LineString","coordinates":[[-73.954395,40.678177],[-73.954631,40.678226]]}},{"type":"Feature","properties":{"lit":0.9207},"geometry":{"type":"LineString","coordinates":[[-73.954631,40.678226],[-73.954868,40.678276]]}},{"type":"Feature","properties":{"lit":1.0},"geometry":{"type":"LineString","coordinates":[[-73.954868,40.678276],[-73.955104,40.678325]]}},{"type":"Feature","properties":{"lit":1.0},"geometry":{"type":"LineString","coordinates":[[-73.955104,40.678325],[-73.9552,40.678344]]}},{"type":"Feature","properties":{"lit":0.0767},"geometry":{"type":"LineString","coordinates":[[-73.94977,40.677652],[-73.949776,40.677589]]}},{"type":"Feature","properties":{"lit":0.0881},"geometry":{"type":"LineString","coordinates":[[-73.949776,40.677589],[-73.949794,40.677395]]}},{"type":"Feature","properties":{"lit":0.1168},"geometry":{"type":"LineString","coordinates":[[-73.949794,40.677395],[-73.949816,40.677173]]}},{"type":"Feature","properties":{"lit":0.1612},"geometry":{"type":"LineString","coordinates":[[-73.949816,40.677173],[-73.949837,40.676951]]}},{"type":"Feature","properties":{"lit":0.1756},"geometry":{"type":"LineString","coordinates":[[-73.949837,40.676951],[-73.949842,40.676902]]}},{"type":"Feature","properties":{"lit":0.1767},"geometry":{"type":"LineString","coordinates":[[-73.949842,40.676902],[-73.949845,40.676875]]}},{"type":"Feature","properties":{"lit":0.5153},"geometry":{"type":"LineString","coordinates":[[-73.95277,40.677034],[-73.952739,40.677033]]}},{"type":"Feature","properties":{"lit":0.5249},"geometry":{"type":"LineString","coordinates":[[-73.952739,40.677033],[-73.952651,40.677028]]}},{"type":"Feature","properties":{"lit":0.5394},"geometry":{"type":"LineString","coordinates":[[-73.952651,40.677028],[-73.952544,40.677022]]}},{"type":"Feature","properties":{"lit":0.5543},"geometry":{"type":"LineString","coordinates":[[-73.952544,40.677022],[-73.952284,40.677008]]}},{"type":"Feature","properties":{"lit":0.5278},"geometry":{"type":"LineString","coordinates":[[-73.952284,40.677008],[-73.952025,40.676994]]}},{"type":"Feature","properties":{"lit":0.4674},"geometry":{"type":"LineString","coordinates":[[-73.952025,40.676994],[-73.951766,40.676979]]}},{"type":"Feature","properties":{"lit":0.4465},"geometry":{"type":"LineString","coordinates":[[-73.951766,40.676979],[-73.951507,40.676965]]}},{"type":"Feature","properties":{"lit":0.4852},"geometry":{"type":"LineString","coordinates":[[-73.951507,40.676965],[-73.951247,40.676951]]}},{"type":"Feature","properties":{"lit":0.5065},"geometry":{"type":"LineString","coordinates":[[-73.951247,40.676951],[-73.950988,40.676937]]}},{"type":"Feature","properties":{"lit":0.4513},"geometry":{"type":"LineString","coordinates":[[-73.950988,40.676937],[-73.950729,40.676923]]}},{"type":"Feature","properties":{"lit":0.3635},"geometry":{"type":"LineString","coordinates":[[-73.950729,40.676923],[-73.950469,40.676908]]}},{"type":"Feature","properties":{"lit":0.2956},"geometry":{"type":"LineString","coordinates":[[-73.950469,40.676908],[-73.95021,40.676894]]}},{"type":"Feature","properties":{"lit":0.2392},"geometry":{"type":"LineString","coordinates":[[-73.95021,40.676894],[-73.949951,40.67688]]}},{"type":"Feature","properties":{"lit":0.1916},"geometry":{"type":"LineString","coordinates":[[-73.949951,40.67688],[-73.949845,40.676875]]}},{"type":"Feature","properties":{"lit":0.1155},"geometry":{"type":"LineString","coordinates":[[-73.949917,40.676088],[-73.950023,40.676094]]}},{"type":"Feature","properties":{"lit":0.1435},"geometry":{"type":"LineString","coordinates":[[-73.950023,40.676094],[-73.95028,40.676108]]}},{"type":"Feature","properties":{"lit":0.1614},"geometry":{"type":"LineString","coordinates":[[-73.95028,40.676108],[-73.950536,40.676122]]}},{"type":"Feature","properties":{"lit":0.1554},"geometry":{"type":"LineString","coordinates":[[-73.950536,40.676122],[-73.950793,40.676136]]}},{"type":"Feature","properties":{"lit":0.1322},"geometry":{"type":"LineString","coordinates":[[-73.950793,40.676136],[-73.951049,40.67615]]}},{"type":"Feature","properties":{"lit":0.1163},"geometry":{"type":"LineString","coordinates":[[-73.951049,40.67615],[-73.951306,40.676164]]}},{"type":"Feature","properties":{"lit":0.1165},"geometry":{"type":"LineString","coordinates":[[-73.951306,40.676164],[-73.951562,40.676177]]}},{"type":"Feature","properties":{"lit":0.1241},"geometry":{"type":"LineString","coordinates":[[-73.951562,40.676177],[-73.951819,40.676191]]}},{"type":"Feature","properties":{"lit":0.1222},"geometry":{"type":"LineString","coordinates":[[-73.951819,40.676191],[-73.952076,40.676205]]}},{"type":"Feature","properties":{"lit":0.1022},"geometry":{"type":"LineString","coordinates":[[-73.952076,40.676205],[-73.952332,40.676219]]}},{"type":"Feature","properties":{"lit":0.0859},"geometry":{"type":"LineString","coordinates":[[-73.952332,40.676219],[-73.952589,40.676232]]}},{"type":"Feature","properties":{"lit":0.0829},"geometry":{"type":"LineString","coordinates":[[-73.952589,40.676232],[-73.95269,40.676237]]}},{"type":"Feature","properties":{"lit":0.1757},"geometry":{"type":"LineString","coordinates":[[-73.949845,40.676875],[-73.949849,40.676809]]}},{"type":"Feature","properties":{"lit":0.1644},"geometry":{"type":"LineString","coordinates":[[-73.949849,40.676809],[-73.949869,40.676597]]}},{"type":"Feature","properties":{"lit":0.1446},"geometry":{"type":"LineString","coordinates":[[-73.949869,40.676597],[-73.949889,40.676385]]}},{"type":"Feature","properties":{"lit":0.1331},"geometry":{"type":"LineString","coordinates":[[-73.949889,40.676385],[-73.949909,40.676173]]}},{"type":"Feature","properties":{"lit":0.1142},"geometry":{"type":"LineString","coordinates":[[-73.949909,40.676173],[-73.949917,40.676088]]}},{"type":"Feature","properties":{"lit":0.3635},"geometry":{"type":"LineString","coordinates":[[-73.956069,40.675928],[-73.955977,40.675909]]}},{"type":"Feature","properties":{"lit":0.2755},"geometry":{"type":"LineString","coordinates":[[-73.955977,40.675909],[-73.955727,40.675857]]}},{"type":"Feature","properties":{"lit":0.136},"geometry":{"type":"LineString","coordinates":[[-73.955727,40.675857],[-73.955478,40.675805]]}},{"type":"Feature","properties":{"lit":0.0454},"geometry":{"type":"LineString","coordinates":[[-73.955478,40.675805],[-73.955228,40.675754]]}},{"type":"Feature","properties":{"lit":0.0996},"geometry":{"type":"LineString","coordinates":[[-73.949917,40.676088],[-73.949923,40.676026]]}},{"type":"Feature","properties":{"lit":0.0555},"geometry":{"type":"LineString","coordinates":[[-73.949923,40.676026],[-73.949954,40.67569]]}},{"type":"Feature","properties":{"lit":0.095},"geometry":{"type":"LineString","coordinates":[[-73.957731,40.674387],[-73.95732,40.674301]]}},{"type":"Feature","properties":{"lit":0.292},"geometry":{"type":"LineString","coordinates":[[-73.95732,40.674301],[-73.957064,40.674247]]}},{"type":"Feature","properties":{"lit":0.4382},"geometry":{"type":"LineString","coordinates":[[-73.957064,40.674247],[-73.956809,40.674193]]}},{"type":"Feature","properties":{"lit":0.4631},"geometry":{"type":"LineString","coordinates":[[-73.956809,40.674193],[-73.956703,40.674171]]}},{"type":"Feature","properties":{"lit":0.0278},"geometry":{"type":"LineString","coordinates":[[-73.957808,40.674403],[-73.957731,40.674387]]}},{"type":"Feature","properties":{"lit":0.059},"geometry":{"type":"LineString","coordinates":[[-73.949647,40.678963],[-73.949673,40.678612]]}},{"type":"Feature","properties":{"lit":0.0564},"geometry":{"type":"LineString","coordinates":[[-73.949673,40.678612],[-73.949679,40.678551]]}},{"type":"Feature","properties":{"lit":0.053},"geometry":{"type":"LineString","coordinates":[[-73.970073,40.674823],[-73.970098,40.674801]]}},{"type":"Feature","properties":{"lit":0.0513},"geometry":{"type":"LineString","coordinates":[[-73.970098,40.674801],[-73.97019,40.674723]]}},{"type":"Feature","properties":{"lit":0.0473},"geometry":{"type":"LineString","coordinates":[[-73.97019,40.674723],[-73.970263,40.674664]]}},{"type":"Feature","properties":{"lit":0.1538},"geometry":{"type":"LineString","coordinates":[[-73.968417,40.672947],[-73.968221,40.672942]]}},{"type":"Feature","properties":{"lit":0.1573},"geometry":{"type":"LineString","coordinates":[[-73.968221,40.672942],[-73.967975,40.672924]]}},{"type":"Feature","properties":{"lit":0.0469},"geometry":{"type":"LineString","coordinates":[[-73.967213,40.672812],[-73.967266,40.672864]]}},{"type":"Feature","properties":{"lit":0.0588},"geometry":{"type":"LineString","coordinates":[[-73.967266,40.672864],[-73.96734,40.672876]]}},{"type":"Feature","properties":{"lit":0.071},"geometry":{"type":"LineString","coordinates":[[-73.96734,40.672876],[-73.967402,40.672885]]}},{"type":"Feature","properties":{"lit":0.0891},"geometry":{"type":"LineString","coordinates":[[-73.967402,40.672885],[-73.967543,40.672908]]}},{"type":"Feature","properties":{"lit":0.1123},"geometry":{"type":"LineString","coordinates":[[-73.967543,40.672908],[-73.967673,40.672927]]}},{"type":"Feature","properties":{"lit":0.1304},"geometry":{"type":"LineString","coordinates":[[-73.967673,40.672927],[-73.967789,40.672903]]}},{"type":"Feature","properties":{"lit":0.0883},"geometry":{"type":"LineString","coordinates":[[-73.969031,40.672735],[-73.969018,40.672763]]}},{"type":"Feature","properties":{"lit":0.0933},"geometry":{"type":"LineString","coordinates":[[-73.969018,40.672763],[-73.968996,40.672787]]}},{"type":"Feature","properties":{"lit":0.0978},"geometry":{"type":"LineString","coordinates":[[-73.968996,40.672787],[-73.968966,40.672804]]}},{"type":"Feature","properties":{"lit":0.1021},"geometry":{"type":"LineString","coordinates":[[-73.968966,40.672804],[-73.968909,40.672805]]}},{"type":"Feature","properties":{"lit":0.1125},"geometry":{"type":"LineString","coordinates":[[-73.968909,40.672805],[-73.968704,40.672808]]}},{"type":"Feature","properties":{"lit":0.1133},"geometry":{"type":"LineString","coordinates":[[-73.968704,40.672808],[-73.968757,40.672746]]}},{"type":"Feature","properties":{"lit":0.0984},"geometry":{"type":"LineString","coordinates":[[-73.968757,40.672746],[-73.96881,40.672683]]}},{"type":"Feature","properties":{"lit":0.0814},"geometry":{"type":"LineString","coordinates":[[-73.96881,40.672683],[-73.968864,40.672618]]}},{"type":"Feature","properties":{"lit":0.0665},"geometry":{"type":"LineString","coordinates":[[-73.968864,40.672618],[-73.968907,40.672567]]}},{"type":"Feature","properties":{"lit":0.0709},"geometry":{"type":"LineString","coordinates":[[-73.968907,40.672567],[-73.969001,40.672696]]}},{"type":"Feature","properties":{"lit":0.0834},"geometry":{"type":"LineString","coordinates":[[-73.969001,40.672696],[-73.969031,40.672735]]}},{"type":"Feature","properties":{"lit":0.0743},"geometry":{"type":"LineString","coordinates":[[-73.979468,40.660808],[-73.979419,40.660784]]}},{"type":"Feature","properties":{"lit":0.041},"geometry":{"type":"LineString","coordinates":[[-73.979419,40.660784],[-73.979067,40.660612]]}},{"type":"Feature","properties":{"lit":0.1451},"geometry":{"type":"LineString","coordinates":[[-73.956684,40.677005],[-73.956921,40.677055]]}},{"type":"Feature","properties":{"lit":0.1224},"geometry":{"type":"LineString","coordinates":[[-73.956921,40.677055],[-73.957156,40.677104]]}},{"type":"Feature","properties":{"lit":0.1088},"geometry":{"type":"LineString","coordinates":[[-73.957156,40.677104],[-73.957391,40.677154]]}},{"type":"Feature","properties":{"lit":0.1168},"geometry":{"type":"LineString","coordinates":[[-73.957391,40.677154],[-73.957627,40.677203]]}},{"type":"Feature","properties":{"lit":0.1561},"geometry":{"type":"LineString","coordinates":[[-73.957627,40.677203],[-73.957862,40.677252]]}},{"type":"Feature","properties":{"lit":0.2033},"geometry":{"type":"LineString","coordinates":[[-73.957862,40.677252],[-73.958097,40.677301]]}},{"type":"Feature","properties":{"lit":0.2531},"geometry":{"type":"LineString","coordinates":[[-73.958097,40.677301],[-73.958332,40.677351]]}},{"type":"Feature","properties":{"lit":0.3638},"geometry":{"type":"LineString","coordinates":[[-73.958332,40.677351],[-73.958567,40.6774]]}},{"type":"Feature","properties":{"lit":0.5801},"geometry":{"type":"LineString","coordinates":[[-73.958567,40.6774],[-73.958802,40.677449]]}},{"type":"Feature","properties":{"lit":0.803},"geometry":{"type":"LineString","coordinates":[[-73.958802,40.677449],[-73.959037,40.677498]]}},{"type":"Feature","properties":{"lit":0.8554},"geometry":{"type":"LineString","coordinates":[[-73.959037,40.677498],[-73.959107,40.677513]]}},{"type":"Feature","properties":{"lit":0.0711},"geometry":{"type":"LineString","coordinates":[[-73.958178,40.673538],[-73.958423,40.673589]]}},{"type":"Feature","properties":{"lit":0.0606},"geometry":{"type":"LineString","coordinates":[[-73.958423,40.673589],[-73.958668,40.67364]]}},{"type":"Feature","properties":{"lit":0.0424},"geometry":{"type":"LineString","coordinates":[[-73.958668,40.67364],[-73.958913,40.673691]]}},{"type":"Feature","properties":{"lit":0.0312},"geometry":{"type":"LineString","coordinates":[[-73.958913,40.673691],[-73.959157,40.673742]]}},{"type":"Feature","properties":{"lit":0.0447},"geometry":{"type":"LineString","coordinates":[[-73.959157,40.673742],[-73.959402,40.673793]]}},{"type":"Feature","properties":{"lit":0.1161},"geometry":{"type":"LineString","coordinates":[[-73.959402,40.673793],[-73.959647,40.673843]]}},{"type":"Feature","properties":{"lit":0.2811},"geometry":{"type":"LineString","coordinates":[[-73.959647,40.673843],[-73.959892,40.673894]]}},{"type":"Feature","properties":{"lit":0.0895},"geometry":{"type":"LineString","coordinates":[[-73.968408,40.672553],[-73.968414,40.672557]]}},{"type":"Feature","properties":{"lit":0.0896},"geometry":{"type":"LineString","coordinates":[[-73.968414,40.672557],[-73.968425,40.672559]]}},{"type":"Feature","properties":{"lit":0.0881},"geometry":{"type":"LineString","coordinates":[[-73.968425,40.672559],[-73.968445,40.672559]]}},{"type":"Feature","properties":{"lit":0.0859},"geometry":{"type":"LineString","coordinates":[[-73.968445,40.672559],[-73.968468,40.672555]]}},{"type":"Feature","properties":{"lit":0.0828},"geometry":{"type":"LineString","coordinates":[[-73.968468,40.672555],[-73.968486,40.672547]]}},{"type":"Feature","properties":{"lit":0.08},"geometry":{"type":"LineString","coordinates":[[-73.968486,40.672547],[-73.968497,40.67254]]}},{"type":"Feature","properties":{"lit":0.0765},"geometry":{"type":"LineString","coordinates":[[-73.968497,40.67254],[-73.968505,40.672523]]}},{"type":"Feature","properties":{"lit":0.0713},"geometry":{"type":"LineString","coordinates":[[-73.968505,40.672523],[-73.968506,40.672499]]}},{"type":"Feature","properties":{"lit":0.0665},"geometry":{"type":"LineString","coordinates":[[-73.968506,40.672499],[-73.968497,40.67248]]}},{"type":"Feature","properties":{"lit":0.0637},"geometry":{"type":"LineString","coordinates":[[-73.968497,40.67248],[-73.968485,40.672469]]}},{"type":"Feature","properties":{"lit":0.0625},"geometry":{"type":"LineString","coordinates":[[-73.968485,40.672469],[-73.968476,40.672462]]}},{"type":"Feature","properties":{"lit":0.0649},"geometry":{"type":"LineString","coordinates":[[-73.968476,40.672462],[-73.968457,40.672481]]}},{"type":"Feature","properties":{"lit":0.0697},"geometry":{"type":"LineString","coordinates":[[-73.968457,40.672481],[-73.968446,40.672495]]}},{"type":"Feature","properties":{"lit":0.0741},"geometry":{"type":"LineString","coordinates":[[-73.968446,40.672495],[-73.968433,40.672511]]}},{"type":"Feature","properties":{"lit":0.0795},"geometry":{"type":"LineString","coordinates":[[-73.968433,40.672511],[-73.968418,40.672531]]}},{"type":"Feature","properties":{"lit":0.0855},"geometry":{"type":"LineString","coordinates":[[-73.968418,40.672531],[-73.968408,40.672553]]}},{"type":"Feature","properties":{"lit":0.0692},"geometry":{"type":"LineString","coordinates":[[-73.972348,40.677457],[-73.97227,40.677441]]}},{"type":"Feature","properties":{"lit":0.056},"geometry":{"type":"LineString","coordinates":[[-73.97227,40.677441],[-73.972024,40.677389]]}},{"type":"Feature","properties":{"lit":0.0313},"geometry":{"type":"LineString","coordinates":[[-73.972024,40.677389],[-73.971778,40.677336]]}},{"type":"Feature","properties":{"lit":0.0649},"geometry":{"type":"LineString","coordinates":[[-73.970137,40.672636],[-73.970041,40.672641]]}},{"type":"Feature","properties":{"lit":0.207},"geometry":{"type":"LineString","coordinates":[[-73.968883,40.677933],[-73.968859,40.677907]]}},{"type":"Feature","properties":{"lit":0.1978},"geometry":{"type":"LineString","coordinates":[[-73.968859,40.677907],[-73.968917,40.677756]]}},{"type":"Feature","properties":{"lit":0.182},"geometry":{"type":"LineString","coordinates":[[-73.968917,40.677756],[-73.968928,40.677732]]}},{"type":"Feature","properties":{"lit":0.1763},"geometry":{"type":"LineString","coordinates":[[-73.968928,40.677732],[-73.96896,40.677739]]}},{"type":"Feature","properties":{"lit":0.1748},"geometry":{"type":"LineString","coordinates":[[-73.96896,40.677739],[-73.968951,40.677763]]}},{"type":"Feature","properties":{"lit":0.1912},"geometry":{"type":"LineString","coordinates":[[-73.968951,40.677763],[-73.968883,40.677933]]}},{"type":"Feature","properties":{"lit":0.0749},"geometry":{"type":"LineString","coordinates":[[-73.970918,40.675236],[-73.970932,40.67526]]}},{"type":"Feature","properties":{"lit":0.0745},"geometry":{"type":"LineString","coordinates":[[-73.970932,40.67526],[-73.970929,40.675272]]}},{"type":"Feature","properties":{"lit":0.0745},"geometry":{"type":"LineString","coordinates":[[-73.970929,40.675272],[-73.970913,40.675284]]}},{"type":"Feature","properties":{"lit":0.0742},"geometry":{"type":"LineString","coordinates":[[-73.970913,40.675284],[-73.970866,40.675313]]}},{"type":"Feature","properties":{"lit":0.0735},"geometry":{"type":"LineString","coordinates":[[-73.970866,40.675313],[-73.970825,40.675313]]}},{"type":"Feature","properties":{"lit":0.0744},"geometry":{"type":"LineString","coordinates":[[-73.970825,40.675313],[-73.970882,40.675282]]}},{"type":"Feature","properties":{"lit":0.0751},"geometry":{"type":"LineString","coordinates":[[-73.970882,40.675282],[-73.970899,40.675265]]}},{"type":"Feature","properties":{"lit":0.0752},"geometry":{"type":"LineString","coordinates":[[-73.970899,40.675265],[-73.970914,40.675251]]}},{"type":"Feature","properties":{"lit":0.0751},"geometry":{"type":"LineString","coordinates":[[-73.970914,40.675251],[-73.970918,40.675236]]}},{"type":"Feature","properties":{"lit":0.1725},"geometry":{"type":"LineString","coordinates":[[-73.968866,40.677667],[-73.969003,40.677695]]}},{"type":"Feature","properties":{"lit":0.1282},"geometry":{"type":"LineString","coordinates":[[-73.969003,40.677695],[-73.96924,40.677745]]}},{"type":"Feature","properties":{"lit":0.063},"geometry":{"type":"LineString","coordinates":[[-73.96924,40.677745],[-73.969477,40.677794]]}},{"type":"Feature","properties":{"lit":0.0221},"geometry":{"type":"LineString","coordinates":[[-73.969477,40.677794],[-73.969714,40.677844]]}},{"type":"Feature","properties":{"lit":0.1908},"geometry":{"type":"LineString","coordinates":[[-73.968551,40.678545],[-73.968416,40.678516]]}},{"type":"Feature","properties":{"lit":0.1765},"geometry":{"type":"LineString","coordinates":[[-73.968416,40.678516],[-73.968173,40.678465]]}},{"type":"Feature","properties":{"lit":0.1146},"geometry":{"type":"LineString","coordinates":[[-73.968173,40.678465],[-73.967929,40.678414]]}},{"type":"Feature","properties":{"lit":0.0513},"geometry":{"type":"LineString","coordinates":[[-73.967929,40.678414],[-73.967686,40.678364]]}},{"type":"Feature","properties":{"lit":0.0875},"geometry":{"type":"LineString","coordinates":[[-73.9698,40.672787],[-73.969755,40.6728]]}},{"type":"Feature","properties":{"lit":0.0891},"geometry":{"type":"LineString","coordinates":[[-73.969755,40.6728],[-73.969714,40.67283]]}},{"type":"Feature","properties":{"lit":0.0906},"geometry":{"type":"LineString","coordinates":[[-73.969714,40.67283],[-73.969682,40.672862]]}},{"type":"Feature","properties":{"lit":0.0913},"geometry":{"type":"LineString","coordinates":[[-73.969682,40.672862],[-73.969671,40.672863]]}},{"type":"Feature","properties":{"lit":0.092},"geometry":{"type":"LineString","coordinates":[[-73.969671,40.672863],[-73.969664,40.672856]]}},{"type":"Feature","properties":{"lit":0.0894},"geometry":{"type":"LineString","coordinates":[[-73.969664,40.672856],[-73.969685,40.672756]]}},{"type":"Feature","properties":{"lit":0.0869},"geometry":{"type":"LineString","coordinates":[[-73.969685,40.672756],[-73.969701,40.672736]]}},{"type":"Feature","properties":{"lit":0.0861},"geometry":{"type":"LineString","coordinates":[[-73.969701,40.672736],[-73.969726,40.672717]]}},{"type":"Feature","properties":{"lit":0.0855},"geometry":{"type":"LineString","coordinates":[[-73.969726,40.672717],[-73.96976,40.672708]]}},{"type":"Feature","properties":{"lit":0.085},"geometry":{"type":"LineString","coordinates":[[-73.96976,40.672708],[-73.969802,40.672708]]}},{"type":"Feature","properties":{"lit":0.0841},"geometry":{"type":"LineString","coordinates":[[-73.969802,40.672708],[-73.96985,40.672714]]}},{"type":"Feature","properties":{"lit":0.0824},"geometry":{"type":"LineString","coordinates":[[-73.96985,40.672714],[-73.969896,40.672725]]}},{"type":"Feature","properties":{"lit":0.0804},"geometry":{"type":"LineString","coordinates":[[-73.969896,40.672725],[-73.969927,40.672742]]}},{"type":"Feature","properties":{"lit":0.0771},"geometry":{"type":"LineString","coordinates":[[-73.969927,40.672742],[-73.969989,40.672763]]}},{"type":"Feature","properties":{"lit":0.0742},"geometry":{"type":"LineString","coordinates":[[-73.969989,40.672763],[-73.969992,40.672774]]}},{"type":"Feature","properties":{"lit":0.0745},"geometry":{"type":"LineString","coordinates":[[-73.969992,40.672774],[-73.969981,40.67278]]}},{"type":"Feature","properties":{"lit":0.0764},"geometry":{"type":"LineString","coordinates":[[-73.969981,40.67278],[-73.969948,40.672773]]}},{"type":"Feature","properties":{"lit":0.0792},"geometry":{"type":"LineString","coordinates":[[-73.969948,40.672773],[-73.969913,40.672773]]}},{"type":"Feature","properties":{"lit":0.0826},"geometry":{"type":"LineString","coordinates":[[-73.969913,40.672773],[-73.96985,40.672782]]}},{"type":"Feature","properties":{"lit":0.0856},"geometry":{"type":"LineString","coordinates":[[-73.96985,40.672782],[-73.9698,40.672787]]}},{"type":"Feature","properties":{"lit":0.0288},"geometry":{"type":"LineString","coordinates":[[-73.969819,40.674736],[-73.969758,40.674737]]}},{"type":"Feature","properties":{"lit":0.0256},"geometry":{"type":"LineString","coordinates":[[-73.969758,40.674737],[-73.969736,40.674716]]}},{"type":"Feature","properties":{"lit":0.0255},"geometry":{"type":"LineString","coordinates":[[-73.969736,40.674716],[-73.969768,40.674686]]}},{"type":"Feature","properties":{"lit":0.0244},"geometry":{"type":"LineString","coordinates":[[-73.969768,40.674686],[-73.969715,40.674637]]}},{"type":"Feature","properties":{"lit":0.0208},"geometry":{"type":"LineString","coordinates":[[-73.969715,40.674637],[-73.969645,40.674566]]}},{"type":"Feature","properties":{"lit":0.023},"geometry":{"type":"LineString","coordinates":[[-73.969357,40.673765],[-73.969364,40.67367]]}},{"type":"Feature","properties":{"lit":0.0287},"geometry":{"type":"LineString","coordinates":[[-73.969364,40.67367],[-73.969371,40.673591]]}},{"type":"Feature","properties":{"lit":0.0351},"geometry":{"type":"LineString","coordinates":[[-73.969371,40.673591],[-73.969385,40.67353]]}},{"type":"Feature","properties":{"lit":0.0447},"geometry":{"type":"LineString","coordinates":[[-73.969385,40.67353],[-73.969413,40.673428]]}},{"type":"Feature","properties":{"lit":0.0503},"geometry":{"type":"LineString","coordinates":[[-73.969413,40.673428],[-73.969367,40.673419]]}},{"type":"Feature","properties":{"lit":0.0485},"geometry":{"type":"LineString","coordinates":[[-73.969367,40.673419],[-73.96933,40.673411]]}},{"type":"Feature","properties":{"lit":0.0547},"geometry":{"type":"LineString","coordinates":[[-73.96933,40.673411],[-73.969375,40.673317]]}},{"type":"Feature","properties":{"lit":0.0658},"geometry":{"type":"LineString","coordinates":[[-73.969375,40.673317],[-73.969362,40.673272]]}},{"type":"Feature","properties":{"lit":0.0699},"geometry":{"type":"LineString","coordinates":[[-73.969362,40.673272],[-73.96899,40.673192]]}},{"type":"Feature","properties":{"lit":0.0842},"geometry":{"type":"LineString","coordinates":[[-73.96899,40.673192],[-73.968945,40.673184]]}},{"type":"Feature","properties":{"lit":0.0881},"geometry":{"type":"LineString","coordinates":[[-73.968945,40.673184],[-73.96891,40.673176]]}},{"type":"Feature","properties":{"lit":0.0913},"geometry":{"type":"LineString","coordinates":[[-73.96891,40.673176],[-73.96893,40.673147]]}},{"type":"Feature","properties":{"lit":0.0949},"geometry":{"type":"LineString","coordinates":[[-73.96893,40.673147],[-73.968962,40.673119]]}},{"type":"Feature","properties":{"lit":0.0972},"geometry":{"type":"LineString","coordinates":[[-73.968962,40.673119],[-73.969006,40.673091]]}},{"type":"Feature","properties":{"lit":0.0977},"geometry":{"type":"LineString","coordinates":[[-73.969006,40.673091],[-73.969045,40.67307]]}},{"type":"Feature","properties":{"lit":0.0975},"geometry":{"type":"LineString","coordinates":[[-73.969045,40.67307],[-73.969064,40.673062]]}},{"type":"Feature","properties":{"lit":0.0964},"geometry":{"type":"LineString","coordinates":[[-73.969064,40.673062],[-73.969112,40.673055]]}},{"type":"Feature","properties":{"lit":0.0894},"geometry":{"type":"LineString","coordinates":[[-73.969112,40.673055],[-73.969331,40.673102]]}},{"type":"Feature","properties":{"lit":0.087},"geometry":{"type":"LineString","coordinates":[[-73.969331,40.673102],[-73.969362,40.673118]]}},{"type":"Feature","properties":{"lit":0.0855},"geometry":{"type":"LineString","coordinates":[[-73.969362,40.673118],[-73.969392,40.673149]]}},{"type":"Feature","properties":{"lit":0.0807},"geometry":{"type":"LineString","coordinates":[[-73.969392,40.673149],[-73.969446,40.673237]]}},{"type":"Feature","properties":{"lit":0.0748},"geometry":{"type":"LineString","coordinates":[[-73.969446,40.673237],[-73.96947,40.673282]]}},{"type":"Feature","properties":{"lit":0.07},"geometry":{"type":"LineString","coordinates":[[-73.96947,40.673282],[-73.969485,40.673335]]}},{"type":"Feature","properties":{"lit":0.0649},"geometry":{"type":"LineString","coordinates":[[-73.969485,40.673335],[-73.969488,40.673389]]}},{"type":"Feature","properties":{"lit":0.0594},"geometry":{"type":"LineString","coordinates":[[-73.969488,40.673389],[-73.969488,40.673423]]}},{"type":"Feature","properties":{"lit":0.0515},"geometry":{"type":"LineString","coordinates":[[-73.969488,40.673423],[-73.969454,40.673515]]}},{"type":"Feature","properties":{"lit":0.0406},"geometry":{"type":"LineString","coordinates":[[-73.969454,40.673515],[-73.969447,40.673619]]}},{"type":"Feature","properties":{"lit":0.0328},"geometry":{"type":"LineString","coordinates":[[-73.969447,40.673619],[-73.969447,40.673699]]}},{"type":"Feature","properties":{"lit":0.0273},"geometry":{"type":"LineString","coordinates":[[-73.969447,40.673699],[-73.969447,40.673828]]}},{"type":"Feature","properties":{"lit":0.0247},"geometry":{"type":"LineString","coordinates":[[-73.969447,40.673828],[-73.969463,40.673947]]}},{"type":"Feature","properties":{"lit":0.0246},"geometry":{"type":"LineString","coordinates":[[-73.969463,40.673947],[-73.969507,40.674112]]}},{"type":"Feature","properties":{"lit":0.027},"geometry":{"type":"LineString","coordinates":[[-73.969507,40.674112],[-73.969562,40.674168]]}},{"type":"Feature","properties":{"lit":0.0279},"geometry":{"type":"LineString","coordinates":[[-73.969562,40.674168],[-73.969599,40.674296]]}},{"type":"Feature","properties":{"lit":0.0262},"geometry":{"type":"LineString","coordinates":[[-73.969599,40.674296],[-73.969644,40.674421]]}},{"type":"Feature","properties":{"lit":0.024},"geometry":{"type":"LineString","coordinates":[[-73.969644,40.674421],[-73.969695,40.674507]]}},{"type":"Feature","properties":{"lit":0.0244},"geometry":{"type":"LineString","coordinates":[[-73.969695,40.674507],[-73.969754,40.674604]]}},{"type":"Feature","properties":{"lit":0.0265},"geometry":{"type":"LineString","coordinates":[[-73.969754,40.674604],[-73.969797,40.674673]]}},{"type":"Feature","properties":{"lit":0.0287},"geometry":{"type":"LineString","coordinates":[[-73.969797,40.674673],[-73.969809,40.674699]]}},{"type":"Feature","properties":{"lit":0.0301},"geometry":{"type":"LineString","coordinates":[[-73.969809,40.674699],[-73.969819,40.674736]]}},{"type":"Feature","properties":{"lit":0.0587},"geometry":{"type":"LineString","coordinates":[[-73.965346,40.678815],[-73.965371,40.678746]]}},{"type":"Feature","properties":{"lit":0.0607},"geometry":{"type":"LineString","coordinates":[[-73.965371,40.678746],[-73.965437,40.678561]]}},{"type":"Feature","properties":{"lit":0.0459},"geometry":{"type":"LineString","coordinates":[[-73.965437,40.678561],[-73.965503,40.678376]]}},{"type":"Feature","properties":{"lit":0.0235},"geometry":{"type":"LineString","coordinates":[[-73.965503,40.678376],[-73.96557,40.678191]]}},{"type":"Feature","properties":{"lit":0.0743},"geometry":{"type":"LineString","coordinates":[[-73.965974,40.67706],[-73.965998,40.676995]]}},{"type":"Feature","properties":{"lit":0.1013},"geometry":{"type":"LineString","coordinates":[[-73.965998,40.676995],[-73.966066,40.67681]]}},{"type":"Feature","properties":{"lit":0.1279},"geometry":{"type":"LineString","coordinates":[[-73.966066,40.67681],[-73.966133,40.676624]]}},{"type":"Feature","properties":{"lit":0.1185},"geometry":{"type":"LineString","coordinates":[[-73.966133,40.676624],[-73.966201,40.676439]]}},{"type":"Feature","properties":{"lit":0.0804},"geometry":{"type":"LineString","coordinates":[[-73.966201,40.676439],[-73.966269,40.676253]]}},{"type":"Feature","properties":{"lit":0.0552},"geometry":{"type":"LineString","coordinates":[[-73.966269,40.676253],[-73.966296,40.67618]]}},{"type":"Feature","properties":{"lit":0.0374},"geometry":{"type":"LineString","coordinates":[[-73.965883,40.677315],[-73.965949,40.67713]]}},{"type":"Feature","properties":{"lit":0.0601},"geometry":{"type":"LineString","coordinates":[[-73.965949,40.67713],[-73.965974,40.67706]]}},{"type":"Feature","properties":{"lit":0.0202},"geometry":{"type":"LineString","coordinates":[[-73.903835,40.677894],[-73.90358,40.677881]]}},{"type":"Feature","properties":{"lit":1.0},"geometry":{"type":"LineString","coordinates":[[-73.955661,40.679225],[-73.955386,40.679162]]}},{"type":"Feature","properties":{"lit":1.0},"geometry":{"type":"LineString","coordinates":[[-73.955386,40.679162],[-73.955263,40.679137]]}},{"type":"Feature","properties":{"lit":0.0822},"geometry":{"type":"LineString","coordinates":[[-73.979443,40.661065],[-73.979405,40.661071]]}},{"type":"Feature","properties":{"lit":0.0304},"geometry":{"type":"LineString","coordinates":[[-73.968816,40.675763],[-73.969094,40.675821]]}},{"type":"Feature","properties":{"lit":0.0547},"geometry":{"type":"LineString","coordinates":[[-73.969094,40.675821],[-73.969373,40.67588]]}},{"type":"Feature","properties":{"lit":0.0608},"geometry":{"type":"LineString","coordinates":[[-73.969373,40.67588],[-73.969498,40.675906]]}},{"type":"Feature","properties":{"lit":0.0474},"geometry":{"type":"LineString","coordinates":[[-73.966296,40.67618],[-73.966318,40.676118]]}},{"type":"Feature","properties":{"lit":0.0439},"geometry":{"type":"LineString","coordinates":[[-73.966318,40.676118],[-73.966387,40.675928]]}},{"type":"Feature","properties":{"lit":0.06},"geometry":{"type":"LineString","coordinates":[[-73.966387,40.675928],[-73.966455,40.675738]]}},{"type":"Feature","properties":{"lit":0.0826},"geometry":{"type":"LineString","coordinates":[[-73.966455,40.675738],[-73.966521,40.675558]]}},{"type":"Feature","properties":{"lit":0.1062},"geometry":{"type":"LineString","coordinates":[[-73.966521,40.675558],[-73.966585,40.675378]]}},{"type":"Feature","properties":{"lit":0.1235},"geometry":{"type":"LineString","coordinates":[[-73.966585,40.675378],[-73.966613,40.675302]]}},{"type":"Feature","properties":{"lit":0.1291},"geometry":{"type":"LineString","coordinates":[[-73.966613,40.675302],[-73.966709,40.675322]]}},{"type":"Feature","properties":{"lit":0.1157},"geometry":{"type":"LineString","coordinates":[[-73.966709,40.675322],[-73.96697,40.675377]]}},{"type":"Feature","properties":{"lit":0.0675},"geometry":{"type":"LineString","coordinates":[[-73.96697,40.675377],[-73.967232,40.675432]]}},{"type":"Feature","properties":{"lit":0.0247},"geometry":{"type":"LineString","coordinates":[[-73.967232,40.675432],[-73.967494,40.675486]]}},{"type":"Feature","properties":{"lit":0.0669},"geometry":{"type":"LineString","coordinates":[[-73.967206,40.674336],[-73.967085,40.674354]]}},{"type":"Feature","properties":{"lit":0.0728},"geometry":{"type":"LineString","coordinates":[[-73.967085,40.674354],[-73.967011,40.674362]]}},{"type":"Feature","properties":{"lit":0.0745},"geometry":{"type":"LineString","coordinates":[[-73.967011,40.674362],[-73.967005,40.674357]]}},{"type":"Feature","properties":{"lit":0.0736},"geometry":{"type":"LineString","coordinates":[[-73.967005,40.674357],[-73.967018,40.674315]]}},{"type":"Feature","properties":{"lit":0.0723},"geometry":{"type":"LineString","coordinates":[[-73.967018,40.674315],[-73.967036,40.674265]]}},{"type":"Feature","properties":{"lit":0.0708},"geometry":{"type":"LineString","coordinates":[[-73.967036,40.674265],[-73.967064,40.674252]]}},{"type":"Feature","properties":{"lit":0.0701},"geometry":{"type":"LineString","coordinates":[[-73.967064,40.674252],[-73.967093,40.674238]]}},{"type":"Feature","properties":{"lit":0.0698},"geometry":{"type":"LineString","coordinates":[[-73.967093,40.674238],[-73.967082,40.674269]]}},{"type":"Feature","properties":{"lit":0.0706},"geometry":{"type":"LineString","coordinates":[[-73.967082,40.674269],[-73.967082,40.674308]]}},{"type":"Feature","properties":{"lit":0.0655},"geometry":{"type":"LineString","coordinates":[[-73.967082,40.674308],[-73.96725,40.674258]]}},{"type":"Feature","properties":{"lit":0.0604},"geometry":{"type":"LineString","coordinates":[[-73.96725,40.674258],[-73.967224,40.674304]]}},{"type":"Feature","properties":{"lit":0.0617},"geometry":{"type":"LineString","coordinates":[[-73.967224,40.674304],[-73.967206,40.674336]]}},{"type":"Feature","properties":{"lit":0.065},"geometry":{"type":"LineString","coordinates":[[-73.967174,40.674466],[-73.967166,40.674453]]}},{"type":"Feature","properties":{"lit":0.0657},"geometry":{"type":"LineString","coordinates":[[-73.967166,40.674453],[-73.967158,40.674448]]}},{"type":"Feature","properties":{"lit":0.0667},"geometry":{"type":"LineString","coordinates":[[-73.967158,40.674448],[-73.967147,40.674447]]}},{"type":"Feature","properties":{"lit":0.0734},"geometry":{"type":"LineString","coordinates":[[-73.967147,40.674447],[-73.967022,40.674481]]}},{"type":"Feature","properties":{"lit":0.0803},"geometry":{"type":"LineString","coordinates":[[-73.967022,40.674481],[-73.966989,40.674491]]}},{"type":"Feature","properties":{"lit":0.0826},"geometry":{"type":"LineString","coordinates":[[-73.966989,40.674491],[-73.966969,40.674504]]}},{"type":"Feature","properties":{"lit":0.0845},"geometry":{"type":"LineString","coordinates":[[-73.966969,40.674504],[-73.966953,40.67452]]}},{"type":"Feature","properties":{"lit":0.0862},"geometry":{"type":"LineString","coordinates":[[-73.966953,40.67452],[-73.966944,40.674532]]}},{"type":"Feature","properties":{"lit":0.0874},"geometry":{"type":"LineString","coordinates":[[-73.966944,40.674532],[-73.966938,40.674543]]}},{"type":"Feature","properties":{"lit":0.0902},"geometry":{"type":"LineString","coordinates":[[-73.966938,40.674543],[-73.96692,40.674586]]}},{"type":"Feature","properties":{"lit":0.0928},"geometry":{"type":"LineString","coordinates":[[-73.96692,40.674586],[-73.966937,40.674605]]}},{"type":"Feature","properties":{"lit":0.0934},"geometry":{"type":"LineString","coordinates":[[-73.966937,40.674605],[-73.966963,40.674634]]}},{"type":"Feature","properties":{"lit":0.0893},"geometry":{"type":"LineString","coordinates":[[-73.966963,40.674634],[-73.966992,40.674554]]}},{"type":"Feature","properties":{"lit":0.0749},"geometry":{"type":"LineString","coordinates":[[-73.966992,40.674554],[-73.967188,40.674496]]}},{"type":"Feature","properties":{"lit":0.064},"geometry":{"type":"LineString","coordinates":[[-73.967188,40.674496],[-73.967174,40.674466]]}},{"type":"Feature","properties":{"lit":0.0706},"geometry":{"type":"LineString","coordinates":[[-73.96674,40.674346],[-73.966807,40.674359]]}},{"type":"Feature","properties":{"lit":0.0735},"geometry":{"type":"LineString","coordinates":[[-73.966807,40.674359],[-73.966831,40.67436]]}},{"type":"Feature","properties":{"lit":0.0742},"geometry":{"type":"LineString","coordinates":[[-73.966831,40.67436],[-73.966851,40.674358]]}},{"type":"Feature","properties":{"lit":0.0746},"geometry":{"type":"LineString","coordinates":[[-73.966851,40.674358],[-73.966862,40.674355]]}},{"type":"Feature","properties":{"lit":0.0746},"geometry":{"type":"LineString","coordinates":[[-73.966862,40.674355],[-73.966881,40.674348]]}},{"type":"Feature","properties":{"lit":0.0745},"geometry":{"type":"LineString","coordinates":[[-73.966881,40.674348],[-73.966899,40.674338]]}},{"type":"Feature","properties":{"lit":0.0742},"geometry":{"type":"LineString","coordinates":[[-73.966899,40.674338],[-73.966911,40.674329]]}},{"type":"Feature","properties":{"lit":0.0738},"geometry":{"type":"LineString","coordinates":[[-73.966911,40.674329],[-73.966915,40.67432]]}},{"type":"Feature","properties":{"lit":0.0732},"geometry":{"type":"LineString","coordinates":[[-73.966915,40.67432],[-73.966877,40.674317]]}},{"type":"Feature","properties":{"lit":0.0674},"geometry":{"type":"LineString","coordinates":[[-73.966877,40.674317],[-73.966701,40.674281]]}},{"type":"Feature","properties":{"lit":0.0615},"geometry":{"type":"LineString","coordinates":[[-73.966701,40.674281],[-73.966721,40.674313]]}},{"type":"Feature","properties":{"lit":0.0657},"geometry":{"type":"LineString","coordinates":[[-73.966721,40.674313],[-73.96674,40.674346]]}},{"type":"Feature","properties":{"lit":0.8959},"geometry":{"type":"LineString","coordinates":[[-73.960393,40.673999],[-73.960365,40.674075]]}},{"type":"Feature","properties":{"lit":0.714},"geometry":{"type":"LineString","coordinates":[[-73.960365,40.674075],[-73.960284,40.674298]]}},{"type":"Feature","properties":{"lit":0.5836},"geometry":{"type":"LineString","coordinates":[[-73.960284,40.674298],[-73.960204,40.674521]]}},{"type":"Feature","properties":{"lit":0.5653},"geometry":{"type":"LineString","coordinates":[[-73.960204,40.674521],[-73.960098,40.674813]]}},{"type":"Feature","properties":{"lit":0.5741},"geometry":{"type":"LineString","coordinates":[[-73.960098,40.674813],[-73.960074,40.674878]]}},{"type":"Feature","properties":{"lit":0.021},"geometry":{"type":"LineString","coordinates":[[-73.949,40.678515],[-73.949295,40.678531]]}},{"type":"Feature","properties":{"lit":0.0447},"geometry":{"type":"LineString","coordinates":[[-73.949295,40.678531],[-73.94959,40.678546]]}},{"type":"Feature","properties":{"lit":0.0541},"geometry":{"type":"LineString","coordinates":[[-73.94959,40.678546],[-73.949679,40.678551]]}},{"type":"Feature","properties":{"lit":0.065},"geometry":{"type":"LineString","coordinates":[[-73.979224,40.665749],[-73.97914,40.665708]]}},{"type":"Feature","properties":{"lit":0.0615},"geometry":{"type":"LineString","coordinates":[[-73.97914,40.665708],[-73.978938,40.665611]]}},{"type":"Feature","properties":{"lit":0.0584},"geometry":{"type":"LineString","coordinates":[[-73.978938,40.665611],[-73.978737,40.665513]]}},{"type":"Feature","properties":{"lit":0.0563},"geometry":{"type":"LineString","coordinates":[[-73.979707,40.665982],[-73.979326,40.665798]]}},{"type":"Feature","properties":{"lit":0.0646},"geometry":{"type":"LineString","coordinates":[[-73.979326,40.665798],[-73.979224,40.665749]]}},{"type":"Feature","properties":{"lit":0.0388},"geometry":{"type":"LineString","coordinates":[[-73.980519,40.666375],[-73.980316,40.666277]]}},{"type":"Feature","properties":{"lit":0.0581},"geometry":{"type":"LineString","coordinates":[[-73.980316,40.666277],[-73.980113,40.666179]]}},{"type":"Feature","properties":{"lit":0.0634},"geometry":{"type":"LineString","coordinates":[[-73.980113,40.666179],[-73.97991,40.66608]]}},{"type":"Feature","properties":{"lit":0.057},"geometry":{"type":"LineString","coordinates":[[-73.97991,40.66608],[-73.979707,40.665982]]}},{"type":"Feature","properties":{"lit":0.053},"geometry":{"type":"LineString","coordinates":[[-73.982095,40.667136],[-73.981891,40.667038]]}},{"type":"Feature","properties":{"lit":0.0611},"geometry":{"type":"LineString","coordinates":[[-73.981891,40.667038],[-73.981688,40.666939]]}},{"type":"Feature","properties":{"lit":0.0536},"geometry":{"type":"LineString","coordinates":[[-73.981688,40.666939],[-73.981582,40.666888]]}},{"type":"Feature","properties":{"lit":0.0226},"geometry":{"type":"LineString","coordinates":[[-73.981244,40.667291],[-73.981377,40.667133]]}},{"type":"Feature","properties":{"lit":0.0401},"geometry":{"type":"LineString","coordinates":[[-73.981377,40.667133],[-73.98151,40.666974]]}},{"type":"Feature","properties":{"lit":0.0483},"geometry":{"type":"LineString","coordinates":[[-73.98151,40.666974],[-73.981582,40.666888]]}},{"type":"Feature","properties":{"lit":0.0438},"geometry":{"type":"LineString","coordinates":[[-73.981582,40.666888],[-73.981483,40.66684]]}},{"type":"Feature","properties":{"lit":0.0204},"geometry":{"type":"LineString","coordinates":[[-73.981483,40.66684],[-73.981129,40.666669]]}},{"type":"Feature","properties":{"lit":0.0307},"geometry":{"type":"LineString","coordinates":[[-73.982326,40.667248],[-73.982095,40.667136]]}},{"type":"Feature","properties":{"lit":0.0228},"geometry":{"type":"LineString","coordinates":[[-73.972142,40.676746],[-73.972298,40.67696]]}},{"type":"Feature","properties":{"lit":0.0441},"geometry":{"type":"LineString","coordinates":[[-73.972298,40.67696],[-73.972453,40.677173]]}},{"type":"Feature","properties":{"lit":0.1514},"geometry":{"type":"LineString","coordinates":[[-73.967975,40.672924],[-73.967902,40.672916]]}},{"type":"Feature","properties":{"lit":0.1437},"geometry":{"type":"LineString","coordinates":[[-73.967902,40.672916],[-73.967789,40.672903]]}},{"type":"Feature","properties":{"lit":0.0666},"geometry":{"type":"LineString","coordinates":[[-73.970101,40.672717],[-73.970041,40.672641]]}},{"type":"Feature","properties":{"lit":0.0702},"geometry":{"type":"LineString","coordinates":[[-73.987291,40.660163],[-73.986974,40.6603]]}},{"type":"Feature","properties":{"lit":0.0777},"geometry":{"type":"LineString","coordinates":[[-73.986974,40.6603],[-73.986992,40.660324]]}},{"type":"Feature","properties":{"lit":0.0843},"geometry":{"type":"LineString","coordinates":[[-73.986992,40.660324],[-73.987006,40.660342]]}},{"type":"Feature","properties":{"lit":0.0891},"geometry":{"type":"LineString","coordinates":[[-73.987006,40.660342],[-73.98708,40.660343]]}},{"type":"Feature","properties":{"lit":0.0913},"geometry":{"type":"LineString","coordinates":[[-73.98708,40.660343],[-73.987132,40.660338]]}},{"type":"Feature","properties":{"lit":0.0913},"geometry":{"type":"LineString","coordinates":[[-73.987132,40.660338],[-73.987178,40.660325]]}},{"type":"Feature","properties":{"lit":0.0883},"geometry":{"type":"LineString","coordinates":[[-73.987178,40.660325],[-73.98726,40.660268]]}},{"type":"Feature","properties":{"lit":0.086},"geometry":{"type":"LineString","coordinates":[[-73.98726,40.660268],[-73.987321,40.660202]]}},{"type":"Feature","properties":{"lit":0.0981},"geometry":{"type":"LineString","coordinates":[[-73.987321,40.660202],[-73.987311,40.660189]]}},{"type":"Feature","properties":{"lit":0.0958},"geometry":{"type":"LineString","coordinates":[[-73.987311,40.660189],[-73.987291,40.660163]]}},{"type":"Feature","properties":{"lit":0.1025},"geometry":{"type":"LineString","coordinates":[[-73.987506,40.660449],[-73.98749,40.660427]]}},{"type":"Feature","properties":{"lit":0.1042},"geometry":{"type":"LineString","coordinates":[[-73.98749,40.660427],[-73.987419,40.660427]]}},{"type":"Feature","properties":{"lit":0.1063},"geometry":{"type":"LineString","coordinates":[[-73.987419,40.660427],[-73.987358,40.660431]]}},{"type":"Feature","properties":{"lit":0.1105},"geometry":{"type":"LineString","coordinates":[[-73.987358,40.660431],[-73.987292,40.660466]]}},{"type":"Feature","properties":{"lit":0.1197},"geometry":{"type":"LineString","coordinates":[[-73.987292,40.660466],[-73.987235,40.66051]]}},{"type":"Feature","properties":{"lit":0.134},"geometry":{"type":"LineString","coordinates":[[-73.987235,40.66051],[-73.987176,40.660568]]}},{"type":"Feature","properties":{"lit":0.144},"geometry":{"type":"LineString","coordinates":[[-73.987176,40.660568],[-73.987194,40.660592]]}},{"type":"Feature","properties":{"lit":0.1451},"geometry":{"type":"LineString","coordinates":[[-73.987194,40.660592],[-73.987205,40.660607]]}},{"type":"Feature","properties":{"lit":0.1145},"geometry":{"type":"LineString","coordinates":[[-73.987205,40.660607],[-73.987522,40.66047]]}},{"type":"Feature","properties":{"lit":0.1006},"geometry":{"type":"LineString","coordinates":[[-73.987522,40.66047],[-73.987506,40.660449]]}},{"type":"Feature","properties":{"lit":0.192},"geometry":{"type":"LineString","coordinates":[[-73.968866,40.677667],[-73.968799,40.677732]]}},{"type":"Feature","properties":{"lit":0.2214},"geometry":{"type":"LineString","coordinates":[[-73.968799,40.677732],[-73.96873,40.677915]]}},{"type":"Feature","properties":{"lit":0.2494},"geometry":{"type":"LineString","coordinates":[[-73.96873,40.677915],[-73.968662,40.678099]]}},{"type":"Feature","properties":{"lit":0.2508},"geometry":{"type":"LineString","coordinates":[[-73.968662,40.678099],[-73.968593,40.678283]]}},{"type":"Feature","properties":{"lit":0.2247},"geometry":{"type":"LineString","coordinates":[[-73.968593,40.678283],[-73.968525,40.678467]]}},{"type":"Feature","properties":{"lit":0.1964},"geometry":{"type":"LineString","coordinates":[[-73.968525,40.678467],[-73.968551,40.678545]]}},{"type":"Feature","properties":{"lit":0.0877},"geometry":{"type":"LineString","coordinates":[[-73.96962,40.672758],[-73.96962,40.672775]]}},{"type":"Feature","properties":{"lit":0.0622},"geometry":{"type":"LineString","coordinates":[[-73.970116,40.672738],[-73.970101,40.672717]]}},{"type":"Feature","properties":{"lit":0.0894},"geometry":{"type":"LineString","coordinates":[[-73.979542,40.661048],[-73.979557,40.661092]]}},{"type":"Feature","properties":{"lit":0.0863},"geometry":{"type":"LineString","coordinates":[[-73.979557,40.661092],[-73.979581,40.661133]]}},{"type":"Feature","properties":{"lit":0.0824},"geometry":{"type":"LineString","coordinates":[[-73.979581,40.661133],[-73.979615,40.661168]]}},{"type":"Feature","properties":{"lit":0.0777},"geometry":{"type":"LineString","coordinates":[[-73.979615,40.661168],[-73.979655,40.661198]]}},{"type":"Feature","properties":{"lit":0.0707},"geometry":{"type":"LineString","coordinates":[[-73.979655,40.661198],[-73.979731,40.661236]]}},{"type":"Feature","properties":{"lit":0.0556},"geometry":{"type":"LineString","coordinates":[[-73.987258,40.661283],[-73.987046,40.661153]]}},{"type":"Feature","properties":{"lit":0.1068},"geometry":{"type":"LineString","coordinates":[[-73.987046,40.661153],[-73.986834,40.661023]]}},{"type":"Feature","properties":{"lit":0.1277},"geometry":{"type":"LineString","coordinates":[[-73.986834,40.661023],[-73.98677,40.660987]]}},{"type":"Feature","properties":{"lit":0.1302},"geometry":{"type":"LineString","coordinates":[[-73.98677,40.660987],[-73.986682,40.66093]]}},{"type":"Feature","properties":{"lit":0.0291},"geometry":{"type":"LineString","coordinates":[[-73.970408,40.672701],[-73.970423,40.672646]]}},{"type":"Feature","properties":{"lit":0.0499},"geometry":{"type":"LineString","coordinates":[[-73.973051,40.677997],[-73.973048,40.677875]]}},{"type":"Feature","properties":{"lit":0.0593},"geometry":{"type":"LineString","coordinates":[[-73.973048,40.677875],[-73.97303,40.677821]]}},{"type":"Feature","properties":{"lit":0.0705},"geometry":{"type":"LineString","coordinates":[[-73.97303,40.677821],[-73.972898,40.677639]]}},{"type":"Feature","properties":{"lit":0.0753},"geometry":{"type":"LineString","coordinates":[[-73.972898,40.677639],[-73.972847,40.677566]]}},{"type":"Feature","properties":{"lit":1.0},"geometry":{"type":"LineString","coordinates":[[-73.955263,40.679137],[-73.955171,40.679119]]}},{"type":"Feature","properties":{"lit":1.0},"geometry":{"type":"LineString","coordinates":[[-73.955171,40.679119],[-73.955028,40.679086]]}},{"type":"Feature","properties":{"lit":0.0305},"geometry":{"type":"LineString","coordinates":[[-73.972142,40.676746],[-73.971989,40.676535]]}},{"type":"Feature","properties":{"lit":0.0514},"geometry":{"type":"LineString","coordinates":[[-73.971989,40.676535],[-73.971909,40.676425]]}},{"type":"Feature","properties":{"lit":0.0774},"geometry":{"type":"LineString","coordinates":[[-73.972847,40.677566],[-73.972717,40.677537]]}},{"type":"Feature","properties":{"lit":0.0753},"geometry":{"type":"LineString","coordinates":[[-73.972847,40.677566],[-73.972768,40.677478]]}},{"type":"Feature","properties":{"lit":0.0717},"geometry":{"type":"LineString","coordinates":[[-73.972768,40.677478],[-73.972652,40.677314]]}},{"type":"Feature","properties":{"lit":0.0611},"geometry":{"type":"LineString","coordinates":[[-73.972652,40.677314],[-73.972535,40.67715]]}},{"type":"Feature","properties":{"lit":0.043},"geometry":{"type":"LineString","coordinates":[[-73.972535,40.67715],[-73.972419,40.676986]]}},{"type":"Feature","properties":{"lit":0.0232},"geometry":{"type":"LineString","coordinates":[[-73.972419,40.676986],[-73.972142,40.676746]]}},{"type":"Feature","properties":{"lit":0.0269},"geometry":{"type":"LineString","coordinates":[[-73.979215,40.687772],[-73.979186,40.687581]]}},{"type":"Feature","properties":{"lit":0.0537},"geometry":{"type":"LineString","coordinates":[[-73.979186,40.687581],[-73.979158,40.687391]]}},{"type":"Feature","properties":{"lit":0.0735},"geometry":{"type":"LineString","coordinates":[[-73.979158,40.687391],[-73.97913,40.687201]]}},{"type":"Feature","properties":{"lit":0.0709},"geometry":{"type":"LineString","coordinates":[[-73.97913,40.687201],[-73.979102,40.687011]]}},{"type":"Feature","properties":{"lit":0.0493},"geometry":{"type":"LineString","coordinates":[[-73.979102,40.687011],[-73.979074,40.686821]]}},{"type":"Feature","properties":{"lit":0.0309},"geometry":{"type":"LineString","coordinates":[[-73.979074,40.686821],[-73.979059,40.686725]]}},{"type":"Feature","properties":{"lit":0.05},"geometry":{"type":"LineString","coordinates":[[-73.972007,40.688935],[-73.972045,40.689126]]}},{"type":"Feature","properties":{"lit":0.0928},"geometry":{"type":"LineString","coordinates":[[-73.972045,40.689126],[-73.972083,40.689317]]}},{"type":"Feature","properties":{"lit":0.1207},"geometry":{"type":"LineString","coordinates":[[-73.972083,40.689317],[-73.972121,40.689508]]}},{"type":"Feature","properties":{"lit":0.1165},"geometry":{"type":"LineString","coordinates":[[-73.972121,40.689508],[-73.972136,40.689582]]}},{"type":"Feature","properties":{"lit":0.1043},"geometry":{"type":"LineString","coordinates":[[-73.972136,40.689582],[-73.972153,40.689668]]}},{"type":"Feature","properties":{"lit":0.0731},"geometry":{"type":"LineString","coordinates":[[-73.972153,40.689668],[-73.972192,40.689863]]}},{"type":"Feature","properties":{"lit":0.0312},"geometry":{"type":"LineString","coordinates":[[-73.972192,40.689863],[-73.972231,40.690058]]}},{"type":"Feature","properties":{"lit":0.0335},"geometry":{"type":"LineString","coordinates":[[-73.97785,40.689352],[-73.977813,40.689162]]}},{"type":"Feature","properties":{"lit":0.0515},"geometry":{"type":"LineString","coordinates":[[-73.977813,40.689162],[-73.977776,40.688972]]}},{"type":"Feature","properties":{"lit":0.0558},"geometry":{"type":"LineString","coordinates":[[-73.977776,40.688972],[-73.977739,40.688783]]}},{"type":"Feature","properties":{"lit":0.0427},"geometry":{"type":"LineString","coordinates":[[-73.977739,40.688783],[-73.977702,40.688593]]}},{"type":"Feature","properties":{"lit":0.0266},"geometry":{"type":"LineString","coordinates":[[-73.977702,40.688593],[-73.977666,40.688403]]}},{"type":"Feature","properties":{"lit":0.0301},"geometry":{"type":"LineString","coordinates":[[-73.977592,40.688024],[-73.977555,40.687834]]}},{"type":"Feature","properties":{"lit":0.0594},"geometry":{"type":"LineString","coordinates":[[-73.977555,40.687834],[-73.977518,40.687644]]}},{"type":"Feature","properties":{"lit":0.0924},"geometry":{"type":"LineString","coordinates":[[-73.977518,40.687644],[-73.977495,40.687534]]}},{"type":"Feature","properties":{"lit":0.1141},"geometry":{"type":"LineString","coordinates":[[-73.977495,40.687534],[-73.977478,40.687443]]}},{"type":"Feature","properties":{"lit":0.1371},"geometry":{"type":"LineString","coordinates":[[-73.977478,40.687443],[-73.977429,40.687226]]}},{"type":"Feature","properties":{"lit":0.1342},"geometry":{"type":"LineString","coordinates":[[-73.977429,40.687226],[-73.97738,40.687008]]}},{"type":"Feature","properties":{"lit":0.1111},"geometry":{"type":"LineString","coordinates":[[-73.97738,40.687008],[-73.977362,40.686918]]}},{"type":"Feature","properties":{"lit":0.0967},"geometry":{"type":"LineString","coordinates":[[-73.977362,40.686918],[-73.977345,40.686829]]}},{"type":"Feature","properties":{"lit":0.0768},"geometry":{"type":"LineString","coordinates":[[-73.977345,40.686829],[-73.977303,40.686615]]}},{"type":"Feature","properties":{"lit":0.0572},"geometry":{"type":"LineString","coordinates":[[-73.977303,40.686615],[-73.977266,40.686425]]}},{"type":"Feature","properties":{"lit":0.038},"geometry":{"type":"LineString","coordinates":[[-73.977266,40.686425],[-73.977228,40.686234]]}},{"type":"Feature","properties":{"lit":0.0203},"geometry":{"type":"LineString","coordinates":[[-73.977228,40.686234],[-73.977191,40.686044]]}},{"type":"Feature","properties":{"lit":0.0336},"geometry":{"type":"LineString","coordinates":[[-73.977079,40.685473],[-73.977042,40.685283]]}},{"type":"Feature","properties":{"lit":0.0963},"geometry":{"type":"LineString","coordinates":[[-73.977042,40.685283],[-73.977025,40.6852]]}},{"type":"Feature","properties":{"lit":0.0228},"geometry":{"type":"LineString","coordinates":[[-73.904026,40.68093],[-73.90399,40.680854]]}},{"type":"Feature","properties":{"lit":0.0323},"geometry":{"type":"LineString","coordinates":[[-73.90399,40.680854],[-73.903952,40.680754]]}},{"type":"Feature","properties":{"lit":0.0455},"geometry":{"type":"LineString","coordinates":[[-73.903952,40.680754],[-73.903893,40.680589]]}},{"type":"Feature","properties":{"lit":0.0487},"geometry":{"type":"LineString","coordinates":[[-73.963833,40.683659],[-73.963795,40.68347]]}},{"type":"Feature","properties":{"lit":0.0936},"geometry":{"type":"LineString","coordinates":[[-73.963795,40.68347],[-73.963757,40.683281]]}},{"type":"Feature","properties":{"lit":0.1462},"geometry":{"type":"LineString","coordinates":[[-73.963757,40.683281],[-73.96372,40.683091]]}},{"type":"Feature","properties":{"lit":0.1889},"geometry":{"type":"LineString","coordinates":[[-73.96372,40.683091],[-73.963682,40.682902]]}},{"type":"Feature","properties":{"lit":0.2057},"geometry":{"type":"LineString","coordinates":[[-73.963682,40.682902],[-73.963664,40.682807]]}},{"type":"Feature","properties":{"lit":0.1019},"geometry":{"type":"LineString","coordinates":[[-73.959595,40.681953],[-73.959613,40.682046]]}},{"type":"Feature","properties":{"lit":0.0805},"geometry":{"type":"LineString","coordinates":[[-73.959613,40.682046],[-73.959684,40.682402]]}},{"type":"Feature","properties":{"lit":0.0351},"geometry":{"type":"LineString","coordinates":[[-73.959684,40.682402],[-73.959724,40.682602]]}},{"type":"Feature","properties":{"lit":0.0396},"geometry":{"type":"LineString","coordinates":[[-73.92094,40.679133],[-73.921199,40.679103]]}},{"type":"Feature","properties":{"lit":0.0751},"geometry":{"type":"LineString","coordinates":[[-73.921199,40.679103],[-73.921457,40.679073]]}},{"type":"Feature","properties":{"lit":0.0912},"geometry":{"type":"LineString","coordinates":[[-73.921457,40.679073],[-73.921498,40.679056]]}},{"type":"Feature","properties":{"lit":0.0966},"geometry":{"type":"LineString","coordinates":[[-73.921498,40.679056],[-73.92153,40.679034]]}},{"type":"Feature","properties":{"lit":0.1023},"geometry":{"type":"LineString","coordinates":[[-73.92153,40.679034],[-73.921557,40.679004]]}},{"type":"Feature","properties":{"lit":0.1094},"geometry":{"type":"LineString","coordinates":[[-73.921557,40.679004],[-73.9216,40.678953]]}},{"type":"Feature","properties":{"lit":0.1158},"geometry":{"type":"LineString","coordinates":[[-73.9216,40.678953],[-73.921667,40.678871]]}},{"type":"Feature","properties":{"lit":0.0493},"geometry":{"type":"LineString","coordinates":[[-73.921959,40.679075],[-73.922045,40.679053]]}},{"type":"Feature","properties":{"lit":0.0383},"geometry":{"type":"LineString","coordinates":[[-73.922045,40.679053],[-73.922148,40.679042]]}},{"type":"Feature","properties":{"lit":0.0261},"geometry":{"type":"LineString","coordinates":[[-73.922148,40.679042],[-73.922269,40.679022]]}},{"type":"Feature","properties":{"lit":0.0631},"geometry":{"type":"LineString","coordinates":[[-73.99378,40.686754],[-73.993866,40.686782]]}},{"type":"Feature","properties":{"lit":0.0681},"geometry":{"type":"LineString","coordinates":[[-73.993866,40.686782],[-73.994091,40.686856]]}},{"type":"Feature","properties":{"lit":0.0721},"geometry":{"type":"LineString","coordinates":[[-73.994091,40.686856],[-73.994316,40.68693]]}},{"type":"Feature","properties":{"lit":0.0743},"geometry":{"type":"LineString","coordinates":[[-73.994316,40.68693],[-73.994541,40.687004]]}},{"type":"Feature","properties":{"lit":0.0689},"geometry":{"type":"LineString","coordinates":[[-73.994541,40.687004],[-73.994766,40.687078]]}},{"type":"Feature","properties":{"lit":0.0661},"geometry":{"type":"LineString","coordinates":[[-73.994766,40.687078],[-73.994991,40.687152]]}},{"type":"Feature","properties":{"lit":0.082},"geometry":{"type":"LineString","coordinates":[[-73.994991,40.687152],[-73.995215,40.687226]]}},{"type":"Feature","properties":{"lit":0.1122},"geometry":{"type":"LineString","coordinates":[[-73.995215,40.687226],[-73.99544,40.687299]]}},{"type":"Feature","properties":{"lit":0.1366},"geometry":{"type":"LineString","coordinates":[[-73.99544,40.687299],[-73.995665,40.687373]]}},{"type":"Feature","properties":{"lit":0.1501},"geometry":{"type":"LineString","coordinates":[[-73.995665,40.687373],[-73.995723,40.687392]]}},{"type":"Feature","properties":{"lit":0.1513},"geometry":{"type":"LineString","coordinates":[[-73.995723,40.687392],[-73.995802,40.687419]]}},{"type":"Feature","properties":{"lit":0.1481},"geometry":{"type":"LineString","coordinates":[[-73.995802,40.687419],[-73.996046,40.6875]]}},{"type":"Feature","properties":{"lit":0.133},"geometry":{"type":"LineString","coordinates":[[-73.996046,40.6875],[-73.996289,40.687581]]}},{"type":"Feature","properties":{"lit":0.1074},"geometry":{"type":"LineString","coordinates":[[-73.996289,40.687581],[-73.996532,40.687662]]}},{"type":"Feature","properties":{"lit":0.0708},"geometry":{"type":"LineString","coordinates":[[-73.996532,40.687662],[-73.996775,40.687743]]}},{"type":"Feature","properties":{"lit":0.0388},"geometry":{"type":"LineString","coordinates":[[-73.996775,40.687743],[-73.997018,40.687824]]}},{"type":"Feature","properties":{"lit":0.0234},"geometry":{"type":"LineString","coordinates":[[-73.997018,40.687824],[-73.997261,40.687905]]}},{"type":"Feature","properties":{"lit":0.0293},"geometry":{"type":"LineString","coordinates":[[-73.997261,40.687905],[-73.997505,40.687987]]}},{"type":"Feature","properties":{"lit":0.0328},"geometry":{"type":"LineString","coordinates":[[-73.997505,40.687987],[-73.997557,40.688002]]}},{"type":"Feature","properties":{"lit":0.033},"geometry":{"type":"LineString","coordinates":[[-73.997557,40.688002],[-73.997613,40.68802]]}},{"type":"Feature","properties":{"lit":0.0307},"geometry":{"type":"LineString","coordinates":[[-73.997613,40.68802],[-73.997849,40.688097]]}},{"type":"Feature","properties":{"lit":0.0226},"geometry":{"type":"LineString","coordinates":[[-73.997849,40.688097],[-73.998085,40.688175]]}},{"type":"Feature","properties":{"lit":0.0559},"geometry":{"type":"LineString","coordinates":[[-73.957126,40.683965],[-73.956873,40.683994]]}},{"type":"Feature","properties":{"lit":0.1158},"geometry":{"type":"LineString","coordinates":[[-73.956873,40.683994],[-73.956619,40.684024]]}},{"type":"Feature","properties":{"lit":0.1661},"geometry":{"type":"LineString","coordinates":[[-73.956619,40.684024],[-73.956366,40.684053]]}},{"type":"Feature","properties":{"lit":0.1717},"geometry":{"type":"LineString","coordinates":[[-73.956366,40.684053],[-73.956257,40.684066]]}},{"type":"Feature","properties":{"lit":0.0345},"geometry":{"type":"LineString","coordinates":[[-73.904673,40.689311],[-73.904826,40.689155]]}},{"type":"Feature","properties":{"lit":0.0444},"geometry":{"type":"LineString","coordinates":[[-73.904826,40.689155],[-73.904979,40.688998]]}},{"type":"Feature","properties":{"lit":0.0419},"geometry":{"type":"LineString","coordinates":[[-73.904979,40.688998],[-73.905041,40.688935]]}},{"type":"Feature","properties":{"lit":0.0375},"geometry":{"type":"LineString","coordinates":[[-73.905041,40.688935],[-73.905094,40.688881]]}},{"type":"Feature","properties":{"lit":0.027},"geometry":{"type":"LineString","coordinates":[[-73.905094,40.688881],[-73.905243,40.688729]]}},{"type":"Feature","properties":{"lit":0.1258},"geometry":{"type":"LineString","coordinates":[[-73.951307,40.681636],[-73.951296,40.681574]]}},{"type":"Feature","properties":{"lit":0.1118},"geometry":{"type":"LineString","coordinates":[[-73.951296,40.681574],[-73.951254,40.68135]]}},{"type":"Feature","properties":{"lit":0.0855},"geometry":{"type":"LineString","coordinates":[[-73.951254,40.68135],[-73.951212,40.681126]]}},{"type":"Feature","properties":{"lit":0.1225},"geometry":{"type":"LineString","coordinates":[[-73.951212,40.681126],[-73.951171,40.680902]]}},{"type":"Feature","properties":{"lit":0.2684},"geometry":{"type":"LineString","coordinates":[[-73.951171,40.680902],[-73.951183,40.680566]]}},{"type":"Feature","properties":{"lit":0.3278},"geometry":{"type":"LineString","coordinates":[[-73.951183,40.680566],[-73.951186,40.680478]]}},{"type":"Feature","properties":{"lit":0.1297},"geometry":{"type":"LineString","coordinates":[[-73.904467,40.67878],[-73.904393,40.67886]]}},{"type":"Feature","properties":{"lit":0.1346},"geometry":{"type":"LineString","coordinates":[[-73.904393,40.67886],[-73.904255,40.67901]]}},{"type":"Feature","properties":{"lit":0.1286},"geometry":{"type":"LineString","coordinates":[[-73.904255,40.67901],[-73.904116,40.679159]]}},{"type":"Feature","properties":{"lit":0.1129},"geometry":{"type":"LineString","coordinates":[[-73.904116,40.679159],[-73.90406,40.679218]]}},{"type":"Feature","properties":{"lit":0.0861},"geometry":{"type":"LineString","coordinates":[[-73.9936,40.687126],[-73.993515,40.687093]]}},{"type":"Feature","properties":{"lit":0.0839},"geometry":{"type":"LineString","coordinates":[[-73.993515,40.687093],[-73.993285,40.687004]]}},{"type":"Feature","properties":{"lit":0.0783},"geometry":{"type":"LineString","coordinates":[[-73.993285,40.687004],[-73.993056,40.686915]]}},{"type":"Feature","properties":{"lit":0.0728},"geometry":{"type":"LineString","coordinates":[[-73.993056,40.686915],[-73.992826,40.686826]]}},{"type":"Feature","properties":{"lit":0.0592},"geometry":{"type":"LineString","coordinates":[[-73.992826,40.686826],[-73.992597,40.686737]]}},{"type":"Feature","properties":{"lit":0.0438},"geometry":{"type":"LineString","coordinates":[[-73.992597,40.686737],[-73.992367,40.686649]]}},{"type":"Feature","properties":{"lit":0.0434},"geometry":{"type":"LineString","coordinates":[[-73.992367,40.686649],[-73.992137,40.68656]]}},{"type":"Feature","properties":{"lit":0.0569},"geometry":{"type":"LineString","coordinates":[[-73.992137,40.68656],[-73.991908,40.686471]]}},{"type":"Feature","properties":{"lit":0.0644},"geometry":{"type":"LineString","coordinates":[[-73.991908,40.686471],[-73.991678,40.686382]]}},{"type":"Feature","properties":{"lit":0.0606},"geometry":{"type":"LineString","coordinates":[[-73.991678,40.686382],[-73.991449,40.686293]]}},{"type":"Feature","properties":{"lit":0.0605},"geometry":{"type":"LineString","coordinates":[[-73.991449,40.686293],[-73.991219,40.686204]]}},{"type":"Feature","properties":{"lit":0.0764},"geometry":{"type":"LineString","coordinates":[[-73.991219,40.686204],[-73.99099,40.686116]]}},{"type":"Feature","properties":{"lit":0.0872},"geometry":{"type":"LineString","coordinates":[[-73.99099,40.686116],[-73.990903,40.686082]]}},{"type":"Feature","properties":{"lit":0.237},"geometry":{"type":"LineString","coordinates":[[-73.940334,40.679889],[-73.940353,40.679982]]}},{"type":"Feature","properties":{"lit":0.2533},"geometry":{"type":"LineString","coordinates":[[-73.940353,40.679982],[-73.940383,40.680136]]}},{"type":"Feature","properties":{"lit":0.2418},"geometry":{"type":"LineString","coordinates":[[-73.940383,40.680136],[-73.940393,40.680188]]}},{"type":"Feature","properties":{"lit":0.2061},"geometry":{"type":"LineString","coordinates":[[-73.940393,40.680188],[-73.940431,40.680379]]}},{"type":"Feature","properties":{"lit":0.132},"geometry":{"type":"LineString","coordinates":[[-73.940431,40.680379],[-73.940469,40.68057]]}},{"type":"Feature","properties":{"lit":0.0919},"geometry":{"type":"LineString","coordinates":[[-73.940469,40.68057],[-73.940481,40.680633]]}},{"type":"Feature","properties":{"lit":0.0771},"geometry":{"type":"LineString","coordinates":[[-73.940481,40.680633],[-73.940496,40.680712]]}},{"type":"Feature","properties":{"lit":0.0623},"geometry":{"type":"LineString","coordinates":[[-73.940496,40.680712],[-73.940535,40.680911]]}},{"type":"Feature","properties":{"lit":0.0628},"geometry":{"type":"LineString","coordinates":[[-73.940535,40.680911],[-73.940574,40.68111]]}},{"type":"Feature","properties":{"lit":0.0611},"geometry":{"type":"LineString","coordinates":[[-73.940574,40.68111],[-73.940613,40.681309]]}},{"type":"Feature","properties":{"lit":0.0503},"geometry":{"type":"LineString","coordinates":[[-73.940613,40.681309],[-73.940625,40.68137]]}},{"type":"Feature","properties":{"lit":0.0434},"geometry":{"type":"LineString","coordinates":[[-73.940625,40.68137],[-73.94064,40.681443]]}},{"type":"Feature","properties":{"lit":0.0298},"geometry":{"type":"LineString","coordinates":[[-73.94064,40.681443],[-73.940684,40.681667]]}},{"type":"Feature","properties":{"lit":0.0271},"geometry":{"type":"LineString","coordinates":[[-73.940684,40.681667],[-73.94072,40.681847]]}},{"type":"Feature","properties":{"lit":0.0418},"geometry":{"type":"LineString","coordinates":[[-73.94072,40.681847],[-73.940757,40.682028]]}},{"type":"Feature","properties":{"lit":0.0578},"geometry":{"type":"LineString","coordinates":[[-73.940757,40.682028],[-73.940771,40.682099]]}},{"type":"Feature","properties":{"lit":0.0673},"geometry":{"type":"LineString","coordinates":[[-73.940771,40.682099],[-73.940787,40.682177]]}},{"type":"Feature","properties":{"lit":0.1238},"geometry":{"type":"LineString","coordinates":[[-73.940787,40.682177],[-73.94084,40.682445]]}},{"type":"Feature","properties":{"lit":0.3354},"geometry":{"type":"LineString","coordinates":[[-73.94084,40.682445],[-73.940893,40.682713]]}},{"type":"Feature","properties":{"lit":0.5646},"geometry":{"type":"LineString","coordinates":[[-73.940893,40.682713],[-73.940904,40.682769]]}},{"type":"Feature","properties":{"lit":0.6562},"geometry":{"type":"LineString","coordinates":[[-73.940904,40.682769],[-73.940918,40.68284]]}},{"type":"Feature","properties":{"lit":0.7457},"geometry":{"type":"LineString","coordinates":[[-73.940918,40.68284],[-73.940933,40.682913]]}},{"type":"Feature","properties":{"lit":0.8368},"geometry":{"type":"LineString","coordinates":[[-73.940933,40.682913],[-73.940972,40.683108]]}},{"type":"Feature","properties":{"lit":0.7554},"geometry":{"type":"LineString","coordinates":[[-73.940972,40.683108],[-73.94101,40.683303]]}},{"type":"Feature","properties":{"lit":0.5434},"geometry":{"type":"LineString","coordinates":[[-73.94101,40.683303],[-73.941049,40.683498]]}},{"type":"Feature","properties":{"lit":0.447},"geometry":{"type":"LineString","coordinates":[[-73.941049,40.683498],[-73.941061,40.683566]]}},{"type":"Feature","properties":{"lit":0.4268},"geometry":{"type":"LineString","coordinates":[[-73.941061,40.683566],[-73.941076,40.683643]]}},{"type":"Feature","properties":{"lit":0.5081},"geometry":{"type":"LineString","coordinates":[[-73.941076,40.683643],[-73.941115,40.683841]]}},{"type":"Feature","properties":{"lit":0.9124},"geometry":{"type":"LineString","coordinates":[[-73.941115,40.683841],[-73.941155,40.68404]]}},{"type":"Feature","properties":{"lit":1.0},"geometry":{"type":"LineString","coordinates":[[-73.941155,40.68404],[-73.941194,40.684238]]}},{"type":"Feature","properties":{"lit":1.0},"geometry":{"type":"LineString","coordinates":[[-73.941194,40.684238],[-73.941206,40.6843]]}},{"type":"Feature","properties":{"lit":1.0},"geometry":{"type":"LineString","coordinates":[[-73.941206,40.6843],[-73.941221,40.684378]]}},{"type":"Feature","properties":{"lit":1.0},"geometry":{"type":"LineString","coordinates":[[-73.941221,40.684378],[-73.941261,40.684576]]}},{"type":"Feature","properties":{"lit":1.0},"geometry":{"type":"LineString","coordinates":[[-73.941261,40.684576],[-73.941299,40.684771]]}},{"type":"Feature","properties":{"lit":0.8387},"geometry":{"type":"LineString","coordinates":[[-73.941299,40.684771],[-73.941337,40.684965]]}},{"type":"Feature","properties":{"lit":0.4631},"geometry":{"type":"LineString","coordinates":[[-73.941337,40.684965],[-73.941351,40.685031]]}},{"type":"Feature","properties":{"lit":0.3092},"geometry":{"type":"LineString","coordinates":[[-73.941351,40.685031],[-73.941367,40.685111]]}},{"type":"Feature","properties":{"lit":0.1811},"geometry":{"type":"LineString","coordinates":[[-73.941367,40.685111],[-73.941383,40.685198]]}},{"type":"Feature","properties":{"lit":0.0461},"geometry":{"type":"LineString","coordinates":[[-73.941383,40.685198],[-73.941433,40.685449]]}},{"type":"Feature","properties":{"lit":0.0258},"geometry":{"type":"LineString","coordinates":[[-73.940057,40.681435],[-73.940298,40.681407]]}},{"type":"Feature","properties":{"lit":0.0418},"geometry":{"type":"LineString","coordinates":[[-73.940298,40.681407],[-73.940539,40.68138]]}},{"type":"Feature","properties":{"lit":0.0471},"geometry":{"type":"LineString","coordinates":[[-73.940539,40.68138],[-73.940625,40.68137]]}},{"type":"Feature","properties":{"lit":0.0468},"geometry":{"type":"LineString","coordinates":[[-73.940625,40.68137],[-73.940719,40.681359]]}},{"type":"Feature","properties":{"lit":0.0403},"geometry":{"type":"LineString","coordinates":[[-73.940719,40.681359],[-73.94096,40.681331]]}},{"type":"Feature","properties":{"lit":0.0233},"geometry":{"type":"LineString","coordinates":[[-73.94096,40.681331],[-73.941201,40.681304]]}},{"type":"Feature","properties":{"lit":0.0418},"geometry":{"type":"LineString","coordinates":[[-73.996142,40.686521],[-73.996056,40.686703]]}},{"type":"Feature","properties":{"lit":0.06},"geometry":{"type":"LineString","coordinates":[[-73.996056,40.686703],[-73.996035,40.686748]]}},{"type":"Feature","properties":{"lit":0.068},"geometry":{"type":"LineString","coordinates":[[-73.996035,40.686748],[-73.996008,40.686803]]}},{"type":"Feature","properties":{"lit":0.0854},"geometry":{"type":"LineString","coordinates":[[-73.996008,40.686803],[-73.995918,40.686989]]}},{"type":"Feature","properties":{"lit":0.1072},"geometry":{"type":"LineString","coordinates":[[-73.995918,40.686989],[-73.995829,40.687174]]}},{"type":"Feature","properties":{"lit":0.1272},"geometry":{"type":"LineString","coordinates":[[-73.995829,40.687174],[-73.995739,40.68736]]}},{"type":"Feature","properties":{"lit":0.148},"geometry":{"type":"LineString","coordinates":[[-73.995739,40.68736],[-73.995723,40.687392]]}},{"type":"Feature","properties":{"lit":0.1548},"geometry":{"type":"LineString","coordinates":[[-73.995723,40.687392],[-73.9957,40.687442]]}},{"type":"Feature","properties":{"lit":0.1886},"geometry":{"type":"LineString","coordinates":[[-73.9957,40.687442],[-73.995595,40.687662]]}},{"type":"Feature","properties":{"lit":0.2821},"geometry":{"type":"LineString","coordinates":[[-73.995595,40.687662],[-73.995491,40.687882]]}},{"type":"Feature","properties":{"lit":0.3646},"geometry":{"type":"LineString","coordinates":[[-73.995491,40.687882],[-73.995417,40.688036]]}},{"type":"Feature","properties":{"lit":0.3763},"geometry":{"type":"LineString","coordinates":[[-73.995417,40.688036],[-73.995368,40.688146]]}},{"type":"Feature","properties":{"lit":0.3582},"geometry":{"type":"LineString","coordinates":[[-73.995368,40.688146],[-73.995352,40.688176]]}},{"type":"Feature","properties":{"lit":0.3345},"geometry":{"type":"LineString","coordinates":[[-73.995352,40.688176],[-73.995321,40.688239]]}},{"type":"Feature","properties":{"lit":0.3022},"geometry":{"type":"LineString","coordinates":[[-73.995321,40.688239],[-73.995299,40.688282]]}},{"type":"Feature","properties":{"lit":0.2175},"geometry":{"type":"LineString","coordinates":[[-73.995299,40.688282],[-73.995209,40.688474]]}},{"type":"Feature","properties":{"lit":0.0914},"geometry":{"type":"LineString","coordinates":[[-73.995209,40.688474],[-73.995118,40.688666]]}},{"type":"Feature","properties":{"lit":0.0244},"geometry":{"type":"LineString","coordinates":[[-73.995118,40.688666],[-73.995028,40.688858]]}},{"type":"Feature","properties":{"lit":0.0608},"geometry":{"type":"LineString","coordinates":[[-73.972787,40.682937],[-73.972807,40.683034]]}},{"type":"Feature","properties":{"lit":0.0566},"geometry":{"type":"LineString","coordinates":[[-73.972807,40.683034],[-73.972848,40.683241]]}},{"type":"Feature","properties":{"lit":0.0361},"geometry":{"type":"LineString","coordinates":[[-73.972848,40.683241],[-73.972889,40.683449]]}},{"type":"Feature","properties":{"lit":0.0221},"geometry":{"type":"LineString","coordinates":[[-73.972889,40.683449],[-73.97293,40.683657]]}},{"type":"Feature","properties":{"lit":0.033},"geometry":{"type":"LineString","coordinates":[[-73.97293,40.683657],[-73.972978,40.683897]]}},{"type":"Feature","properties":{"lit":0.0632},"geometry":{"type":"LineString","coordinates":[[-73.972978,40.683897],[-73.973026,40.684137]]}},{"type":"Feature","properties":{"lit":0.086},"geometry":{"type":"LineString","coordinates":[[-73.973026,40.684137],[-73.973084,40.684447]]}},{"type":"Feature","properties":{"lit":0.084},"geometry":{"type":"LineString","coordinates":[[-73.973084,40.684447],[-73.973125,40.684659]]}},{"type":"Feature","properties":{"lit":0.0687},"geometry":{"type":"LineString","coordinates":[[-73.973125,40.684659],[-73.973166,40.684871]]}},{"type":"Feature","properties":{"lit":0.0552},"geometry":{"type":"LineString","coordinates":[[-73.973166,40.684871],[-73.973207,40.685083]]}},{"type":"Feature","properties":{"lit":0.0715},"geometry":{"type":"LineString","coordinates":[[-73.973207,40.685083],[-73.973248,40.685295]]}},{"type":"Feature","properties":{"lit":0.1321},"geometry":{"type":"LineString","coordinates":[[-73.973248,40.685295],[-73.973288,40.685506]]}},{"type":"Feature","properties":{"lit":0.1942},"geometry":{"type":"LineString","coordinates":[[-73.973288,40.685506],[-73.973295,40.685544]]}},{"type":"Feature","properties":{"lit":0.2226},"geometry":{"type":"LineString","coordinates":[[-73.973295,40.685544],[-73.973305,40.685603]]}},{"type":"Feature","properties":{"lit":0.1118},"geometry":{"type":"LineString","coordinates":[[-73.943378,40.682558],[-73.943652,40.682524]]}},{"type":"Feature","properties":{"lit":0.1128},"geometry":{"type":"LineString","coordinates":[[-73.943652,40.682524],[-73.943747,40.682513]]}},{"type":"Feature","properties":{"lit":0.0771},"geometry":{"type":"LineString","coordinates":[[-73.973026,40.684137],[-73.97295,40.684145]]}},{"type":"Feature","properties":{"lit":0.0769},"geometry":{"type":"LineString","coordinates":[[-73.97295,40.684145],[-73.972943,40.684146]]}},{"type":"Feature","properties":{"lit":0.0717},"geometry":{"type":"LineString","coordinates":[[-73.972943,40.684146],[-73.972702,40.684173]]}},{"type":"Feature","properties":{"lit":0.0474},"geometry":{"type":"LineString","coordinates":[[-73.972702,40.684173],[-73.97246,40.6842]]}},{"type":"Feature","properties":{"lit":0.0217},"geometry":{"type":"LineString","coordinates":[[-73.97246,40.6842],[-73.972219,40.684227]]}},{"type":"Feature","properties":{"lit":0.0716},"geometry":{"type":"LineString","coordinates":[[-73.944123,40.684402],[-73.944052,40.684051]]}},{"type":"Feature","properties":{"lit":0.1081},"geometry":{"type":"LineString","coordinates":[[-73.944052,40.684051],[-73.944036,40.683973]]}},{"type":"Feature","properties":{"lit":0.1111},"geometry":{"type":"LineString","coordinates":[[-73.944036,40.683973],[-73.944024,40.68391]]}},{"type":"Feature","properties":{"lit":0.1014},"geometry":{"type":"LineString","coordinates":[[-73.944024,40.68391],[-73.943984,40.683712]]}},{"type":"Feature","properties":{"lit":0.0624},"geometry":{"type":"LineString","coordinates":[[-73.943984,40.683712],[-73.943945,40.683515]]}},{"type":"Feature","properties":{"lit":0.029},"geometry":{"type":"LineString","coordinates":[[-73.943945,40.683515],[-73.943906,40.683317]]}},{"type":"Feature","properties":{"lit":0.0214},"geometry":{"type":"LineString","coordinates":[[-73.943906,40.683317],[-73.943891,40.68324]]}},{"type":"Feature","properties":{"lit":0.0233},"geometry":{"type":"LineString","coordinates":[[-73.943891,40.68324],[-73.943878,40.683175]]}},{"type":"Feature","properties":{"lit":0.0357},"geometry":{"type":"LineString","coordinates":[[-73.943878,40.683175],[-73.943839,40.682979]]}},{"type":"Feature","properties":{"lit":0.0716},"geometry":{"type":"LineString","coordinates":[[-73.943839,40.682979],[-73.9438,40.682782]]}},{"type":"Feature","properties":{"lit":0.1041},"geometry":{"type":"LineString","coordinates":[[-73.9438,40.682782],[-73.943761,40.682586]]}},{"type":"Feature","properties":{"lit":0.1119},"geometry":{"type":"LineString","coordinates":[[-73.943761,40.682586],[-73.943747,40.682513]]}},{"type":"Feature","properties":{"lit":0.1093},"geometry":{"type":"LineString","coordinates":[[-73.943747,40.682513],[-73.943733,40.68244]]}},{"type":"Feature","properties":{"lit":0.0935},"geometry":{"type":"LineString","coordinates":[[-73.943733,40.68244],[-73.943694,40.682246]]}},{"type":"Feature","properties":{"lit":0.0564},"geometry":{"type":"LineString","coordinates":[[-73.943694,40.682246],[-73.943656,40.68205]]}},{"type":"Feature","properties":{"lit":0.0239},"geometry":{"type":"LineString","coordinates":[[-73.943656,40.68205],[-73.943617,40.681853]]}},{"type":"Feature","properties":{"lit":0.0543},"geometry":{"type":"LineString","coordinates":[[-73.953205,40.67983],[-73.953089,40.679826]]}},{"type":"Feature","properties":{"lit":0.0341},"geometry":{"type":"LineString","coordinates":[[-73.953089,40.679826],[-73.952846,40.679813]]}},{"type":"Feature","properties":{"lit":0.0239},"geometry":{"type":"LineString","coordinates":[[-73.950902,40.679707],[-73.950659,40.679694]]}},{"type":"Feature","properties":{"lit":0.0335},"geometry":{"type":"LineString","coordinates":[[-73.950659,40.679694],[-73.950415,40.679681]]}},{"type":"Feature","properties":{"lit":0.0518},"geometry":{"type":"LineString","coordinates":[[-73.950415,40.679681],[-73.950172,40.679668]]}},{"type":"Feature","properties":{"lit":0.0777},"geometry":{"type":"LineString","coordinates":[[-73.950172,40.679668],[-73.949929,40.679655]]}},{"type":"Feature","properties":{"lit":0.1041},"geometry":{"type":"LineString","coordinates":[[-73.949929,40.679655],[-73.949686,40.679642]]}},{"type":"Feature","properties":{"lit":0.1137},"geometry":{"type":"LineString","coordinates":[[-73.949686,40.679642],[-73.949585,40.679636]]}},{"type":"Feature","properties":{"lit":0.113},"geometry":{"type":"LineString","coordinates":[[-73.949585,40.679636],[-73.949488,40.679631]]}},{"type":"Feature","properties":{"lit":0.097},"geometry":{"type":"LineString","coordinates":[[-73.949488,40.679631],[-73.949229,40.679617]]}},{"type":"Feature","properties":{"lit":0.057},"geometry":{"type":"LineString","coordinates":[[-73.949229,40.679617],[-73.94897,40.679602]]}},{"type":"Feature","properties":{"lit":0.023},"geometry":{"type":"LineString","coordinates":[[-73.94897,40.679602],[-73.948711,40.679588]]}},{"type":"Feature","properties":{"lit":0.0371},"geometry":{"type":"LineString","coordinates":[[-73.941295,40.680539],[-73.941054,40.680567]]}},{"type":"Feature","properties":{"lit":0.063},"geometry":{"type":"LineString","coordinates":[[-73.941054,40.680567],[-73.940814,40.680594]]}},{"type":"Feature","properties":{"lit":0.0838},"geometry":{"type":"LineString","coordinates":[[-73.940814,40.680594],[-73.940573,40.680622]]}},{"type":"Feature","properties":{"lit":0.0861},"geometry":{"type":"LineString","coordinates":[[-73.940573,40.680622],[-73.940481,40.680633]]}},{"type":"Feature","properties":{"lit":0.0826},"geometry":{"type":"LineString","coordinates":[[-73.940481,40.680633],[-73.940393,40.680643]]}},{"type":"Feature","properties":{"lit":0.0669},"geometry":{"type":"LineString","coordinates":[[-73.940393,40.680643],[-73.94013,40.680673]]}},{"type":"Feature","properties":{"lit":0.0336},"geometry":{"type":"LineString","coordinates":[[-73.94013,40.680673],[-73.939866,40.680703]]}},{"type":"Feature","properties":{"lit":0.0416},"geometry":{"type":"LineString","coordinates":[[-73.903893,40.680589],[-73.90409,40.68038]]}},{"type":"Feature","properties":{"lit":0.0332},"geometry":{"type":"LineString","coordinates":[[-73.952476,40.683002],[-73.95223,40.68303]]}},{"type":"Feature","properties":{"lit":0.0532},"geometry":{"type":"LineString","coordinates":[[-73.95223,40.68303],[-73.951984,40.683058]]}},{"type":"Feature","properties":{"lit":0.0583},"geometry":{"type":"LineString","coordinates":[[-73.951984,40.683058],[-73.951738,40.683087]]}},{"type":"Feature","properties":{"lit":0.0458},"geometry":{"type":"LineString","coordinates":[[-73.951738,40.683087],[-73.951492,40.683115]]}},{"type":"Feature","properties":{"lit":0.0264},"geometry":{"type":"LineString","coordinates":[[-73.951492,40.683115],[-73.951246,40.683143]]}},{"type":"Feature","properties":{"lit":0.0443},"geometry":{"type":"LineString","coordinates":[[-73.950507,40.683228],[-73.950261,40.683257]]}},{"type":"Feature","properties":{"lit":0.0714},"geometry":{"type":"LineString","coordinates":[[-73.950261,40.683257],[-73.950155,40.683269]]}},{"type":"Feature","properties":{"lit":0.0878},"geometry":{"type":"LineString","coordinates":[[-73.950155,40.683269],[-73.950054,40.683281]]}},{"type":"Feature","properties":{"lit":0.1095},"geometry":{"type":"LineString","coordinates":[[-73.950054,40.683281],[-73.949818,40.683308]]}},{"type":"Feature","properties":{"lit":0.1194},"geometry":{"type":"LineString","coordinates":[[-73.949818,40.683308],[-73.949581,40.683335]]}},{"type":"Feature","properties":{"lit":0.1026},"geometry":{"type":"LineString","coordinates":[[-73.949581,40.683335],[-73.949345,40.683362]]}},{"type":"Feature","properties":{"lit":0.0795},"geometry":{"type":"LineString","coordinates":[[-73.949345,40.683362],[-73.949108,40.683389]]}},{"type":"Feature","properties":{"lit":0.0691},"geometry":{"type":"LineString","coordinates":[[-73.949108,40.683389],[-73.948872,40.683416]]}},{"type":"Feature","properties":{"lit":0.0676},"geometry":{"type":"LineString","coordinates":[[-73.948872,40.683416],[-73.948635,40.683444]]}},{"type":"Feature","properties":{"lit":0.0579},"geometry":{"type":"LineString","coordinates":[[-73.948635,40.683444],[-73.948399,40.683471]]}},{"type":"Feature","properties":{"lit":0.0404},"geometry":{"type":"LineString","coordinates":[[-73.948399,40.683471],[-73.948162,40.683498]]}},{"type":"Feature","properties":{"lit":0.032},"geometry":{"type":"LineString","coordinates":[[-73.948162,40.683498],[-73.947926,40.683525]]}},{"type":"Feature","properties":{"lit":0.0464},"geometry":{"type":"LineString","coordinates":[[-73.947926,40.683525],[-73.947689,40.683552]]}},{"type":"Feature","properties":{"lit":0.0843},"geometry":{"type":"LineString","coordinates":[[-73.947689,40.683552],[-73.947453,40.683579]]}},{"type":"Feature","properties":{"lit":0.1232},"geometry":{"type":"LineString","coordinates":[[-73.947453,40.683579],[-73.947216,40.683607]]}},{"type":"Feature","properties":{"lit":0.1386},"geometry":{"type":"LineString","coordinates":[[-73.947216,40.683607],[-73.94698,40.683634]]}},{"type":"Feature","properties":{"lit":0.132},"geometry":{"type":"LineString","coordinates":[[-73.94698,40.683634],[-73.946873,40.683646]]}},{"type":"Feature","properties":{"lit":0.1238},"geometry":{"type":"LineString","coordinates":[[-73.946873,40.683646],[-73.946794,40.683655]]}},{"type":"Feature","properties":{"lit":0.1075},"geometry":{"type":"LineString","coordinates":[[-73.946794,40.683655],[-73.946552,40.683683]]}},{"type":"Feature","properties":{"lit":0.0791},"geometry":{"type":"LineString","coordinates":[[-73.946552,40.683683],[-73.946311,40.683711]]}},{"type":"Feature","properties":{"lit":0.0502},"geometry":{"type":"LineString","coordinates":[[-73.946311,40.683711],[-73.946069,40.683738]]}},{"type":"Feature","properties":{"lit":0.0276},"geometry":{"type":"LineString","coordinates":[[-73.946069,40.683738],[-73.945828,40.683766]]}},{"type":"Feature","properties":{"lit":0.0233},"geometry":{"type":"LineString","coordinates":[[-73.945828,40.683766],[-73.945586,40.683794]]}},{"type":"Feature","properties":{"lit":0.0413},"geometry":{"type":"LineString","coordinates":[[-73.945586,40.683794],[-73.945345,40.683822]]}},{"type":"Feature","properties":{"lit":0.0788},"geometry":{"type":"LineString","coordinates":[[-73.945345,40.683822],[-73.945103,40.68385]]}},{"type":"Feature","properties":{"lit":0.1165},"geometry":{"type":"LineString","coordinates":[[-73.945103,40.68385],[-73.944862,40.683878]]}},{"type":"Feature","properties":{"lit":0.1298},"geometry":{"type":"LineString","coordinates":[[-73.944862,40.683878],[-73.94462,40.683906]]}},{"type":"Feature","properties":{"lit":0.1203},"geometry":{"type":"LineString","coordinates":[[-73.94462,40.683906],[-73.944379,40.683933]]}},{"type":"Feature","properties":{"lit":0.1102},"geometry":{"type":"LineString","coordinates":[[-73.944379,40.683933],[-73.944137,40.683961]]}},{"type":"Feature","properties":{"lit":0.11},"geometry":{"type":"LineString","coordinates":[[-73.944137,40.683961],[-73.944036,40.683973]]}},{"type":"Feature","properties":{"lit":0.111},"geometry":{"type":"LineString","coordinates":[[-73.944036,40.683973],[-73.94395,40.683983]]}},{"type":"Feature","properties":{"lit":0.1131},"geometry":{"type":"LineString","coordinates":[[-73.94395,40.683983],[-73.943709,40.684011]]}},{"type":"Feature","properties":{"lit":0.1128},"geometry":{"type":"LineString","coordinates":[[-73.943709,40.684011],[-73.943468,40.684039]]}},{"type":"Feature","properties":{"lit":0.1173},"geometry":{"type":"LineString","coordinates":[[-73.943468,40.684039],[-73.943228,40.684066]]}},{"type":"Feature","properties":{"lit":0.1345},"geometry":{"type":"LineString","coordinates":[[-73.943228,40.684066],[-73.942987,40.684094]]}},{"type":"Feature","properties":{"lit":0.1583},"geometry":{"type":"LineString","coordinates":[[-73.942987,40.684094],[-73.942746,40.684122]]}},{"type":"Feature","properties":{"lit":0.1706},"geometry":{"type":"LineString","coordinates":[[-73.942746,40.684122],[-73.942506,40.68415]]}},{"type":"Feature","properties":{"lit":0.2041},"geometry":{"type":"LineString","coordinates":[[-73.942506,40.68415],[-73.942265,40.684178]]}},{"type":"Feature","properties":{"lit":0.3355},"geometry":{"type":"LineString","coordinates":[[-73.942265,40.684178],[-73.942024,40.684205]]}},{"type":"Feature","properties":{"lit":0.6953},"geometry":{"type":"LineString","coordinates":[[-73.942024,40.684205],[-73.941784,40.684233]]}},{"type":"Feature","properties":{"lit":1.0},"geometry":{"type":"LineString","coordinates":[[-73.941784,40.684233],[-73.941543,40.684261]]}},{"type":"Feature","properties":{"lit":1.0},"geometry":{"type":"LineString","coordinates":[[-73.941543,40.684261],[-73.941302,40.684289]]}},{"type":"Feature","properties":{"lit":1.0},"geometry":{"type":"LineString","coordinates":[[-73.941302,40.684289],[-73.941206,40.6843]]}},{"type":"Feature","properties":{"lit":1.0},"geometry":{"type":"LineString","coordinates":[[-73.941206,40.6843],[-73.941113,40.684311]]}},{"type":"Feature","properties":{"lit":1.0},"geometry":{"type":"LineString","coordinates":[[-73.941113,40.684311],[-73.940873,40.684338]]}},{"type":"Feature","properties":{"lit":0.9691},"geometry":{"type":"LineString","coordinates":[[-73.940873,40.684338],[-73.940633,40.684366]]}},{"type":"Feature","properties":{"lit":0.4989},"geometry":{"type":"LineString","coordinates":[[-73.940633,40.684366],[-73.940394,40.684393]]}},{"type":"Feature","properties":{"lit":0.2851},"geometry":{"type":"LineString","coordinates":[[-73.940394,40.684393],[-73.940154,40.684421]]}},{"type":"Feature","properties":{"lit":0.1902},"geometry":{"type":"LineString","coordinates":[[-73.940154,40.684421],[-73.939914,40.684449]]}},{"type":"Feature","properties":{"lit":0.1442},"geometry":{"type":"LineString","coordinates":[[-73.939914,40.684449],[-73.939675,40.684476]]}},{"type":"Feature","properties":{"lit":0.1256},"geometry":{"type":"LineString","coordinates":[[-73.939675,40.684476],[-73.939435,40.684504]]}},{"type":"Feature","properties":{"lit":0.1269},"geometry":{"type":"LineString","coordinates":[[-73.939435,40.684504],[-73.939195,40.684531]]}},{"type":"Feature","properties":{"lit":0.1255},"geometry":{"type":"LineString","coordinates":[[-73.939195,40.684531],[-73.938956,40.684559]]}},{"type":"Feature","properties":{"lit":0.118},"geometry":{"type":"LineString","coordinates":[[-73.938956,40.684559],[-73.938716,40.684586]]}},{"type":"Feature","properties":{"lit":0.1164},"geometry":{"type":"LineString","coordinates":[[-73.938716,40.684586],[-73.938476,40.684614]]}},{"type":"Feature","properties":{"lit":0.1228},"geometry":{"type":"LineString","coordinates":[[-73.938476,40.684614],[-73.938366,40.684627]]}},{"type":"Feature","properties":{"lit":0.1274},"geometry":{"type":"LineString","coordinates":[[-73.938366,40.684627],[-73.938275,40.684637]]}},{"type":"Feature","properties":{"lit":0.1341},"geometry":{"type":"LineString","coordinates":[[-73.938275,40.684637],[-73.938027,40.684666]]}},{"type":"Feature","properties":{"lit":0.1401},"geometry":{"type":"LineString","coordinates":[[-73.938027,40.684666],[-73.937779,40.684694]]}},{"type":"Feature","properties":{"lit":0.1476},"geometry":{"type":"LineString","coordinates":[[-73.937779,40.684694],[-73.937531,40.684723]]}},{"type":"Feature","properties":{"lit":0.1518},"geometry":{"type":"LineString","coordinates":[[-73.937531,40.684723],[-73.937283,40.684751]]}},{"type":"Feature","properties":{"lit":0.1445},"geometry":{"type":"LineString","coordinates":[[-73.937283,40.684751],[-73.937034,40.68478]]}},{"type":"Feature","properties":{"lit":0.1432},"geometry":{"type":"LineString","coordinates":[[-73.937034,40.68478],[-73.936786,40.684809]]}},{"type":"Feature","properties":{"lit":0.1536},"geometry":{"type":"LineString","coordinates":[[-73.936786,40.684809],[-73.936538,40.684837]]}},{"type":"Feature","properties":{"lit":0.159},"geometry":{"type":"LineString","coordinates":[[-73.936538,40.684837],[-73.93629,40.684866]]}},{"type":"Feature","properties":{"lit":0.14},"geometry":{"type":"LineString","coordinates":[[-73.93629,40.684866],[-73.936042,40.684894]]}},{"type":"Feature","properties":{"lit":0.103},"geometry":{"type":"LineString","coordinates":[[-73.936042,40.684894],[-73.935793,40.684923]]}},{"type":"Feature","properties":{"lit":0.0612},"geometry":{"type":"LineString","coordinates":[[-73.935793,40.684923],[-73.935545,40.684951]]}},{"type":"Feature","properties":{"lit":0.0371},"geometry":{"type":"LineString","coordinates":[[-73.935545,40.684951],[-73.935447,40.684963]]}},{"type":"Feature","properties":{"lit":0.0268},"geometry":{"type":"LineString","coordinates":[[-73.935447,40.684963],[-73.935361,40.684973]]}},{"type":"Feature","properties":{"lit":0.023},"geometry":{"type":"LineString","coordinates":[[-73.963474,40.681869],[-73.963376,40.681848]]}},{"type":"Feature","properties":{"lit":0.0239},"geometry":{"type":"LineString","coordinates":[[-73.963376,40.681848],[-73.963313,40.681835]]}},{"type":"Feature","properties":{"lit":0.0293},"geometry":{"type":"LineString","coordinates":[[-73.963313,40.681835],[-73.963076,40.681784]]}},{"type":"Feature","properties":{"lit":0.0508},"geometry":{"type":"LineString","coordinates":[[-73.963076,40.681784],[-73.962838,40.681734]]}},{"type":"Feature","properties":{"lit":0.0897},"geometry":{"type":"LineString","coordinates":[[-73.962838,40.681734],[-73.962601,40.681684]]}},{"type":"Feature","properties":{"lit":0.1216},"geometry":{"type":"LineString","coordinates":[[-73.962601,40.681684],[-73.962364,40.681633]]}},{"type":"Feature","properties":{"lit":0.1205},"geometry":{"type":"LineString","coordinates":[[-73.962364,40.681633],[-73.962105,40.681578]]}},{"type":"Feature","properties":{"lit":0.0941},"geometry":{"type":"LineString","coordinates":[[-73.962105,40.681578],[-73.961846,40.681523]]}},{"type":"Feature","properties":{"lit":0.0764},"geometry":{"type":"LineString","coordinates":[[-73.961846,40.681523],[-73.961586,40.681469]]}},{"type":"Feature","properties":{"lit":0.071},"geometry":{"type":"LineString","coordinates":[[-73.961586,40.681469],[-73.961523,40.681455]]}},{"type":"Feature","properties":{"lit":0.0675},"geometry":{"type":"LineString","coordinates":[[-73.961523,40.681455],[-73.961424,40.681434]]}},{"type":"Feature","properties":{"lit":0.0625},"geometry":{"type":"LineString","coordinates":[[-73.961424,40.681434],[-73.961322,40.681413]]}},{"type":"Feature","properties":{"lit":0.0577},"geometry":{"type":"LineString","coordinates":[[-73.961322,40.681413],[-73.961283,40.681404]]}},{"type":"Feature","properties":{"lit":0.046},"geometry":{"type":"LineString","coordinates":[[-73.961283,40.681404],[-73.961035,40.681352]]}},{"type":"Feature","properties":{"lit":0.03},"geometry":{"type":"LineString","coordinates":[[-73.961035,40.681352],[-73.960786,40.6813]]}},{"type":"Feature","properties":{"lit":0.0308},"geometry":{"type":"LineString","coordinates":[[-73.960786,40.6813],[-73.960537,40.681248]]}},{"type":"Feature","properties":{"lit":0.0498},"geometry":{"type":"LineString","coordinates":[[-73.960537,40.681248],[-73.960272,40.681192]]}},{"type":"Feature","properties":{"lit":0.068},"geometry":{"type":"LineString","coordinates":[[-73.960272,40.681192],[-73.960006,40.681136]]}},{"type":"Feature","properties":{"lit":0.0722},"geometry":{"type":"LineString","coordinates":[[-73.960006,40.681136],[-73.959741,40.68108]]}},{"type":"Feature","properties":{"lit":0.0738},"geometry":{"type":"LineString","coordinates":[[-73.959741,40.68108],[-73.959475,40.681025]]}},{"type":"Feature","properties":{"lit":0.0736},"geometry":{"type":"LineString","coordinates":[[-73.959475,40.681025],[-73.959323,40.680993]]}},{"type":"Feature","properties":{"lit":0.0686},"geometry":{"type":"LineString","coordinates":[[-73.959323,40.680993],[-73.959049,40.680935]]}},{"type":"Feature","properties":{"lit":0.0559},"geometry":{"type":"LineString","coordinates":[[-73.959049,40.680935],[-73.958775,40.680878]]}},{"type":"Feature","properties":{"lit":0.0561},"geometry":{"type":"LineString","coordinates":[[-73.958775,40.680878],[-73.9585,40.68082]]}},{"type":"Feature","properties":{"lit":0.0632},"geometry":{"type":"LineString","coordinates":[[-73.9585,40.68082],[-73.958396,40.680798]]}},{"type":"Feature","properties":{"lit":0.0678},"geometry":{"type":"LineString","coordinates":[[-73.958396,40.680798],[-73.958304,40.680779]]}},{"type":"Feature","properties":{"lit":0.0679},"geometry":{"type":"LineString","coordinates":[[-73.958304,40.680779],[-73.958028,40.680722]]}},{"type":"Feature","properties":{"lit":0.0547},"geometry":{"type":"LineString","coordinates":[[-73.958028,40.680722],[-73.957751,40.680665]]}},{"type":"Feature","properties":{"lit":0.0366},"geometry":{"type":"LineString","coordinates":[[-73.957751,40.680665],[-73.957475,40.680607]]}},{"type":"Feature","properties":{"lit":0.0239},"geometry":{"type":"LineString","coordinates":[[-73.957475,40.680607],[-73.957199,40.68055]]}},{"type":"Feature","properties":{"lit":0.0449},"geometry":{"type":"LineString","coordinates":[[-73.956684,40.680444],[-73.956427,40.68039]]}},{"type":"Feature","properties":{"lit":0.1626},"geometry":{"type":"LineString","coordinates":[[-73.956427,40.68039],[-73.95617,40.680337]]}},{"type":"Feature","properties":{"lit":0.4663},"geometry":{"type":"LineString","coordinates":[[-73.95617,40.680337],[-73.955841,40.680269]]}},{"type":"Feature","properties":{"lit":0.1869},"geometry":{"type":"LineString","coordinates":[[-73.951171,40.680902],[-73.950901,40.680933]]}},{"type":"Feature","properties":{"lit":0.2063},"geometry":{"type":"LineString","coordinates":[[-73.950901,40.680933],[-73.950631,40.680964]]}},{"type":"Feature","properties":{"lit":0.2259},"geometry":{"type":"LineString","coordinates":[[-73.950631,40.680964],[-73.950361,40.680995]]}},{"type":"Feature","properties":{"lit":0.2524},"geometry":{"type":"LineString","coordinates":[[-73.950361,40.680995],[-73.950091,40.681026]]}},{"type":"Feature","properties":{"lit":0.2698},"geometry":{"type":"LineString","coordinates":[[-73.950091,40.681026],[-73.949822,40.681057]]}},{"type":"Feature","properties":{"lit":0.2579},"geometry":{"type":"LineString","coordinates":[[-73.949822,40.681057],[-73.949715,40.681069]]}},{"type":"Feature","properties":{"lit":0.2387},"geometry":{"type":"LineString","coordinates":[[-73.949715,40.681069],[-73.94962,40.68108]]}},{"type":"Feature","properties":{"lit":0.1858},"geometry":{"type":"LineString","coordinates":[[-73.94962,40.68108],[-73.949371,40.681109]]}},{"type":"Feature","properties":{"lit":0.1058},"geometry":{"type":"LineString","coordinates":[[-73.949371,40.681109],[-73.949123,40.681137]]}},{"type":"Feature","properties":{"lit":0.0504},"geometry":{"type":"LineString","coordinates":[[-73.949123,40.681137],[-73.948874,40.681166]]}},{"type":"Feature","properties":{"lit":0.0306},"geometry":{"type":"LineString","coordinates":[[-73.948874,40.681166],[-73.948625,40.681195]]}},{"type":"Feature","properties":{"lit":0.0289},"geometry":{"type":"LineString","coordinates":[[-73.948625,40.681195],[-73.948376,40.681223]]}},{"type":"Feature","properties":{"lit":0.0279},"geometry":{"type":"LineString","coordinates":[[-73.948376,40.681223],[-73.948127,40.681252]]}},{"type":"Feature","properties":{"lit":0.0223},"geometry":{"type":"LineString","coordinates":[[-73.948127,40.681252],[-73.947879,40.681281]]}},{"type":"Feature","properties":{"lit":0.2301},"geometry":{"type":"LineString","coordinates":[[-73.976102,40.689737],[-73.976088,40.689663]]}},{"type":"Feature","properties":{"lit":0.2532},"geometry":{"type":"LineString","coordinates":[[-73.976088,40.689663],[-73.97605,40.689472]]}},{"type":"Feature","properties":{"lit":0.2532},"geometry":{"type":"LineString","coordinates":[[-73.97605,40.689472],[-73.976012,40.68928]]}},{"type":"Feature","properties":{"lit":0.2172},"geometry":{"type":"LineString","coordinates":[[-73.976012,40.68928],[-73.975974,40.689089]]}},{"type":"Feature","properties":{"lit":0.1746},"geometry":{"type":"LineString","coordinates":[[-73.975974,40.689089],[-73.975936,40.688898]]}},{"type":"Feature","properties":{"lit":0.1475},"geometry":{"type":"LineString","coordinates":[[-73.975936,40.688898],[-73.975898,40.688706]]}},{"type":"Feature","properties":{"lit":0.1333},"geometry":{"type":"LineString","coordinates":[[-73.975898,40.688706],[-73.97586,40.688515]]}},{"type":"Feature","properties":{"lit":0.1255},"geometry":{"type":"LineString","coordinates":[[-73.97586,40.688515],[-73.975821,40.688323]]}},{"type":"Feature","properties":{"lit":0.1284},"geometry":{"type":"LineString","coordinates":[[-73.975821,40.688323],[-73.975783,40.688132]]}},{"type":"Feature","properties":{"lit":0.1397},"geometry":{"type":"LineString","coordinates":[[-73.975783,40.688132],[-73.975745,40.68794]]}},{"type":"Feature","properties":{"lit":0.149},"geometry":{"type":"LineString","coordinates":[[-73.975745,40.68794],[-73.975707,40.687749]]}},{"type":"Feature","properties":{"lit":0.2157},"geometry":{"type":"LineString","coordinates":[[-73.975707,40.687749],[-73.975669,40.687558]]}},{"type":"Feature","properties":{"lit":0.4499},"geometry":{"type":"LineString","coordinates":[[-73.975669,40.687558],[-73.975631,40.687366]]}},{"type":"Feature","properties":{"lit":0.9233},"geometry":{"type":"LineString","coordinates":[[-73.975631,40.687366],[-73.975593,40.687175]]}},{"type":"Feature","properties":{"lit":1.0},"geometry":{"type":"LineString","coordinates":[[-73.975593,40.687175],[-73.975577,40.687087]]}},{"type":"Feature","properties":{"lit":1.0},"geometry":{"type":"LineString","coordinates":[[-73.955437,40.679958],[-73.955349,40.679967]]}},{"type":"Feature","properties":{"lit":1.0},"geometry":{"type":"LineString","coordinates":[[-73.955349,40.679967],[-73.955104,40.679994]]}},{"type":"Feature","properties":{"lit":0.7833},"geometry":{"type":"LineString","coordinates":[[-73.955104,40.679994],[-73.954859,40.680021]]}},{"type":"Feature","properties":{"lit":0.5268},"geometry":{"type":"LineString","coordinates":[[-73.954859,40.680021],[-73.954613,40.680048]]}},{"type":"Feature","properties":{"lit":0.4008},"geometry":{"type":"LineString","coordinates":[[-73.954613,40.680048],[-73.954368,40.680075]]}},{"type":"Feature","properties":{"lit":0.359},"geometry":{"type":"LineString","coordinates":[[-73.954368,40.680075],[-73.954123,40.680103]]}},{"type":"Feature","properties":{"lit":0.3351},"geometry":{"type":"LineString","coordinates":[[-73.954123,40.680103],[-73.953878,40.680131]]}},{"type":"Feature","properties":{"lit":0.309},"geometry":{"type":"LineString","coordinates":[[-73.953878,40.680131],[-73.953633,40.68016]]}},{"type":"Feature","properties":{"lit":0.2837},"geometry":{"type":"LineString","coordinates":[[-73.953633,40.68016],[-73.953388,40.680188]]}},{"type":"Feature","properties":{"lit":0.2665},"geometry":{"type":"LineString","coordinates":[[-73.953388,40.680188],[-73.953282,40.6802]]}},{"type":"Feature","properties":{"lit":0.0475},"geometry":{"type":"LineString","coordinates":[[-73.954623,40.682004],[-73.954612,40.681948]]}},{"type":"Feature","properties":{"lit":0.0434},"geometry":{"type":"LineString","coordinates":[[-73.954612,40.681948],[-73.954576,40.681759]]}},{"type":"Feature","properties":{"lit":0.0295},"geometry":{"type":"LineString","coordinates":[[-73.954576,40.681759],[-73.95454,40.68157]]}},{"type":"Feature","properties":{"lit":0.0265},"geometry":{"type":"LineString","coordinates":[[-73.95454,40.68157],[-73.954504,40.681382]]}},{"type":"Feature","properties":{"lit":0.0369},"geometry":{"type":"LineString","coordinates":[[-73.954504,40.681382],[-73.954467,40.681193]]}},{"type":"Feature","properties":{"lit":0.0498},"geometry":{"type":"LineString","coordinates":[[-73.954467,40.681193],[-73.954431,40.681004]]}},{"type":"Feature","properties":{"lit":0.0594},"geometry":{"type":"LineString","coordinates":[[-73.954431,40.681004],[-73.954423,40.680964]]}},{"type":"Feature","properties":{"lit":0.0647},"geometry":{"type":"LineString","coordinates":[[-73.954423,40.680964],[-73.954404,40.680862]]}},{"type":"Feature","properties":{"lit":0.0227},"geometry":{"type":"LineString","coordinates":[[-73.999314,40.687831],[-73.998994,40.687728]]}},{"type":"Feature","properties":{"lit":0.0671},"geometry":{"type":"LineString","coordinates":[[-73.998994,40.687728],[-73.998674,40.687624]]}},{"type":"Feature","properties":{"lit":0.1195},"geometry":{"type":"LineString","coordinates":[[-73.998674,40.687624],[-73.998431,40.687543]]}},{"type":"Feature","properties":{"lit":0.1604},"geometry":{"type":"LineString","coordinates":[[-73.998431,40.687543],[-73.998188,40.687463]]}},{"type":"Feature","properties":{"lit":0.174},"geometry":{"type":"LineString","coordinates":[[-73.998188,40.687463],[-73.997945,40.687382]]}},{"type":"Feature","properties":{"lit":0.1583},"geometry":{"type":"LineString","coordinates":[[-73.997945,40.687382],[-73.997873,40.687358]]}},{"type":"Feature","properties":{"lit":0.1461},"geometry":{"type":"LineString","coordinates":[[-73.997873,40.687358],[-73.997805,40.687335]]}},{"type":"Feature","properties":{"lit":0.1116},"geometry":{"type":"LineString","coordinates":[[-73.997805,40.687335],[-73.997565,40.687256]]}},{"type":"Feature","properties":{"lit":0.0618},"geometry":{"type":"LineString","coordinates":[[-73.997565,40.687256],[-73.997325,40.687176]]}},{"type":"Feature","properties":{"lit":0.0455},"geometry":{"type":"LineString","coordinates":[[-73.997325,40.687176],[-73.997085,40.687096]]}},{"type":"Feature","properties":{"lit":0.0575},"geometry":{"type":"LineString","coordinates":[[-73.997085,40.687096],[-73.996845,40.687017]]}},{"type":"Feature","properties":{"lit":0.0765},"geometry":{"type":"LineString","coordinates":[[-73.996845,40.687017],[-73.996605,40.686937]]}},{"type":"Feature","properties":{"lit":0.0844},"geometry":{"type":"LineString","coordinates":[[-73.996605,40.686937],[-73.996365,40.686858]]}},{"type":"Feature","properties":{"lit":0.0787},"geometry":{"type":"LineString","coordinates":[[-73.996365,40.686858],[-73.996125,40.686778]]}},{"type":"Feature","properties":{"lit":0.0675},"geometry":{"type":"LineString","coordinates":[[-73.996125,40.686778],[-73.996035,40.686748]]}},{"type":"Feature","properties":{"lit":0.0608},"geometry":{"type":"LineString","coordinates":[[-73.996035,40.686748],[-73.995971,40.686727]]}},{"type":"Feature","properties":{"lit":0.0467},"geometry":{"type":"LineString","coordinates":[[-73.995971,40.686727],[-73.995749,40.686655]]}},{"type":"Feature","properties":{"lit":0.0256},"geometry":{"type":"LineString","coordinates":[[-73.995749,40.686655],[-73.995527,40.686582]]}},{"type":"Feature","properties":{"lit":0.1756},"geometry":{"type":"LineString","coordinates":[[-73.962644,40.682594],[-73.962663,40.682685]]}},{"type":"Feature","properties":{"lit":0.1999},"geometry":{"type":"LineString","coordinates":[[-73.962663,40.682685],[-73.962699,40.682872]]}},{"type":"Feature","properties":{"lit":0.1906},"geometry":{"type":"LineString","coordinates":[[-73.962699,40.682872],[-73.962736,40.68306]]}},{"type":"Feature","properties":{"lit":0.1411},"geometry":{"type":"LineString","coordinates":[[-73.962736,40.68306],[-73.962773,40.683247]]}},{"type":"Feature","properties":{"lit":0.0843},"geometry":{"type":"LineString","coordinates":[[-73.962773,40.683247],[-73.962809,40.683434]]}},{"type":"Feature","properties":{"lit":0.0453},"geometry":{"type":"LineString","coordinates":[[-73.962809,40.683434],[-73.962846,40.683622]]}},{"type":"Feature","properties":{"lit":0.0344},"geometry":{"type":"LineString","coordinates":[[-73.962846,40.683622],[-73.962882,40.683809]]}},{"type":"Feature","properties":{"lit":0.0497},"geometry":{"type":"LineString","coordinates":[[-73.962882,40.683809],[-73.962919,40.683996]]}},{"type":"Feature","properties":{"lit":0.0649},"geometry":{"type":"LineString","coordinates":[[-73.962919,40.683996],[-73.962956,40.684184]]}},{"type":"Feature","properties":{"lit":0.0694},"geometry":{"type":"LineString","coordinates":[[-73.962956,40.684184],[-73.962992,40.684371]]}},{"type":"Feature","properties":{"lit":0.0685},"geometry":{"type":"LineString","coordinates":[[-73.962992,40.684371],[-73.963003,40.684429]]}},{"type":"Feature","properties":{"lit":0.0686},"geometry":{"type":"LineString","coordinates":[[-73.963003,40.684429],[-73.96306,40.684717]]}},{"type":"Feature","properties":{"lit":0.0674},"geometry":{"type":"LineString","coordinates":[[-73.96306,40.684717],[-73.963072,40.68478]]}},{"type":"Feature","properties":{"lit":0.0643},"geometry":{"type":"LineString","coordinates":[[-73.963072,40.68478],[-73.963087,40.684854]]}},{"type":"Feature","properties":{"lit":0.0535},"geometry":{"type":"LineString","coordinates":[[-73.963087,40.684854],[-73.963123,40.685036]]}},{"type":"Feature","properties":{"lit":0.0313},"geometry":{"type":"LineString","coordinates":[[-73.963123,40.685036],[-73.963159,40.685218]]}},{"type":"Feature","properties":{"lit":0.1171},"geometry":{"type":"LineString","coordinates":[[-73.975106,40.689699],[-73.975092,40.689625]]}},{"type":"Feature","properties":{"lit":0.1068},"geometry":{"type":"LineString","coordinates":[[-73.975092,40.689625],[-73.975057,40.689445]]}},{"type":"Feature","properties":{"lit":0.0753},"geometry":{"type":"LineString","coordinates":[[-73.975057,40.689445],[-73.975021,40.689265]]}},{"type":"Feature","properties":{"lit":0.0411},"geometry":{"type":"LineString","coordinates":[[-73.975021,40.689265],[-73.974986,40.689085]]}},{"type":"Feature","properties":{"lit":0.0407},"geometry":{"type":"LineString","coordinates":[[-73.974705,40.687644],[-73.974669,40.687464]]}},{"type":"Feature","properties":{"lit":0.1184},"geometry":{"type":"LineString","coordinates":[[-73.974669,40.687464],[-73.974634,40.687284]]}},{"type":"Feature","properties":{"lit":0.2233},"geometry":{"type":"LineString","coordinates":[[-73.974634,40.687284],[-73.974616,40.687191]]}},{"type":"Feature","properties":{"lit":0.1262},"geometry":{"type":"LineString","coordinates":[[-73.977025,40.6852],[-73.976958,40.685207]]}},{"type":"Feature","properties":{"lit":0.1001},"geometry":{"type":"LineString","coordinates":[[-73.976958,40.685207],[-73.976626,40.685245]]}},{"type":"Feature","properties":{"lit":0.0445},"geometry":{"type":"LineString","coordinates":[[-73.976626,40.685245],[-73.976294,40.685283]]}},{"type":"Feature","properties":{"lit":0.0303},"geometry":{"type":"LineString","coordinates":[[-73.976294,40.685283],[-73.976201,40.685294]]}},{"type":"Feature","properties":{"lit":0.0222},"geometry":{"type":"LineString","coordinates":[[-73.976201,40.685294],[-73.976116,40.685304]]}},{"type":"Feature","properties":{"lit":0.0296},"geometry":{"type":"LineString","coordinates":[[-73.976116,40.685304],[-73.975856,40.685333]]}},{"type":"Feature","properties":{"lit":0.0424},"geometry":{"type":"LineString","coordinates":[[-73.975856,40.685333],[-73.975596,40.685363]]}},{"type":"Feature","properties":{"lit":0.0475},"geometry":{"type":"LineString","coordinates":[[-73.975596,40.685363],[-73.975336,40.685392]]}},{"type":"Feature","properties":{"lit":0.0431},"geometry":{"type":"LineString","coordinates":[[-73.975336,40.685392],[-73.975244,40.685403]]}},{"type":"Feature","properties":{"lit":0.0387},"geometry":{"type":"LineString","coordinates":[[-73.975244,40.685403],[-73.975157,40.685413]]}},{"type":"Feature","properties":{"lit":0.0283},"geometry":{"type":"LineString","coordinates":[[-73.975157,40.685413],[-73.974896,40.685443]]}},{"type":"Feature","properties":{"lit":0.0209},"geometry":{"type":"LineString","coordinates":[[-73.974896,40.685443],[-73.974635,40.685472]]}},{"type":"Feature","properties":{"lit":0.0367},"geometry":{"type":"LineString","coordinates":[[-73.974635,40.685472],[-73.974374,40.685502]]}},{"type":"Feature","properties":{"lit":0.0568},"geometry":{"type":"LineString","coordinates":[[-73.974374,40.685502],[-73.974279,40.685503]]}},{"type":"Feature","properties":{"lit":0.1579},"geometry":{"type":"LineString","coordinates":[[-73.961676,40.679701],[-73.96177,40.679721]]}},{"type":"Feature","properties":{"lit":0.133},"geometry":{"type":"LineString","coordinates":[[-73.96177,40.679721],[-73.962003,40.67977]]}},{"type":"Feature","properties":{"lit":0.0947},"geometry":{"type":"LineString","coordinates":[[-73.962003,40.67977],[-73.962237,40.679819]]}},{"type":"Feature","properties":{"lit":0.0686},"geometry":{"type":"LineString","coordinates":[[-73.962237,40.679819],[-73.962471,40.679868]]}},{"type":"Feature","properties":{"lit":0.0636},"geometry":{"type":"LineString","coordinates":[[-73.962471,40.679868],[-73.962705,40.679917]]}},{"type":"Feature","properties":{"lit":0.0762},"geometry":{"type":"LineString","coordinates":[[-73.962705,40.679917],[-73.962939,40.679966]]}},{"type":"Feature","properties":{"lit":0.0967},"geometry":{"type":"LineString","coordinates":[[-73.962939,40.679966],[-73.963172,40.680015]]}},{"type":"Feature","properties":{"lit":0.1427},"geometry":{"type":"LineString","coordinates":[[-73.963172,40.680015],[-73.963406,40.680064]]}},{"type":"Feature","properties":{"lit":0.206},"geometry":{"type":"LineString","coordinates":[[-73.963406,40.680064],[-73.96364,40.680113]]}},{"type":"Feature","properties":{"lit":0.2537},"geometry":{"type":"LineString","coordinates":[[-73.96364,40.680113],[-73.963874,40.680162]]}},{"type":"Feature","properties":{"lit":0.2473},"geometry":{"type":"LineString","coordinates":[[-73.963874,40.680162],[-73.964107,40.680211]]}},{"type":"Feature","properties":{"lit":0.2139},"geometry":{"type":"LineString","coordinates":[[-73.964107,40.680211],[-73.964236,40.680236]]}},{"type":"Feature","properties":{"lit":0.1891},"geometry":{"type":"LineString","coordinates":[[-73.964236,40.680236],[-73.96436,40.680262]]}},{"type":"Feature","properties":{"lit":0.1582},"geometry":{"type":"LineString","coordinates":[[-73.96436,40.680262],[-73.964702,40.680324]]}},{"type":"Feature","properties":{"lit":0.1352},"geometry":{"type":"LineString","coordinates":[[-73.964702,40.680324],[-73.964797,40.680349]]}},{"type":"Feature","properties":{"lit":0.0276},"geometry":{"type":"LineString","coordinates":[[-73.96176,40.683141],[-73.961723,40.682953]]}},{"type":"Feature","properties":{"lit":0.07},"geometry":{"type":"LineString","coordinates":[[-73.961723,40.682953],[-73.961686,40.682765]]}},{"type":"Feature","properties":{"lit":0.1125},"geometry":{"type":"LineString","coordinates":[[-73.961686,40.682765],[-73.961671,40.682695]]}},{"type":"Feature","properties":{"lit":0.0231},"geometry":{"type":"LineString","coordinates":[[-73.960808,40.682796],[-73.960857,40.68279]]}},{"type":"Feature","properties":{"lit":0.034},"geometry":{"type":"LineString","coordinates":[[-73.960857,40.68279],[-73.961098,40.682762]]}},{"type":"Feature","properties":{"lit":0.067},"geometry":{"type":"LineString","coordinates":[[-73.961098,40.682762],[-73.961339,40.682734]]}},{"type":"Feature","properties":{"lit":0.1069},"geometry":{"type":"LineString","coordinates":[[-73.961339,40.682734],[-73.961579,40.682706]]}},{"type":"Feature","properties":{"lit":0.1226},"geometry":{"type":"LineString","coordinates":[[-73.961579,40.682706],[-73.961671,40.682695]]}},{"type":"Feature","properties":{"lit":0.218},"geometry":{"type":"LineString","coordinates":[[-73.963664,40.682807],[-73.963562,40.682786]]}},{"type":"Feature","properties":{"lit":0.2657},"geometry":{"type":"LineString","coordinates":[[-73.963562,40.682786],[-73.963333,40.682738]]}},{"type":"Feature","properties":{"lit":0.3117},"geometry":{"type":"LineString","coordinates":[[-73.963333,40.682738],[-73.963103,40.68269]]}},{"type":"Feature","properties":{"lit":0.2883},"geometry":{"type":"LineString","coordinates":[[-73.963103,40.68269],[-73.962874,40.682642]]}},{"type":"Feature","properties":{"lit":0.2068},"geometry":{"type":"LineString","coordinates":[[-73.962874,40.682642],[-73.962644,40.682594]]}},{"type":"Feature","properties":{"lit":0.1276},"geometry":{"type":"LineString","coordinates":[[-73.962644,40.682594],[-73.962423,40.682547]]}},{"type":"Feature","properties":{"lit":0.0925},"geometry":{"type":"LineString","coordinates":[[-73.962423,40.682547],[-73.962233,40.682507]]}},{"type":"Feature","properties":{"lit":0.1179},"geometry":{"type":"LineString","coordinates":[[-73.962233,40.682507],[-73.961838,40.682423]]}},{"type":"Feature","properties":{"lit":0.1698},"geometry":{"type":"LineString","coordinates":[[-73.961838,40.682423],[-73.961708,40.682395]]}},{"type":"Feature","properties":{"lit":0.1805},"geometry":{"type":"LineString","coordinates":[[-73.961708,40.682395],[-73.961611,40.682375]]}},{"type":"Feature","properties":{"lit":1.0},"geometry":{"type":"LineString","coordinates":[[-73.955661,40.681127],[-73.955647,40.68104]]}},{"type":"Feature","properties":{"lit":1.0},"geometry":{"type":"LineString","coordinates":[[-73.955647,40.68104],[-73.955604,40.680803]]}},{"type":"Feature","properties":{"lit":1.0},"geometry":{"type":"LineString","coordinates":[[-73.955604,40.680803],[-73.955582,40.680681]]}},{"type":"Feature","properties":{"lit":0.0277},"geometry":{"type":"LineString","coordinates":[[-73.940191,40.685164],[-73.940453,40.685134]]}},{"type":"Feature","properties":{"lit":0.0758},"geometry":{"type":"LineString","coordinates":[[-73.940453,40.685134],[-73.940715,40.685104]]}},{"type":"Feature","properties":{"lit":0.1934},"geometry":{"type":"LineString","coordinates":[[-73.940715,40.685104],[-73.940959,40.685076]]}},{"type":"Feature","properties":{"lit":0.3276},"geometry":{"type":"LineString","coordinates":[[-73.940959,40.685076],[-73.941203,40.685048]]}},{"type":"Feature","properties":{"lit":0.3789},"geometry":{"type":"LineString","coordinates":[[-73.941203,40.685048],[-73.941259,40.685042]]}},{"type":"Feature","properties":{"lit":0.3882},"geometry":{"type":"LineString","coordinates":[[-73.941259,40.685042],[-73.941351,40.685031]]}},{"type":"Feature","properties":{"lit":0.3819},"geometry":{"type":"LineString","coordinates":[[-73.941351,40.685031],[-73.941452,40.685019]]}},{"type":"Feature","properties":{"lit":0.3235},"geometry":{"type":"LineString","coordinates":[[-73.941452,40.685019],[-73.941693,40.684992]]}},{"type":"Feature","properties":{"lit":0.1942},"geometry":{"type":"LineString","coordinates":[[-73.941693,40.684992],[-73.941933,40.684964]]}},{"type":"Feature","properties":{"lit":0.0845},"geometry":{"type":"LineString","coordinates":[[-73.941933,40.684964],[-73.942174,40.684936]]}},{"type":"Feature","properties":{"lit":0.0258},"geometry":{"type":"LineString","coordinates":[[-73.942174,40.684936],[-73.942415,40.684908]]}},{"type":"Feature","properties":{"lit":0.1222},"geometry":{"type":"LineString","coordinates":[[-73.953205,40.67983],[-73.95326,40.680114]]}},{"type":"Feature","properties":{"lit":0.2326},"geometry":{"type":"LineString","coordinates":[[-73.95326,40.680114],[-73.953282,40.6802]]}},{"type":"Feature","properties":{"lit":0.0288},"geometry":{"type":"LineString","coordinates":[[-73.991751,40.687589],[-73.991858,40.687426]]}},{"type":"Feature","properties":{"lit":0.0333},"geometry":{"type":"LineString","coordinates":[[-73.991858,40.687426],[-73.991884,40.687387]]}},{"type":"Feature","properties":{"lit":0.0362},"geometry":{"type":"LineString","coordinates":[[-73.991884,40.687387],[-73.991933,40.687311]]}},{"type":"Feature","properties":{"lit":0.0211},"geometry":{"type":"LineString","coordinates":[[-73.979196,40.68671],[-73.979059,40.686725]]}},{"type":"Feature","properties":{"lit":0.0324},"geometry":{"type":"LineString","coordinates":[[-73.975244,40.685403],[-73.975227,40.68532]]}},{"type":"Feature","properties":{"lit":0.1311},"geometry":{"type":"LineString","coordinates":[[-73.965865,40.683267],[-73.965848,40.683179]]}},{"type":"Feature","properties":{"lit":0.1031},"geometry":{"type":"LineString","coordinates":[[-73.965848,40.683179],[-73.965814,40.682999]]}},{"type":"Feature","properties":{"lit":0.0586},"geometry":{"type":"LineString","coordinates":[[-73.965814,40.682999],[-73.96578,40.682819]]}},{"type":"Feature","properties":{"lit":0.025},"geometry":{"type":"LineString","coordinates":[[-73.96578,40.682819],[-73.965746,40.682639]]}},{"type":"Feature","properties":{"lit":0.6154},"geometry":{"type":"LineString","coordinates":[[-73.976545,40.686994],[-73.97653,40.68692]]}},{"type":"Feature","properties":{"lit":0.5105},"geometry":{"type":"LineString","coordinates":[[-73.97653,40.68692],[-73.976491,40.686726]]}},{"type":"Feature","properties":{"lit":0.2939},"geometry":{"type":"LineString","coordinates":[[-73.976491,40.686726],[-73.976451,40.686533]]}},{"type":"Feature","properties":{"lit":0.1267},"geometry":{"type":"LineString","coordinates":[[-73.976451,40.686533],[-73.976412,40.68634]]}},{"type":"Feature","properties":{"lit":0.0509},"geometry":{"type":"LineString","coordinates":[[-73.976412,40.68634],[-73.976373,40.686148]]}},{"type":"Feature","properties":{"lit":0.0501},"geometry":{"type":"LineString","coordinates":[[-73.976373,40.686148],[-73.976335,40.685955]]}},{"type":"Feature","properties":{"lit":0.0675},"geometry":{"type":"LineString","coordinates":[[-73.976335,40.685955],[-73.976296,40.685763]]}},{"type":"Feature","properties":{"lit":0.0639},"geometry":{"type":"LineString","coordinates":[[-73.976296,40.685763],[-73.976257,40.68557]]}},{"type":"Feature","properties":{"lit":0.0406},"geometry":{"type":"LineString","coordinates":[[-73.976257,40.68557],[-73.976218,40.685377]]}},{"type":"Feature","properties":{"lit":0.0244},"geometry":{"type":"LineString","coordinates":[[-73.976218,40.685377],[-73.976201,40.685294]]}},{"type":"Feature","properties":{"lit":0.5208},"geometry":{"type":"LineString","coordinates":[[-73.976617,40.68718],[-73.976609,40.687272]]}},{"type":"Feature","properties":{"lit":0.3755},"geometry":{"type":"LineString","coordinates":[[-73.976609,40.687272],[-73.976652,40.687489]]}},{"type":"Feature","properties":{"lit":0.1703},"geometry":{"type":"LineString","coordinates":[[-73.976652,40.687489],[-73.976695,40.687706]]}},{"type":"Feature","properties":{"lit":0.0721},"geometry":{"type":"LineString","coordinates":[[-73.976695,40.687706],[-73.976737,40.687923]]}},{"type":"Feature","properties":{"lit":0.0595},"geometry":{"type":"LineString","coordinates":[[-73.976737,40.687923],[-73.97678,40.68814]]}},{"type":"Feature","properties":{"lit":0.0659},"geometry":{"type":"LineString","coordinates":[[-73.97678,40.68814],[-73.976818,40.688336]]}},{"type":"Feature","properties":{"lit":0.0586},"geometry":{"type":"LineString","coordinates":[[-73.976818,40.688336],[-73.976857,40.688532]]}},{"type":"Feature","properties":{"lit":0.0409},"geometry":{"type":"LineString","coordinates":[[-73.976857,40.688532],[-73.976895,40.688728]]}},{"type":"Feature","properties":{"lit":0.0301},"geometry":{"type":"LineString","coordinates":[[-73.976895,40.688728],[-73.976934,40.688924]]}},{"type":"Feature","properties":{"lit":0.0292},"geometry":{"type":"LineString","coordinates":[[-73.976934,40.688924],[-73.976972,40.68912]]}},{"type":"Feature","properties":{"lit":0.0343},"geometry":{"type":"LineString","coordinates":[[-73.976972,40.68912],[-73.977011,40.689316]]}},{"type":"Feature","properties":{"lit":0.0539},"geometry":{"type":"LineString","coordinates":[[-73.977011,40.689316],[-73.977049,40.689513]]}},{"type":"Feature","properties":{"lit":0.0885},"geometry":{"type":"LineString","coordinates":[[-73.977049,40.689513],[-73.977088,40.689709]]}},{"type":"Feature","properties":{"lit":0.1079},"geometry":{"type":"LineString","coordinates":[[-73.977088,40.689709],[-73.977101,40.689776]]}},{"type":"Feature","properties":{"lit":0.0628},"geometry":{"type":"LineString","coordinates":[[-73.973926,40.682357],[-73.973932,40.68234]]}},{"type":"Feature","properties":{"lit":0.065},"geometry":{"type":"LineString","coordinates":[[-73.973932,40.68234],[-73.973952,40.682281]]}},{"type":"Feature","properties":{"lit":0.0674},"geometry":{"type":"LineString","coordinates":[[-73.973952,40.682281],[-73.973977,40.682211]]}},{"type":"Feature","properties":{"lit":0.0683},"geometry":{"type":"LineString","coordinates":[[-73.973977,40.682211],[-73.974054,40.682]]}},{"type":"Feature","properties":{"lit":0.0687},"geometry":{"type":"LineString","coordinates":[[-73.974054,40.682],[-73.97413,40.681789]]}},{"type":"Feature","properties":{"lit":0.0692},"geometry":{"type":"LineString","coordinates":[[-73.97413,40.681789],[-73.974207,40.681578]]}},{"type":"Feature","properties":{"lit":0.0628},"geometry":{"type":"LineString","coordinates":[[-73.974207,40.681578],[-73.974236,40.681499]]}},{"type":"Feature","properties":{"lit":0.0584},"geometry":{"type":"LineString","coordinates":[[-73.974236,40.681499],[-73.974256,40.68144]]}},{"type":"Feature","properties":{"lit":0.0513},"geometry":{"type":"LineString","coordinates":[[-73.974256,40.68144],[-73.974331,40.681229]]}},{"type":"Feature","properties":{"lit":0.0586},"geometry":{"type":"LineString","coordinates":[[-73.974331,40.681229],[-73.974405,40.681019]]}},{"type":"Feature","properties":{"lit":0.0787},"geometry":{"type":"LineString","coordinates":[[-73.974405,40.681019],[-73.974479,40.680808]]}},{"type":"Feature","properties":{"lit":0.088},"geometry":{"type":"LineString","coordinates":[[-73.974479,40.680808],[-73.974506,40.680731]]}},{"type":"Feature","properties":{"lit":0.0904},"geometry":{"type":"LineString","coordinates":[[-73.974506,40.680731],[-73.974528,40.680669]]}},{"type":"Feature","properties":{"lit":0.0874},"geometry":{"type":"LineString","coordinates":[[-73.974528,40.680669],[-73.97463,40.680388]]}},{"type":"Feature","properties":{"lit":0.0673},"geometry":{"type":"LineString","coordinates":[[-73.97463,40.680388],[-73.974695,40.680261]]}},{"type":"Feature","properties":{"lit":0.0211},"geometry":{"type":"LineString","coordinates":[[-73.973741,40.68289],[-73.973837,40.682615]]}},{"type":"Feature","properties":{"lit":0.0501},"geometry":{"type":"LineString","coordinates":[[-73.973837,40.682615],[-73.973926,40.682357]]}},{"type":"Feature","properties":{"lit":0.2067},"geometry":{"type":"LineString","coordinates":[[-73.963664,40.682807],[-73.963646,40.682715]]}},{"type":"Feature","properties":{"lit":0.1923},"geometry":{"type":"LineString","coordinates":[[-73.963646,40.682715],[-73.963603,40.682504]]}},{"type":"Feature","properties":{"lit":0.143},"geometry":{"type":"LineString","coordinates":[[-73.963603,40.682504],[-73.96356,40.682292]]}},{"type":"Feature","properties":{"lit":0.0831},"geometry":{"type":"LineString","coordinates":[[-73.96356,40.682292],[-73.963517,40.682081]]}},{"type":"Feature","properties":{"lit":0.0375},"geometry":{"type":"LineString","coordinates":[[-73.963517,40.682081],[-73.963474,40.681869]]}},{"type":"Feature","properties":{"lit":0.0316},"geometry":{"type":"LineString","coordinates":[[-73.9634,40.681481],[-73.963363,40.681286]]}},{"type":"Feature","properties":{"lit":0.0517},"geometry":{"type":"LineString","coordinates":[[-73.963363,40.681286],[-73.963326,40.681092]]}},{"type":"Feature","properties":{"lit":0.0591},"geometry":{"type":"LineString","coordinates":[[-73.963326,40.681092],[-73.96332,40.681048]]}},{"type":"Feature","properties":{"lit":0.0598},"geometry":{"type":"LineString","coordinates":[[-73.96332,40.681048],[-73.963307,40.680954]]}},{"type":"Feature","properties":{"lit":0.168},"geometry":{"type":"LineString","coordinates":[[-73.904467,40.67878],[-73.904212,40.678809]]}},{"type":"Feature","properties":{"lit":0.2462},"geometry":{"type":"LineString","coordinates":[[-73.904212,40.678809],[-73.903957,40.678838]]}},{"type":"Feature","properties":{"lit":0.3061},"geometry":{"type":"LineString","coordinates":[[-73.903957,40.678838],[-73.903702,40.678867]]}},{"type":"Feature","properties":{"lit":0.3297},"geometry":{"type":"LineString","coordinates":[[-73.903702,40.678867],[-73.903559,40.678882]]}},{"type":"Feature","properties":{"lit":0.0297},"geometry":{"type":"LineString","coordinates":[[-73.966794,40.692904],[-73.966758,40.692724]]}},{"type":"Feature","properties":{"lit":0.0508},"geometry":{"type":"LineString","coordinates":[[-73.966758,40.692724],[-73.966723,40.692543]]}},{"type":"Feature","properties":{"lit":0.0612},"geometry":{"type":"LineString","coordinates":[[-73.966723,40.692543],[-73.966687,40.692363]]}},{"type":"Feature","properties":{"lit":0.0518},"geometry":{"type":"LineString","coordinates":[[-73.966687,40.692363],[-73.966651,40.692182]]}},{"type":"Feature","properties":{"lit":0.0308},"geometry":{"type":"LineString","coordinates":[[-73.966651,40.692182],[-73.966615,40.692002]]}},{"type":"Feature","properties":{"lit":0.0242},"geometry":{"type":"LineString","coordinates":[[-73.966177,40.689789],[-73.966165,40.689755]]}},{"type":"Feature","properties":{"lit":0.031},"geometry":{"type":"LineString","coordinates":[[-73.966165,40.689755],[-73.966135,40.689673]]}},{"type":"Feature","properties":{"lit":0.0402},"geometry":{"type":"LineString","coordinates":[[-73.966135,40.689673],[-73.966112,40.689606]]}},{"type":"Feature","properties":{"lit":0.0458},"geometry":{"type":"LineString","coordinates":[[-73.966112,40.689606],[-73.966104,40.68958]]}},{"type":"Feature","properties":{"lit":0.0562},"geometry":{"type":"LineString","coordinates":[[-73.966104,40.68958],[-73.966066,40.689395]]}},{"type":"Feature","properties":{"lit":0.06},"geometry":{"type":"LineString","coordinates":[[-73.966066,40.689395],[-73.966027,40.689209]]}},{"type":"Feature","properties":{"lit":0.044},"geometry":{"type":"LineString","coordinates":[[-73.966027,40.689209],[-73.965989,40.689023]]}},{"type":"Feature","properties":{"lit":0.0223},"geometry":{"type":"LineString","coordinates":[[-73.965989,40.689023],[-73.965952,40.68884]]}},{"type":"Feature","properties":{"lit":0.0296},"geometry":{"type":"LineString","coordinates":[[-73.965732,40.687765],[-73.965694,40.687575]]}},{"type":"Feature","properties":{"lit":0.0517},"geometry":{"type":"LineString","coordinates":[[-73.965694,40.687575],[-73.965655,40.687386]]}},{"type":"Feature","properties":{"lit":0.0611},"geometry":{"type":"LineString","coordinates":[[-73.965655,40.687386],[-73.965617,40.687196]]}},{"type":"Feature","properties":{"lit":0.049},"geometry":{"type":"LineString","coordinates":[[-73.965617,40.687196],[-73.965579,40.687007]]}},{"type":"Feature","properties":{"lit":0.0266},"geometry":{"type":"LineString","coordinates":[[-73.965579,40.687007],[-73.96554,40.686817]]}},{"type":"Feature","properties":{"lit":0.0229},"geometry":{"type":"LineString","coordinates":[[-73.96544,40.686315],[-73.965402,40.686127]]}},{"type":"Feature","properties":{"lit":0.0451},"geometry":{"type":"LineString","coordinates":[[-73.965402,40.686127],[-73.965364,40.685939]]}},{"type":"Feature","properties":{"lit":0.0604},"geometry":{"type":"LineString","coordinates":[[-73.965364,40.685939],[-73.965326,40.685751]]}},{"type":"Feature","properties":{"lit":0.0551},"geometry":{"type":"LineString","coordinates":[[-73.965326,40.685751],[-73.965288,40.685562]]}},{"type":"Feature","properties":{"lit":0.0343},"geometry":{"type":"LineString","coordinates":[[-73.965288,40.685562],[-73.96525,40.685374]]}},{"type":"Feature","properties":{"lit":0.0217},"geometry":{"type":"LineString","coordinates":[[-73.965097,40.684621],[-73.965082,40.684546]]}},{"type":"Feature","properties":{"lit":0.0291},"geometry":{"type":"LineString","coordinates":[[-73.965082,40.684546],[-73.96507,40.684487]]}},{"type":"Feature","properties":{"lit":0.0443},"geometry":{"type":"LineString","coordinates":[[-73.96507,40.684487],[-73.965031,40.684294]]}},{"type":"Feature","properties":{"lit":0.0603},"geometry":{"type":"LineString","coordinates":[[-73.965031,40.684294],[-73.964992,40.684101]]}},{"type":"Feature","properties":{"lit":0.074},"geometry":{"type":"LineString","coordinates":[[-73.964992,40.684101],[-73.964954,40.683908]]}},{"type":"Feature","properties":{"lit":0.1185},"geometry":{"type":"LineString","coordinates":[[-73.964954,40.683908],[-73.964915,40.683715]]}},{"type":"Feature","properties":{"lit":0.263},"geometry":{"type":"LineString","coordinates":[[-73.964915,40.683715],[-73.964876,40.683521]]}},{"type":"Feature","properties":{"lit":0.4982},"geometry":{"type":"LineString","coordinates":[[-73.964876,40.683521],[-73.964837,40.683328]]}},{"type":"Feature","properties":{"lit":0.6612},"geometry":{"type":"LineString","coordinates":[[-73.964837,40.683328],[-73.964798,40.683135]]}},{"type":"Feature","properties":{"lit":0.6362},"geometry":{"type":"LineString","coordinates":[[-73.964798,40.683135],[-73.964779,40.68304]]}},{"type":"Feature","properties":{"lit":0.5552},"geometry":{"type":"LineString","coordinates":[[-73.964779,40.68304],[-73.964762,40.682953]]}},{"type":"Feature","properties":{"lit":0.3731},"geometry":{"type":"LineString","coordinates":[[-73.964762,40.682953],[-73.964721,40.682748]]}},{"type":"Feature","properties":{"lit":0.1473},"geometry":{"type":"LineString","coordinates":[[-73.964721,40.682748],[-73.96468,40.682543]]}},{"type":"Feature","properties":{"lit":0.0526},"geometry":{"type":"LineString","coordinates":[[-73.96468,40.682543],[-73.964656,40.682423]]}},{"type":"Feature","properties":{"lit":0.0208},"geometry":{"type":"LineString","coordinates":[[-73.966043,40.68417],[-73.966003,40.683968]]}},{"type":"Feature","properties":{"lit":0.0526},"geometry":{"type":"LineString","coordinates":[[-73.966003,40.683968],[-73.965963,40.683766]]}},{"type":"Feature","properties":{"lit":0.0982},"geometry":{"type":"LineString","coordinates":[[-73.965963,40.683766],[-73.965924,40.683564]]}},{"type":"Feature","properties":{"lit":0.1372},"geometry":{"type":"LineString","coordinates":[[-73.965924,40.683564],[-73.965884,40.683363]]}},{"type":"Feature","properties":{"lit":0.1414},"geometry":{"type":"LineString","coordinates":[[-73.965884,40.683363],[-73.965865,40.683267]]}},{"type":"Feature","properties":{"lit":0.1617},"geometry":{"type":"LineString","coordinates":[[-73.985872,40.688898],[-73.985637,40.688808]]}},{"type":"Feature","properties":{"lit":0.2047},"geometry":{"type":"LineString","coordinates":[[-73.985637,40.688808],[-73.985401,40.688717]]}},{"type":"Feature","properties":{"lit":0.1923},"geometry":{"type":"LineString","coordinates":[[-73.985401,40.688717],[-73.985166,40.688627]]}},{"type":"Feature","properties":{"lit":0.1575},"geometry":{"type":"LineString","coordinates":[[-73.985166,40.688627],[-73.984931,40.688537]]}},{"type":"Feature","properties":{"lit":0.1551},"geometry":{"type":"LineString","coordinates":[[-73.984931,40.688537],[-73.984696,40.688446]]}},{"type":"Feature","properties":{"lit":0.1833},"geometry":{"type":"LineString","coordinates":[[-73.984696,40.688446],[-73.984383,40.688326]]}},{"type":"Feature","properties":{"lit":0.1521},"geometry":{"type":"LineString","coordinates":[[-73.984383,40.688326],[-73.98407,40.688206]]}},{"type":"Feature","properties":{"lit":0.0937},"geometry":{"type":"LineString","coordinates":[[-73.98407,40.688206],[-73.983978,40.68817]]}},{"type":"Feature","properties":{"lit":0.0736},"geometry":{"type":"LineString","coordinates":[[-73.983978,40.68817],[-73.983927,40.68815]]}},{"type":"Feature","properties":{"lit":0.0327},"geometry":{"type":"LineString","coordinates":[[-73.983927,40.68815],[-73.983608,40.688026]]}},{"type":"Feature","properties":{"lit":0.0208},"geometry":{"type":"LineString","coordinates":[[-73.994654,40.680541],[-73.994627,40.680582]]}},{"type":"Feature","properties":{"lit":0.0333},"geometry":{"type":"LineString","coordinates":[[-73.994627,40.680582],[-73.994518,40.680744]]}},{"type":"Feature","properties":{"lit":0.0532},"geometry":{"type":"LineString","coordinates":[[-73.994518,40.680744],[-73.994409,40.680907]]}},{"type":"Feature","properties":{"lit":0.0592},"geometry":{"type":"LineString","coordinates":[[-73.994409,40.680907],[-73.994401,40.680919]]}},{"type":"Feature","properties":{"lit":0.0601},"geometry":{"type":"LineString","coordinates":[[-73.994401,40.680919],[-73.994343,40.681006]]}},{"type":"Feature","properties":{"lit":0.0586},"geometry":{"type":"LineString","coordinates":[[-73.994343,40.681006],[-73.994321,40.681038]]}},{"type":"Feature","properties":{"lit":0.0497},"geometry":{"type":"LineString","coordinates":[[-73.994321,40.681038],[-73.994197,40.681221]]}},{"type":"Feature","properties":{"lit":0.0263},"geometry":{"type":"LineString","coordinates":[[-73.994197,40.681221],[-73.994074,40.681404]]}},{"type":"Feature","properties":{"lit":0.0439},"geometry":{"type":"LineString","coordinates":[[-73.991602,40.685049],[-73.991486,40.68522]]}},{"type":"Feature","properties":{"lit":0.0977},"geometry":{"type":"LineString","coordinates":[[-73.991486,40.68522],[-73.991371,40.685391]]}},{"type":"Feature","properties":{"lit":0.1357},"geometry":{"type":"LineString","coordinates":[[-73.991371,40.685391],[-73.991332,40.685448]]}},{"type":"Feature","properties":{"lit":0.1517},"geometry":{"type":"LineString","coordinates":[[-73.991332,40.685448],[-73.991291,40.685509]]}},{"type":"Feature","properties":{"lit":0.166},"geometry":{"type":"LineString","coordinates":[[-73.991291,40.685509],[-73.991172,40.685684]]}},{"type":"Feature","properties":{"lit":0.1451},"geometry":{"type":"LineString","coordinates":[[-73.991172,40.685684],[-73.991054,40.685859]]}},{"type":"Feature","properties":{"lit":0.1059},"geometry":{"type":"LineString","coordinates":[[-73.991054,40.685859],[-73.990936,40.686034]]}},{"type":"Feature","properties":{"lit":0.0904},"geometry":{"type":"LineString","coordinates":[[-73.990936,40.686034],[-73.990903,40.686082]]}},{"type":"Feature","properties":{"lit":0.0867},"geometry":{"type":"LineString","coordinates":[[-73.990903,40.686082],[-73.990859,40.686146]]}},{"type":"Feature","properties":{"lit":0.0846},"geometry":{"type":"LineString","coordinates":[[-73.990859,40.686146],[-73.990747,40.686308]]}},{"type":"Feature","properties":{"lit":0.0841},"geometry":{"type":"LineString","coordinates":[[-73.990747,40.686308],[-73.990635,40.68647]]}},{"type":"Feature","properties":{"lit":0.0812},"geometry":{"type":"LineString","coordinates":[[-73.990635,40.68647],[-73.990523,40.686631]]}},{"type":"Feature","properties":{"lit":0.0774},"geometry":{"type":"LineString","coordinates":[[-73.990523,40.686631],[-73.990492,40.686675]]}},{"type":"Feature","properties":{"lit":0.0745},"geometry":{"type":"LineString","coordinates":[[-73.990492,40.686675],[-73.990459,40.686724]]}},{"type":"Feature","properties":{"lit":0.0236},"geometry":{"type":"LineString","coordinates":[[-73.989905,40.686507],[-73.99013,40.686595]]}},{"type":"Feature","properties":{"lit":0.0503},"geometry":{"type":"LineString","coordinates":[[-73.99013,40.686595],[-73.990355,40.686683]]}},{"type":"Feature","properties":{"lit":0.0656},"geometry":{"type":"LineString","coordinates":[[-73.990355,40.686683],[-73.990393,40.686698]]}},{"type":"Feature","properties":{"lit":0.0703},"geometry":{"type":"LineString","coordinates":[[-73.990393,40.686698],[-73.990459,40.686724]]}},{"type":"Feature","properties":{"lit":0.0439},"geometry":{"type":"LineString","coordinates":[[-73.973479,40.68218],[-73.973866,40.682263]]}},{"type":"Feature","properties":{"lit":0.0643},"geometry":{"type":"LineString","coordinates":[[-73.973866,40.682263],[-73.973952,40.682281]]}},{"type":"Feature","properties":{"lit":0.0317},"geometry":{"type":"LineString","coordinates":[[-73.978061,40.684885],[-73.978099,40.684842]]}},{"type":"Feature","properties":{"lit":0.0322},"geometry":{"type":"LineString","coordinates":[[-73.978099,40.684842],[-73.978132,40.684801]]}},{"type":"Feature","properties":{"lit":0.0326},"geometry":{"type":"LineString","coordinates":[[-73.978132,40.684801],[-73.978152,40.684773]]}},{"type":"Feature","properties":{"lit":0.0255},"geometry":{"type":"LineString","coordinates":[[-73.978152,40.684773],[-73.978324,40.684524]]}},{"type":"Feature","properties":{"lit":0.0217},"geometry":{"type":"LineString","coordinates":[[-73.978324,40.684524],[-73.978392,40.684426]]}},{"type":"Feature","properties":{"lit":0.2413},"geometry":{"type":"LineString","coordinates":[[-73.973084,40.685764],[-73.973023,40.685841]]}},{"type":"Feature","properties":{"lit":0.2259},"geometry":{"type":"LineString","coordinates":[[-73.973023,40.685841],[-73.97299,40.685868]]}},{"type":"Feature","properties":{"lit":0.2069},"geometry":{"type":"LineString","coordinates":[[-73.97299,40.685868],[-73.972945,40.685886]]}},{"type":"Feature","properties":{"lit":0.1931},"geometry":{"type":"LineString","coordinates":[[-73.972945,40.685886],[-73.972938,40.685887]]}},{"type":"Feature","properties":{"lit":0.1743},"geometry":{"type":"LineString","coordinates":[[-73.972938,40.685887],[-73.972873,40.685899]]}},{"type":"Feature","properties":{"lit":0.0984},"geometry":{"type":"LineString","coordinates":[[-73.972873,40.685899],[-73.972603,40.685932]]}},{"type":"Feature","properties":{"lit":0.0414},"geometry":{"type":"LineString","coordinates":[[-73.972603,40.685932],[-73.972489,40.685946]]}},{"type":"Feature","properties":{"lit":0.0242},"geometry":{"type":"LineString","coordinates":[[-73.972489,40.685946],[-73.972394,40.685958]]}},{"type":"Feature","properties":{"lit":0.0233},"geometry":{"type":"LineString","coordinates":[[-73.997771,40.688924],[-73.997546,40.688862]]}},{"type":"Feature","properties":{"lit":0.0441},"geometry":{"type":"LineString","coordinates":[[-73.997546,40.688862],[-73.997321,40.688799]]}},{"type":"Feature","properties":{"lit":0.0556},"geometry":{"type":"LineString","coordinates":[[-73.997321,40.688799],[-73.997268,40.688784]]}},{"type":"Feature","properties":{"lit":0.0595},"geometry":{"type":"LineString","coordinates":[[-73.997268,40.688784],[-73.997197,40.688764]]}},{"type":"Feature","properties":{"lit":0.022},"geometry":{"type":"LineString","coordinates":[[-73.91872,40.686135],[-73.918973,40.686105]]}},{"type":"Feature","properties":{"lit":0.0445},"geometry":{"type":"LineString","coordinates":[[-73.918973,40.686105],[-73.919226,40.686076]]}},{"type":"Feature","properties":{"lit":0.0603},"geometry":{"type":"LineString","coordinates":[[-73.919226,40.686076],[-73.919479,40.686047]]}},{"type":"Feature","properties":{"lit":0.0545},"geometry":{"type":"LineString","coordinates":[[-73.919479,40.686047],[-73.919732,40.686018]]}},{"type":"Feature","properties":{"lit":0.0329},"geometry":{"type":"LineString","coordinates":[[-73.919732,40.686018],[-73.919985,40.685989]]}},{"type":"Feature","properties":{"lit":0.0227},"geometry":{"type":"LineString","coordinates":[[-73.920697,40.685907],[-73.920938,40.68588]]}},{"type":"Feature","properties":{"lit":0.0443},"geometry":{"type":"LineString","coordinates":[[-73.920938,40.68588],[-73.921179,40.685852]]}},{"type":"Feature","properties":{"lit":0.06},"geometry":{"type":"LineString","coordinates":[[-73.921179,40.685852],[-73.92142,40.685824]]}},{"type":"Feature","properties":{"lit":0.0564},"geometry":{"type":"LineString","coordinates":[[-73.92142,40.685824],[-73.921661,40.685796]]}},{"type":"Feature","properties":{"lit":0.0368},"geometry":{"type":"LineString","coordinates":[[-73.921661,40.685796],[-73.921902,40.685769]]}},{"type":"Feature","properties":{"lit":0.0239},"geometry":{"type":"LineString","coordinates":[[-73.924547,40.685464],[-73.924787,40.685437]]}},{"type":"Feature","properties":{"lit":0.0455},"geometry":{"type":"LineString","coordinates":[[-73.924787,40.685437],[-73.925028,40.685409]]}},{"type":"Feature","properties":{"lit":0.0603},"geometry":{"type":"LineString","coordinates":[[-73.925028,40.685409],[-73.925268,40.685382]]}},{"type":"Feature","properties":{"lit":0.054},"geometry":{"type":"LineString","coordinates":[[-73.925268,40.685382],[-73.925559,40.685348]]}},{"type":"Feature","properties":{"lit":0.0287},"geometry":{"type":"LineString","coordinates":[[-73.925559,40.685348],[-73.92585,40.685315]]}},{"type":"Feature","properties":{"lit":0.0278},"geometry":{"type":"LineString","coordinates":[[-73.928401,40.685021],[-73.928641,40.684994]]}},{"type":"Feature","properties":{"lit":0.0495},"geometry":{"type":"LineString","coordinates":[[-73.928641,40.684994],[-73.928882,40.684966]]}},{"type":"Feature","properties":{"lit":0.0611},"geometry":{"type":"LineString","coordinates":[[-73.928882,40.684966],[-73.929123,40.684938]]}},{"type":"Feature","properties":{"lit":0.0523},"geometry":{"type":"LineString","coordinates":[[-73.929123,40.684938],[-73.929364,40.684911]]}},{"type":"Feature","properties":{"lit":0.0381},"geometry":{"type":"LineString","coordinates":[[-73.929364,40.684911],[-73.929451,40.6849]]}},{"type":"Feature","properties":{"lit":0.0296},"geometry":{"type":"LineString","coordinates":[[-73.929451,40.6849],[-73.929549,40.684889]]}},{"type":"Feature","properties":{"lit":0.0216},"geometry":{"type":"LineString","coordinates":[[-73.931907,40.684618],[-73.932289,40.684574]]}},{"type":"Feature","properties":{"lit":0.0425},"geometry":{"type":"LineString","coordinates":[[-73.932289,40.684574],[-73.932378,40.684564]]}},{"type":"Feature","properties":{"lit":0.0505},"geometry":{"type":"LineString","coordinates":[[-73.932378,40.684564],[-73.932477,40.684553]]}},{"type":"Feature","properties":{"lit":0.06},"geometry":{"type":"LineString","coordinates":[[-73.932477,40.684553],[-73.932726,40.684524]]}},{"type":"Feature","properties":{"lit":0.0552},"geometry":{"type":"LineString","coordinates":[[-73.932726,40.684524],[-73.932974,40.684495]]}},{"type":"Feature","properties":{"lit":0.0344},"geometry":{"type":"LineString","coordinates":[[-73.932974,40.684495],[-73.933223,40.684467]]}},{"type":"Feature","properties":{"lit":0.0433},"geometry":{"type":"LineString","coordinates":[[-73.935646,40.684188],[-73.935894,40.68416]]}},{"type":"Feature","properties":{"lit":0.0661},"geometry":{"type":"LineString","coordinates":[[-73.935894,40.68416],[-73.936143,40.684131]]}},{"type":"Feature","properties":{"lit":0.0704},"geometry":{"type":"LineString","coordinates":[[-73.936143,40.684131],[-73.936391,40.684103]]}},{"type":"Feature","properties":{"lit":0.0527},"geometry":{"type":"LineString","coordinates":[[-73.936391,40.684103],[-73.93664,40.684074]]}},{"type":"Feature","properties":{"lit":0.0295},"geometry":{"type":"LineString","coordinates":[[-73.93664,40.684074],[-73.936888,40.684045]]}},{"type":"Feature","properties":{"lit":0.032},"geometry":{"type":"LineString","coordinates":[[-73.939772,40.683714],[-73.940012,40.683686]]}},{"type":"Feature","properties":{"lit":0.0891},"geometry":{"type":"LineString","coordinates":[[-73.940012,40.683686],[-73.940252,40.683659]]}},{"type":"Feature","properties":{"lit":0.1963},"geometry":{"type":"LineString","coordinates":[[-73.940252,40.683659],[-73.940492,40.683631]]}},{"type":"Feature","properties":{"lit":0.3396},"geometry":{"type":"LineString","coordinates":[[-73.940492,40.683631],[-73.940733,40.683603]]}},{"type":"Feature","properties":{"lit":0.4353},"geometry":{"type":"LineString","coordinates":[[-73.940733,40.683603],[-73.940973,40.683576]]}},{"type":"Feature","properties":{"lit":0.4419},"geometry":{"type":"LineString","coordinates":[[-73.940973,40.683576],[-73.941061,40.683566]]}},{"type":"Feature","properties":{"lit":0.4203},"geometry":{"type":"LineString","coordinates":[[-73.941061,40.683566],[-73.941159,40.683554]]}},{"type":"Feature","properties":{"lit":0.3438},"geometry":{"type":"LineString","coordinates":[[-73.941159,40.683554],[-73.9414,40.683527]]}},{"type":"Feature","properties":{"lit":0.2028},"geometry":{"type":"LineString","coordinates":[[-73.9414,40.683527],[-73.94164,40.683499]]}},{"type":"Feature","properties":{"lit":0.0846},"geometry":{"type":"LineString","coordinates":[[-73.94164,40.683499],[-73.94188,40.683471]]}},{"type":"Feature","properties":{"lit":0.0305},"geometry":{"type":"LineString","coordinates":[[-73.94188,40.683471],[-73.94212,40.683444]]}},{"type":"Feature","properties":{"lit":0.0218},"geometry":{"type":"LineString","coordinates":[[-73.943802,40.68325],[-73.943891,40.68324]]}},{"type":"Feature","properties":{"lit":0.0219},"geometry":{"type":"LineString","coordinates":[[-73.943891,40.68324],[-73.943996,40.683228]]}},{"type":"Feature","properties":{"lit":0.0236},"geometry":{"type":"LineString","coordinates":[[-73.944716,40.683145],[-73.944956,40.683118]]}},{"type":"Feature","properties":{"lit":0.0385},"geometry":{"type":"LineString","coordinates":[[-73.944956,40.683118],[-73.945197,40.68309]]}},{"type":"Feature","properties":{"lit":0.0572},"geometry":{"type":"LineString","coordinates":[[-73.945197,40.68309],[-73.945437,40.683062]]}},{"type":"Feature","properties":{"lit":0.0634},"geometry":{"type":"LineString","coordinates":[[-73.945437,40.683062],[-73.945677,40.683035]]}},{"type":"Feature","properties":{"lit":0.0536},"geometry":{"type":"LineString","coordinates":[[-73.945677,40.683035],[-73.945917,40.683007]]}},{"type":"Feature","properties":{"lit":0.0336},"geometry":{"type":"LineString","coordinates":[[-73.945917,40.683007],[-73.946157,40.682979]]}},{"type":"Feature","properties":{"lit":0.0208},"geometry":{"type":"LineString","coordinates":[[-73.946638,40.682924],[-73.946727,40.682914]]}},{"type":"Feature","properties":{"lit":0.0294},"geometry":{"type":"LineString","coordinates":[[-73.935394,40.684696],[-73.935434,40.684895]]}},{"type":"Feature","properties":{"lit":0.0315},"geometry":{"type":"LineString","coordinates":[[-73.935434,40.684895],[-73.935447,40.684963]]}},{"type":"Feature","properties":{"lit":0.0307},"geometry":{"type":"LineString","coordinates":[[-73.935447,40.684963],[-73.935462,40.685038]]}},{"type":"Feature","properties":{"lit":0.0223},"geometry":{"type":"LineString","coordinates":[[-73.935462,40.685038],[-73.93552,40.685328]]}},{"type":"Feature","properties":{"lit":0.0443},"geometry":{"type":"LineString","coordinates":[[-73.932502,40.67946],[-73.932154,40.679439]]}},{"type":"Feature","properties":{"lit":0.0592},"geometry":{"type":"LineString","coordinates":[[-73.932154,40.679439],[-73.931805,40.679417]]}},{"type":"Feature","properties":{"lit":0.0383},"geometry":{"type":"LineString","coordinates":[[-73.931805,40.679417],[-73.931481,40.679396]]}},{"type":"Feature","properties":{"lit":0.0449},"geometry":{"type":"LineString","coordinates":[[-73.930531,40.679347],[-73.930275,40.679334]]}},{"type":"Feature","properties":{"lit":0.0857},"geometry":{"type":"LineString","coordinates":[[-73.930275,40.679334],[-73.930019,40.679321]]}},{"type":"Feature","properties":{"lit":0.109},"geometry":{"type":"LineString","coordinates":[[-73.930019,40.679321],[-73.929763,40.679308]]}},{"type":"Feature","properties":{"lit":0.0926},"geometry":{"type":"LineString","coordinates":[[-73.929763,40.679308],[-73.929507,40.679295]]}},{"type":"Feature","properties":{"lit":0.0677},"geometry":{"type":"LineString","coordinates":[[-73.929507,40.679295],[-73.929439,40.679292]]}},{"type":"Feature","properties":{"lit":0.0426},"geometry":{"type":"LineString","coordinates":[[-73.929439,40.679292],[-73.929188,40.679283]]}},{"type":"Feature","properties":{"lit":0.3548},"geometry":{"type":"LineString","coordinates":[[-73.953368,40.680637],[-73.953389,40.680733]]}},{"type":"Feature","properties":{"lit":0.2966},"geometry":{"type":"LineString","coordinates":[[-73.953389,40.680733],[-73.953418,40.680878]]}},{"type":"Feature","properties":{"lit":0.2334},"geometry":{"type":"LineString","coordinates":[[-73.953418,40.680878],[-73.953436,40.680965]]}},{"type":"Feature","properties":{"lit":0.5785},"geometry":{"type":"LineString","coordinates":[[-73.949555,40.680391],[-73.949665,40.680395]]}},{"type":"Feature","properties":{"lit":0.6981},"geometry":{"type":"LineString","coordinates":[[-73.949665,40.680395],[-73.949954,40.680411]]}},{"type":"Feature","properties":{"lit":0.7974},"geometry":{"type":"LineString","coordinates":[[-73.949954,40.680411],[-73.950242,40.680427]]}},{"type":"Feature","properties":{"lit":0.7809},"geometry":{"type":"LineString","coordinates":[[-73.950242,40.680427],[-73.950532,40.680442]]}},{"type":"Feature","properties":{"lit":0.6232},"geometry":{"type":"LineString","coordinates":[[-73.950532,40.680442],[-73.950822,40.680458]]}},{"type":"Feature","properties":{"lit":0.4314},"geometry":{"type":"LineString","coordinates":[[-73.950822,40.680458],[-73.951113,40.680474]]}},{"type":"Feature","properties":{"lit":0.3403},"geometry":{"type":"LineString","coordinates":[[-73.951113,40.680474],[-73.951186,40.680478]]}},{"type":"Feature","properties":{"lit":0.3012},"geometry":{"type":"LineString","coordinates":[[-73.951186,40.680478],[-73.951298,40.680484]]}},{"type":"Feature","properties":{"lit":0.2324},"geometry":{"type":"LineString","coordinates":[[-73.951298,40.680484],[-73.951549,40.680499]]}},{"type":"Feature","properties":{"lit":0.1614},"geometry":{"type":"LineString","coordinates":[[-73.951549,40.680499],[-73.951799,40.680514]]}},{"type":"Feature","properties":{"lit":0.1492},"geometry":{"type":"LineString","coordinates":[[-73.951799,40.680514],[-73.952049,40.680529]]}},{"type":"Feature","properties":{"lit":0.1877},"geometry":{"type":"LineString","coordinates":[[-73.952049,40.680529],[-73.9523,40.680545]]}},{"type":"Feature","properties":{"lit":0.2396},"geometry":{"type":"LineString","coordinates":[[-73.9523,40.680545],[-73.95255,40.68056]]}},{"type":"Feature","properties":{"lit":0.2951},"geometry":{"type":"LineString","coordinates":[[-73.95255,40.68056],[-73.9528,40.680575]]}},{"type":"Feature","properties":{"lit":0.371},"geometry":{"type":"LineString","coordinates":[[-73.9528,40.680575],[-73.953243,40.68061]]}},{"type":"Feature","properties":{"lit":0.3826},"geometry":{"type":"LineString","coordinates":[[-73.953243,40.68061],[-73.953368,40.680637]]}},{"type":"Feature","properties":{"lit":0.1733},"geometry":{"type":"LineString","coordinates":[[-73.958586,40.681743],[-73.958605,40.681837]]}},{"type":"Feature","properties":{"lit":0.1427},"geometry":{"type":"LineString","coordinates":[[-73.958605,40.681837],[-73.958642,40.682025]]}},{"type":"Feature","properties":{"lit":0.0848},"geometry":{"type":"LineString","coordinates":[[-73.958642,40.682025],[-73.95868,40.682214]]}},{"type":"Feature","properties":{"lit":0.0376},"geometry":{"type":"LineString","coordinates":[[-73.95868,40.682214],[-73.958718,40.682402]]}},{"type":"Feature","properties":{"lit":0.173},"geometry":{"type":"LineString","coordinates":[[-73.958586,40.681743],[-73.958488,40.681722]]}},{"type":"Feature","properties":{"lit":0.1189},"geometry":{"type":"LineString","coordinates":[[-73.958488,40.681722],[-73.958067,40.681633]]}},{"type":"Feature","properties":{"lit":0.0417},"geometry":{"type":"LineString","coordinates":[[-73.958067,40.681633],[-73.957828,40.681583]]}},{"type":"Feature","properties":{"lit":0.0374},"geometry":{"type":"LineString","coordinates":[[-73.956871,40.681381],[-73.956631,40.681331]]}},{"type":"Feature","properties":{"lit":0.1687},"geometry":{"type":"LineString","coordinates":[[-73.956631,40.681331],[-73.956391,40.68128]]}},{"type":"Feature","properties":{"lit":0.4984},"geometry":{"type":"LineString","coordinates":[[-73.956391,40.68128],[-73.956151,40.68123]]}},{"type":"Feature","properties":{"lit":1.0},"geometry":{"type":"LineString","coordinates":[[-73.956151,40.68123],[-73.955854,40.681167]]}},{"type":"Feature","properties":{"lit":0.0532},"geometry":{"type":"LineString","coordinates":[[-73.95024,40.683688],[-73.95017,40.683346]]}},{"type":"Feature","properties":{"lit":0.0774},"geometry":{"type":"LineString","coordinates":[[-73.95017,40.683346],[-73.950155,40.683269]]}},{"type":"Feature","properties":{"lit":0.0815},"geometry":{"type":"LineString","coordinates":[[-73.950155,40.683269],[-73.950143,40.683208]]}},{"type":"Feature","properties":{"lit":0.0843},"geometry":{"type":"LineString","coordinates":[[-73.950143,40.683208],[-73.950103,40.683009]]}},{"type":"Feature","properties":{"lit":0.0872},"geometry":{"type":"LineString","coordinates":[[-73.950103,40.683009],[-73.950063,40.682809]]}},{"type":"Feature","properties":{"lit":0.099},"geometry":{"type":"LineString","coordinates":[[-73.950063,40.682809],[-73.950024,40.682609]]}},{"type":"Feature","properties":{"lit":0.1223},"geometry":{"type":"LineString","coordinates":[[-73.950024,40.682609],[-73.950009,40.682537]]}},{"type":"Feature","properties":{"lit":0.1426},"geometry":{"type":"LineString","coordinates":[[-73.950009,40.682537],[-73.949997,40.682477]]}},{"type":"Feature","properties":{"lit":0.2325},"geometry":{"type":"LineString","coordinates":[[-73.949997,40.682477],[-73.949939,40.682189]]}},{"type":"Feature","properties":{"lit":0.4497},"geometry":{"type":"LineString","coordinates":[[-73.949939,40.682189],[-73.949878,40.68188]]}},{"type":"Feature","properties":{"lit":0.4779},"geometry":{"type":"LineString","coordinates":[[-73.949878,40.68188],[-73.949863,40.681807]]}},{"type":"Feature","properties":{"lit":0.1363},"geometry":{"type":"LineString","coordinates":[[-73.961671,40.682695],[-73.961658,40.682622]]}},{"type":"Feature","properties":{"lit":0.1676},"geometry":{"type":"LineString","coordinates":[[-73.961658,40.682622],[-73.961628,40.682467]]}},{"type":"Feature","properties":{"lit":0.1803},"geometry":{"type":"LineString","coordinates":[[-73.961628,40.682467],[-73.961611,40.682375]]}},{"type":"Feature","properties":{"lit":1.0},"geometry":{"type":"LineString","coordinates":[[-73.976231,40.687024],[-73.976093,40.686973]]}},{"type":"Feature","properties":{"lit":1.0},"geometry":{"type":"LineString","coordinates":[[-73.976093,40.686973],[-73.975843,40.686868]]}},{"type":"Feature","properties":{"lit":1.0},"geometry":{"type":"LineString","coordinates":[[-73.975843,40.686868],[-73.975576,40.686759]]}},{"type":"Feature","properties":{"lit":1.0},"geometry":{"type":"LineString","coordinates":[[-73.975576,40.686759],[-73.975499,40.68673]]}},{"type":"Feature","properties":{"lit":1.0},"geometry":{"type":"LineString","coordinates":[[-73.976231,40.687024],[-73.976034,40.687043]]}},{"type":"Feature","properties":{"lit":1.0},"geometry":{"type":"LineString","coordinates":[[-73.976034,40.687043],[-73.975675,40.687078]]}},{"type":"Feature","properties":{"lit":1.0},"geometry":{"type":"LineString","coordinates":[[-73.975675,40.687078],[-73.975577,40.687087]]}},{"type":"Feature","properties":{"lit":0.2091},"geometry":{"type":"LineString","coordinates":[[-73.941209,40.679938],[-73.941115,40.679933]]}},{"type":"Feature","properties":{"lit":0.2411},"geometry":{"type":"LineString","coordinates":[[-73.941115,40.679933],[-73.941049,40.679929]]}},{"type":"Feature","properties":{"lit":0.3013},"geometry":{"type":"LineString","coordinates":[[-73.941049,40.679929],[-73.940747,40.679912]]}},{"type":"Feature","properties":{"lit":0.3105},"geometry":{"type":"LineString","coordinates":[[-73.940747,40.679912],[-73.940444,40.679895]]}},{"type":"Feature","properties":{"lit":0.2459},"geometry":{"type":"LineString","coordinates":[[-73.940444,40.679895],[-73.940334,40.679889]]}},{"type":"Feature","properties":{"lit":0.2045},"geometry":{"type":"LineString","coordinates":[[-73.940334,40.679889],[-73.940249,40.679885]]}},{"type":"Feature","properties":{"lit":0.1115},"geometry":{"type":"LineString","coordinates":[[-73.940249,40.679885],[-73.939887,40.679865]]}},{"type":"Feature","properties":{"lit":0.0331},"geometry":{"type":"LineString","coordinates":[[-73.939887,40.679865],[-73.939655,40.679852]]}},{"type":"Feature","properties":{"lit":0.029},"geometry":{"type":"LineString","coordinates":[[-73.941896,40.679975],[-73.941656,40.679962]]}},{"type":"Feature","properties":{"lit":0.0754},"geometry":{"type":"LineString","coordinates":[[-73.941656,40.679962],[-73.941416,40.679949]]}},{"type":"Feature","properties":{"lit":0.132},"geometry":{"type":"LineString","coordinates":[[-73.941416,40.679949],[-73.9413,40.679943]]}},{"type":"Feature","properties":{"lit":0.1716},"geometry":{"type":"LineString","coordinates":[[-73.9413,40.679943],[-73.941209,40.679938]]}},{"type":"Feature","properties":{"lit":0.0232},"geometry":{"type":"LineString","coordinates":[[-73.978392,40.684426],[-73.978285,40.684381]]}},{"type":"Feature","properties":{"lit":0.0301},"geometry":{"type":"LineString","coordinates":[[-73.978285,40.684381],[-73.978214,40.684352]]}},{"type":"Feature","properties":{"lit":0.0492},"geometry":{"type":"LineString","coordinates":[[-73.978214,40.684352],[-73.978052,40.684285]]}},{"type":"Feature","properties":{"lit":0.0794},"geometry":{"type":"LineString","coordinates":[[-73.978052,40.684285],[-73.97782,40.684196]]}},{"type":"Feature","properties":{"lit":0.1068},"geometry":{"type":"LineString","coordinates":[[-73.97782,40.684196],[-73.977721,40.684157]]}},{"type":"Feature","properties":{"lit":0.1248},"geometry":{"type":"LineString","coordinates":[[-73.977721,40.684157],[-73.977594,40.684109]]}},{"type":"Feature","properties":{"lit":0.0358},"geometry":{"type":"LineString","coordinates":[[-73.953789,40.682102],[-73.954067,40.682069]]}},{"type":"Feature","properties":{"lit":0.0577},"geometry":{"type":"LineString","coordinates":[[-73.954067,40.682069],[-73.954345,40.682037]]}},{"type":"Feature","properties":{"lit":0.0572},"geometry":{"type":"LineString","coordinates":[[-73.954345,40.682037],[-73.954623,40.682004]]}},{"type":"Feature","properties":{"lit":0.0357},"geometry":{"type":"LineString","coordinates":[[-73.954623,40.682004],[-73.954881,40.681975]]}},{"type":"Feature","properties":{"lit":0.0236},"geometry":{"type":"LineString","coordinates":[[-73.954881,40.681975],[-73.95514,40.681946]]}},{"type":"Feature","properties":{"lit":0.0485},"geometry":{"type":"LineString","coordinates":[[-73.95514,40.681946],[-73.955398,40.681916]]}},{"type":"Feature","properties":{"lit":0.0888},"geometry":{"type":"LineString","coordinates":[[-73.955398,40.681916],[-73.955657,40.681887]]}},{"type":"Feature","properties":{"lit":0.1094},"geometry":{"type":"LineString","coordinates":[[-73.955657,40.681887],[-73.955721,40.68188]]}},{"type":"Feature","properties":{"lit":0.1148},"geometry":{"type":"LineString","coordinates":[[-73.955721,40.68188],[-73.955817,40.681869]]}},{"type":"Feature","properties":{"lit":0.0305},"geometry":{"type":"LineString","coordinates":[[-73.969186,40.684206],[-73.969063,40.684153]]}},{"type":"Feature","properties":{"lit":0.0457},"geometry":{"type":"LineString","coordinates":[[-73.956975,40.687735],[-73.956963,40.687668]]}},{"type":"Feature","properties":{"lit":0.0226},"geometry":{"type":"LineString","coordinates":[[-73.956963,40.687668],[-73.956927,40.68747]]}},{"type":"Feature","properties":{"lit":0.0475},"geometry":{"type":"LineString","coordinates":[[-73.97295,40.682972],[-73.973281,40.683041]]}},{"type":"Feature","properties":{"lit":0.0758},"geometry":{"type":"LineString","coordinates":[[-73.990459,40.686724],[-73.990551,40.686762]]}},{"type":"Feature","properties":{"lit":0.0774},"geometry":{"type":"LineString","coordinates":[[-73.990551,40.686762],[-73.99076,40.686849]]}},{"type":"Feature","properties":{"lit":0.0661},"geometry":{"type":"LineString","coordinates":[[-73.99076,40.686849],[-73.990969,40.686937]]}},{"type":"Feature","properties":{"lit":0.2778},"geometry":{"type":"LineString","coordinates":[[-73.995321,40.688239],[-73.995252,40.688217]]}},{"type":"Feature","properties":{"lit":0.1442},"geometry":{"type":"LineString","coordinates":[[-73.995252,40.688217],[-73.995018,40.68815]]}},{"type":"Feature","properties":{"lit":0.0419},"geometry":{"type":"LineString","coordinates":[[-73.995018,40.68815],[-73.994783,40.688084]]}},{"type":"Feature","properties":{"lit":0.0359},"geometry":{"type":"LineString","coordinates":[[-73.993843,40.687819],[-73.993608,40.687753]]}},{"type":"Feature","properties":{"lit":0.0537},"geometry":{"type":"LineString","coordinates":[[-73.993608,40.687753],[-73.993441,40.687707]]}},{"type":"Feature","properties":{"lit":0.0608},"geometry":{"type":"LineString","coordinates":[[-73.993441,40.687707],[-73.993333,40.687678]]}},{"type":"Feature","properties":{"lit":0.0695},"geometry":{"type":"LineString","coordinates":[[-73.993333,40.687678],[-73.993422,40.687494]]}},{"type":"Feature","properties":{"lit":0.0775},"geometry":{"type":"LineString","coordinates":[[-73.993422,40.687494],[-73.993511,40.68731]]}},{"type":"Feature","properties":{"lit":0.083},"geometry":{"type":"LineString","coordinates":[[-73.993511,40.68731],[-73.9936,40.687126]]}},{"type":"Feature","properties":{"lit":0.0848},"geometry":{"type":"LineString","coordinates":[[-73.9936,40.687126],[-73.993756,40.686804]]}},{"type":"Feature","properties":{"lit":0.0652},"geometry":{"type":"LineString","coordinates":[[-73.993756,40.686804],[-73.99378,40.686754]]}},{"type":"Feature","properties":{"lit":0.0582},"geometry":{"type":"LineString","coordinates":[[-73.99378,40.686754],[-73.993799,40.686714]]}},{"type":"Feature","properties":{"lit":0.034},"geometry":{"type":"LineString","coordinates":[[-73.993799,40.686714],[-73.993924,40.686456]]}},{"type":"Feature","properties":{"lit":0.296},"geometry":{"type":"LineString","coordinates":[[-73.974616,40.687191],[-73.974605,40.687135]]}},{"type":"Feature","properties":{"lit":0.4492},"geometry":{"type":"LineString","coordinates":[[-73.974605,40.687135],[-73.97456,40.686897]]}},{"type":"Feature","properties":{"lit":0.6528},"geometry":{"type":"LineString","coordinates":[[-73.97456,40.686897],[-73.974514,40.686659]]}},{"type":"Feature","properties":{"lit":0.727},"geometry":{"type":"LineString","coordinates":[[-73.974514,40.686659],[-73.974469,40.686421]]}},{"type":"Feature","properties":{"lit":0.698},"geometry":{"type":"LineString","coordinates":[[-73.974469,40.686421],[-73.974446,40.686309]]}},{"type":"Feature","properties":{"lit":0.6603},"geometry":{"type":"LineString","coordinates":[[-73.974446,40.686309],[-73.974425,40.686203]]}},{"type":"Feature","properties":{"lit":0.5566},"geometry":{"type":"LineString","coordinates":[[-73.974425,40.686203],[-73.974383,40.686001]]}},{"type":"Feature","properties":{"lit":0.3585},"geometry":{"type":"LineString","coordinates":[[-73.974383,40.686001],[-73.97434,40.685799]]}},{"type":"Feature","properties":{"lit":0.1769},"geometry":{"type":"LineString","coordinates":[[-73.97434,40.685799],[-73.974298,40.685597]]}},{"type":"Feature","properties":{"lit":0.0845},"geometry":{"type":"LineString","coordinates":[[-73.974298,40.685597],[-73.974279,40.685503]]}},{"type":"Feature","properties":{"lit":0.2485},"geometry":{"type":"LineString","coordinates":[[-73.973305,40.685603],[-73.973132,40.685697]]}},{"type":"Feature","properties":{"lit":0.2448},"geometry":{"type":"LineString","coordinates":[[-73.973132,40.685697],[-73.973084,40.685764]]}},{"type":"Feature","properties":{"lit":0.2303},"geometry":{"type":"LineString","coordinates":[[-73.974616,40.687191],[-73.974537,40.6872]]}},{"type":"Feature","properties":{"lit":0.0985},"geometry":{"type":"LineString","coordinates":[[-73.974537,40.6872],[-73.974207,40.687238]]}},{"type":"Feature","properties":{"lit":0.0203},"geometry":{"type":"LineString","coordinates":[[-73.974207,40.687238],[-73.973972,40.687265]]}},{"type":"Feature","properties":{"lit":0.0333},"geometry":{"type":"LineString","coordinates":[[-73.969879,40.687741],[-73.969783,40.687752]]}},{"type":"Feature","properties":{"lit":0.042},"geometry":{"type":"LineString","coordinates":[[-73.969783,40.687752],[-73.969689,40.687763]]}},{"type":"Feature","properties":{"lit":0.0591},"geometry":{"type":"LineString","coordinates":[[-73.969689,40.687763],[-73.969294,40.687809]]}},{"type":"Feature","properties":{"lit":0.0458},"geometry":{"type":"LineString","coordinates":[[-73.969294,40.687809],[-73.96889,40.687856]]}},{"type":"Feature","properties":{"lit":0.0231},"geometry":{"type":"LineString","coordinates":[[-73.96889,40.687856],[-73.968785,40.687868]]}},{"type":"Feature","properties":{"lit":0.6624},"geometry":{"type":"LineString","coordinates":[[-73.974446,40.686309],[-73.974329,40.686262]]}},{"type":"Feature","properties":{"lit":0.6276},"geometry":{"type":"LineString","coordinates":[[-73.974329,40.686262],[-73.973965,40.686116]]}},{"type":"Feature","properties":{"lit":0.5948},"geometry":{"type":"LineString","coordinates":[[-73.973965,40.686116],[-73.973669,40.685998]]}},{"type":"Feature","properties":{"lit":0.4983},"geometry":{"type":"LineString","coordinates":[[-73.973669,40.685998],[-73.973373,40.685879]]}},{"type":"Feature","properties":{"lit":0.3799},"geometry":{"type":"LineString","coordinates":[[-73.973373,40.685879],[-73.973224,40.68582]]}},{"type":"Feature","properties":{"lit":0.2891},"geometry":{"type":"LineString","coordinates":[[-73.973224,40.68582],[-73.973084,40.685764]]}},{"type":"Feature","properties":{"lit":1.0},"geometry":{"type":"LineString","coordinates":[[-73.975499,40.68673],[-73.975495,40.686634]]}},{"type":"Feature","properties":{"lit":1.0},"geometry":{"type":"LineString","coordinates":[[-73.975495,40.686634],[-73.975457,40.686452]]}},{"type":"Feature","properties":{"lit":0.8059},"geometry":{"type":"LineString","coordinates":[[-73.975457,40.686452],[-73.97542,40.686269]]}},{"type":"Feature","properties":{"lit":0.4543},"geometry":{"type":"LineString","coordinates":[[-73.97542,40.686269],[-73.975382,40.686087]]}},{"type":"Feature","properties":{"lit":0.2853},"geometry":{"type":"LineString","coordinates":[[-73.975382,40.686087],[-73.975345,40.685904]]}},{"type":"Feature","properties":{"lit":0.1866},"geometry":{"type":"LineString","coordinates":[[-73.975345,40.685904],[-73.975308,40.685721]]}},{"type":"Feature","properties":{"lit":0.1125},"geometry":{"type":"LineString","coordinates":[[-73.975308,40.685721],[-73.97527,40.685539]]}},{"type":"Feature","properties":{"lit":0.0699},"geometry":{"type":"LineString","coordinates":[[-73.97527,40.685539],[-73.975261,40.685487]]}},{"type":"Feature","properties":{"lit":0.0511},"geometry":{"type":"LineString","coordinates":[[-73.975261,40.685487],[-73.975244,40.685403]]}},{"type":"Feature","properties":{"lit":0.0448},"geometry":{"type":"LineString","coordinates":[[-73.964312,40.680584],[-73.964238,40.680774]]}},{"type":"Feature","properties":{"lit":0.0245},"geometry":{"type":"LineString","coordinates":[[-73.964238,40.680774],[-73.964203,40.680873]]}},{"type":"Feature","properties":{"lit":0.0707},"geometry":{"type":"LineString","coordinates":[[-73.974279,40.685503],[-73.974193,40.685504]]}},{"type":"Feature","properties":{"lit":0.1173},"geometry":{"type":"LineString","coordinates":[[-73.974193,40.685504],[-73.973854,40.685542]]}},{"type":"Feature","properties":{"lit":0.2022},"geometry":{"type":"LineString","coordinates":[[-73.973854,40.685542],[-73.973579,40.685573]]}},{"type":"Feature","properties":{"lit":0.2474},"geometry":{"type":"LineString","coordinates":[[-73.973579,40.685573],[-73.973305,40.685603]]}},{"type":"Feature","properties":{"lit":0.0518},"geometry":{"type":"LineString","coordinates":[[-73.974279,40.685503],[-73.974265,40.685431]]}},{"type":"Feature","properties":{"lit":0.0222},"geometry":{"type":"LineString","coordinates":[[-73.974265,40.685431],[-73.974224,40.685233]]}},{"type":"Feature","properties":{"lit":0.3526},"geometry":{"type":"LineString","coordinates":[[-73.953368,40.680637],[-73.953498,40.680665]]}},{"type":"Feature","properties":{"lit":0.2544},"geometry":{"type":"LineString","coordinates":[[-73.953498,40.680665],[-73.953852,40.680742]]}},{"type":"Feature","properties":{"lit":0.1304},"geometry":{"type":"LineString","coordinates":[[-73.953852,40.680742],[-73.954085,40.680793]]}},{"type":"Feature","properties":{"lit":0.0788},"geometry":{"type":"LineString","coordinates":[[-73.954085,40.680793],[-73.954319,40.680843]]}},{"type":"Feature","properties":{"lit":0.0695},"geometry":{"type":"LineString","coordinates":[[-73.954319,40.680843],[-73.954363,40.680853]]}},{"type":"Feature","properties":{"lit":0.0696},"geometry":{"type":"LineString","coordinates":[[-73.954363,40.680853],[-73.954404,40.680862]]}},{"type":"Feature","properties":{"lit":0.0788},"geometry":{"type":"LineString","coordinates":[[-73.954404,40.680862],[-73.954525,40.680887]]}},{"type":"Feature","properties":{"lit":0.0937},"geometry":{"type":"LineString","coordinates":[[-73.954525,40.680887],[-73.954565,40.680896]]}},{"type":"Feature","properties":{"lit":0.1532},"geometry":{"type":"LineString","coordinates":[[-73.954565,40.680896],[-73.95481,40.680947]]}},{"type":"Feature","properties":{"lit":0.363},"geometry":{"type":"LineString","coordinates":[[-73.95481,40.680947],[-73.955054,40.680999]]}},{"type":"Feature","properties":{"lit":0.7841},"geometry":{"type":"LineString","coordinates":[[-73.955054,40.680999],[-73.955299,40.68105]]}},{"type":"Feature","properties":{"lit":1.0},"geometry":{"type":"LineString","coordinates":[[-73.955299,40.68105],[-73.955565,40.681106]]}},{"type":"Feature","properties":{"lit":1.0},"geometry":{"type":"LineString","coordinates":[[-73.955565,40.681106],[-73.955661,40.681127]]}},{"type":"Feature","properties":{"lit":1.0},"geometry":{"type":"LineString","coordinates":[[-73.955854,40.681167],[-73.955816,40.681159]]}},{"type":"Feature","properties":{"lit":0.8327},"geometry":{"type":"LineString","coordinates":[[-73.955802,40.680261],[-73.955643,40.680228]]}},{"type":"Feature","properties":{"lit":0.9323},"geometry":{"type":"LineString","coordinates":[[-73.955643,40.680228],[-73.955598,40.68022]]}},{"type":"Feature","properties":{"lit":0.9864},"geometry":{"type":"LineString","coordinates":[[-73.955598,40.68022],[-73.955486,40.680195]]}},{"type":"Feature","properties":{"lit":0.7084},"geometry":{"type":"LineString","coordinates":[[-73.955841,40.680269],[-73.955802,40.680261]]}},{"type":"Feature","properties":{"lit":0.3455},"geometry":{"type":"LineString","coordinates":[[-73.95827,40.679899],[-73.958385,40.679923]]}},{"type":"Feature","properties":{"lit":0.2954},"geometry":{"type":"LineString","coordinates":[[-73.958385,40.679923],[-73.958627,40.679973]]}},{"type":"Feature","properties":{"lit":0.1879},"geometry":{"type":"LineString","coordinates":[[-73.958627,40.679973],[-73.958868,40.680023]]}},{"type":"Feature","properties":{"lit":0.0879},"geometry":{"type":"LineString","coordinates":[[-73.958868,40.680023],[-73.95911,40.680074]]}},{"type":"Feature","properties":{"lit":0.0383},"geometry":{"type":"LineString","coordinates":[[-73.95911,40.680074],[-73.959352,40.680124]]}},{"type":"Feature","properties":{"lit":0.0205},"geometry":{"type":"LineString","coordinates":[[-73.959352,40.680124],[-73.959594,40.680175]]}},{"type":"Feature","properties":{"lit":0.0397},"geometry":{"type":"LineString","coordinates":[[-73.960179,40.680298],[-73.960472,40.680359]]}},{"type":"Feature","properties":{"lit":0.0556},"geometry":{"type":"LineString","coordinates":[[-73.967956,40.68019],[-73.967981,40.680122]]}},{"type":"Feature","properties":{"lit":0.0447},"geometry":{"type":"LineString","coordinates":[[-73.967981,40.680122],[-73.968054,40.679914]]}},{"type":"Feature","properties":{"lit":0.0214},"geometry":{"type":"LineString","coordinates":[[-73.968054,40.679914],[-73.968128,40.679706]]}},{"type":"Feature","properties":{"lit":0.0503},"geometry":{"type":"LineString","coordinates":[[-73.967838,40.680499],[-73.96793,40.680258]]}},{"type":"Feature","properties":{"lit":0.0572},"geometry":{"type":"LineString","coordinates":[[-73.96793,40.680258],[-73.967956,40.68019]]}},{"type":"Feature","properties":{"lit":0.0227},"geometry":{"type":"LineString","coordinates":[[-73.964381,40.680956],[-73.96433,40.680683]]}},{"type":"Feature","properties":{"lit":0.0544},"geometry":{"type":"LineString","coordinates":[[-73.96433,40.680683],[-73.964312,40.680584]]}},{"type":"Feature","properties":{"lit":0.2201},"geometry":{"type":"LineString","coordinates":[[-73.964236,40.680236],[-73.964221,40.68016]]}},{"type":"Feature","properties":{"lit":0.302},"geometry":{"type":"LineString","coordinates":[[-73.964221,40.68016],[-73.964184,40.67996]]}},{"type":"Feature","properties":{"lit":0.4943},"geometry":{"type":"LineString","coordinates":[[-73.964184,40.67996],[-73.964147,40.67976]]}},{"type":"Feature","properties":{"lit":0.1139},"geometry":{"type":"LineString","coordinates":[[-73.977495,40.687534],[-73.977404,40.687498]]}},{"type":"Feature","properties":{"lit":0.1639},"geometry":{"type":"LineString","coordinates":[[-73.977404,40.687498],[-73.977095,40.687373]]}},{"type":"Feature","properties":{"lit":0.2989},"geometry":{"type":"LineString","coordinates":[[-73.977095,40.687373],[-73.97676,40.687238]]}},{"type":"Feature","properties":{"lit":0.4512},"geometry":{"type":"LineString","coordinates":[[-73.97676,40.687238],[-73.976676,40.687204]]}},{"type":"Feature","properties":{"lit":0.5161},"geometry":{"type":"LineString","coordinates":[[-73.976676,40.687204],[-73.976617,40.68718]]}},{"type":"Feature","properties":{"lit":0.5965},"geometry":{"type":"LineString","coordinates":[[-73.976617,40.68718],[-73.976538,40.687149]]}},{"type":"Feature","properties":{"lit":0.7178},"geometry":{"type":"LineString","coordinates":[[-73.976538,40.687149],[-73.976401,40.687093]]}},{"type":"Feature","properties":{"lit":0.8929},"geometry":{"type":"LineString","coordinates":[[-73.976401,40.687093],[-73.976231,40.687024]]}},{"type":"Feature","properties":{"lit":0.0376},"geometry":{"type":"LineString","coordinates":[[-73.976663,40.683748],[-73.976883,40.683834]]}},{"type":"Feature","properties":{"lit":0.084},"geometry":{"type":"LineString","coordinates":[[-73.976883,40.683834],[-73.977102,40.683919]]}},{"type":"Feature","properties":{"lit":0.1193},"geometry":{"type":"LineString","coordinates":[[-73.977102,40.683919],[-73.977197,40.683956]]}},{"type":"Feature","properties":{"lit":0.1351},"geometry":{"type":"LineString","coordinates":[[-73.977197,40.683956],[-73.977287,40.683991]]}},{"type":"Feature","properties":{"lit":0.1464},"geometry":{"type":"LineString","coordinates":[[-73.977287,40.683991],[-73.977476,40.684064]]}},{"type":"Feature","properties":{"lit":1.0},"geometry":{"type":"LineString","coordinates":[[-73.975577,40.687087],[-73.97549,40.687097]]}},{"type":"Feature","properties":{"lit":1.0},"geometry":{"type":"LineString","coordinates":[[-73.97549,40.687097],[-73.975159,40.687132]]}},{"type":"Feature","properties":{"lit":0.8138},"geometry":{"type":"LineString","coordinates":[[-73.975159,40.687132],[-73.974828,40.687168]]}},{"type":"Feature","properties":{"lit":0.4398},"geometry":{"type":"LineString","coordinates":[[-73.974828,40.687168],[-73.974698,40.687182]]}},{"type":"Feature","properties":{"lit":0.3099},"geometry":{"type":"LineString","coordinates":[[-73.974698,40.687182],[-73.974616,40.687191]]}},{"type":"Feature","properties":{"lit":0.0232},"geometry":{"type":"LineString","coordinates":[[-73.978356,40.684273],[-73.978285,40.684381]]}},{"type":"Feature","properties":{"lit":0.0324},"geometry":{"type":"LineString","coordinates":[[-73.973406,40.682932],[-73.973149,40.682878]]}},{"type":"Feature","properties":{"lit":0.0474},"geometry":{"type":"LineString","coordinates":[[-73.973149,40.682878],[-73.972893,40.682825]]}},{"type":"Feature","properties":{"lit":0.0472},"geometry":{"type":"LineString","coordinates":[[-73.972893,40.682825],[-73.972636,40.682772]]}},{"type":"Feature","properties":{"lit":0.0304},"geometry":{"type":"LineString","coordinates":[[-73.972636,40.682772],[-73.97238,40.682718]]}},{"type":"Feature","properties":{"lit":0.2778},"geometry":{"type":"LineString","coordinates":[[-73.953282,40.6802],[-73.953293,40.680257]]}},{"type":"Feature","properties":{"lit":0.3639},"geometry":{"type":"LineString","coordinates":[[-73.953293,40.680257],[-73.953349,40.680548]]}},{"type":"Feature","properties":{"lit":0.3809},"geometry":{"type":"LineString","coordinates":[[-73.953349,40.680548],[-73.953368,40.680637]]}},{"type":"Feature","properties":{"lit":0.6739},"geometry":{"type":"LineString","coordinates":[[-73.958425,40.679465],[-73.958381,40.679587]]}},{"type":"Feature","properties":{"lit":0.3424},"geometry":{"type":"LineString","coordinates":[[-73.95827,40.679899],[-73.958257,40.679943]]}},{"type":"Feature","properties":{"lit":0.329},"geometry":{"type":"LineString","coordinates":[[-73.958257,40.679943],[-73.95825,40.679977]]}},{"type":"Feature","properties":{"lit":0.317},"geometry":{"type":"LineString","coordinates":[[-73.95825,40.679977],[-73.958247,40.680008]]}},{"type":"Feature","properties":{"lit":0.3103},"geometry":{"type":"LineString","coordinates":[[-73.958247,40.680008],[-73.958249,40.680041]]}},{"type":"Feature","properties":{"lit":0.3004},"geometry":{"type":"LineString","coordinates":[[-73.958249,40.680041],[-73.958253,40.680078]]}},{"type":"Feature","properties":{"lit":0.2914},"geometry":{"type":"LineString","coordinates":[[-73.958253,40.680078],[-73.958262,40.680119]]}},{"type":"Feature","properties":{"lit":0.2367},"geometry":{"type":"LineString","coordinates":[[-73.958262,40.680119],[-73.958326,40.680433]]}},{"type":"Feature","properties":{"lit":0.1298},"geometry":{"type":"LineString","coordinates":[[-73.958326,40.680433],[-73.958384,40.680729]]}},{"type":"Feature","properties":{"lit":0.0741},"geometry":{"type":"LineString","coordinates":[[-73.958384,40.680729],[-73.958396,40.680798]]}},{"type":"Feature","properties":{"lit":0.0573},"geometry":{"type":"LineString","coordinates":[[-73.958396,40.680798],[-73.958413,40.680883]]}},{"type":"Feature","properties":{"lit":0.0445},"geometry":{"type":"LineString","coordinates":[[-73.958413,40.680883],[-73.958452,40.681076]]}},{"type":"Feature","properties":{"lit":0.0637},"geometry":{"type":"LineString","coordinates":[[-73.958452,40.681076],[-73.958491,40.681269]]}},{"type":"Feature","properties":{"lit":0.1157},"geometry":{"type":"LineString","coordinates":[[-73.958491,40.681269],[-73.95853,40.681462]]}},{"type":"Feature","properties":{"lit":0.1676},"geometry":{"type":"LineString","coordinates":[[-73.95853,40.681462],[-73.958568,40.681655]]}},{"type":"Feature","properties":{"lit":0.1802},"geometry":{"type":"LineString","coordinates":[[-73.958568,40.681655],[-73.958586,40.681743]]}},{"type":"Feature","properties":{"lit":0.023},"geometry":{"type":"LineString","coordinates":[[-73.967771,40.680685],[-73.967813,40.680569]]}},{"type":"Feature","properties":{"lit":0.0335},"geometry":{"type":"LineString","coordinates":[[-73.967813,40.680569],[-73.967838,40.680499]]}},{"type":"Feature","properties":{"lit":0.0213},"geometry":{"type":"LineString","coordinates":[[-73.960717,40.682806],[-73.960705,40.682741]]}},{"type":"Feature","properties":{"lit":0.0375},"geometry":{"type":"LineString","coordinates":[[-73.960705,40.682741],[-73.960665,40.682532]]}},{"type":"Feature","properties":{"lit":0.0627},"geometry":{"type":"LineString","coordinates":[[-73.960665,40.682532],[-73.960626,40.682322]]}},{"type":"Feature","properties":{"lit":0.0709},"geometry":{"type":"LineString","coordinates":[[-73.960626,40.682322],[-73.960612,40.682252]]}},{"type":"Feature","properties":{"lit":0.0701},"geometry":{"type":"LineString","coordinates":[[-73.960612,40.682252],[-73.960595,40.682162]]}},{"type":"Feature","properties":{"lit":0.0265},"geometry":{"type":"LineString","coordinates":[[-73.962467,40.68485],[-73.962726,40.68482]]}},{"type":"Feature","properties":{"lit":0.0521},"geometry":{"type":"LineString","coordinates":[[-73.962726,40.68482],[-73.962986,40.68479]]}},{"type":"Feature","properties":{"lit":0.0646},"geometry":{"type":"LineString","coordinates":[[-73.962986,40.68479],[-73.963072,40.68478]]}},{"type":"Feature","properties":{"lit":0.0671},"geometry":{"type":"LineString","coordinates":[[-73.963072,40.68478],[-73.963165,40.684769]]}},{"type":"Feature","properties":{"lit":0.0624},"geometry":{"type":"LineString","coordinates":[[-73.963165,40.684769],[-73.963427,40.684739]]}},{"type":"Feature","properties":{"lit":0.0391},"geometry":{"type":"LineString","coordinates":[[-73.963427,40.684739],[-73.963688,40.684708]]}},{"type":"Feature","properties":{"lit":0.022},"geometry":{"type":"LineString","coordinates":[[-73.964699,40.684591],[-73.964985,40.684557]]}},{"type":"Feature","properties":{"lit":0.0257},"geometry":{"type":"LineString","coordinates":[[-73.964985,40.684557],[-73.965082,40.684546]]}},{"type":"Feature","properties":{"lit":0.0612},"geometry":{"type":"LineString","coordinates":[[-73.974695,40.680261],[-73.974764,40.680355]]}},{"type":"Feature","properties":{"lit":0.0637},"geometry":{"type":"LineString","coordinates":[[-73.974764,40.680355],[-73.974835,40.680454]]}},{"type":"Feature","properties":{"lit":0.0517},"geometry":{"type":"LineString","coordinates":[[-73.974835,40.680454],[-73.975048,40.680747]]}},{"type":"Feature","properties":{"lit":0.0303},"geometry":{"type":"LineString","coordinates":[[-73.975048,40.680747],[-73.975112,40.680834]]}},{"type":"Feature","properties":{"lit":0.043},"geometry":{"type":"LineString","coordinates":[[-73.964636,40.680801],[-73.964703,40.68061]]}},{"type":"Feature","properties":{"lit":0.0915},"geometry":{"type":"LineString","coordinates":[[-73.964703,40.68061],[-73.964771,40.680419]]}},{"type":"Feature","properties":{"lit":0.1197},"geometry":{"type":"LineString","coordinates":[[-73.964771,40.680419],[-73.964782,40.680387]]}},{"type":"Feature","properties":{"lit":0.1272},"geometry":{"type":"LineString","coordinates":[[-73.964782,40.680387],[-73.964797,40.680349]]}},{"type":"Feature","properties":{"lit":0.0885},"geometry":{"type":"LineString","coordinates":[[-73.974506,40.680731],[-73.974595,40.68075]]}},{"type":"Feature","properties":{"lit":0.0692},"geometry":{"type":"LineString","coordinates":[[-73.974595,40.68075],[-73.974941,40.680822]]}},{"type":"Feature","properties":{"lit":0.0411},"geometry":{"type":"LineString","coordinates":[[-73.974941,40.680822],[-73.97501,40.680827]]}},{"type":"Feature","properties":{"lit":0.031},"geometry":{"type":"LineString","coordinates":[[-73.97501,40.680827],[-73.975112,40.680834]]}},{"type":"Feature","properties":{"lit":0.0831},"geometry":{"type":"LineString","coordinates":[[-73.983978,40.68817],[-73.983922,40.688255]]}},{"type":"Feature","properties":{"lit":0.0762},"geometry":{"type":"LineString","coordinates":[[-73.983922,40.688255],[-73.983773,40.68848]]}},{"type":"Feature","properties":{"lit":0.0381},"geometry":{"type":"LineString","coordinates":[[-73.983773,40.68848],[-73.983624,40.688705]]}},{"type":"Feature","properties":{"lit":0.0795},"geometry":{"type":"LineString","coordinates":[[-73.978208,40.68682],[-73.978103,40.686832]]}},{"type":"Feature","properties":{"lit":0.074},"geometry":{"type":"LineString","coordinates":[[-73.978103,40.686832],[-73.977773,40.686871]]}},{"type":"Feature","properties":{"lit":0.079},"geometry":{"type":"LineString","coordinates":[[-73.977773,40.686871],[-73.977443,40.686909]]}},{"type":"Feature","properties":{"lit":0.0981},"geometry":{"type":"LineString","coordinates":[[-73.977443,40.686909],[-73.977362,40.686918]]}},{"type":"Feature","properties":{"lit":0.0213},"geometry":{"type":"LineString","coordinates":[[-73.995816,40.689139],[-73.99557,40.689071]]}},{"type":"Feature","properties":{"lit":0.0203},"geometry":{"type":"LineString","coordinates":[[-73.99557,40.689071],[-73.995324,40.689002]]}},{"type":"Feature","properties":{"lit":0.0444},"geometry":{"type":"LineString","coordinates":[[-73.974693,40.681592],[-73.974322,40.681517]]}},{"type":"Feature","properties":{"lit":0.0593},"geometry":{"type":"LineString","coordinates":[[-73.974322,40.681517],[-73.974236,40.681499]]}},{"type":"Feature","properties":{"lit":0.0208},"geometry":{"type":"LineString","coordinates":[[-73.993131,40.688098],[-73.993226,40.6879]]}},{"type":"Feature","properties":{"lit":0.037},"geometry":{"type":"LineString","coordinates":[[-73.993226,40.6879],[-73.99326,40.687828]]}},{"type":"Feature","properties":{"lit":0.0378},"geometry":{"type":"LineString","coordinates":[[-73.967044,40.68426],[-73.967,40.684033]]}},{"type":"Feature","properties":{"lit":0.1357},"geometry":{"type":"LineString","coordinates":[[-73.967,40.684033],[-73.966955,40.683807]]}},{"type":"Feature","properties":{"lit":0.2837},"geometry":{"type":"LineString","coordinates":[[-73.966955,40.683807],[-73.966911,40.683581]]}},{"type":"Feature","properties":{"lit":0.347},"geometry":{"type":"LineString","coordinates":[[-73.966911,40.683581],[-73.966891,40.68348]]}},{"type":"Feature","properties":{"lit":0.3437},"geometry":{"type":"LineString","coordinates":[[-73.966891,40.68348],[-73.966873,40.683392]]}},{"type":"Feature","properties":{"lit":0.2854},"geometry":{"type":"LineString","coordinates":[[-73.966873,40.683392],[-73.966835,40.683198]]}},{"type":"Feature","properties":{"lit":0.1581},"geometry":{"type":"LineString","coordinates":[[-73.966835,40.683198],[-73.966797,40.683005]]}},{"type":"Feature","properties":{"lit":0.0595},"geometry":{"type":"LineString","coordinates":[[-73.966797,40.683005],[-73.966758,40.682811]]}},{"type":"Feature","properties":{"lit":0.049},"geometry":{"type":"LineString","coordinates":[[-73.984202,40.687848],[-73.984045,40.688072]]}},{"type":"Feature","properties":{"lit":0.0705},"geometry":{"type":"LineString","coordinates":[[-73.984045,40.688072],[-73.98403,40.688095]]}},{"type":"Feature","properties":{"lit":0.077},"geometry":{"type":"LineString","coordinates":[[-73.98403,40.688095],[-73.983978,40.68817]]}},{"type":"Feature","properties":{"lit":0.0257},"geometry":{"type":"LineString","coordinates":[[-73.968172,40.684191],[-73.968514,40.684153]]}},{"type":"Feature","properties":{"lit":0.0404},"geometry":{"type":"LineString","coordinates":[[-73.968514,40.684153],[-73.968558,40.684145]]}},{"type":"Feature","properties":{"lit":0.0433},"geometry":{"type":"LineString","coordinates":[[-73.968558,40.684145],[-73.968581,40.684131]]}},{"type":"Feature","properties":{"lit":0.048},"geometry":{"type":"LineString","coordinates":[[-73.968581,40.684131],[-73.968621,40.684078]]}},{"type":"Feature","properties":{"lit":0.0524},"geometry":{"type":"LineString","coordinates":[[-73.968621,40.684078],[-73.968637,40.684056]]}},{"type":"Feature","properties":{"lit":0.0561},"geometry":{"type":"LineString","coordinates":[[-73.968637,40.684056],[-73.968676,40.683998]]}},{"type":"Feature","properties":{"lit":0.0605},"geometry":{"type":"LineString","coordinates":[[-73.974236,40.681499],[-73.974149,40.681481]]}},{"type":"Feature","properties":{"lit":0.0551},"geometry":{"type":"LineString","coordinates":[[-73.974149,40.681481],[-73.973917,40.681432]]}},{"type":"Feature","properties":{"lit":0.035},"geometry":{"type":"LineString","coordinates":[[-73.973917,40.681432],[-73.973684,40.681384]]}},{"type":"Feature","properties":{"lit":0.0373},"geometry":{"type":"LineString","coordinates":[[-73.932432,40.684838],[-73.932394,40.684642]]}},{"type":"Feature","properties":{"lit":0.0455},"geometry":{"type":"LineString","coordinates":[[-73.932394,40.684642],[-73.932378,40.684564]]}},{"type":"Feature","properties":{"lit":0.0466},"geometry":{"type":"LineString","coordinates":[[-73.932378,40.684564],[-73.932365,40.684498]]}},{"type":"Feature","properties":{"lit":0.0421},"geometry":{"type":"LineString","coordinates":[[-73.932365,40.684498],[-73.932326,40.684302]]}},{"type":"Feature","properties":{"lit":0.0255},"geometry":{"type":"LineString","coordinates":[[-73.932326,40.684302],[-73.932287,40.684105]]}},{"type":"Feature","properties":{"lit":1.0},"geometry":{"type":"LineString","coordinates":[[-73.955486,40.680195],[-73.95545,40.680019]]}},{"type":"Feature","properties":{"lit":1.0},"geometry":{"type":"LineString","coordinates":[[-73.95545,40.680019],[-73.955437,40.679958]]}},{"type":"Feature","properties":{"lit":1.0},"geometry":{"type":"LineString","coordinates":[[-73.955437,40.679958],[-73.955423,40.679889]]}},{"type":"Feature","properties":{"lit":1.0},"geometry":{"type":"LineString","coordinates":[[-73.955423,40.679889],[-73.955383,40.679701]]}},{"type":"Feature","properties":{"lit":0.3731},"geometry":{"type":"LineString","coordinates":[[-73.958314,40.679778],[-73.95827,40.679899]]}},{"type":"Feature","properties":{"lit":0.0238},"geometry":{"type":"LineString","coordinates":[[-73.964157,40.681],[-73.963914,40.680949]]}},{"type":"Feature","properties":{"lit":0.0454},"geometry":{"type":"LineString","coordinates":[[-73.963914,40.680949],[-73.963671,40.680899]]}},{"type":"Feature","properties":{"lit":0.0622},"geometry":{"type":"LineString","coordinates":[[-73.963671,40.680899],[-73.963428,40.680848]]}},{"type":"Feature","properties":{"lit":0.0577},"geometry":{"type":"LineString","coordinates":[[-73.963428,40.680848],[-73.963185,40.680797]]}},{"type":"Feature","properties":{"lit":0.0378},"geometry":{"type":"LineString","coordinates":[[-73.963185,40.680797],[-73.962942,40.680746]]}},{"type":"Feature","properties":{"lit":0.0209},"geometry":{"type":"LineString","coordinates":[[-73.961483,40.680441],[-73.96139,40.680421]]}},{"type":"Feature","properties":{"lit":0.0379},"geometry":{"type":"LineString","coordinates":[[-73.974504,40.679997],[-73.974641,40.680186]]}},{"type":"Feature","properties":{"lit":0.0543},"geometry":{"type":"LineString","coordinates":[[-73.974641,40.680186],[-73.974695,40.680261]]}},{"type":"Feature","properties":{"lit":0.5223},"geometry":{"type":"LineString","coordinates":[[-73.949555,40.680391],[-73.949532,40.680312]]}},{"type":"Feature","properties":{"lit":0.4411},"geometry":{"type":"LineString","coordinates":[[-73.949532,40.680312],[-73.94955,40.680084]]}},{"type":"Feature","properties":{"lit":0.2964},"geometry":{"type":"LineString","coordinates":[[-73.94955,40.680084],[-73.949564,40.6799]]}},{"type":"Feature","properties":{"lit":0.1896},"geometry":{"type":"LineString","coordinates":[[-73.949564,40.6799],[-73.949578,40.679716]]}},{"type":"Feature","properties":{"lit":0.129},"geometry":{"type":"LineString","coordinates":[[-73.949578,40.679716],[-73.949585,40.679636]]}},{"type":"Feature","properties":{"lit":0.4544},"geometry":{"type":"LineString","coordinates":[[-73.949863,40.681807],[-73.94985,40.681741]]}},{"type":"Feature","properties":{"lit":0.3813},"geometry":{"type":"LineString","coordinates":[[-73.94985,40.681741],[-73.94981,40.681542]]}},{"type":"Feature","properties":{"lit":0.2704},"geometry":{"type":"LineString","coordinates":[[-73.94981,40.681542],[-73.94977,40.681344]]}},{"type":"Feature","properties":{"lit":0.2282},"geometry":{"type":"LineString","coordinates":[[-73.94977,40.681344],[-73.94973,40.681145]]}},{"type":"Feature","properties":{"lit":0.2416},"geometry":{"type":"LineString","coordinates":[[-73.94973,40.681145],[-73.949715,40.681069]]}},{"type":"Feature","properties":{"lit":0.0433},"geometry":{"type":"LineString","coordinates":[[-73.948284,40.680322],[-73.948561,40.680336]]}},{"type":"Feature","properties":{"lit":0.0866},"geometry":{"type":"LineString","coordinates":[[-73.948561,40.680336],[-73.948838,40.680351]]}},{"type":"Feature","properties":{"lit":0.1662},"geometry":{"type":"LineString","coordinates":[[-73.948838,40.680351],[-73.949145,40.680368]]}},{"type":"Feature","properties":{"lit":0.3416},"geometry":{"type":"LineString","coordinates":[[-73.949145,40.680368],[-73.949452,40.680384]]}},{"type":"Feature","properties":{"lit":0.5002},"geometry":{"type":"LineString","coordinates":[[-73.949452,40.680384],[-73.949555,40.680391]]}},{"type":"Feature","properties":{"lit":0.3242},"geometry":{"type":"LineString","coordinates":[[-73.903579,40.678945],[-73.903559,40.678882]]}},{"type":"Feature","properties":{"lit":0.0234},"geometry":{"type":"LineString","coordinates":[[-73.978115,40.684971],[-73.978061,40.684885]]}},{"type":"Feature","properties":{"lit":0.0406},"geometry":{"type":"LineString","coordinates":[[-73.904373,40.679401],[-73.90412,40.679253]]}},{"type":"Feature","properties":{"lit":0.0944},"geometry":{"type":"LineString","coordinates":[[-73.90412,40.679253],[-73.90406,40.679218]]}},{"type":"Feature","properties":{"lit":0.1902},"geometry":{"type":"LineString","coordinates":[[-73.90406,40.679218],[-73.903706,40.679019]]}},{"type":"Feature","properties":{"lit":0.2951},"geometry":{"type":"LineString","coordinates":[[-73.903706,40.679019],[-73.903579,40.678945]]}},{"type":"Feature","properties":{"lit":0.0215},"geometry":{"type":"LineString","coordinates":[[-73.990353,40.685067],[-73.990579,40.685155]]}},{"type":"Feature","properties":{"lit":0.0618},"geometry":{"type":"LineString","coordinates":[[-73.990579,40.685155],[-73.990806,40.685243]]}},{"type":"Feature","properties":{"lit":0.1197},"geometry":{"type":"LineString","coordinates":[[-73.990806,40.685243],[-73.991032,40.685331]]}},{"type":"Feature","properties":{"lit":0.1559},"geometry":{"type":"LineString","coordinates":[[-73.991032,40.685331],[-73.991258,40.685419]]}},{"type":"Feature","properties":{"lit":0.1492},"geometry":{"type":"LineString","coordinates":[[-73.991258,40.685419],[-73.991332,40.685448]]}},{"type":"Feature","properties":{"lit":0.1773},"geometry":{"type":"LineString","coordinates":[[-73.961611,40.682375],[-73.961516,40.682355]]}},{"type":"Feature","properties":{"lit":0.1541},"geometry":{"type":"LineString","coordinates":[[-73.961516,40.682355],[-73.961274,40.682305]]}},{"type":"Feature","properties":{"lit":0.1012},"geometry":{"type":"LineString","coordinates":[[-73.961274,40.682305],[-73.961031,40.682254]]}},{"type":"Feature","properties":{"lit":0.0689},"geometry":{"type":"LineString","coordinates":[[-73.961031,40.682254],[-73.960789,40.682203]]}},{"type":"Feature","properties":{"lit":0.0659},"geometry":{"type":"LineString","coordinates":[[-73.960789,40.682203],[-73.960595,40.682162]]}},{"type":"Feature","properties":{"lit":0.0715},"geometry":{"type":"LineString","coordinates":[[-73.960595,40.682162],[-73.960345,40.68211]]}},{"type":"Feature","properties":{"lit":0.0794},"geometry":{"type":"LineString","coordinates":[[-73.960345,40.68211],[-73.960095,40.682057]]}},{"type":"Feature","properties":{"lit":0.0866},"geometry":{"type":"LineString","coordinates":[[-73.960095,40.682057],[-73.959845,40.682005]]}},{"type":"Feature","properties":{"lit":0.0955},"geometry":{"type":"LineString","coordinates":[[-73.959845,40.682005],[-73.959595,40.681953]]}},{"type":"Feature","properties":{"lit":0.1106},"geometry":{"type":"LineString","coordinates":[[-73.959595,40.681953],[-73.959301,40.681892]]}},{"type":"Feature","properties":{"lit":0.1395},"geometry":{"type":"LineString","coordinates":[[-73.959301,40.681892],[-73.959007,40.68183]]}},{"type":"Feature","properties":{"lit":0.1775},"geometry":{"type":"LineString","coordinates":[[-73.959007,40.68183],[-73.958693,40.681765]]}},{"type":"Feature","properties":{"lit":0.1821},"geometry":{"type":"LineString","coordinates":[[-73.958693,40.681765],[-73.958586,40.681743]]}},{"type":"Feature","properties":{"lit":0.4811},"geometry":{"type":"LineString","coordinates":[[-73.949863,40.681807],[-73.949967,40.681789]]}},{"type":"Feature","properties":{"lit":0.4925},"geometry":{"type":"LineString","coordinates":[[-73.949967,40.681789],[-73.950235,40.681759]]}},{"type":"Feature","properties":{"lit":0.4026},"geometry":{"type":"LineString","coordinates":[[-73.950235,40.681759],[-73.950503,40.681728]]}},{"type":"Feature","properties":{"lit":0.2539},"geometry":{"type":"LineString","coordinates":[[-73.950503,40.681728],[-73.950771,40.681697]]}},{"type":"Feature","properties":{"lit":0.1489},"geometry":{"type":"LineString","coordinates":[[-73.950771,40.681697],[-73.951039,40.681666]]}},{"type":"Feature","properties":{"lit":0.1233},"geometry":{"type":"LineString","coordinates":[[-73.951039,40.681666],[-73.951307,40.681636]]}},{"type":"Feature","properties":{"lit":0.1301},"geometry":{"type":"LineString","coordinates":[[-73.951307,40.681636],[-73.951558,40.681607]]}},{"type":"Feature","properties":{"lit":0.1135},"geometry":{"type":"LineString","coordinates":[[-73.951558,40.681607],[-73.951809,40.681578]]}},{"type":"Feature","properties":{"lit":0.0822},"geometry":{"type":"LineString","coordinates":[[-73.951809,40.681578],[-73.95206,40.68155]]}},{"type":"Feature","properties":{"lit":0.0679},"geometry":{"type":"LineString","coordinates":[[-73.95206,40.68155],[-73.952311,40.681521]]}},{"type":"Feature","properties":{"lit":0.0831},"geometry":{"type":"LineString","coordinates":[[-73.952311,40.681521],[-73.952561,40.681492]]}},{"type":"Feature","properties":{"lit":0.1072},"geometry":{"type":"LineString","coordinates":[[-73.952561,40.681492],[-73.952812,40.681463]]}},{"type":"Feature","properties":{"lit":0.117},"geometry":{"type":"LineString","coordinates":[[-73.952812,40.681463],[-73.953063,40.681435]]}},{"type":"Feature","properties":{"lit":1.0},"geometry":{"type":"LineString","coordinates":[[-73.955661,40.681127],[-73.955752,40.681146]]}},{"type":"Feature","properties":{"lit":1.0},"geometry":{"type":"LineString","coordinates":[[-73.955752,40.681146],[-73.955816,40.681159]]}},{"type":"Feature","properties":{"lit":0.0415},"geometry":{"type":"LineString","coordinates":[[-73.969063,40.684153],[-73.969042,40.684051]]}},{"type":"Feature","properties":{"lit":0.0503},"geometry":{"type":"LineString","coordinates":[[-73.969042,40.684051],[-73.969006,40.683868]]}},{"type":"Feature","properties":{"lit":0.0466},"geometry":{"type":"LineString","coordinates":[[-73.969006,40.683868],[-73.96897,40.683686]]}},{"type":"Feature","properties":{"lit":0.0301},"geometry":{"type":"LineString","coordinates":[[-73.96897,40.683686],[-73.968934,40.683503]]}},{"type":"Feature","properties":{"lit":0.0424},"geometry":{"type":"LineString","coordinates":[[-73.969063,40.684153],[-73.968948,40.684106]]}},{"type":"Feature","properties":{"lit":0.0545},"geometry":{"type":"LineString","coordinates":[[-73.968948,40.684106],[-73.968762,40.684033]]}},{"type":"Feature","properties":{"lit":0.0586},"geometry":{"type":"LineString","coordinates":[[-73.968762,40.684033],[-73.968676,40.683998]]}},{"type":"Feature","properties":{"lit":0.0264},"geometry":{"type":"LineString","coordinates":[[-73.967847,40.683683],[-73.967566,40.683623]]}},{"type":"Feature","properties":{"lit":0.0993},"geometry":{"type":"LineString","coordinates":[[-73.967566,40.683623],[-73.967285,40.683564]]}},{"type":"Feature","properties":{"lit":0.2395},"geometry":{"type":"LineString","coordinates":[[-73.967285,40.683564],[-73.967005,40.683504]]}},{"type":"Feature","properties":{"lit":0.3096},"geometry":{"type":"LineString","coordinates":[[-73.967005,40.683504],[-73.967004,40.683504]]}},{"type":"Feature","properties":{"lit":0.332},"geometry":{"type":"LineString","coordinates":[[-73.967004,40.683504],[-73.966891,40.68348]]}},{"type":"Feature","properties":{"lit":0.3596},"geometry":{"type":"LineString","coordinates":[[-73.966891,40.68348],[-73.966789,40.683459]]}},{"type":"Feature","properties":{"lit":0.3488},"geometry":{"type":"LineString","coordinates":[[-73.966789,40.683459],[-73.966456,40.68339]]}},{"type":"Feature","properties":{"lit":0.2417},"geometry":{"type":"LineString","coordinates":[[-73.966456,40.68339],[-73.966206,40.683338]]}},{"type":"Feature","properties":{"lit":0.1599},"geometry":{"type":"LineString","coordinates":[[-73.966206,40.683338],[-73.965957,40.683286]]}},{"type":"Feature","properties":{"lit":0.1381},"geometry":{"type":"LineString","coordinates":[[-73.965957,40.683286],[-73.965865,40.683267]]}},{"type":"Feature","properties":{"lit":0.1374},"geometry":{"type":"LineString","coordinates":[[-73.965865,40.683267],[-73.965784,40.68325]]}},{"type":"Feature","properties":{"lit":0.1612},"geometry":{"type":"LineString","coordinates":[[-73.965784,40.68325],[-73.965496,40.68319]]}},{"type":"Feature","properties":{"lit":0.2976},"geometry":{"type":"LineString","coordinates":[[-73.965496,40.68319],[-73.965208,40.68313]]}},{"type":"Feature","properties":{"lit":0.5159},"geometry":{"type":"LineString","coordinates":[[-73.965208,40.68313],[-73.964896,40.683064]]}},{"type":"Feature","properties":{"lit":0.5984},"geometry":{"type":"LineString","coordinates":[[-73.964896,40.683064],[-73.964779,40.68304]]}},{"type":"Feature","properties":{"lit":0.0519},"geometry":{"type":"LineString","coordinates":[[-73.974695,40.680261],[-73.974744,40.68019]]}},{"type":"Feature","properties":{"lit":0.0425},"geometry":{"type":"LineString","coordinates":[[-73.974744,40.68019],[-73.974774,40.680147]]}},{"type":"Feature","properties":{"lit":0.0259},"geometry":{"type":"LineString","coordinates":[[-73.974774,40.680147],[-73.974896,40.679969]]}},{"type":"Feature","properties":{"lit":0.062},"geometry":{"type":"LineString","coordinates":[[-73.922176,40.678899],[-73.921847,40.678881]]}},{"type":"Feature","properties":{"lit":0.1058},"geometry":{"type":"LineString","coordinates":[[-73.921847,40.678881],[-73.921667,40.678871]]}},{"type":"Feature","properties":{"lit":0.1205},"geometry":{"type":"LineString","coordinates":[[-73.921667,40.678871],[-73.921534,40.678864]]}},{"type":"Feature","properties":{"lit":0.1206},"geometry":{"type":"LineString","coordinates":[[-73.921534,40.678864],[-73.921451,40.67886]]}},{"type":"Feature","properties":{"lit":0.1079},"geometry":{"type":"LineString","coordinates":[[-73.921451,40.67886],[-73.921245,40.678848]]}},{"type":"Feature","properties":{"lit":0.0698},"geometry":{"type":"LineString","coordinates":[[-73.921245,40.678848],[-73.920996,40.678835]]}},{"type":"Feature","properties":{"lit":0.0301},"geometry":{"type":"LineString","coordinates":[[-73.920996,40.678835],[-73.920747,40.678821]]}},{"type":"Feature","properties":{"lit":0.0275},"geometry":{"type":"LineString","coordinates":[[-73.913669,40.678433],[-73.913554,40.678427]]}},{"type":"Feature","properties":{"lit":0.0371},"geometry":{"type":"LineString","coordinates":[[-73.913554,40.678427],[-73.913452,40.678421]]}},{"type":"Feature","properties":{"lit":0.0547},"geometry":{"type":"LineString","coordinates":[[-73.913452,40.678421],[-73.913109,40.678402]]}},{"type":"Feature","properties":{"lit":0.0596},"geometry":{"type":"LineString","coordinates":[[-73.913109,40.678402],[-73.913036,40.678399]]}},{"type":"Feature","properties":{"lit":0.053},"geometry":{"type":"LineString","coordinates":[[-73.913036,40.678399],[-73.912788,40.678387]]}},{"type":"Feature","properties":{"lit":0.0323},"geometry":{"type":"LineString","coordinates":[[-73.912788,40.678387],[-73.912539,40.678375]]}},{"type":"Feature","properties":{"lit":0.0706},"geometry":{"type":"LineString","coordinates":[[-73.921959,40.679075],[-73.921836,40.678958]]}},{"type":"Feature","properties":{"lit":0.1041},"geometry":{"type":"LineString","coordinates":[[-73.921836,40.678958],[-73.921667,40.678871]]}},{"type":"Feature","properties":{"lit":0.7146},"geometry":{"type":"LineString","coordinates":[[-73.976545,40.686994],[-73.976397,40.687009]]}},{"type":"Feature","properties":{"lit":0.894},"geometry":{"type":"LineString","coordinates":[[-73.976397,40.687009],[-73.976231,40.687024]]}},{"type":"Feature","properties":{"lit":0.0359},"geometry":{"type":"LineString","coordinates":[[-73.941271,40.679254],[-73.941253,40.679447]]}},{"type":"Feature","properties":{"lit":0.091},"geometry":{"type":"LineString","coordinates":[[-73.941253,40.679447],[-73.941235,40.679639]]}},{"type":"Feature","properties":{"lit":0.1582},"geometry":{"type":"LineString","coordinates":[[-73.941235,40.679639],[-73.941217,40.679832]]}},{"type":"Feature","properties":{"lit":0.1839},"geometry":{"type":"LineString","coordinates":[[-73.941217,40.679832],[-73.941215,40.679859]]}},{"type":"Feature","properties":{"lit":0.1893},"geometry":{"type":"LineString","coordinates":[[-73.941215,40.679859],[-73.941209,40.679938]]}},{"type":"Feature","properties":{"lit":0.0634},"geometry":{"type":"LineString","coordinates":[[-73.963307,40.680954],[-73.963551,40.681007]]}},{"type":"Feature","properties":{"lit":0.0512},"geometry":{"type":"LineString","coordinates":[[-73.963551,40.681007],[-73.963796,40.681059]]}},{"type":"Feature","properties":{"lit":0.0276},"geometry":{"type":"LineString","coordinates":[[-73.963796,40.681059],[-73.964041,40.681111]]}},{"type":"Feature","properties":{"lit":0.1254},"geometry":{"type":"LineString","coordinates":[[-73.964797,40.680349],[-73.964882,40.680372]]}},{"type":"Feature","properties":{"lit":0.1027},"geometry":{"type":"LineString","coordinates":[[-73.964882,40.680372],[-73.965117,40.680421]]}},{"type":"Feature","properties":{"lit":0.06},"geometry":{"type":"LineString","coordinates":[[-73.965117,40.680421],[-73.965353,40.68047]]}},{"type":"Feature","properties":{"lit":0.0248},"geometry":{"type":"LineString","coordinates":[[-73.965353,40.68047],[-73.965589,40.68052]]}},{"type":"Feature","properties":{"lit":0.0513},"geometry":{"type":"LineString","coordinates":[[-73.929439,40.679292],[-73.929341,40.679232]]}},{"type":"Feature","properties":{"lit":0.0382},"geometry":{"type":"LineString","coordinates":[[-73.929341,40.679232],[-73.929309,40.679209]]}},{"type":"Feature","properties":{"lit":0.0321},"geometry":{"type":"LineString","coordinates":[[-73.929309,40.679209],[-73.929275,40.679184]]}},{"type":"Feature","properties":{"lit":0.0241},"geometry":{"type":"LineString","coordinates":[[-73.929275,40.679184],[-73.929255,40.679087]]}},{"type":"Feature","properties":{"lit":0.0802},"geometry":{"type":"LineString","coordinates":[[-73.964312,40.680584],[-73.964291,40.680487]]}},{"type":"Feature","properties":{"lit":0.1244},"geometry":{"type":"LineString","coordinates":[[-73.964291,40.680487],[-73.964251,40.680305]]}},{"type":"Feature","properties":{"lit":0.338},"geometry":{"type":"LineString","coordinates":[[-73.903559,40.678882],[-73.903537,40.67881]]}},{"type":"Feature","properties":{"lit":0.1121},"geometry":{"type":"LineString","coordinates":[[-73.977685,40.687266],[-73.977513,40.687281]]}},{"type":"Feature","properties":{"lit":0.1202},"geometry":{"type":"LineString","coordinates":[[-73.977513,40.687281],[-73.977554,40.687483]]}},{"type":"Feature","properties":{"lit":0.0887},"geometry":{"type":"LineString","coordinates":[[-73.977554,40.687483],[-73.97774,40.687551]]}},{"type":"Feature","properties":{"lit":0.0804},"geometry":{"type":"LineString","coordinates":[[-73.97774,40.687551],[-73.977729,40.687472]]}},{"type":"Feature","properties":{"lit":0.0873},"geometry":{"type":"LineString","coordinates":[[-73.977729,40.687472],[-73.977715,40.687449]]}},{"type":"Feature","properties":{"lit":0.0976},"geometry":{"type":"LineString","coordinates":[[-73.977715,40.687449],[-73.977685,40.687266]]}},{"type":"Feature","properties":{"lit":0.0661},"geometry":{"type":"LineString","coordinates":[[-73.976018,40.684322],[-73.976059,40.684544]]}},{"type":"Feature","properties":{"lit":0.0889},"geometry":{"type":"LineString","coordinates":[[-73.976059,40.684544],[-73.976101,40.684766]]}},{"type":"Feature","properties":{"lit":0.0703},"geometry":{"type":"LineString","coordinates":[[-73.976101,40.684766],[-73.976142,40.684987]]}},{"type":"Feature","properties":{"lit":0.0374},"geometry":{"type":"LineString","coordinates":[[-73.976142,40.684987],[-73.976183,40.685209]]}},{"type":"Feature","properties":{"lit":0.0289},"geometry":{"type":"LineString","coordinates":[[-73.976183,40.685209],[-73.976201,40.685294]]}},{"type":"Feature","properties":{"lit":0.0434},"geometry":{"type":"LineString","coordinates":[[-73.976011,40.684282],[-73.976018,40.684322]]}},{"type":"Feature","properties":{"lit":0.1355},"geometry":{"type":"LineString","coordinates":[[-73.991332,40.685448],[-73.991419,40.685482]]}},{"type":"Feature","properties":{"lit":0.0989},"geometry":{"type":"LineString","coordinates":[[-73.991419,40.685482],[-73.991634,40.685565]]}},{"type":"Feature","properties":{"lit":0.0477},"geometry":{"type":"LineString","coordinates":[[-73.991634,40.685565],[-73.991848,40.685649]]}},{"type":"Feature","properties":{"lit":0.0567},"geometry":{"type":"LineString","coordinates":[[-73.968676,40.683998],[-73.968575,40.683959]]}},{"type":"Feature","properties":{"lit":0.0536},"geometry":{"type":"LineString","coordinates":[[-73.968575,40.683959],[-73.968559,40.683953]]}},{"type":"Feature","properties":{"lit":0.0434},"geometry":{"type":"LineString","coordinates":[[-73.968559,40.683953],[-73.968321,40.683861]]}},{"type":"Feature","properties":{"lit":0.0208},"geometry":{"type":"LineString","coordinates":[[-73.968321,40.683861],[-73.968084,40.683769]]}},{"type":"Feature","properties":{"lit":0.0434},"geometry":{"type":"LineString","coordinates":[[-73.904968,40.678722],[-73.904717,40.678751]]}},{"type":"Feature","properties":{"lit":0.0945},"geometry":{"type":"LineString","coordinates":[[-73.904717,40.678751],[-73.904467,40.67878]]}},{"type":"Feature","properties":{"lit":0.063},"geometry":{"type":"LineString","coordinates":[[-73.997197,40.688764],[-73.997124,40.688743]]}},{"type":"Feature","properties":{"lit":0.0815},"geometry":{"type":"LineString","coordinates":[[-73.997124,40.688743],[-73.996832,40.688661]]}},{"type":"Feature","properties":{"lit":0.1693},"geometry":{"type":"LineString","coordinates":[[-73.996832,40.688661],[-73.996541,40.68858]]}},{"type":"Feature","properties":{"lit":0.4433},"geometry":{"type":"LineString","coordinates":[[-73.996541,40.68858],[-73.996249,40.688498]]}},{"type":"Feature","properties":{"lit":0.8046},"geometry":{"type":"LineString","coordinates":[[-73.996249,40.688498],[-73.995991,40.688427]]}},{"type":"Feature","properties":{"lit":0.9292},"geometry":{"type":"LineString","coordinates":[[-73.995991,40.688427],[-73.995733,40.688356]]}},{"type":"Feature","properties":{"lit":0.7002},"geometry":{"type":"LineString","coordinates":[[-73.995733,40.688356],[-73.995474,40.688285]]}},{"type":"Feature","properties":{"lit":0.484},"geometry":{"type":"LineString","coordinates":[[-73.995474,40.688285],[-73.995427,40.688271]]}},{"type":"Feature","properties":{"lit":0.4304},"geometry":{"type":"LineString","coordinates":[[-73.995427,40.688271],[-73.995396,40.688263]]}},{"type":"Feature","properties":{"lit":0.3617},"geometry":{"type":"LineString","coordinates":[[-73.995396,40.688263],[-73.995321,40.688239]]}},{"type":"Feature","properties":{"lit":0.0424},"geometry":{"type":"LineString","coordinates":[[-73.973872,40.680598],[-73.974147,40.680656]]}},{"type":"Feature","properties":{"lit":0.0784},"geometry":{"type":"LineString","coordinates":[[-73.974147,40.680656],[-73.974422,40.680714]]}},{"type":"Feature","properties":{"lit":0.0895},"geometry":{"type":"LineString","coordinates":[[-73.974422,40.680714],[-73.974506,40.680731]]}},{"type":"Feature","properties":{"lit":0.0321},"geometry":{"type":"LineString","coordinates":[[-73.941395,40.682028],[-73.941128,40.682058]]}},{"type":"Feature","properties":{"lit":0.053},"geometry":{"type":"LineString","coordinates":[[-73.941128,40.682058],[-73.94086,40.682089]]}},{"type":"Feature","properties":{"lit":0.0614},"geometry":{"type":"LineString","coordinates":[[-73.94086,40.682089],[-73.940771,40.682099]]}},{"type":"Feature","properties":{"lit":0.0621},"geometry":{"type":"LineString","coordinates":[[-73.940771,40.682099],[-73.940678,40.68211]]}},{"type":"Feature","properties":{"lit":0.0556},"geometry":{"type":"LineString","coordinates":[[-73.940678,40.68211],[-73.940439,40.682138]]}},{"type":"Feature","properties":{"lit":0.0349},"geometry":{"type":"LineString","coordinates":[[-73.940439,40.682138],[-73.940199,40.682165]]}},{"type":"Feature","properties":{"lit":1.0},"geometry":{"type":"LineString","coordinates":[[-73.955729,40.681481],[-73.955687,40.681287]]}},{"type":"Feature","properties":{"lit":1.0},"geometry":{"type":"LineString","coordinates":[[-73.955687,40.681287],[-73.955677,40.681227]]}},{"type":"Feature","properties":{"lit":1.0},"geometry":{"type":"LineString","coordinates":[[-73.955677,40.681227],[-73.955661,40.681127]]}},{"type":"Feature","properties":{"lit":0.0422},"geometry":{"type":"LineString","coordinates":[[-73.986159,40.689009],[-73.986205,40.68894]]}},{"type":"Feature","properties":{"lit":0.0268},"geometry":{"type":"LineString","coordinates":[[-73.986205,40.68894],[-73.986366,40.688704]]}},{"type":"Feature","properties":{"lit":0.2156},"geometry":{"type":"LineString","coordinates":[[-73.973084,40.685764],[-73.972985,40.685724]]}},{"type":"Feature","properties":{"lit":0.1559},"geometry":{"type":"LineString","coordinates":[[-73.972985,40.685724],[-73.972875,40.68568]]}},{"type":"Feature","properties":{"lit":0.079},"geometry":{"type":"LineString","coordinates":[[-73.972875,40.68568],[-73.972636,40.685585]]}},{"type":"Feature","properties":{"lit":0.0237},"geometry":{"type":"LineString","coordinates":[[-73.972636,40.685585],[-73.972398,40.685489]]}},{"type":"Feature","properties":{"lit":0.0889},"geometry":{"type":"LineString","coordinates":[[-73.990903,40.686082],[-73.990826,40.686052]]}},{"type":"Feature","properties":{"lit":0.0821},"geometry":{"type":"LineString","coordinates":[[-73.990826,40.686052],[-73.990606,40.685966]]}},{"type":"Feature","properties":{"lit":0.0557},"geometry":{"type":"LineString","coordinates":[[-73.990606,40.685966],[-73.990387,40.68588]]}},{"type":"Feature","properties":{"lit":0.0261},"geometry":{"type":"LineString","coordinates":[[-73.990387,40.68588],[-73.990167,40.685794]]}},{"type":"Feature","properties":{"lit":0.0254},"geometry":{"type":"LineString","coordinates":[[-73.965082,40.684546],[-73.965191,40.684534]]}},{"type":"Feature","properties":{"lit":0.0207},"geometry":{"type":"LineString","coordinates":[[-73.965191,40.684534],[-73.965467,40.684502]]}},{"type":"Feature","properties":{"lit":0.1168},"geometry":{"type":"LineString","coordinates":[[-73.977362,40.686918],[-73.977299,40.686925]]}},{"type":"Feature","properties":{"lit":0.1992},"geometry":{"type":"LineString","coordinates":[[-73.977299,40.686925],[-73.976843,40.686967]]}},{"type":"Feature","properties":{"lit":0.044},"geometry":{"type":"LineString","coordinates":[[-73.979059,40.686725],[-73.978591,40.686777]]}},{"type":"Feature","properties":{"lit":0.0595},"geometry":{"type":"LineString","coordinates":[[-73.95352,40.681382],[-73.953534,40.681456]]}},{"type":"Feature","properties":{"lit":0.0391},"geometry":{"type":"LineString","coordinates":[[-73.953534,40.681456],[-73.953573,40.681654]]}},{"type":"Feature","properties":{"lit":0.0234},"geometry":{"type":"LineString","coordinates":[[-73.953573,40.681654],[-73.953611,40.681851]]}},{"type":"Feature","properties":{"lit":0.0294},"geometry":{"type":"LineString","coordinates":[[-73.956403,40.684801],[-73.95639,40.684731]]}},{"type":"Feature","properties":{"lit":0.059},"geometry":{"type":"LineString","coordinates":[[-73.95639,40.684731],[-73.95635,40.684534]]}},{"type":"Feature","properties":{"lit":0.1149},"geometry":{"type":"LineString","coordinates":[[-73.95635,40.684534],[-73.956311,40.684337]]}},{"type":"Feature","properties":{"lit":0.1591},"geometry":{"type":"LineString","coordinates":[[-73.956311,40.684337],[-73.956272,40.68414]]}},{"type":"Feature","properties":{"lit":0.1682},"geometry":{"type":"LineString","coordinates":[[-73.956272,40.68414],[-73.956257,40.684066]]}},{"type":"Feature","properties":{"lit":0.1317},"geometry":{"type":"LineString","coordinates":[[-73.953436,40.680965],[-73.953507,40.681317]]}},{"type":"Feature","properties":{"lit":0.0723},"geometry":{"type":"LineString","coordinates":[[-73.953507,40.681317],[-73.95352,40.681382]]}},{"type":"Feature","properties":{"lit":0.1757},"geometry":{"type":"LineString","coordinates":[[-73.961611,40.682375],[-73.961594,40.68229]]}},{"type":"Feature","properties":{"lit":0.1447},"geometry":{"type":"LineString","coordinates":[[-73.961594,40.68229],[-73.961555,40.682097]]}},{"type":"Feature","properties":{"lit":0.093},"geometry":{"type":"LineString","coordinates":[[-73.961555,40.682097],[-73.961517,40.681904]]}},{"type":"Feature","properties":{"lit":0.0698},"geometry":{"type":"LineString","coordinates":[[-73.961517,40.681904],[-73.961479,40.681711]]}},{"type":"Feature","properties":{"lit":0.0702},"geometry":{"type":"LineString","coordinates":[[-73.961479,40.681711],[-73.961441,40.681518]]}},{"type":"Feature","properties":{"lit":0.0678},"geometry":{"type":"LineString","coordinates":[[-73.961441,40.681518],[-73.961424,40.681434]]}},{"type":"Feature","properties":{"lit":0.0234},"geometry":{"type":"LineString","coordinates":[[-73.961316,40.680538],[-73.96139,40.680421]]}},{"type":"Feature","properties":{"lit":0.0631},"geometry":{"type":"LineString","coordinates":[[-73.961424,40.681434],[-73.961411,40.681365]]}},{"type":"Feature","properties":{"lit":0.0473},"geometry":{"type":"LineString","coordinates":[[-73.961411,40.681365],[-73.961367,40.681138]]}},{"type":"Feature","properties":{"lit":0.0221},"geometry":{"type":"LineString","coordinates":[[-73.961367,40.681138],[-73.961324,40.680911]]}},{"type":"Feature","properties":{"lit":0.0204},"geometry":{"type":"LineString","coordinates":[[-73.961281,40.680684],[-73.961291,40.680613]]}},{"type":"Feature","properties":{"lit":0.0224},"geometry":{"type":"LineString","coordinates":[[-73.961291,40.680613],[-73.961299,40.680565]]}},{"type":"Feature","properties":{"lit":0.0222},"geometry":{"type":"LineString","coordinates":[[-73.961299,40.680565],[-73.961316,40.680538]]}},{"type":"Feature","properties":{"lit":0.1654},"geometry":{"type":"LineString","coordinates":[[-73.956257,40.684066],[-73.956245,40.684005]]}},{"type":"Feature","properties":{"lit":0.1401},"geometry":{"type":"LineString","coordinates":[[-73.956245,40.684005],[-73.956188,40.683721]]}},{"type":"Feature","properties":{"lit":0.0669},"geometry":{"type":"LineString","coordinates":[[-73.956188,40.683721],[-73.956126,40.683411]]}},{"type":"Feature","properties":{"lit":0.0284},"geometry":{"type":"LineString","coordinates":[[-73.956126,40.683411],[-73.956112,40.683338]]}},{"type":"Feature","properties":{"lit":0.0237},"geometry":{"type":"LineString","coordinates":[[-73.956112,40.683338],[-73.956219,40.683326]]}},{"type":"Feature","properties":{"lit":0.0258},"geometry":{"type":"LineString","coordinates":[[-73.956219,40.683326],[-73.956286,40.683318]]}},{"type":"Feature","properties":{"lit":0.0266},"geometry":{"type":"LineString","coordinates":[[-73.956286,40.683318],[-73.956566,40.683286]]}},{"type":"Feature","properties":{"lit":0.0537},"geometry":{"type":"LineString","coordinates":[[-73.955844,40.681991],[-73.955833,40.681944]]}},{"type":"Feature","properties":{"lit":0.0877},"geometry":{"type":"LineString","coordinates":[[-73.955833,40.681944],[-73.955817,40.681869]]}},{"type":"Feature","properties":{"lit":0.1916},"geometry":{"type":"LineString","coordinates":[[-73.955817,40.681869],[-73.955785,40.681722]]}},{"type":"Feature","properties":{"lit":0.5561},"geometry":{"type":"LineString","coordinates":[[-73.955785,40.681722],[-73.955729,40.681481]]}},{"type":"Feature","properties":{"lit":0.0702},"geometry":{"type":"LineString","coordinates":[[-73.990459,40.686724],[-73.990421,40.68678]]}},{"type":"Feature","properties":{"lit":0.0485},"geometry":{"type":"LineString","coordinates":[[-73.990421,40.68678],[-73.99022,40.687085]]}},{"type":"Feature","properties":{"lit":0.0731},"geometry":{"type":"LineString","coordinates":[[-73.978591,40.686777],[-73.978346,40.686804]]}},{"type":"Feature","properties":{"lit":0.0788},"geometry":{"type":"LineString","coordinates":[[-73.978346,40.686804],[-73.97831,40.686808]]}},{"type":"Feature","properties":{"lit":0.032},"geometry":{"type":"LineString","coordinates":[[-73.991933,40.687311],[-73.992026,40.687348]]}},{"type":"Feature","properties":{"lit":0.0202},"geometry":{"type":"LineString","coordinates":[[-73.992614,40.687576],[-73.992892,40.687685]]}},{"type":"Feature","properties":{"lit":0.0378},"geometry":{"type":"LineString","coordinates":[[-73.992892,40.687685],[-73.99317,40.687793]]}},{"type":"Feature","properties":{"lit":0.0425},"geometry":{"type":"LineString","coordinates":[[-73.99317,40.687793],[-73.99326,40.687828]]}},{"type":"Feature","properties":{"lit":0.0306},"geometry":{"type":"LineString","coordinates":[[-73.969092,40.684273],[-73.969063,40.684153]]}},{"type":"Feature","properties":{"lit":0.4224},"geometry":{"type":"LineString","coordinates":[[-73.976843,40.686967],[-73.976634,40.686986]]}},{"type":"Feature","properties":{"lit":0.5803},"geometry":{"type":"LineString","coordinates":[[-73.976634,40.686986],[-73.976545,40.686994]]}},{"type":"Feature","properties":{"lit":0.0323},"geometry":{"type":"LineString","coordinates":[[-73.94653,40.681921],[-73.946569,40.682117]]}},{"type":"Feature","properties":{"lit":0.0383},"geometry":{"type":"LineString","coordinates":[[-73.946569,40.682117],[-73.946584,40.682187]]}},{"type":"Feature","properties":{"lit":0.0399},"geometry":{"type":"LineString","coordinates":[[-73.946584,40.682187],[-73.946598,40.68226]]}},{"type":"Feature","properties":{"lit":0.0367},"geometry":{"type":"LineString","coordinates":[[-73.946598,40.68226],[-73.946636,40.682456]]}},{"type":"Feature","properties":{"lit":0.0263},"geometry":{"type":"LineString","coordinates":[[-73.946636,40.682456],[-73.946675,40.682652]]}},{"type":"Feature","properties":{"lit":0.0213},"geometry":{"type":"LineString","coordinates":[[-73.946714,40.682848],[-73.946727,40.682914]]}},{"type":"Feature","properties":{"lit":0.1367},"geometry":{"type":"LineString","coordinates":[[-73.950009,40.682537],[-73.950114,40.682525]]}},{"type":"Feature","properties":{"lit":0.1418},"geometry":{"type":"LineString","coordinates":[[-73.950114,40.682525],[-73.950359,40.682496]]}},{"type":"Feature","properties":{"lit":0.1415},"geometry":{"type":"LineString","coordinates":[[-73.950359,40.682496],[-73.950603,40.682468]]}},{"type":"Feature","properties":{"lit":0.1455},"geometry":{"type":"LineString","coordinates":[[-73.950603,40.682468],[-73.950848,40.68244]]}},{"type":"Feature","properties":{"lit":0.1389},"geometry":{"type":"LineString","coordinates":[[-73.950848,40.68244],[-73.951092,40.682412]]}},{"type":"Feature","properties":{"lit":0.1042},"geometry":{"type":"LineString","coordinates":[[-73.951092,40.682412],[-73.951337,40.682384]]}},{"type":"Feature","properties":{"lit":0.0621},"geometry":{"type":"LineString","coordinates":[[-73.951337,40.682384],[-73.951581,40.682356]]}},{"type":"Feature","properties":{"lit":0.0311},"geometry":{"type":"LineString","coordinates":[[-73.951581,40.682356],[-73.951826,40.682328]]}},{"type":"Feature","properties":{"lit":0.0237},"geometry":{"type":"LineString","coordinates":[[-73.946727,40.682914],[-73.946742,40.682989]]}},{"type":"Feature","properties":{"lit":0.0364},"geometry":{"type":"LineString","coordinates":[[-73.946742,40.682989],[-73.946781,40.683187]]}},{"type":"Feature","properties":{"lit":0.0736},"geometry":{"type":"LineString","coordinates":[[-73.946781,40.683187],[-73.946821,40.683385]]}},{"type":"Feature","properties":{"lit":0.1161},"geometry":{"type":"LineString","coordinates":[[-73.946821,40.683385],[-73.946861,40.683584]]}},{"type":"Feature","properties":{"lit":0.1281},"geometry":{"type":"LineString","coordinates":[[-73.946861,40.683584],[-73.946873,40.683646]]}},{"type":"Feature","properties":{"lit":0.1255},"geometry":{"type":"LineString","coordinates":[[-73.946873,40.683646],[-73.946888,40.683718]]}},{"type":"Feature","properties":{"lit":0.1052},"geometry":{"type":"LineString","coordinates":[[-73.946888,40.683718],[-73.946927,40.683916]]}},{"type":"Feature","properties":{"lit":0.0571},"geometry":{"type":"LineString","coordinates":[[-73.946927,40.683916],[-73.946965,40.684114]]}},{"type":"Feature","properties":{"lit":0.0204},"geometry":{"type":"LineString","coordinates":[[-73.946965,40.684114],[-73.947004,40.684312]]}},{"type":"Feature","properties":{"lit":0.0207},"geometry":{"type":"LineString","coordinates":[[-73.956065,40.684839],[-73.956306,40.684812]]}},{"type":"Feature","properties":{"lit":0.0239},"geometry":{"type":"LineString","coordinates":[[-73.956306,40.684812],[-73.956403,40.684801]]}},{"type":"Feature","properties":{"lit":0.0239},"geometry":{"type":"LineString","coordinates":[[-73.956403,40.684801],[-73.956507,40.684789]]}},{"type":"Feature","properties":{"lit":0.0205},"geometry":{"type":"LineString","coordinates":[[-73.956507,40.684789],[-73.956761,40.68476]]}},{"type":"Feature","properties":{"lit":0.0325},"geometry":{"type":"LineString","coordinates":[[-73.977256,40.683762],[-73.977286,40.683802]]}},{"type":"Feature","properties":{"lit":0.047},"geometry":{"type":"LineString","coordinates":[[-73.977286,40.683802],[-73.977337,40.68387]]}},{"type":"Feature","properties":{"lit":0.0975},"geometry":{"type":"LineString","coordinates":[[-73.977337,40.68387],[-73.977476,40.684064]]}},{"type":"Feature","properties":{"lit":0.1942},"geometry":{"type":"LineString","coordinates":[[-73.977476,40.684064],[-73.977624,40.684274]]}},{"type":"Feature","properties":{"lit":0.2299},"geometry":{"type":"LineString","coordinates":[[-73.977624,40.684274],[-73.977677,40.684347]]}},{"type":"Feature","properties":{"lit":0.2246},"geometry":{"type":"LineString","coordinates":[[-73.977677,40.684347],[-73.977743,40.68444]]}},{"type":"Feature","properties":{"lit":0.164},"geometry":{"type":"LineString","coordinates":[[-73.977743,40.68444],[-73.977917,40.684683]]}},{"type":"Feature","properties":{"lit":0.0929},"geometry":{"type":"LineString","coordinates":[[-73.977917,40.684683],[-73.977953,40.684734]]}},{"type":"Feature","properties":{"lit":0.0716},"geometry":{"type":"LineString","coordinates":[[-73.977953,40.684734],[-73.97799,40.684785]]}},{"type":"Feature","properties":{"lit":0.046},"geometry":{"type":"LineString","coordinates":[[-73.97799,40.684785],[-73.978061,40.684885]]}},{"type":"Feature","properties":{"lit":0.021},"geometry":{"type":"LineString","coordinates":[[-73.968118,40.679345],[-73.96818,40.679359]]}},{"type":"Feature","properties":{"lit":0.0217},"geometry":{"type":"LineString","coordinates":[[-73.96818,40.679359],[-73.968187,40.679338]]}},{"type":"Feature","properties":{"lit":0.0247},"geometry":{"type":"LineString","coordinates":[[-73.968187,40.679338],[-73.968198,40.679305]]}},{"type":"Feature","properties":{"lit":0.0269},"geometry":{"type":"LineString","coordinates":[[-73.968198,40.679305],[-73.968165,40.679299]]}},{"type":"Feature","properties":{"lit":0.025},"geometry":{"type":"LineString","coordinates":[[-73.968165,40.679299],[-73.968154,40.679331]]}},{"type":"Feature","properties":{"lit":0.0224},"geometry":{"type":"LineString","coordinates":[[-73.968154,40.679331],[-73.968134,40.679343]]}},{"type":"Feature","properties":{"lit":0.0214},"geometry":{"type":"LineString","coordinates":[[-73.968134,40.679343],[-73.968118,40.679345]]}},{"type":"Feature","properties":{"lit":0.2556},"geometry":{"type":"LineString","coordinates":[[-73.964016,40.680148],[-73.964042,40.680186]]}},{"type":"Feature","properties":{"lit":0.2393},"geometry":{"type":"LineString","coordinates":[[-73.964042,40.680186],[-73.964104,40.6802]]}},{"type":"Feature","properties":{"lit":0.2302},"geometry":{"type":"LineString","coordinates":[[-73.964104,40.6802],[-73.964131,40.680204]]}},{"type":"Feature","properties":{"lit":0.2284},"geometry":{"type":"LineString","coordinates":[[-73.964131,40.680204],[-73.964139,40.6802]]}},{"type":"Feature","properties":{"lit":0.2446},"geometry":{"type":"LineString","coordinates":[[-73.964139,40.6802],[-73.964125,40.680142]]}},{"type":"Feature","properties":{"lit":0.2579},"geometry":{"type":"LineString","coordinates":[[-73.964125,40.680142],[-73.964091,40.680159]]}},{"type":"Feature","properties":{"lit":0.2558},"geometry":{"type":"LineString","coordinates":[[-73.964091,40.680159],[-73.96408,40.68016]]}},{"type":"Feature","properties":{"lit":0.2614},"geometry":{"type":"LineString","coordinates":[[-73.96408,40.68016],[-73.964016,40.680148]]}},{"type":"Feature","properties":{"lit":0.0274},"geometry":{"type":"LineString","coordinates":[[-73.964276,40.68079],[-73.964267,40.680785]]}},{"type":"Feature","properties":{"lit":0.0277},"geometry":{"type":"LineString","coordinates":[[-73.964267,40.680785],[-73.964257,40.680788]]}},{"type":"Feature","properties":{"lit":0.0273},"geometry":{"type":"LineString","coordinates":[[-73.964257,40.680788],[-73.964254,40.680794]]}},{"type":"Feature","properties":{"lit":0.021},"geometry":{"type":"LineString","coordinates":[[-73.964254,40.680794],[-73.964204,40.680926]]}},{"type":"Feature","properties":{"lit":0.8798},"geometry":{"type":"LineString","coordinates":[[-73.940501,40.68289],[-73.940829,40.682851]]}},{"type":"Feature","properties":{"lit":0.7488},"geometry":{"type":"LineString","coordinates":[[-73.940829,40.682851],[-73.940918,40.68284]]}},{"type":"Feature","properties":{"lit":0.6555},"geometry":{"type":"LineString","coordinates":[[-73.940918,40.68284],[-73.941007,40.682831]]}},{"type":"Feature","properties":{"lit":0.476},"geometry":{"type":"LineString","coordinates":[[-73.941007,40.682831],[-73.941242,40.682806]]}},{"type":"Feature","properties":{"lit":0.3227},"geometry":{"type":"LineString","coordinates":[[-73.949491,40.681852],[-73.949556,40.681844]]}},{"type":"Feature","properties":{"lit":0.3679},"geometry":{"type":"LineString","coordinates":[[-73.949556,40.681844],[-73.949687,40.681828]]}},{"type":"Feature","properties":{"lit":0.4157},"geometry":{"type":"LineString","coordinates":[[-73.949687,40.681828],[-73.949769,40.681818]]}},{"type":"Feature","properties":{"lit":0.4517},"geometry":{"type":"LineString","coordinates":[[-73.949769,40.681818],[-73.949863,40.681807]]}},{"type":"Feature","properties":{"lit":0.1033},"geometry":{"type":"LineString","coordinates":[[-73.953063,40.681435],[-73.953312,40.681406]]}},{"type":"Feature","properties":{"lit":0.0855},"geometry":{"type":"LineString","coordinates":[[-73.953312,40.681406],[-73.9534,40.681396]]}},{"type":"Feature","properties":{"lit":0.0731},"geometry":{"type":"LineString","coordinates":[[-73.9534,40.681396],[-73.95352,40.681382]]}},{"type":"Feature","properties":{"lit":0.4438},"geometry":{"type":"LineString","coordinates":[[-73.973373,40.685879],[-73.973394,40.685991]]}},{"type":"Feature","properties":{"lit":0.4397},"geometry":{"type":"LineString","coordinates":[[-73.973394,40.685991],[-73.973435,40.686199]]}},{"type":"Feature","properties":{"lit":0.3151},"geometry":{"type":"LineString","coordinates":[[-73.973435,40.686199],[-73.973475,40.686407]]}},{"type":"Feature","properties":{"lit":0.1545},"geometry":{"type":"LineString","coordinates":[[-73.973475,40.686407],[-73.973515,40.686615]]}},{"type":"Feature","properties":{"lit":0.0539},"geometry":{"type":"LineString","coordinates":[[-73.973515,40.686615],[-73.973555,40.686823]]}},{"type":"Feature","properties":{"lit":0.7612},"geometry":{"type":"LineString","coordinates":[[-73.964147,40.67976],[-73.964112,40.679571]]}},{"type":"Feature","properties":{"lit":0.9071},"geometry":{"type":"LineString","coordinates":[[-73.964112,40.679571],[-73.964091,40.679459]]}},{"type":"Feature","properties":{"lit":0.9141},"geometry":{"type":"LineString","coordinates":[[-73.964091,40.679459],[-73.964073,40.679379]]}},{"type":"Feature","properties":{"lit":0.1849},"geometry":{"type":"LineString","coordinates":[[-73.964251,40.680305],[-73.964236,40.680236]]}},{"type":"Feature","properties":{"lit":0.0201},"geometry":{"type":"LineString","coordinates":[[-73.956012,40.68335],[-73.956112,40.683338]]}},{"type":"Feature","properties":{"lit":0.0422},"geometry":{"type":"LineString","coordinates":[[-73.946584,40.682187],[-73.94668,40.682177]]}},{"type":"Feature","properties":{"lit":0.065},"geometry":{"type":"LineString","coordinates":[[-73.94668,40.682177],[-73.94708,40.682134]]}},{"type":"Feature","properties":{"lit":0.0973},"geometry":{"type":"LineString","coordinates":[[-73.94708,40.682134],[-73.947321,40.682106]]}},{"type":"Feature","properties":{"lit":0.1137},"geometry":{"type":"LineString","coordinates":[[-73.947321,40.682106],[-73.947563,40.682078]]}},{"type":"Feature","properties":{"lit":0.1286},"geometry":{"type":"LineString","coordinates":[[-73.947563,40.682078],[-73.947804,40.68205]]}},{"type":"Feature","properties":{"lit":0.1523},"geometry":{"type":"LineString","coordinates":[[-73.947804,40.68205],[-73.948045,40.682021]]}},{"type":"Feature","properties":{"lit":0.1815},"geometry":{"type":"LineString","coordinates":[[-73.948045,40.682021],[-73.948286,40.681993]]}},{"type":"Feature","properties":{"lit":0.2013},"geometry":{"type":"LineString","coordinates":[[-73.948286,40.681993],[-73.948527,40.681965]]}},{"type":"Feature","properties":{"lit":0.1972},"geometry":{"type":"LineString","coordinates":[[-73.948527,40.681965],[-73.948768,40.681937]]}},{"type":"Feature","properties":{"lit":0.1852},"geometry":{"type":"LineString","coordinates":[[-73.948768,40.681937],[-73.949009,40.681908]]}},{"type":"Feature","properties":{"lit":0.2026},"geometry":{"type":"LineString","coordinates":[[-73.949009,40.681908],[-73.94925,40.68188]]}},{"type":"Feature","properties":{"lit":0.2625},"geometry":{"type":"LineString","coordinates":[[-73.94925,40.68188],[-73.949491,40.681852]]}},{"type":"Feature","properties":{"lit":0.0393},"geometry":{"type":"LineString","coordinates":[[-73.946188,40.682234],[-73.94649,40.682198]]}},{"type":"Feature","properties":{"lit":0.0373},"geometry":{"type":"LineString","coordinates":[[-73.94649,40.682198],[-73.946584,40.682187]]}},{"type":"Feature","properties":{"lit":0.0791},"geometry":{"type":"LineString","coordinates":[[-73.944104,40.682475],[-73.944365,40.682445]]}},{"type":"Feature","properties":{"lit":0.0713},"geometry":{"type":"LineString","coordinates":[[-73.944365,40.682445],[-73.944625,40.682415]]}},{"type":"Feature","properties":{"lit":0.0602},"geometry":{"type":"LineString","coordinates":[[-73.944625,40.682415],[-73.944886,40.682384]]}},{"type":"Feature","properties":{"lit":0.0434},"geometry":{"type":"LineString","coordinates":[[-73.944886,40.682384],[-73.945146,40.682354]]}},{"type":"Feature","properties":{"lit":0.0383},"geometry":{"type":"LineString","coordinates":[[-73.945146,40.682354],[-73.945407,40.682324]]}},{"type":"Feature","properties":{"lit":0.0507},"geometry":{"type":"LineString","coordinates":[[-73.945407,40.682324],[-73.945667,40.682294]]}},{"type":"Feature","properties":{"lit":0.0622},"geometry":{"type":"LineString","coordinates":[[-73.945667,40.682294],[-73.945928,40.682264]]}},{"type":"Feature","properties":{"lit":0.0569},"geometry":{"type":"LineString","coordinates":[[-73.945928,40.682264],[-73.946188,40.682234]]}},{"type":"Feature","properties":{"lit":0.1087},"geometry":{"type":"LineString","coordinates":[[-73.943747,40.682513],[-73.943848,40.682502]]}},{"type":"Feature","properties":{"lit":0.0961},"geometry":{"type":"LineString","coordinates":[[-73.943848,40.682502],[-73.944104,40.682475]]}},{"type":"Feature","properties":{"lit":0.2709},"geometry":{"type":"LineString","coordinates":[[-73.941242,40.682806],[-73.941479,40.682778]]}},{"type":"Feature","properties":{"lit":0.1665},"geometry":{"type":"LineString","coordinates":[[-73.941479,40.682778],[-73.941717,40.68275]]}},{"type":"Feature","properties":{"lit":0.1206},"geometry":{"type":"LineString","coordinates":[[-73.941717,40.68275],[-73.941954,40.682723]]}},{"type":"Feature","properties":{"lit":0.1152},"geometry":{"type":"LineString","coordinates":[[-73.941954,40.682723],[-73.942191,40.682695]]}},{"type":"Feature","properties":{"lit":0.1121},"geometry":{"type":"LineString","coordinates":[[-73.942191,40.682695],[-73.942429,40.682668]]}},{"type":"Feature","properties":{"lit":0.1085},"geometry":{"type":"LineString","coordinates":[[-73.942429,40.682668],[-73.942666,40.68264]]}},{"type":"Feature","properties":{"lit":0.1029},"geometry":{"type":"LineString","coordinates":[[-73.942666,40.68264],[-73.942903,40.682613]]}},{"type":"Feature","properties":{"lit":0.0972},"geometry":{"type":"LineString","coordinates":[[-73.942903,40.682613],[-73.94314,40.682585]]}},{"type":"Feature","properties":{"lit":0.1014},"geometry":{"type":"LineString","coordinates":[[-73.94314,40.682585],[-73.943378,40.682558]]}},{"type":"Feature","properties":{"lit":0.0408},"geometry":{"type":"LineString","coordinates":[[-73.939492,40.683006],[-73.939744,40.682977]]}},{"type":"Feature","properties":{"lit":0.1589},"geometry":{"type":"LineString","coordinates":[[-73.939744,40.682977],[-73.939996,40.682948]]}},{"type":"Feature","properties":{"lit":0.4161},"geometry":{"type":"LineString","coordinates":[[-73.939996,40.682948],[-73.940249,40.682919]]}},{"type":"Feature","properties":{"lit":0.7343},"geometry":{"type":"LineString","coordinates":[[-73.940249,40.682919],[-73.940501,40.68289]]}},{"type":"Feature","properties":{"lit":0.1612},"geometry":{"type":"LineString","coordinates":[[-73.956257,40.684066],[-73.956163,40.684077]]}},{"type":"Feature","properties":{"lit":0.1274},"geometry":{"type":"LineString","coordinates":[[-73.956163,40.684077],[-73.955919,40.684105]]}},{"type":"Feature","properties":{"lit":0.0677},"geometry":{"type":"LineString","coordinates":[[-73.955919,40.684105],[-73.955675,40.684133]]}},{"type":"Feature","properties":{"lit":0.0254},"geometry":{"type":"LineString","coordinates":[[-73.955675,40.684133],[-73.955431,40.684161]]}},{"type":"Feature","properties":{"lit":0.0962},"geometry":{"type":"LineString","coordinates":[[-73.90406,40.679218],[-73.903973,40.679306]]}},{"type":"Feature","properties":{"lit":0.082},"geometry":{"type":"LineString","coordinates":[[-73.903973,40.679306],[-73.903937,40.679341]]}},{"type":"Feature","properties":{"lit":0.0761},"geometry":{"type":"LineString","coordinates":[[-73.903937,40.679341],[-73.90392,40.679359]]}},{"type":"Feature","properties":{"lit":0.0595},"geometry":{"type":"LineString","coordinates":[[-73.90392,40.679359],[-73.903789,40.67949]]}},{"type":"Feature","properties":{"lit":0.032},"geometry":{"type":"LineString","coordinates":[[-73.903789,40.67949],[-73.903642,40.679638]]}},{"type":"Feature","properties":{"lit":0.0596},"geometry":{"type":"LineString","coordinates":[[-73.967956,40.68019],[-73.967823,40.680162]]}},{"type":"Feature","properties":{"lit":0.0586},"geometry":{"type":"LineString","coordinates":[[-73.967823,40.680162],[-73.967591,40.680113]]}},{"type":"Feature","properties":{"lit":0.0417},"geometry":{"type":"LineString","coordinates":[[-73.967591,40.680113],[-73.967358,40.680065]]}},{"type":"Feature","properties":{"lit":0.0207},"geometry":{"type":"LineString","coordinates":[[-73.967358,40.680065],[-73.967126,40.680016]]}},{"type":"Feature","properties":{"lit":0.0257},"geometry":{"type":"LineString","coordinates":[[-73.965733,40.679725],[-73.965501,40.679677]]}},{"type":"Feature","properties":{"lit":0.0648},"geometry":{"type":"LineString","coordinates":[[-73.965501,40.679677],[-73.965198,40.679613]]}},{"type":"Feature","properties":{"lit":0.1059},"geometry":{"type":"LineString","coordinates":[[-73.965198,40.679613],[-73.965157,40.679605]]}},{"type":"Feature","properties":{"lit":0.1276},"geometry":{"type":"LineString","coordinates":[[-73.965157,40.679605],[-73.965067,40.679586]]}},{"type":"Feature","properties":{"lit":0.1679},"geometry":{"type":"LineString","coordinates":[[-73.965067,40.679586],[-73.964971,40.679566]]}},{"type":"Feature","properties":{"lit":0.289},"geometry":{"type":"LineString","coordinates":[[-73.964971,40.679566],[-73.964716,40.679513]]}},{"type":"Feature","properties":{"lit":0.5864},"geometry":{"type":"LineString","coordinates":[[-73.964716,40.679513],[-73.964461,40.67946]]}},{"type":"Feature","properties":{"lit":0.8834},"geometry":{"type":"LineString","coordinates":[[-73.964461,40.67946],[-73.964205,40.679406]]}},{"type":"Feature","properties":{"lit":0.9272},"geometry":{"type":"LineString","coordinates":[[-73.964205,40.679406],[-73.964073,40.679379]]}},{"type":"Feature","properties":{"lit":0.2569},"geometry":{"type":"LineString","coordinates":[[-73.949715,40.681069],[-73.949701,40.681008]]}},{"type":"Feature","properties":{"lit":0.3303},"geometry":{"type":"LineString","coordinates":[[-73.949701,40.681008],[-73.949642,40.680747]]}},{"type":"Feature","properties":{"lit":0.509},"geometry":{"type":"LineString","coordinates":[[-73.949642,40.680747],[-73.949583,40.680486]]}},{"type":"Feature","properties":{"lit":0.5512},"geometry":{"type":"LineString","coordinates":[[-73.949583,40.680486],[-73.949555,40.680391]]}},{"type":"Feature","properties":{"lit":0.0582},"geometry":{"type":"LineString","coordinates":[[-73.990969,40.686937],[-73.991092,40.686988]]}},{"type":"Feature","properties":{"lit":0.0602},"geometry":{"type":"LineString","coordinates":[[-73.991092,40.686988],[-73.991372,40.687096]]}},{"type":"Feature","properties":{"lit":0.0674},"geometry":{"type":"LineString","coordinates":[[-73.991372,40.687096],[-73.991653,40.687203]]}},{"type":"Feature","properties":{"lit":0.0511},"geometry":{"type":"LineString","coordinates":[[-73.991653,40.687203],[-73.991933,40.687311]]}},{"type":"Feature","properties":{"lit":0.1298},"geometry":{"type":"LineString","coordinates":[[-73.977025,40.6852],[-73.977097,40.685192]]}},{"type":"Feature","properties":{"lit":0.119},"geometry":{"type":"LineString","coordinates":[[-73.977097,40.685192],[-73.977448,40.685152]]}},{"type":"Feature","properties":{"lit":0.058},"geometry":{"type":"LineString","coordinates":[[-73.977448,40.685152],[-73.977798,40.685112]]}},{"type":"Feature","properties":{"lit":0.0292},"geometry":{"type":"LineString","coordinates":[[-73.977798,40.685112],[-73.977856,40.685108]]}},{"type":"Feature","properties":{"lit":0.0239},"geometry":{"type":"LineString","coordinates":[[-73.977856,40.685108],[-73.977896,40.685108]]}},{"type":"Feature","properties":{"lit":0.0206},"geometry":{"type":"LineString","coordinates":[[-73.977896,40.685108],[-73.977915,40.685113]]}},{"type":"Feature","properties":{"lit":0.0215},"geometry":{"type":"LineString","coordinates":[[-73.978105,40.68613],[-73.978136,40.686339]]}},{"type":"Feature","properties":{"lit":0.0374},"geometry":{"type":"LineString","coordinates":[[-73.978136,40.686339],[-73.978167,40.686547]]}},{"type":"Feature","properties":{"lit":0.0588},"geometry":{"type":"LineString","coordinates":[[-73.978167,40.686547],[-73.978198,40.686756]]}},{"type":"Feature","properties":{"lit":0.1058},"geometry":{"type":"LineString","coordinates":[[-73.978227,40.686966],[-73.978261,40.687207]]}},{"type":"Feature","properties":{"lit":0.1035},"geometry":{"type":"LineString","coordinates":[[-73.978261,40.687207],[-73.978294,40.687448]]}},{"type":"Feature","properties":{"lit":0.0265},"geometry":{"type":"LineString","coordinates":[[-73.975979,40.684103],[-73.976011,40.684282]]}},{"type":"Feature","properties":{"lit":0.1035},"geometry":{"type":"LineString","coordinates":[[-73.959193,40.679961],[-73.958934,40.679907]]}},{"type":"Feature","properties":{"lit":0.2043},"geometry":{"type":"LineString","coordinates":[[-73.958934,40.679907],[-73.958674,40.679852]]}},{"type":"Feature","properties":{"lit":0.333},"geometry":{"type":"LineString","coordinates":[[-73.958674,40.679852],[-73.958414,40.679798]]}},{"type":"Feature","properties":{"lit":0.391},"geometry":{"type":"LineString","coordinates":[[-73.958414,40.679798],[-73.958314,40.679778]]}},{"type":"Feature","properties":{"lit":0.0306},"geometry":{"type":"LineString","coordinates":[[-73.962832,40.680855],[-73.96307,40.680904]]}},{"type":"Feature","properties":{"lit":0.0524},"geometry":{"type":"LineString","coordinates":[[-73.96307,40.680904],[-73.963307,40.680954]]}},{"type":"Feature","properties":{"lit":0.0604},"geometry":{"type":"LineString","coordinates":[[-73.960472,40.680359],[-73.960723,40.680413]]}},{"type":"Feature","properties":{"lit":0.0618},"geometry":{"type":"LineString","coordinates":[[-73.960723,40.680413],[-73.960973,40.680467]]}},{"type":"Feature","properties":{"lit":0.0425},"geometry":{"type":"LineString","coordinates":[[-73.960973,40.680467],[-73.961224,40.680521]]}},{"type":"Feature","properties":{"lit":0.0259},"geometry":{"type":"LineString","coordinates":[[-73.961224,40.680521],[-73.961316,40.680538]]}},{"type":"Feature","properties":{"lit":0.0341},"geometry":{"type":"LineString","coordinates":[[-73.968366,40.680275],[-73.968095,40.680219]]}},{"type":"Feature","properties":{"lit":0.0523},"geometry":{"type":"LineString","coordinates":[[-73.968095,40.680219],[-73.967956,40.68019]]}},{"type":"Feature","properties":{"lit":0.022},"geometry":{"type":"LineString","coordinates":[[-73.978306,40.68425],[-73.978297,40.684263]]}},{"type":"Feature","properties":{"lit":0.0229},"geometry":{"type":"LineString","coordinates":[[-73.978297,40.684263],[-73.978292,40.684265]]}},{"type":"Feature","properties":{"lit":0.0233},"geometry":{"type":"LineString","coordinates":[[-73.978292,40.684265],[-73.978286,40.684266]]}},{"type":"Feature","properties":{"lit":0.0251},"geometry":{"type":"LineString","coordinates":[[-73.978286,40.684266],[-73.978228,40.684238]]}},{"type":"Feature","properties":{"lit":0.0258},"geometry":{"type":"LineString","coordinates":[[-73.978228,40.684238],[-73.978238,40.684227]]}},{"type":"Feature","properties":{"lit":0.0855},"geometry":{"type":"LineString","coordinates":[[-73.978208,40.68682],[-73.978219,40.686909]]}},{"type":"Feature","properties":{"lit":0.0936},"geometry":{"type":"LineString","coordinates":[[-73.978219,40.686909],[-73.978227,40.686966]]}},{"type":"Feature","properties":{"lit":0.0402},"geometry":{"type":"LineString","coordinates":[[-73.922012,40.679226],[-73.921959,40.679075]]}},{"type":"Feature","properties":{"lit":0.479},"geometry":{"type":"LineString","coordinates":[[-73.958358,40.679657],[-73.958348,40.679686]]}},{"type":"Feature","properties":{"lit":0.4295},"geometry":{"type":"LineString","coordinates":[[-73.958348,40.679686],[-73.958314,40.679778]]}},{"type":"Feature","properties":{"lit":0.5332},"geometry":{"type":"LineString","coordinates":[[-73.958381,40.679587],[-73.958358,40.679657]]}},{"type":"Feature","properties":{"lit":0.0257},"geometry":{"type":"LineString","coordinates":[[-73.946727,40.682914],[-73.946827,40.682903]]}},{"type":"Feature","properties":{"lit":0.0391},"geometry":{"type":"LineString","coordinates":[[-73.946827,40.682903],[-73.947064,40.682875]]}},{"type":"Feature","properties":{"lit":0.0609},"geometry":{"type":"LineString","coordinates":[[-73.947064,40.682875],[-73.947301,40.682848]]}},{"type":"Feature","properties":{"lit":0.0719},"geometry":{"type":"LineString","coordinates":[[-73.947301,40.682848],[-73.947538,40.682821]]}},{"type":"Feature","properties":{"lit":0.0631},"geometry":{"type":"LineString","coordinates":[[-73.947538,40.682821],[-73.947775,40.682793]]}},{"type":"Feature","properties":{"lit":0.0419},"geometry":{"type":"LineString","coordinates":[[-73.947775,40.682793],[-73.948013,40.682766]]}},{"type":"Feature","properties":{"lit":0.0243},"geometry":{"type":"LineString","coordinates":[[-73.948013,40.682766],[-73.94825,40.682739]]}},{"type":"Feature","properties":{"lit":0.0324},"geometry":{"type":"LineString","coordinates":[[-73.949198,40.68263],[-73.949436,40.682602]]}},{"type":"Feature","properties":{"lit":0.0656},"geometry":{"type":"LineString","coordinates":[[-73.949436,40.682602],[-73.949673,40.682575]]}},{"type":"Feature","properties":{"lit":0.1045},"geometry":{"type":"LineString","coordinates":[[-73.949673,40.682575],[-73.94991,40.682548]]}},{"type":"Feature","properties":{"lit":0.1276},"geometry":{"type":"LineString","coordinates":[[-73.94991,40.682548],[-73.950009,40.682537]]}},{"type":"Feature","properties":{"lit":0.0402},"geometry":{"type":"LineString","coordinates":[[-73.997069,40.689028],[-73.997152,40.688855]]}},{"type":"Feature","properties":{"lit":0.0547},"geometry":{"type":"LineString","coordinates":[[-73.997152,40.688855],[-73.997175,40.688807]]}},{"type":"Feature","properties":{"lit":0.0595},"geometry":{"type":"LineString","coordinates":[[-73.997175,40.688807],[-73.997197,40.688764]]}},{"type":"Feature","properties":{"lit":0.0638},"geometry":{"type":"LineString","coordinates":[[-73.997197,40.688764],[-73.99723,40.688694]]}},{"type":"Feature","properties":{"lit":0.0646},"geometry":{"type":"LineString","coordinates":[[-73.99723,40.688694],[-73.997326,40.688481]]}},{"type":"Feature","properties":{"lit":0.0432},"geometry":{"type":"LineString","coordinates":[[-73.997326,40.688481],[-73.997429,40.688268]]}},{"type":"Feature","properties":{"lit":0.0247},"geometry":{"type":"LineString","coordinates":[[-73.997429,40.688268],[-73.997532,40.688054]]}},{"type":"Feature","properties":{"lit":0.03},"geometry":{"type":"LineString","coordinates":[[-73.997532,40.688054],[-73.997557,40.688002]]}},{"type":"Feature","properties":{"lit":0.035},"geometry":{"type":"LineString","coordinates":[[-73.997557,40.688002],[-73.997572,40.687971]]}},{"type":"Feature","properties":{"lit":0.055},"geometry":{"type":"LineString","coordinates":[[-73.997572,40.687971],[-73.997664,40.687784]]}},{"type":"Feature","properties":{"lit":0.1046},"geometry":{"type":"LineString","coordinates":[[-73.997664,40.687784],[-73.997755,40.687598]]}},{"type":"Feature","properties":{"lit":0.1464},"geometry":{"type":"LineString","coordinates":[[-73.997755,40.687598],[-73.997844,40.687418]]}},{"type":"Feature","properties":{"lit":0.1535},"geometry":{"type":"LineString","coordinates":[[-73.997844,40.687418],[-73.997873,40.687358]]}},{"type":"Feature","properties":{"lit":0.1503},"geometry":{"type":"LineString","coordinates":[[-73.997873,40.687358],[-73.997894,40.687315]]}},{"type":"Feature","properties":{"lit":0.1311},"geometry":{"type":"LineString","coordinates":[[-73.997894,40.687315],[-73.997981,40.687133]]}},{"type":"Feature","properties":{"lit":0.0808},"geometry":{"type":"LineString","coordinates":[[-73.997981,40.687133],[-73.998069,40.68695]]}},{"type":"Feature","properties":{"lit":0.0355},"geometry":{"type":"LineString","coordinates":[[-73.998069,40.68695],[-73.998157,40.686767]]}},{"type":"Feature","properties":{"lit":1.0},"geometry":{"type":"LineString","coordinates":[[-73.975499,40.68673],[-73.975419,40.686694]]}},{"type":"Feature","properties":{"lit":1.0},"geometry":{"type":"LineString","coordinates":[[-73.975419,40.686694],[-73.975369,40.686678]]}},{"type":"Feature","properties":{"lit":1.0},"geometry":{"type":"LineString","coordinates":[[-73.975369,40.686678],[-73.975151,40.68659]]}},{"type":"Feature","properties":{"lit":1.0},"geometry":{"type":"LineString","coordinates":[[-73.975151,40.68659],[-73.974933,40.686503]]}},{"type":"Feature","properties":{"lit":1.0},"geometry":{"type":"LineString","coordinates":[[-73.974933,40.686503],[-73.974714,40.686416]]}},{"type":"Feature","properties":{"lit":0.8156},"geometry":{"type":"LineString","coordinates":[[-73.974714,40.686416],[-73.974547,40.686349]]}},{"type":"Feature","properties":{"lit":0.715},"geometry":{"type":"LineString","coordinates":[[-73.974547,40.686349],[-73.974446,40.686309]]}},{"type":"Feature","properties":{"lit":0.5905},"geometry":{"type":"LineString","coordinates":[[-73.964779,40.68304],[-73.964673,40.683018]]}},{"type":"Feature","properties":{"lit":0.5101},"geometry":{"type":"LineString","coordinates":[[-73.964673,40.683018],[-73.964414,40.682964]]}},{"type":"Feature","properties":{"lit":0.3226},"geometry":{"type":"LineString","coordinates":[[-73.964414,40.682964],[-73.964092,40.682896]]}},{"type":"Feature","properties":{"lit":0.1996},"geometry":{"type":"LineString","coordinates":[[-73.964092,40.682896],[-73.963769,40.682828]]}},{"type":"Feature","properties":{"lit":0.1988},"geometry":{"type":"LineString","coordinates":[[-73.963769,40.682828],[-73.963664,40.682807]]}},{"type":"Feature","properties":{"lit":1.0},"geometry":{"type":"LineString","coordinates":[[-73.955582,40.680681],[-73.955534,40.680438]]}},{"type":"Feature","properties":{"lit":0.979},"geometry":{"type":"LineString","coordinates":[[-73.955534,40.680438],[-73.955486,40.680195]]}},{"type":"Feature","properties":{"lit":0.0237},"geometry":{"type":"LineString","coordinates":[[-73.978594,40.686451],[-73.978611,40.686569]]}},{"type":"Feature","properties":{"lit":0.0298},"geometry":{"type":"LineString","coordinates":[[-73.978611,40.686569],[-73.978628,40.686568]]}},{"type":"Feature","properties":{"lit":0.033},"geometry":{"type":"LineString","coordinates":[[-73.978628,40.686568],[-73.978637,40.686626]]}},{"type":"Feature","properties":{"lit":0.0308},"geometry":{"type":"LineString","coordinates":[[-73.978637,40.686626],[-73.978817,40.686609]]}},{"type":"Feature","properties":{"lit":0.0211},"geometry":{"type":"LineString","coordinates":[[-73.979075,40.686685],[-73.97906,40.686692]]}},{"type":"Feature","properties":{"lit":0.0244},"geometry":{"type":"LineString","coordinates":[[-73.97906,40.686692],[-73.978981,40.686701]]}},{"type":"Feature","properties":{"lit":0.0395},"geometry":{"type":"LineString","coordinates":[[-73.978981,40.686701],[-73.978663,40.686742]]}},{"type":"Feature","properties":{"lit":0.0568},"geometry":{"type":"LineString","coordinates":[[-73.978663,40.686742],[-73.978578,40.686744]]}},{"type":"Feature","properties":{"lit":0.0686},"geometry":{"type":"LineString","coordinates":[[-73.978578,40.686744],[-73.978308,40.686776]]}},{"type":"Feature","properties":{"lit":0.0732},"geometry":{"type":"LineString","coordinates":[[-73.978308,40.686776],[-73.978294,40.686768]]}},{"type":"Feature","properties":{"lit":0.0715},"geometry":{"type":"LineString","coordinates":[[-73.978294,40.686768],[-73.978281,40.686752]]}},{"type":"Feature","properties":{"lit":0.0699},"geometry":{"type":"LineString","coordinates":[[-73.978281,40.686752],[-73.978282,40.686745]]}},{"type":"Feature","properties":{"lit":0.0506},"geometry":{"type":"LineString","coordinates":[[-73.978282,40.686745],[-73.978237,40.686463]]}},{"type":"Feature","properties":{"lit":0.0333},"geometry":{"type":"LineString","coordinates":[[-73.978237,40.686463],[-73.978263,40.686462]]}},{"type":"Feature","properties":{"lit":0.0316},"geometry":{"type":"LineString","coordinates":[[-73.978263,40.686462],[-73.978294,40.68646]]}},{"type":"Feature","properties":{"lit":0.0289},"geometry":{"type":"LineString","coordinates":[[-73.978294,40.68646],[-73.978355,40.686456]]}},{"type":"Feature","properties":{"lit":0.0308},"geometry":{"type":"LineString","coordinates":[[-73.978355,40.686456],[-73.978362,40.686502]]}},{"type":"Feature","properties":{"lit":0.0309},"geometry":{"type":"LineString","coordinates":[[-73.978362,40.686502],[-73.978444,40.686493]]}},{"type":"Feature","properties":{"lit":0.0316},"geometry":{"type":"LineString","coordinates":[[-73.978444,40.686493],[-73.978454,40.686547]]}},{"type":"Feature","properties":{"lit":0.0319},"geometry":{"type":"LineString","coordinates":[[-73.978454,40.686547],[-73.978563,40.686541]]}},{"type":"Feature","properties":{"lit":0.0242},"geometry":{"type":"LineString","coordinates":[[-73.978563,40.686541],[-73.978551,40.686454]]}},{"type":"Feature","properties":{"lit":0.0204},"geometry":{"type":"LineString","coordinates":[[-73.975112,40.680834],[-73.975223,40.680842]]}},{"type":"Feature","properties":{"lit":0.098},"geometry":{"type":"LineString","coordinates":[[-73.977594,40.684109],[-73.977414,40.683899]]}},{"type":"Feature","properties":{"lit":0.0373},"geometry":{"type":"LineString","coordinates":[[-73.977414,40.683899],[-73.977293,40.683731]]}},{"type":"Feature","properties":{"lit":0.0762},"geometry":{"type":"LineString","coordinates":[[-73.978198,40.686756],[-73.978208,40.68682]]}},{"type":"Feature","properties":{"lit":0.0598},"geometry":{"type":"LineString","coordinates":[[-73.972787,40.682937],[-73.97295,40.682972]]}},{"type":"Feature","properties":{"lit":0.0508},"geometry":{"type":"LineString","coordinates":[[-73.95319,40.679754],[-73.953205,40.67983]]}},{"type":"Feature","properties":{"lit":0.0328},"geometry":{"type":"LineString","coordinates":[[-73.953177,40.679691],[-73.95319,40.679754]]}},{"type":"Feature","properties":{"lit":0.0463},"geometry":{"type":"LineString","coordinates":[[-73.972358,40.682848],[-73.972787,40.682937]]}},{"type":"Feature","properties":{"lit":0.022},"geometry":{"type":"LineString","coordinates":[[-73.938499,40.685288],[-73.93846,40.685093]]}},{"type":"Feature","properties":{"lit":0.061},"geometry":{"type":"LineString","coordinates":[[-73.93846,40.685093],[-73.938421,40.684898]]}},{"type":"Feature","properties":{"lit":0.1072},"geometry":{"type":"LineString","coordinates":[[-73.938421,40.684898],[-73.938381,40.684702]]}},{"type":"Feature","properties":{"lit":0.1245},"geometry":{"type":"LineString","coordinates":[[-73.938381,40.684702],[-73.938366,40.684627]]}},{"type":"Feature","properties":{"lit":0.1245},"geometry":{"type":"LineString","coordinates":[[-73.938366,40.684627],[-73.938354,40.684564]]}},{"type":"Feature","properties":{"lit":0.1084},"geometry":{"type":"LineString","coordinates":[[-73.938354,40.684564],[-73.938315,40.684368]]}},{"type":"Feature","properties":{"lit":0.062},"geometry":{"type":"LineString","coordinates":[[-73.938315,40.684368],[-73.938276,40.68417]]}},{"type":"Feature","properties":{"lit":0.0224},"geometry":{"type":"LineString","coordinates":[[-73.938276,40.68417],[-73.938236,40.683971]]}},{"type":"Feature","properties":{"lit":0.0425},"geometry":{"type":"LineString","coordinates":[[-73.974744,40.68019],[-73.97469,40.680115]]}},{"type":"Feature","properties":{"lit":0.0278},"geometry":{"type":"LineString","coordinates":[[-73.97469,40.680115],[-73.97454,40.679921]]}},{"type":"Feature","properties":{"lit":0.0252},"geometry":{"type":"LineString","coordinates":[[-73.96139,40.680421],[-73.961444,40.680334]]}},{"type":"Feature","properties":{"lit":0.0371},"geometry":{"type":"LineString","coordinates":[[-73.961444,40.680334],[-73.961513,40.680146]]}},{"type":"Feature","properties":{"lit":0.0771},"geometry":{"type":"LineString","coordinates":[[-73.961513,40.680146],[-73.961582,40.679959]]}},{"type":"Feature","properties":{"lit":0.1302},"geometry":{"type":"LineString","coordinates":[[-73.961582,40.679959],[-73.96165,40.679772]]}},{"type":"Feature","properties":{"lit":0.1586},"geometry":{"type":"LineString","coordinates":[[-73.96165,40.679772],[-73.961676,40.679701]]}},{"type":"Feature","properties":{"lit":0.0272},"geometry":{"type":"LineString","coordinates":[[-73.96139,40.680421],[-73.961303,40.680402]]}},{"type":"Feature","properties":{"lit":0.0412},"geometry":{"type":"LineString","coordinates":[[-73.961303,40.680402],[-73.961069,40.680353]]}},{"type":"Feature","properties":{"lit":0.0598},"geometry":{"type":"LineString","coordinates":[[-73.961069,40.680353],[-73.960834,40.680304]]}},{"type":"Feature","properties":{"lit":0.0652},"geometry":{"type":"LineString","coordinates":[[-73.960834,40.680304],[-73.9606,40.680255]]}},{"type":"Feature","properties":{"lit":0.0542},"geometry":{"type":"LineString","coordinates":[[-73.9606,40.680255],[-73.960365,40.680206]]}},{"type":"Feature","properties":{"lit":0.0388},"geometry":{"type":"LineString","coordinates":[[-73.960365,40.680206],[-73.960131,40.680157]]}},{"type":"Feature","properties":{"lit":0.0322},"geometry":{"type":"LineString","coordinates":[[-73.960131,40.680157],[-73.959897,40.680108]]}},{"type":"Feature","properties":{"lit":0.0323},"geometry":{"type":"LineString","coordinates":[[-73.959897,40.680108],[-73.959662,40.680059]]}},{"type":"Feature","properties":{"lit":0.0388},"geometry":{"type":"LineString","coordinates":[[-73.959662,40.680059],[-73.959428,40.68001]]}},{"type":"Feature","properties":{"lit":0.0561},"geometry":{"type":"LineString","coordinates":[[-73.959428,40.68001],[-73.959193,40.679961]]}},{"type":"Feature","properties":{"lit":0.0482},"geometry":{"type":"LineString","coordinates":[[-73.99326,40.687828],[-73.993303,40.68774]]}},{"type":"Feature","properties":{"lit":0.0581},"geometry":{"type":"LineString","coordinates":[[-73.993303,40.68774],[-73.993333,40.687678]]}},{"type":"Feature","properties":{"lit":0.0345},"geometry":{"type":"LineString","coordinates":[[-73.975148,40.680743],[-73.974997,40.680537]]}},{"type":"Feature","properties":{"lit":0.0512},"geometry":{"type":"LineString","coordinates":[[-73.974997,40.680537],[-73.974846,40.680331]]}},{"type":"Feature","properties":{"lit":0.0526},"geometry":{"type":"LineString","coordinates":[[-73.974846,40.680331],[-73.974803,40.680272]]}},{"type":"Feature","properties":{"lit":0.0492},"geometry":{"type":"LineString","coordinates":[[-73.974803,40.680272],[-73.974744,40.68019]]}},{"type":"Feature","properties":{"lit":0.045},"geometry":{"type":"LineString","coordinates":[[-73.978061,40.684885],[-73.978048,40.684727]]}},{"type":"Feature","properties":{"lit":0.0913},"geometry":{"type":"LineString","coordinates":[[-73.978048,40.684727],[-73.977906,40.684517]]}},{"type":"Feature","properties":{"lit":0.1521},"geometry":{"type":"LineString","coordinates":[[-73.977906,40.684517],[-73.977765,40.684308]]}},{"type":"Feature","properties":{"lit":0.1562},"geometry":{"type":"LineString","coordinates":[[-73.977765,40.684308],[-73.977594,40.684109]]}},{"type":"Feature","properties":{"lit":0.1402},"geometry":{"type":"LineString","coordinates":[[-73.977594,40.684109],[-73.977476,40.684064]]}},{"type":"Feature","properties":{"lit":0.0796},"geometry":{"type":"LineString","coordinates":[[-73.97831,40.686808],[-73.978208,40.68682]]}},{"type":"Feature","properties":{"lit":0.0271},"geometry":{"type":"LineString","coordinates":[[-73.978579,40.696441],[-73.978583,40.696143]]}},{"type":"Feature","properties":{"lit":0.0323},"geometry":{"type":"LineString","coordinates":[[-73.988174,40.692835],[-73.988184,40.692624]]}},{"type":"Feature","properties":{"lit":0.0548},"geometry":{"type":"LineString","coordinates":[[-73.988184,40.692624],[-73.988193,40.692413]]}},{"type":"Feature","properties":{"lit":0.1604},"geometry":{"type":"LineString","coordinates":[[-73.987103,40.69312],[-73.987128,40.693121]]}},{"type":"Feature","properties":{"lit":0.1628},"geometry":{"type":"LineString","coordinates":[[-73.987128,40.693121],[-73.987248,40.693126]]}},{"type":"Feature","properties":{"lit":0.029},"geometry":{"type":"LineString","coordinates":[[-73.98039,40.696483],[-73.980364,40.696184]]}},{"type":"Feature","properties":{"lit":0.0201},"geometry":{"type":"LineString","coordinates":[[-73.9712,40.689843],[-73.971158,40.689629]]}},{"type":"Feature","properties":{"lit":0.0352},"geometry":{"type":"LineString","coordinates":[[-73.971158,40.689629],[-73.971142,40.689544]]}},{"type":"Feature","properties":{"lit":0.0405},"geometry":{"type":"LineString","coordinates":[[-73.910093,40.692139],[-73.909945,40.692291]]}},{"type":"Feature","properties":{"lit":0.1139},"geometry":{"type":"LineString","coordinates":[[-73.909945,40.692291],[-73.909796,40.692442]]}},{"type":"Feature","properties":{"lit":0.2697},"geometry":{"type":"LineString","coordinates":[[-73.909796,40.692442],[-73.909648,40.692593]]}},{"type":"Feature","properties":{"lit":0.4607},"geometry":{"type":"LineString","coordinates":[[-73.909648,40.692593],[-73.9095,40.692745]]}},{"type":"Feature","properties":{"lit":0.5515},"geometry":{"type":"LineString","coordinates":[[-73.9095,40.692745],[-73.909351,40.692896]]}},{"type":"Feature","properties":{"lit":0.461},"geometry":{"type":"LineString","coordinates":[[-73.909351,40.692896],[-73.909203,40.693048]]}},{"type":"Feature","properties":{"lit":0.271},"geometry":{"type":"LineString","coordinates":[[-73.909203,40.693048],[-73.909055,40.693199]]}},{"type":"Feature","properties":{"lit":0.1162},"geometry":{"type":"LineString","coordinates":[[-73.909055,40.693199],[-73.908907,40.69335]]}},{"type":"Feature","properties":{"lit":0.0572},"geometry":{"type":"LineString","coordinates":[[-73.908907,40.69335],[-73.908853,40.693405]]}},{"type":"Feature","properties":{"lit":0.0377},"geometry":{"type":"LineString","coordinates":[[-73.908853,40.693405],[-73.908791,40.693468]]}},{"type":"Feature","properties":{"lit":0.0455},"geometry":{"type":"LineString","coordinates":[[-73.986188,40.6922],[-73.986273,40.692204]]}},{"type":"Feature","properties":{"lit":0.0353},"geometry":{"type":"LineString","coordinates":[[-73.988239,40.691705],[-73.988214,40.691738]]}},{"type":"Feature","properties":{"lit":0.0433},"geometry":{"type":"LineString","coordinates":[[-73.988214,40.691738],[-73.988213,40.691802]]}},{"type":"Feature","properties":{"lit":0.0407},"geometry":{"type":"LineString","coordinates":[[-73.909799,40.691248],[-73.909606,40.691446]]}},{"type":"Feature","properties":{"lit":0.0505},"geometry":{"type":"LineString","coordinates":[[-73.909606,40.691446],[-73.90955,40.691503]]}},{"type":"Feature","properties":{"lit":0.023},"geometry":{"type":"LineString","coordinates":[[-73.973536,40.691685],[-73.973467,40.691334]]}},{"type":"Feature","properties":{"lit":0.0316},"geometry":{"type":"LineString","coordinates":[[-73.905042,40.693702],[-73.905101,40.693641]]}},{"type":"Feature","properties":{"lit":0.0251},"geometry":{"type":"LineString","coordinates":[[-73.905101,40.693641],[-73.905256,40.693484]]}},{"type":"Feature","properties":{"lit":0.0418},"geometry":{"type":"LineString","coordinates":[[-73.906188,40.692537],[-73.906344,40.692379]]}},{"type":"Feature","properties":{"lit":0.0752},"geometry":{"type":"LineString","coordinates":[[-73.906344,40.692379],[-73.906499,40.692221]]}},{"type":"Feature","properties":{"lit":0.0874},"geometry":{"type":"LineString","coordinates":[[-73.906499,40.692221],[-73.906541,40.692178]]}},{"type":"Feature","properties":{"lit":0.0885},"geometry":{"type":"LineString","coordinates":[[-73.906541,40.692178],[-73.906599,40.69212]]}},{"type":"Feature","properties":{"lit":0.0854},"geometry":{"type":"LineString","coordinates":[[-73.906599,40.69212],[-73.906653,40.692065]]}},{"type":"Feature","properties":{"lit":0.0703},"geometry":{"type":"LineString","coordinates":[[-73.906653,40.692065],[-73.906796,40.691919]]}},{"type":"Feature","properties":{"lit":0.0387},"geometry":{"type":"LineString","coordinates":[[-73.906796,40.691919],[-73.90694,40.691772]]}},{"type":"Feature","properties":{"lit":0.0498},"geometry":{"type":"LineString","coordinates":[[-73.987061,40.693828],[-73.986772,40.693818]]}},{"type":"Feature","properties":{"lit":0.0261},"geometry":{"type":"LineString","coordinates":[[-73.986772,40.693818],[-73.986482,40.693808]]}},{"type":"Feature","properties":{"lit":0.109},"geometry":{"type":"LineString","coordinates":[[-73.904292,40.693275],[-73.904342,40.693223]]}},{"type":"Feature","properties":{"lit":0.1085},"geometry":{"type":"LineString","coordinates":[[-73.904342,40.693223],[-73.904499,40.693064]]}},{"type":"Feature","properties":{"lit":0.092},"geometry":{"type":"LineString","coordinates":[[-73.904499,40.693064],[-73.904655,40.692905]]}},{"type":"Feature","properties":{"lit":0.0925},"geometry":{"type":"LineString","coordinates":[[-73.904655,40.692905],[-73.904811,40.692745]]}},{"type":"Feature","properties":{"lit":0.1157},"geometry":{"type":"LineString","coordinates":[[-73.904811,40.692745],[-73.904967,40.692586]]}},{"type":"Feature","properties":{"lit":0.1218},"geometry":{"type":"LineString","coordinates":[[-73.904967,40.692586],[-73.905124,40.692427]]}},{"type":"Feature","properties":{"lit":0.0943},"geometry":{"type":"LineString","coordinates":[[-73.905124,40.692427],[-73.90528,40.692268]]}},{"type":"Feature","properties":{"lit":0.0663},"geometry":{"type":"LineString","coordinates":[[-73.90528,40.692268],[-73.905436,40.692109]]}},{"type":"Feature","properties":{"lit":0.0772},"geometry":{"type":"LineString","coordinates":[[-73.905436,40.692109],[-73.905592,40.69195]]}},{"type":"Feature","properties":{"lit":0.1174},"geometry":{"type":"LineString","coordinates":[[-73.905592,40.69195],[-73.905749,40.691791]]}},{"type":"Feature","properties":{"lit":0.1342},"geometry":{"type":"LineString","coordinates":[[-73.905749,40.691791],[-73.905789,40.691749]]}},{"type":"Feature","properties":{"lit":0.1366},"geometry":{"type":"LineString","coordinates":[[-73.905789,40.691749],[-73.905846,40.691692]]}},{"type":"Feature","properties":{"lit":0.1327},"geometry":{"type":"LineString","coordinates":[[-73.905846,40.691692],[-73.9059,40.691637]]}},{"type":"Feature","properties":{"lit":0.1044},"geometry":{"type":"LineString","coordinates":[[-73.9059,40.691637],[-73.906085,40.691448]]}},{"type":"Feature","properties":{"lit":0.0482},"geometry":{"type":"LineString","coordinates":[[-73.906085,40.691448],[-73.906244,40.691287]]}},{"type":"Feature","properties":{"lit":0.0223},"geometry":{"type":"LineString","coordinates":[[-73.957982,40.694293],[-73.957947,40.694112]]}},{"type":"Feature","properties":{"lit":0.0434},"geometry":{"type":"LineString","coordinates":[[-73.957947,40.694112],[-73.957911,40.693932]]}},{"type":"Feature","properties":{"lit":0.0595},"geometry":{"type":"LineString","coordinates":[[-73.957911,40.693932],[-73.957875,40.693752]]}},{"type":"Feature","properties":{"lit":0.0574},"geometry":{"type":"LineString","coordinates":[[-73.957875,40.693752],[-73.957839,40.693572]]}},{"type":"Feature","properties":{"lit":0.0389},"geometry":{"type":"LineString","coordinates":[[-73.957839,40.693572],[-73.957803,40.693391]]}},{"type":"Feature","properties":{"lit":0.0272},"geometry":{"type":"LineString","coordinates":[[-73.957478,40.691746],[-73.957441,40.691553]]}},{"type":"Feature","properties":{"lit":0.05},"geometry":{"type":"LineString","coordinates":[[-73.957441,40.691553],[-73.957403,40.691359]]}},{"type":"Feature","properties":{"lit":0.0612},"geometry":{"type":"LineString","coordinates":[[-73.957403,40.691359],[-73.957365,40.691166]]}},{"type":"Feature","properties":{"lit":0.0501},"geometry":{"type":"LineString","coordinates":[[-73.957365,40.691166],[-73.957327,40.690973]]}},{"type":"Feature","properties":{"lit":0.0273},"geometry":{"type":"LineString","coordinates":[[-73.957327,40.690973],[-73.957289,40.690779]]}},{"type":"Feature","properties":{"lit":0.0349},"geometry":{"type":"LineString","coordinates":[[-73.956554,40.688531],[-73.956797,40.688503]]}},{"type":"Feature","properties":{"lit":0.0578},"geometry":{"type":"LineString","coordinates":[[-73.956797,40.688503],[-73.957041,40.688475]]}},{"type":"Feature","properties":{"lit":0.0658},"geometry":{"type":"LineString","coordinates":[[-73.957041,40.688475],[-73.957119,40.688466]]}},{"type":"Feature","properties":{"lit":0.0657},"geometry":{"type":"LineString","coordinates":[[-73.957119,40.688466],[-73.957241,40.688452]]}},{"type":"Feature","properties":{"lit":0.0553},"geometry":{"type":"LineString","coordinates":[[-73.957241,40.688452],[-73.957494,40.688423]]}},{"type":"Feature","properties":{"lit":0.0308},"geometry":{"type":"LineString","coordinates":[[-73.957494,40.688423],[-73.957748,40.688393]]}},{"type":"Feature","properties":{"lit":0.0321},"geometry":{"type":"LineString","coordinates":[[-73.910252,40.693173],[-73.910401,40.693022]]}},{"type":"Feature","properties":{"lit":0.0534},"geometry":{"type":"LineString","coordinates":[[-73.910401,40.693022],[-73.910549,40.692871]]}},{"type":"Feature","properties":{"lit":0.0609},"geometry":{"type":"LineString","coordinates":[[-73.910549,40.692871],[-73.910697,40.69272]]}},{"type":"Feature","properties":{"lit":0.0477},"geometry":{"type":"LineString","coordinates":[[-73.910697,40.69272],[-73.910845,40.692569]]}},{"type":"Feature","properties":{"lit":0.0257},"geometry":{"type":"LineString","coordinates":[[-73.910845,40.692569],[-73.910994,40.692418]]}},{"type":"Feature","properties":{"lit":0.0368},"geometry":{"type":"LineString","coordinates":[[-73.911702,40.691697],[-73.911851,40.691545]]}},{"type":"Feature","properties":{"lit":0.0567},"geometry":{"type":"LineString","coordinates":[[-73.911851,40.691545],[-73.911999,40.691394]]}},{"type":"Feature","properties":{"lit":0.0597},"geometry":{"type":"LineString","coordinates":[[-73.911999,40.691394],[-73.912148,40.691242]]}},{"type":"Feature","properties":{"lit":0.0431},"geometry":{"type":"LineString","coordinates":[[-73.912148,40.691242],[-73.912296,40.691091]]}},{"type":"Feature","properties":{"lit":0.0213},"geometry":{"type":"LineString","coordinates":[[-73.912296,40.691091],[-73.912445,40.690939]]}},{"type":"Feature","properties":{"lit":0.0374},"geometry":{"type":"LineString","coordinates":[[-73.915618,40.687707],[-73.915776,40.687545]]}},{"type":"Feature","properties":{"lit":0.0577},"geometry":{"type":"LineString","coordinates":[[-73.915776,40.687545],[-73.915934,40.687383]]}},{"type":"Feature","properties":{"lit":0.0579},"geometry":{"type":"LineString","coordinates":[[-73.915934,40.687383],[-73.916092,40.687221]]}},{"type":"Feature","properties":{"lit":0.0377},"geometry":{"type":"LineString","coordinates":[[-73.916092,40.687221],[-73.916251,40.687059]]}},{"type":"Feature","properties":{"lit":0.0705},"geometry":{"type":"LineString","coordinates":[[-73.91099,40.699588],[-73.910905,40.69968]]}},{"type":"Feature","properties":{"lit":0.0562},"geometry":{"type":"LineString","coordinates":[[-73.910905,40.69968],[-73.910784,40.69981]]}},{"type":"Feature","properties":{"lit":0.0262},"geometry":{"type":"LineString","coordinates":[[-73.910784,40.69981],[-73.910564,40.700017]]}},{"type":"Feature","properties":{"lit":0.1346},"geometry":{"type":"LineString","coordinates":[[-73.903223,40.695121],[-73.903171,40.695175]]}},{"type":"Feature","properties":{"lit":0.1239},"geometry":{"type":"LineString","coordinates":[[-73.903171,40.695175],[-73.903113,40.695233]]}},{"type":"Feature","properties":{"lit":0.0925},"geometry":{"type":"LineString","coordinates":[[-73.903113,40.695233],[-73.902963,40.695388]]}},{"type":"Feature","properties":{"lit":0.0454},"geometry":{"type":"LineString","coordinates":[[-73.902963,40.695388],[-73.902814,40.695542]]}},{"type":"Feature","properties":{"lit":0.0421},"geometry":{"type":"LineString","coordinates":[[-73.986889,40.700101],[-73.986908,40.700147]]}},{"type":"Feature","properties":{"lit":0.0416},"geometry":{"type":"LineString","coordinates":[[-73.986908,40.700147],[-73.98693,40.70019]]}},{"type":"Feature","properties":{"lit":0.3346},"geometry":{"type":"LineString","coordinates":[[-73.986768,40.70096],[-73.986761,40.701059]]}},{"type":"Feature","properties":{"lit":0.4443},"geometry":{"type":"LineString","coordinates":[[-73.986761,40.701059],[-73.986754,40.701173]]}},{"type":"Feature","properties":{"lit":0.0602},"geometry":{"type":"LineString","coordinates":[[-73.986522,40.700204],[-73.986711,40.700131]]}},{"type":"Feature","properties":{"lit":0.0541},"geometry":{"type":"LineString","coordinates":[[-73.986711,40.700131],[-73.986758,40.700118]]}},{"type":"Feature","properties":{"lit":0.05},"geometry":{"type":"LineString","coordinates":[[-73.986758,40.700118],[-73.986821,40.700107]]}},{"type":"Feature","properties":{"lit":0.0448},"geometry":{"type":"LineString","coordinates":[[-73.986821,40.700107],[-73.986889,40.700101]]}},{"type":"Feature","properties":{"lit":0.0238},"geometry":{"type":"LineString","coordinates":[[-73.966721,40.695889],[-73.966959,40.695898]]}},{"type":"Feature","properties":{"lit":0.041},"geometry":{"type":"LineString","coordinates":[[-73.966959,40.695898],[-73.967196,40.695906]]}},{"type":"Feature","properties":{"lit":0.0521},"geometry":{"type":"LineString","coordinates":[[-73.967196,40.695906],[-73.967434,40.695915]]}},{"type":"Feature","properties":{"lit":0.0514},"geometry":{"type":"LineString","coordinates":[[-73.967434,40.695915],[-73.967671,40.695924]]}},{"type":"Feature","properties":{"lit":0.0492},"geometry":{"type":"LineString","coordinates":[[-73.967671,40.695924],[-73.967909,40.695933]]}},{"type":"Feature","properties":{"lit":0.0548},"geometry":{"type":"LineString","coordinates":[[-73.967909,40.695933],[-73.968147,40.695942]]}},{"type":"Feature","properties":{"lit":0.0613},"geometry":{"type":"LineString","coordinates":[[-73.968147,40.695942],[-73.968384,40.695951]]}},{"type":"Feature","properties":{"lit":0.0548},"geometry":{"type":"LineString","coordinates":[[-73.968384,40.695951],[-73.968622,40.69596]]}},{"type":"Feature","properties":{"lit":0.0357},"geometry":{"type":"LineString","coordinates":[[-73.968622,40.69596],[-73.96886,40.695968]]}},{"type":"Feature","properties":{"lit":0.0376},"geometry":{"type":"LineString","coordinates":[[-73.971711,40.696075],[-73.971949,40.696084]]}},{"type":"Feature","properties":{"lit":0.0554},"geometry":{"type":"LineString","coordinates":[[-73.971949,40.696084],[-73.972186,40.696092]]}},{"type":"Feature","properties":{"lit":0.0575},"geometry":{"type":"LineString","coordinates":[[-73.972186,40.696092],[-73.972424,40.696101]]}},{"type":"Feature","properties":{"lit":0.0422},"geometry":{"type":"LineString","coordinates":[[-73.972424,40.696101],[-73.972661,40.69611]]}},{"type":"Feature","properties":{"lit":0.0218},"geometry":{"type":"LineString","coordinates":[[-73.972661,40.69611],[-73.972899,40.696119]]}},{"type":"Feature","properties":{"lit":0.0218},"geometry":{"type":"LineString","coordinates":[[-73.97836,40.696348],[-73.978605,40.696362]]}},{"type":"Feature","properties":{"lit":0.0443},"geometry":{"type":"LineString","coordinates":[[-73.978605,40.696362],[-73.978869,40.696372]]}},{"type":"Feature","properties":{"lit":0.0624},"geometry":{"type":"LineString","coordinates":[[-73.978869,40.696372],[-73.979132,40.696381]]}},{"type":"Feature","properties":{"lit":0.0655},"geometry":{"type":"LineString","coordinates":[[-73.979132,40.696381],[-73.979396,40.696391]]}},{"type":"Feature","properties":{"lit":0.064},"geometry":{"type":"LineString","coordinates":[[-73.979396,40.696391],[-73.979659,40.6964]]}},{"type":"Feature","properties":{"lit":0.0658},"geometry":{"type":"LineString","coordinates":[[-73.979659,40.6964],[-73.979823,40.696412]]}},{"type":"Feature","properties":{"lit":0.0655},"geometry":{"type":"LineString","coordinates":[[-73.979823,40.696412],[-73.97997,40.696428]]}},{"type":"Feature","properties":{"lit":0.0615},"geometry":{"type":"LineString","coordinates":[[-73.97997,40.696428],[-73.980088,40.696446]]}},{"type":"Feature","properties":{"lit":0.0531},"geometry":{"type":"LineString","coordinates":[[-73.980088,40.696446],[-73.980234,40.696474]]}},{"type":"Feature","properties":{"lit":0.04},"geometry":{"type":"LineString","coordinates":[[-73.980234,40.696474],[-73.980375,40.696508]]}},{"type":"Feature","properties":{"lit":0.0276},"geometry":{"type":"LineString","coordinates":[[-73.980375,40.696508],[-73.980505,40.696545]]}},{"type":"Feature","properties":{"lit":0.0237},"geometry":{"type":"LineString","coordinates":[[-73.978347,40.687868],[-73.978243,40.687832]]}},{"type":"Feature","properties":{"lit":0.0298},"geometry":{"type":"LineString","coordinates":[[-73.978243,40.687832],[-73.977998,40.687734]]}},{"type":"Feature","properties":{"lit":0.0455},"geometry":{"type":"LineString","coordinates":[[-73.977998,40.687734],[-73.977752,40.687636]]}},{"type":"Feature","properties":{"lit":0.0308},"geometry":{"type":"LineString","coordinates":[[-73.985353,40.690663],[-73.985105,40.690561]]}},{"type":"Feature","properties":{"lit":0.4244},"geometry":{"type":"LineString","coordinates":[[-73.987339,40.691455],[-73.987484,40.691513]]}},{"type":"Feature","properties":{"lit":0.4043},"geometry":{"type":"LineString","coordinates":[[-73.987484,40.691513],[-73.98758,40.691551]]}},{"type":"Feature","properties":{"lit":0.3074},"geometry":{"type":"LineString","coordinates":[[-73.98758,40.691551],[-73.987855,40.69166]]}},{"type":"Feature","properties":{"lit":0.1329},"geometry":{"type":"LineString","coordinates":[[-73.987855,40.69166],[-73.988129,40.691769]]}},{"type":"Feature","properties":{"lit":0.0587},"geometry":{"type":"LineString","coordinates":[[-73.988129,40.691769],[-73.988213,40.691802]]}},{"type":"Feature","properties":{"lit":0.0357},"geometry":{"type":"LineString","coordinates":[[-73.988213,40.691802],[-73.988301,40.691837]]}},{"type":"Feature","properties":{"lit":0.0423},"geometry":{"type":"LineString","coordinates":[[-73.986788,40.699959],[-73.986389,40.699938]]}},{"type":"Feature","properties":{"lit":0.0366},"geometry":{"type":"LineString","coordinates":[[-73.986389,40.699938],[-73.986366,40.699937]]}},{"type":"Feature","properties":{"lit":0.0284},"geometry":{"type":"LineString","coordinates":[[-73.986316,40.69978],[-73.986411,40.699952]]}},{"type":"Feature","properties":{"lit":0.0501},"geometry":{"type":"LineString","coordinates":[[-73.986411,40.699952],[-73.986507,40.700124]]}},{"type":"Feature","properties":{"lit":0.0612},"geometry":{"type":"LineString","coordinates":[[-73.986507,40.700124],[-73.986602,40.700295]]}},{"type":"Feature","properties":{"lit":0.0524},"geometry":{"type":"LineString","coordinates":[[-73.986602,40.700295],[-73.986697,40.700467]]}},{"type":"Feature","properties":{"lit":0.0557},"geometry":{"type":"LineString","coordinates":[[-73.986697,40.700467],[-73.986793,40.700639]]}},{"type":"Feature","properties":{"lit":0.0949},"geometry":{"type":"LineString","coordinates":[[-73.986793,40.700639],[-73.986888,40.700811]]}},{"type":"Feature","properties":{"lit":0.1895},"geometry":{"type":"LineString","coordinates":[[-73.986888,40.700811],[-73.986984,40.700983]]}},{"type":"Feature","properties":{"lit":0.2899},"geometry":{"type":"LineString","coordinates":[[-73.986984,40.700983],[-73.987079,40.701154]]}},{"type":"Feature","properties":{"lit":0.3126},"geometry":{"type":"LineString","coordinates":[[-73.987079,40.701154],[-73.987175,40.701326]]}},{"type":"Feature","properties":{"lit":0.2333},"geometry":{"type":"LineString","coordinates":[[-73.987175,40.701326],[-73.98727,40.701498]]}},{"type":"Feature","properties":{"lit":0.1206},"geometry":{"type":"LineString","coordinates":[[-73.98727,40.701498],[-73.987365,40.70167]]}},{"type":"Feature","properties":{"lit":0.0431},"geometry":{"type":"LineString","coordinates":[[-73.987365,40.70167],[-73.987461,40.701842]]}},{"type":"Feature","properties":{"lit":0.0279},"geometry":{"type":"LineString","coordinates":[[-73.986429,40.699751],[-73.986522,40.699918]]}},{"type":"Feature","properties":{"lit":0.0483},"geometry":{"type":"LineString","coordinates":[[-73.986522,40.699918],[-73.986615,40.700084]]}},{"type":"Feature","properties":{"lit":0.059},"geometry":{"type":"LineString","coordinates":[[-73.986615,40.700084],[-73.986708,40.700251]]}},{"type":"Feature","properties":{"lit":0.051},"geometry":{"type":"LineString","coordinates":[[-73.986708,40.700251],[-73.986801,40.700418]]}},{"type":"Feature","properties":{"lit":0.0468},"geometry":{"type":"LineString","coordinates":[[-73.986801,40.700418],[-73.986894,40.700585]]}},{"type":"Feature","properties":{"lit":0.0645},"geometry":{"type":"LineString","coordinates":[[-73.986894,40.700585],[-73.986987,40.700752]]}},{"type":"Feature","properties":{"lit":0.1217},"geometry":{"type":"LineString","coordinates":[[-73.986987,40.700752],[-73.987081,40.700919]]}},{"type":"Feature","properties":{"lit":0.1923},"geometry":{"type":"LineString","coordinates":[[-73.987081,40.700919],[-73.987174,40.701085]]}},{"type":"Feature","properties":{"lit":0.2201},"geometry":{"type":"LineString","coordinates":[[-73.987174,40.701085],[-73.987267,40.701252]]}},{"type":"Feature","properties":{"lit":0.1788},"geometry":{"type":"LineString","coordinates":[[-73.987267,40.701252],[-73.98736,40.701419]]}},{"type":"Feature","properties":{"lit":0.1026},"geometry":{"type":"LineString","coordinates":[[-73.98736,40.701419],[-73.987453,40.701586]]}},{"type":"Feature","properties":{"lit":0.0416},"geometry":{"type":"LineString","coordinates":[[-73.987453,40.701586],[-73.987546,40.701753]]}},{"type":"Feature","properties":{"lit":0.0484},"geometry":{"type":"LineString","coordinates":[[-73.988213,40.691802],[-73.988227,40.6919]]}},{"type":"Feature","properties":{"lit":0.0539},"geometry":{"type":"LineString","coordinates":[[-73.988227,40.6919],[-73.988208,40.691951]]}},{"type":"Feature","properties":{"lit":0.0611},"geometry":{"type":"LineString","coordinates":[[-73.988208,40.691951],[-73.988206,40.692044]]}},{"type":"Feature","properties":{"lit":0.0615},"geometry":{"type":"LineString","coordinates":[[-73.988206,40.692044],[-73.988228,40.692086]]}},{"type":"Feature","properties":{"lit":0.0615},"geometry":{"type":"LineString","coordinates":[[-73.988228,40.692086],[-73.988224,40.692206]]}},{"type":"Feature","properties":{"lit":0.0659},"geometry":{"type":"LineString","coordinates":[[-73.988224,40.692206],[-73.9882,40.692279]]}},{"type":"Feature","properties":{"lit":0.0241},"geometry":{"type":"LineString","coordinates":[[-73.966774,40.695966],[-73.967037,40.695975]]}},{"type":"Feature","properties":{"lit":0.0393},"geometry":{"type":"LineString","coordinates":[[-73.967037,40.695975],[-73.967299,40.695985]]}},{"type":"Feature","properties":{"lit":0.0445},"geometry":{"type":"LineString","coordinates":[[-73.967299,40.695985],[-73.967411,40.695989]]}},{"type":"Feature","properties":{"lit":0.0449},"geometry":{"type":"LineString","coordinates":[[-73.967411,40.695989],[-73.967535,40.695994]]}},{"type":"Feature","properties":{"lit":0.0444},"geometry":{"type":"LineString","coordinates":[[-73.967535,40.695994],[-73.967825,40.696005]]}},{"type":"Feature","properties":{"lit":0.0521},"geometry":{"type":"LineString","coordinates":[[-73.967825,40.696005],[-73.968114,40.696016]]}},{"type":"Feature","properties":{"lit":0.063},"geometry":{"type":"LineString","coordinates":[[-73.968114,40.696016],[-73.968404,40.696027]]}},{"type":"Feature","properties":{"lit":0.0528},"geometry":{"type":"LineString","coordinates":[[-73.968404,40.696027],[-73.968699,40.696038]]}},{"type":"Feature","properties":{"lit":0.0271},"geometry":{"type":"LineString","coordinates":[[-73.968699,40.696038],[-73.968993,40.696049]]}},{"type":"Feature","properties":{"lit":0.0281},"geometry":{"type":"LineString","coordinates":[[-73.971574,40.696146],[-73.971837,40.696156]]}},{"type":"Feature","properties":{"lit":0.0514},"geometry":{"type":"LineString","coordinates":[[-73.971837,40.696156],[-73.972101,40.696166]]}},{"type":"Feature","properties":{"lit":0.0611},"geometry":{"type":"LineString","coordinates":[[-73.972101,40.696166],[-73.972365,40.696176]]}},{"type":"Feature","properties":{"lit":0.0536},"geometry":{"type":"LineString","coordinates":[[-73.972365,40.696176],[-73.972466,40.69618]]}},{"type":"Feature","properties":{"lit":0.0452},"geometry":{"type":"LineString","coordinates":[[-73.972466,40.69618],[-73.972575,40.696185]]}},{"type":"Feature","properties":{"lit":0.0284},"geometry":{"type":"LineString","coordinates":[[-73.972575,40.696185],[-73.972836,40.696196]]}},{"type":"Feature","properties":{"lit":0.0228},"geometry":{"type":"LineString","coordinates":[[-73.97838,40.696432],[-73.978579,40.696441]]}},{"type":"Feature","properties":{"lit":0.0403},"geometry":{"type":"LineString","coordinates":[[-73.984847,40.699979],[-73.984578,40.699728]]}},{"type":"Feature","properties":{"lit":0.0224},"geometry":{"type":"LineString","coordinates":[[-73.980579,40.696461],[-73.980419,40.696416]]}},{"type":"Feature","properties":{"lit":0.0348},"geometry":{"type":"LineString","coordinates":[[-73.980419,40.696416],[-73.980265,40.696381]]}},{"type":"Feature","properties":{"lit":0.048},"geometry":{"type":"LineString","coordinates":[[-73.980265,40.696381],[-73.980078,40.696347]]}},{"type":"Feature","properties":{"lit":0.0565},"geometry":{"type":"LineString","coordinates":[[-73.980078,40.696347],[-73.979891,40.696322]]}},{"type":"Feature","properties":{"lit":0.0576},"geometry":{"type":"LineString","coordinates":[[-73.979891,40.696322],[-73.979667,40.696299]]}},{"type":"Feature","properties":{"lit":0.055},"geometry":{"type":"LineString","coordinates":[[-73.979667,40.696299],[-73.979464,40.696286]]}},{"type":"Feature","properties":{"lit":0.0557},"geometry":{"type":"LineString","coordinates":[[-73.979464,40.696286],[-73.979076,40.696268]]}},{"type":"Feature","properties":{"lit":0.0268},"geometry":{"type":"LineString","coordinates":[[-73.980423,40.696272],[-73.980301,40.696277]]}},{"type":"Feature","properties":{"lit":0.036},"geometry":{"type":"LineString","coordinates":[[-73.980301,40.696277],[-73.980152,40.69627]]}},{"type":"Feature","properties":{"lit":0.0464},"geometry":{"type":"LineString","coordinates":[[-73.980152,40.69627],[-73.979951,40.696261]]}},{"type":"Feature","properties":{"lit":0.0508},"geometry":{"type":"LineString","coordinates":[[-73.979951,40.696261],[-73.979772,40.696255]]}},{"type":"Feature","properties":{"lit":0.0502},"geometry":{"type":"LineString","coordinates":[[-73.979772,40.696255],[-73.97954,40.696246]]}},{"type":"Feature","properties":{"lit":0.0502},"geometry":{"type":"LineString","coordinates":[[-73.97954,40.696246],[-73.979372,40.696249]]}},{"type":"Feature","properties":{"lit":0.0526},"geometry":{"type":"LineString","coordinates":[[-73.979372,40.696249],[-73.979212,40.696256]]}},{"type":"Feature","properties":{"lit":0.0546},"geometry":{"type":"LineString","coordinates":[[-73.979212,40.696256],[-73.979076,40.696268]]}},{"type":"Feature","properties":{"lit":0.0279},"geometry":{"type":"LineString","coordinates":[[-73.98039,40.696483],[-73.980486,40.696482]]}},{"type":"Feature","properties":{"lit":0.0218},"geometry":{"type":"LineString","coordinates":[[-73.980486,40.696482],[-73.980537,40.69648]]}},{"type":"Feature","properties":{"lit":0.0304},"geometry":{"type":"LineString","coordinates":[[-73.984719,40.699746],[-73.984672,40.699689]]}},{"type":"Feature","properties":{"lit":0.0227},"geometry":{"type":"LineString","coordinates":[[-73.984672,40.699689],[-73.984629,40.699618]]}},{"type":"Feature","properties":{"lit":0.0369},"geometry":{"type":"LineString","coordinates":[[-73.986842,40.69996],[-73.986862,40.700021]]}},{"type":"Feature","properties":{"lit":0.0407},"geometry":{"type":"LineString","coordinates":[[-73.986862,40.700021],[-73.986889,40.700101]]}},{"type":"Feature","properties":{"lit":0.0447},"geometry":{"type":"LineString","coordinates":[[-73.984682,40.699966],[-73.984814,40.700085]]}},{"type":"Feature","properties":{"lit":0.0462},"geometry":{"type":"LineString","coordinates":[[-73.984814,40.700085],[-73.984949,40.700208]]}},{"type":"Feature","properties":{"lit":0.0364},"geometry":{"type":"LineString","coordinates":[[-73.984949,40.700208],[-73.985091,40.700331]]}},{"type":"Feature","properties":{"lit":0.0221},"geometry":{"type":"LineString","coordinates":[[-73.985091,40.700331],[-73.985233,40.700446]]}},{"type":"Feature","properties":{"lit":0.0253},"geometry":{"type":"LineString","coordinates":[[-73.984405,40.699706],[-73.984682,40.699966]]}},{"type":"Feature","properties":{"lit":0.0227},"geometry":{"type":"LineString","coordinates":[[-73.985811,40.7008],[-73.985974,40.70087]]}},{"type":"Feature","properties":{"lit":0.0553},"geometry":{"type":"LineString","coordinates":[[-73.985974,40.70087],[-73.986095,40.700918]]}},{"type":"Feature","properties":{"lit":0.1177},"geometry":{"type":"LineString","coordinates":[[-73.986095,40.700918],[-73.986271,40.700981]]}},{"type":"Feature","properties":{"lit":0.2223},"geometry":{"type":"LineString","coordinates":[[-73.986271,40.700981],[-73.986423,40.701028]]}},{"type":"Feature","properties":{"lit":0.3257},"geometry":{"type":"LineString","coordinates":[[-73.986423,40.701028],[-73.986554,40.701066]]}},{"type":"Feature","properties":{"lit":0.3991},"geometry":{"type":"LineString","coordinates":[[-73.986554,40.701066],[-73.986666,40.701092]]}},{"type":"Feature","properties":{"lit":0.0501},"geometry":{"type":"LineString","coordinates":[[-73.986391,40.700212],[-73.986294,40.700037]]}},{"type":"Feature","properties":{"lit":0.0396},"geometry":{"type":"LineString","coordinates":[[-73.986294,40.700037],[-73.986282,40.700011]]}},{"type":"Feature","properties":{"lit":0.0368},"geometry":{"type":"LineString","coordinates":[[-73.986282,40.700011],[-73.986271,40.699985]]}},{"type":"Feature","properties":{"lit":0.0339},"geometry":{"type":"LineString","coordinates":[[-73.986271,40.699985],[-73.986261,40.699958]]}},{"type":"Feature","properties":{"lit":0.0318},"geometry":{"type":"LineString","coordinates":[[-73.986261,40.699958],[-73.986255,40.699934]]}},{"type":"Feature","properties":{"lit":0.0253},"geometry":{"type":"LineString","coordinates":[[-73.985653,40.699833],[-73.985486,40.699785]]}},{"type":"Feature","properties":{"lit":0.0337},"geometry":{"type":"LineString","coordinates":[[-73.985486,40.699785],[-73.985341,40.699738]]}},{"type":"Feature","properties":{"lit":0.0387},"geometry":{"type":"LineString","coordinates":[[-73.985341,40.699738],[-73.985203,40.69969]]}},{"type":"Feature","properties":{"lit":0.0379},"geometry":{"type":"LineString","coordinates":[[-73.985203,40.69969],[-73.985074,40.699635]]}},{"type":"Feature","properties":{"lit":0.0311},"geometry":{"type":"LineString","coordinates":[[-73.985074,40.699635],[-73.98494,40.699567]]}},{"type":"Feature","properties":{"lit":0.022},"geometry":{"type":"LineString","coordinates":[[-73.98494,40.699567],[-73.984832,40.699505]]}},{"type":"Feature","properties":{"lit":0.0502},"geometry":{"type":"LineString","coordinates":[[-73.979076,40.696268],[-73.978812,40.696258]]}},{"type":"Feature","properties":{"lit":0.0322},"geometry":{"type":"LineString","coordinates":[[-73.978812,40.696258],[-73.978548,40.696249]]}},{"type":"Feature","properties":{"lit":0.0355},"geometry":{"type":"LineString","coordinates":[[-73.97268,40.696008],[-73.972442,40.695998]]}},{"type":"Feature","properties":{"lit":0.0493},"geometry":{"type":"LineString","coordinates":[[-73.972442,40.695998],[-73.972204,40.695989]]}},{"type":"Feature","properties":{"lit":0.0482},"geometry":{"type":"LineString","coordinates":[[-73.972204,40.695989],[-73.971966,40.69598]]}},{"type":"Feature","properties":{"lit":0.0332},"geometry":{"type":"LineString","coordinates":[[-73.971966,40.69598],[-73.971728,40.695971]]}},{"type":"Feature","properties":{"lit":0.0301},"geometry":{"type":"LineString","coordinates":[[-73.96887,40.69586],[-73.968632,40.695851]]}},{"type":"Feature","properties":{"lit":0.0468},"geometry":{"type":"LineString","coordinates":[[-73.968632,40.695851],[-73.968394,40.695842]]}},{"type":"Feature","properties":{"lit":0.0532},"geometry":{"type":"LineString","coordinates":[[-73.968394,40.695842],[-73.968156,40.695832]]}},{"type":"Feature","properties":{"lit":0.0503},"geometry":{"type":"LineString","coordinates":[[-73.968156,40.695832],[-73.967917,40.695823]]}},{"type":"Feature","properties":{"lit":0.0503},"geometry":{"type":"LineString","coordinates":[[-73.967917,40.695823],[-73.967679,40.695814]]}},{"type":"Feature","properties":{"lit":0.0578},"geometry":{"type":"LineString","coordinates":[[-73.967679,40.695814],[-73.967441,40.695805]]}},{"type":"Feature","properties":{"lit":0.0608},"geometry":{"type":"LineString","coordinates":[[-73.967441,40.695805],[-73.967203,40.695796]]}},{"type":"Feature","properties":{"lit":0.0484},"geometry":{"type":"LineString","coordinates":[[-73.967203,40.695796],[-73.966965,40.695786]]}},{"type":"Feature","properties":{"lit":0.0281},"geometry":{"type":"LineString","coordinates":[[-73.966965,40.695786],[-73.966727,40.695777]]}},{"type":"Feature","properties":{"lit":0.0236},"geometry":{"type":"LineString","coordinates":[[-73.91145,40.700289],[-73.911487,40.700252]]}},{"type":"Feature","properties":{"lit":0.0332},"geometry":{"type":"LineString","coordinates":[[-73.911487,40.700252],[-73.911604,40.700137]]}},{"type":"Feature","properties":{"lit":0.0412},"geometry":{"type":"LineString","coordinates":[[-73.911604,40.700137],[-73.911619,40.700122]]}},{"type":"Feature","properties":{"lit":0.0482},"geometry":{"type":"LineString","coordinates":[[-73.911619,40.700122],[-73.911746,40.699996]]}},{"type":"Feature","properties":{"lit":0.0524},"geometry":{"type":"LineString","coordinates":[[-73.911746,40.699996],[-73.911812,40.699931]]}},{"type":"Feature","properties":{"lit":0.0203},"geometry":{"type":"LineString","coordinates":[[-73.918573,40.703901],[-73.918504,40.703858]]}},{"type":"Feature","properties":{"lit":0.0289},"geometry":{"type":"LineString","coordinates":[[-73.918504,40.703858],[-73.91845,40.703824]]}},{"type":"Feature","properties":{"lit":0.0527},"geometry":{"type":"LineString","coordinates":[[-73.91845,40.703824],[-73.918252,40.703701]]}},{"type":"Feature","properties":{"lit":0.0976},"geometry":{"type":"LineString","coordinates":[[-73.918252,40.703701],[-73.918053,40.703577]]}},{"type":"Feature","properties":{"lit":0.1208},"geometry":{"type":"LineString","coordinates":[[-73.918053,40.703577],[-73.917845,40.703447]]}},{"type":"Feature","properties":{"lit":0.1096},"geometry":{"type":"LineString","coordinates":[[-73.917845,40.703447],[-73.917777,40.703405]]}},{"type":"Feature","properties":{"lit":0.0982},"geometry":{"type":"LineString","coordinates":[[-73.917777,40.703405],[-73.91772,40.703368]]}},{"type":"Feature","properties":{"lit":0.0625},"geometry":{"type":"LineString","coordinates":[[-73.91772,40.703368],[-73.917462,40.703208]]}},{"type":"Feature","properties":{"lit":0.0223},"geometry":{"type":"LineString","coordinates":[[-73.912098,40.700093],[-73.911891,40.699976]]}},{"type":"Feature","properties":{"lit":0.0444},"geometry":{"type":"LineString","coordinates":[[-73.911891,40.699976],[-73.911812,40.699931]]}},{"type":"Feature","properties":{"lit":0.1941},"geometry":{"type":"LineString","coordinates":[[-73.903514,40.695282],[-73.903568,40.695238]]}},{"type":"Feature","properties":{"lit":0.1949},"geometry":{"type":"LineString","coordinates":[[-73.903568,40.695238],[-73.903699,40.695102]]}},{"type":"Feature","properties":{"lit":0.1746},"geometry":{"type":"LineString","coordinates":[[-73.903699,40.695102],[-73.903874,40.694919]]}},{"type":"Feature","properties":{"lit":0.1553},"geometry":{"type":"LineString","coordinates":[[-73.903874,40.694919],[-73.904049,40.694737]]}},{"type":"Feature","properties":{"lit":0.1303},"geometry":{"type":"LineString","coordinates":[[-73.904049,40.694737],[-73.904224,40.694554]]}},{"type":"Feature","properties":{"lit":0.1094},"geometry":{"type":"LineString","coordinates":[[-73.904224,40.694554],[-73.904242,40.694535]]}},{"type":"Feature","properties":{"lit":0.0934},"geometry":{"type":"LineString","coordinates":[[-73.904242,40.694535],[-73.904383,40.694388]]}},{"type":"Feature","properties":{"lit":0.0774},"geometry":{"type":"LineString","coordinates":[[-73.904383,40.694388],[-73.904525,40.694241]]}},{"type":"Feature","properties":{"lit":0.0709},"geometry":{"type":"LineString","coordinates":[[-73.904525,40.694241],[-73.904666,40.694093]]}},{"type":"Feature","properties":{"lit":0.06},"geometry":{"type":"LineString","coordinates":[[-73.904666,40.694093],[-73.904807,40.693946]]}},{"type":"Feature","properties":{"lit":0.0455},"geometry":{"type":"LineString","coordinates":[[-73.904807,40.693946],[-73.904948,40.693799]]}},{"type":"Feature","properties":{"lit":0.0384},"geometry":{"type":"LineString","coordinates":[[-73.904948,40.693799],[-73.904981,40.693764]]}},{"type":"Feature","properties":{"lit":0.0352},"geometry":{"type":"LineString","coordinates":[[-73.904981,40.693764],[-73.905042,40.693702]]}},{"type":"Feature","properties":{"lit":0.0865},"geometry":{"type":"LineString","coordinates":[[-73.904292,40.693275],[-73.904081,40.693153]]}},{"type":"Feature","properties":{"lit":0.0432},"geometry":{"type":"LineString","coordinates":[[-73.904081,40.693153],[-73.90387,40.693031]]}},{"type":"Feature","properties":{"lit":0.037},"geometry":{"type":"LineString","coordinates":[[-73.905042,40.693702],[-73.904981,40.693668]]}},{"type":"Feature","properties":{"lit":0.0551},"geometry":{"type":"LineString","coordinates":[[-73.904981,40.693668],[-73.904802,40.693566]]}},{"type":"Feature","properties":{"lit":0.0954},"geometry":{"type":"LineString","coordinates":[[-73.904802,40.693566],[-73.904547,40.69342]]}},{"type":"Feature","properties":{"lit":0.1187},"geometry":{"type":"LineString","coordinates":[[-73.904547,40.69342],[-73.904292,40.693275]]}},{"type":"Feature","properties":{"lit":0.0314},"geometry":{"type":"LineString","coordinates":[[-73.902779,40.694851],[-73.902973,40.694969]]}},{"type":"Feature","properties":{"lit":0.0835},"geometry":{"type":"LineString","coordinates":[[-73.902973,40.694969],[-73.903168,40.695087]]}},{"type":"Feature","properties":{"lit":0.1281},"geometry":{"type":"LineString","coordinates":[[-73.903168,40.695087],[-73.903223,40.695121]]}},{"type":"Feature","properties":{"lit":0.1488},"geometry":{"type":"LineString","coordinates":[[-73.903223,40.695121],[-73.903288,40.695157]]}},{"type":"Feature","properties":{"lit":0.185},"geometry":{"type":"LineString","coordinates":[[-73.903288,40.695157],[-73.903514,40.695282]]}},{"type":"Feature","properties":{"lit":0.0494},"geometry":{"type":"LineString","coordinates":[[-73.985353,40.690663],[-73.98549,40.690717]]}},{"type":"Feature","properties":{"lit":0.0585},"geometry":{"type":"LineString","coordinates":[[-73.98549,40.690717],[-73.985686,40.690795]]}},{"type":"Feature","properties":{"lit":0.0499},"geometry":{"type":"LineString","coordinates":[[-73.985686,40.690795],[-73.985999,40.690919]]}},{"type":"Feature","properties":{"lit":0.0205},"geometry":{"type":"LineString","coordinates":[[-73.985999,40.690919],[-73.986311,40.691043]]}},{"type":"Feature","properties":{"lit":0.0321},"geometry":{"type":"LineString","coordinates":[[-73.905123,40.688982],[-73.905041,40.688935]]}},{"type":"Feature","properties":{"lit":0.0461},"geometry":{"type":"LineString","coordinates":[[-73.905041,40.688935],[-73.90498,40.688901]]}},{"type":"Feature","properties":{"lit":0.0719},"geometry":{"type":"LineString","coordinates":[[-73.90498,40.688901],[-73.904832,40.688818]]}},{"type":"Feature","properties":{"lit":0.0569},"geometry":{"type":"LineString","coordinates":[[-73.911812,40.699931],[-73.911764,40.699905]]}},{"type":"Feature","properties":{"lit":0.0827},"geometry":{"type":"LineString","coordinates":[[-73.911764,40.699905],[-73.911564,40.699792]]}},{"type":"Feature","properties":{"lit":0.1133},"geometry":{"type":"LineString","coordinates":[[-73.911564,40.699792],[-73.911365,40.69968]]}},{"type":"Feature","properties":{"lit":0.1088},"geometry":{"type":"LineString","coordinates":[[-73.911365,40.69968],[-73.911165,40.699567]]}},{"type":"Feature","properties":{"lit":0.0513},"geometry":{"type":"LineString","coordinates":[[-73.911812,40.699931],[-73.911861,40.69988]]}},{"type":"Feature","properties":{"lit":0.0424},"geometry":{"type":"LineString","coordinates":[[-73.911861,40.69988],[-73.912034,40.699703]]}},{"type":"Feature","properties":{"lit":0.0207},"geometry":{"type":"LineString","coordinates":[[-73.912034,40.699703],[-73.912207,40.699525]]}},{"type":"Feature","properties":{"lit":0.0454},"geometry":{"type":"LineString","coordinates":[[-73.91134,40.69922],[-73.911177,40.699392]]}},{"type":"Feature","properties":{"lit":0.0641},"geometry":{"type":"LineString","coordinates":[[-73.911177,40.699392],[-73.911124,40.699448]]}},{"type":"Feature","properties":{"lit":0.0708},"geometry":{"type":"LineString","coordinates":[[-73.911124,40.699448],[-73.911065,40.699511]]}},{"type":"Feature","properties":{"lit":0.0201},"geometry":{"type":"LineString","coordinates":[[-73.986328,40.691137],[-73.986318,40.691337]]}},{"type":"Feature","properties":{"lit":0.0358},"geometry":{"type":"LineString","coordinates":[[-73.986318,40.691337],[-73.986307,40.691537]]}},{"type":"Feature","properties":{"lit":0.0502},"geometry":{"type":"LineString","coordinates":[[-73.986307,40.691537],[-73.986297,40.691737]]}},{"type":"Feature","properties":{"lit":0.0622},"geometry":{"type":"LineString","coordinates":[[-73.986297,40.691737],[-73.986286,40.691937]]}},{"type":"Feature","properties":{"lit":0.0656},"geometry":{"type":"LineString","coordinates":[[-73.986286,40.691937],[-73.986276,40.692137]]}},{"type":"Feature","properties":{"lit":0.0613},"geometry":{"type":"LineString","coordinates":[[-73.986276,40.692137],[-73.986273,40.692204]]}},{"type":"Feature","properties":{"lit":1.0},"geometry":{"type":"LineString","coordinates":[[-73.987296,40.692232],[-73.987299,40.692175]]}},{"type":"Feature","properties":{"lit":1.0},"geometry":{"type":"LineString","coordinates":[[-73.987299,40.692175],[-73.987306,40.692012]]}},{"type":"Feature","properties":{"lit":0.0235},"geometry":{"type":"LineString","coordinates":[[-73.98532,40.691322],[-73.98533,40.691128]]}},{"type":"Feature","properties":{"lit":0.0424},"geometry":{"type":"LineString","coordinates":[[-73.98533,40.691128],[-73.985339,40.690934]]}},{"type":"Feature","properties":{"lit":0.0512},"geometry":{"type":"LineString","coordinates":[[-73.985339,40.690934],[-73.985349,40.69074]]}},{"type":"Feature","properties":{"lit":0.0461},"geometry":{"type":"LineString","coordinates":[[-73.985349,40.69074],[-73.985353,40.690663]]}},{"type":"Feature","properties":{"lit":0.0356},"geometry":{"type":"LineString","coordinates":[[-73.98693,40.70019],[-73.987046,40.70019]]}},{"type":"Feature","properties":{"lit":0.0821},"geometry":{"type":"LineString","coordinates":[[-73.907347,40.692549],[-73.907288,40.692608]]}},{"type":"Feature","properties":{"lit":0.0748},"geometry":{"type":"LineString","coordinates":[[-73.907288,40.692608],[-73.907117,40.692783]]}},{"type":"Feature","properties":{"lit":0.0439},"geometry":{"type":"LineString","coordinates":[[-73.907117,40.692783],[-73.906962,40.69294]]}},{"type":"Feature","properties":{"lit":0.0286},"geometry":{"type":"LineString","coordinates":[[-73.907728,40.692161],[-73.907584,40.692308]]}},{"type":"Feature","properties":{"lit":0.0576},"geometry":{"type":"LineString","coordinates":[[-73.907584,40.692308],[-73.907439,40.692455]]}},{"type":"Feature","properties":{"lit":0.0737},"geometry":{"type":"LineString","coordinates":[[-73.907439,40.692455],[-73.907401,40.692494]]}},{"type":"Feature","properties":{"lit":0.0791},"geometry":{"type":"LineString","coordinates":[[-73.907401,40.692494],[-73.907347,40.692549]]}},{"type":"Feature","properties":{"lit":0.0288},"geometry":{"type":"LineString","coordinates":[[-73.903595,40.695899],[-73.903741,40.69575]]}},{"type":"Feature","properties":{"lit":0.0514},"geometry":{"type":"LineString","coordinates":[[-73.903741,40.69575],[-73.903888,40.695602]]}},{"type":"Feature","properties":{"lit":0.0637},"geometry":{"type":"LineString","coordinates":[[-73.903888,40.695602],[-73.903909,40.69558]]}},{"type":"Feature","properties":{"lit":0.0673},"geometry":{"type":"LineString","coordinates":[[-73.903909,40.69558],[-73.903964,40.695524]]}},{"type":"Feature","properties":{"lit":0.0884},"geometry":{"type":"LineString","coordinates":[[-73.9882,40.692279],[-73.988125,40.692277]]}},{"type":"Feature","properties":{"lit":0.2254},"geometry":{"type":"LineString","coordinates":[[-73.988125,40.692277],[-73.987821,40.692267]]}},{"type":"Feature","properties":{"lit":0.4564},"geometry":{"type":"LineString","coordinates":[[-73.987821,40.692267],[-73.987757,40.692241]]}},{"type":"Feature","properties":{"lit":0.7764},"geometry":{"type":"LineString","coordinates":[[-73.987757,40.692241],[-73.987422,40.692234]]}},{"type":"Feature","properties":{"lit":1.0},"geometry":{"type":"LineString","coordinates":[[-73.987422,40.692234],[-73.987296,40.692232]]}},{"type":"Feature","properties":{"lit":0.4483},"geometry":{"type":"LineString","coordinates":[[-73.987263,40.692858],[-73.987276,40.692603]]}},{"type":"Feature","properties":{"lit":0.8438},"geometry":{"type":"LineString","coordinates":[[-73.987276,40.692603],[-73.98729,40.692348]]}},{"type":"Feature","properties":{"lit":1.0},"geometry":{"type":"LineString","coordinates":[[-73.98729,40.692348],[-73.987292,40.692303]]}},{"type":"Feature","properties":{"lit":1.0},"geometry":{"type":"LineString","coordinates":[[-73.987292,40.692303],[-73.987296,40.692232]]}},{"type":"Feature","properties":{"lit":0.0739},"geometry":{"type":"LineString","coordinates":[[-73.977752,40.687636],[-73.97758,40.68757]]}},{"type":"Feature","properties":{"lit":0.0964},"geometry":{"type":"LineString","coordinates":[[-73.97758,40.68757],[-73.977495,40.687534]]}},{"type":"Feature","properties":{"lit":0.0202},"geometry":{"type":"LineString","coordinates":[[-73.980562,40.698253],[-73.980555,40.698355]]}},{"type":"Feature","properties":{"lit":0.032},"geometry":{"type":"LineString","coordinates":[[-73.980555,40.698355],[-73.980548,40.698469]]}},{"type":"Feature","properties":{"lit":0.0567},"geometry":{"type":"LineString","coordinates":[[-73.980548,40.698469],[-73.980526,40.698823]]}},{"type":"Feature","properties":{"lit":0.0639},"geometry":{"type":"LineString","coordinates":[[-73.986636,40.700633],[-73.986601,40.700573]]}},{"type":"Feature","properties":{"lit":0.0553},"geometry":{"type":"LineString","coordinates":[[-73.986601,40.700573],[-73.986434,40.700281]]}},{"type":"Feature","properties":{"lit":0.0564},"geometry":{"type":"LineString","coordinates":[[-73.986434,40.700281],[-73.986391,40.700212]]}},{"type":"Feature","properties":{"lit":0.0585},"geometry":{"type":"LineString","coordinates":[[-73.986522,40.700204],[-73.986856,40.700192]]}},{"type":"Feature","properties":{"lit":0.0443},"geometry":{"type":"LineString","coordinates":[[-73.986856,40.700192],[-73.98693,40.70019]]}},{"type":"Feature","properties":{"lit":0.0363},"geometry":{"type":"LineString","coordinates":[[-73.986889,40.700101],[-73.98702,40.700097]]}},{"type":"Feature","properties":{"lit":0.0303},"geometry":{"type":"LineString","coordinates":[[-73.986341,40.693092],[-73.986595,40.693102]]}},{"type":"Feature","properties":{"lit":0.0822},"geometry":{"type":"LineString","coordinates":[[-73.986595,40.693102],[-73.986849,40.693111]]}},{"type":"Feature","properties":{"lit":0.1418},"geometry":{"type":"LineString","coordinates":[[-73.986849,40.693111],[-73.987103,40.69312]]}},{"type":"Feature","properties":{"lit":0.1364},"geometry":{"type":"LineString","coordinates":[[-73.987235,40.693345],[-73.987248,40.693126]]}},{"type":"Feature","properties":{"lit":0.0325},"geometry":{"type":"LineString","coordinates":[[-73.905168,40.691306],[-73.905359,40.691415]]}},{"type":"Feature","properties":{"lit":0.0714},"geometry":{"type":"LineString","coordinates":[[-73.905359,40.691415],[-73.90555,40.691524]]}},{"type":"Feature","properties":{"lit":0.1133},"geometry":{"type":"LineString","coordinates":[[-73.90555,40.691524],[-73.905741,40.691632]]}},{"type":"Feature","properties":{"lit":0.1304},"geometry":{"type":"LineString","coordinates":[[-73.905741,40.691632],[-73.905789,40.69166]]}},{"type":"Feature","properties":{"lit":0.1343},"geometry":{"type":"LineString","coordinates":[[-73.905789,40.69166],[-73.905846,40.691692]]}},{"type":"Feature","properties":{"lit":0.1359},"geometry":{"type":"LineString","coordinates":[[-73.905846,40.691692],[-73.905921,40.691735]]}},{"type":"Feature","properties":{"lit":0.1271},"geometry":{"type":"LineString","coordinates":[[-73.905921,40.691735],[-73.906205,40.691896]]}},{"type":"Feature","properties":{"lit":0.1008},"geometry":{"type":"LineString","coordinates":[[-73.906205,40.691896],[-73.906488,40.692057]]}},{"type":"Feature","properties":{"lit":0.0899},"geometry":{"type":"LineString","coordinates":[[-73.906488,40.692057],[-73.906542,40.692087]]}},{"type":"Feature","properties":{"lit":0.0883},"geometry":{"type":"LineString","coordinates":[[-73.906542,40.692087],[-73.906599,40.69212]]}},{"type":"Feature","properties":{"lit":0.0866},"geometry":{"type":"LineString","coordinates":[[-73.906599,40.69212],[-73.906672,40.692162]]}},{"type":"Feature","properties":{"lit":0.0848},"geometry":{"type":"LineString","coordinates":[[-73.906672,40.692162],[-73.906862,40.692271]]}},{"type":"Feature","properties":{"lit":0.0848},"geometry":{"type":"LineString","coordinates":[[-73.906862,40.692271],[-73.907052,40.69238]]}},{"type":"Feature","properties":{"lit":0.0837},"geometry":{"type":"LineString","coordinates":[[-73.907052,40.69238],[-73.907243,40.692489]]}},{"type":"Feature","properties":{"lit":0.0821},"geometry":{"type":"LineString","coordinates":[[-73.907243,40.692489],[-73.907291,40.692517]]}},{"type":"Feature","properties":{"lit":0.0814},"geometry":{"type":"LineString","coordinates":[[-73.907291,40.692517],[-73.907347,40.692549]]}},{"type":"Feature","properties":{"lit":0.0805},"geometry":{"type":"LineString","coordinates":[[-73.907347,40.692549],[-73.907421,40.692591]]}},{"type":"Feature","properties":{"lit":0.0765},"geometry":{"type":"LineString","coordinates":[[-73.907421,40.692591],[-73.907627,40.692708]]}},{"type":"Feature","properties":{"lit":0.0693},"geometry":{"type":"LineString","coordinates":[[-73.907627,40.692708],[-73.907833,40.692824]]}},{"type":"Feature","properties":{"lit":0.0793},"geometry":{"type":"LineString","coordinates":[[-73.907833,40.692824],[-73.908039,40.692941]]}},{"type":"Feature","properties":{"lit":0.095},"geometry":{"type":"LineString","coordinates":[[-73.908039,40.692941],[-73.908101,40.692976]]}},{"type":"Feature","properties":{"lit":0.1042},"geometry":{"type":"LineString","coordinates":[[-73.908101,40.692976],[-73.908176,40.693019]]}},{"type":"Feature","properties":{"lit":0.1187},"geometry":{"type":"LineString","coordinates":[[-73.908176,40.693019],[-73.908381,40.693136]]}},{"type":"Feature","properties":{"lit":0.1141},"geometry":{"type":"LineString","coordinates":[[-73.908381,40.693136],[-73.908585,40.693252]]}},{"type":"Feature","properties":{"lit":0.0805},"geometry":{"type":"LineString","coordinates":[[-73.908585,40.693252],[-73.90879,40.693369]]}},{"type":"Feature","properties":{"lit":0.0557},"geometry":{"type":"LineString","coordinates":[[-73.90879,40.693369],[-73.908826,40.69339]]}},{"type":"Feature","properties":{"lit":0.0496},"geometry":{"type":"LineString","coordinates":[[-73.908826,40.69339],[-73.908853,40.693405]]}},{"type":"Feature","properties":{"lit":0.041},"geometry":{"type":"LineString","coordinates":[[-73.908853,40.693405],[-73.908922,40.693444]]}},{"type":"Feature","properties":{"lit":0.0215},"geometry":{"type":"LineString","coordinates":[[-73.908922,40.693444],[-73.909123,40.693558]]}},{"type":"Feature","properties":{"lit":0.0313},"geometry":{"type":"LineString","coordinates":[[-73.904279,40.695695],[-73.903964,40.695524]]}},{"type":"Feature","properties":{"lit":0.106},"geometry":{"type":"LineString","coordinates":[[-73.903964,40.695524],[-73.903739,40.695403]]}},{"type":"Feature","properties":{"lit":0.1762},"geometry":{"type":"LineString","coordinates":[[-73.903739,40.695403],[-73.903514,40.695282]]}},{"type":"Feature","properties":{"lit":0.023},"geometry":{"type":"LineString","coordinates":[[-73.905174,40.693776],[-73.905118,40.693745]]}},{"type":"Feature","properties":{"lit":0.0291},"geometry":{"type":"LineString","coordinates":[[-73.905118,40.693745],[-73.905042,40.693702]]}},{"type":"Feature","properties":{"lit":0.024},"geometry":{"type":"LineString","coordinates":[[-73.980202,40.696058],[-73.980104,40.69615]]}},{"type":"Feature","properties":{"lit":0.0328},"geometry":{"type":"LineString","coordinates":[[-73.980104,40.69615],[-73.980077,40.696177]]}},{"type":"Feature","properties":{"lit":0.0757},"geometry":{"type":"LineString","coordinates":[[-73.91099,40.699588],[-73.911025,40.699585]]}},{"type":"Feature","properties":{"lit":0.0866},"geometry":{"type":"LineString","coordinates":[[-73.911025,40.699585],[-73.911165,40.699567]]}},{"type":"Feature","properties":{"lit":0.0313},"geometry":{"type":"LineString","coordinates":[[-73.986963,40.699965],[-73.986842,40.69996]]}},{"type":"Feature","properties":{"lit":0.0229},"geometry":{"type":"LineString","coordinates":[[-73.98743,40.700666],[-73.987187,40.700656]]}},{"type":"Feature","properties":{"lit":0.0303},"geometry":{"type":"LineString","coordinates":[[-73.957167,40.688736],[-73.957132,40.688539]]}},{"type":"Feature","properties":{"lit":0.0576},"geometry":{"type":"LineString","coordinates":[[-73.957132,40.688539],[-73.957119,40.688466]]}},{"type":"Feature","properties":{"lit":0.074},"geometry":{"type":"LineString","coordinates":[[-73.957119,40.688466],[-73.957107,40.688402]]}},{"type":"Feature","properties":{"lit":0.1042},"geometry":{"type":"LineString","coordinates":[[-73.957107,40.688402],[-73.957067,40.688201]]}},{"type":"Feature","properties":{"lit":0.1219},"geometry":{"type":"LineString","coordinates":[[-73.957067,40.688201],[-73.957027,40.688]]}},{"type":"Feature","properties":{"lit":0.0921},"geometry":{"type":"LineString","coordinates":[[-73.957027,40.688],[-73.956987,40.687799]]}},{"type":"Feature","properties":{"lit":0.0603},"geometry":{"type":"LineString","coordinates":[[-73.956987,40.687799],[-73.956975,40.687735]]}},{"type":"Feature","properties":{"lit":0.0249},"geometry":{"type":"LineString","coordinates":[[-73.986255,40.699934],[-73.986053,40.699924]]}},{"type":"Feature","properties":{"lit":0.0518},"geometry":{"type":"LineString","coordinates":[[-73.90955,40.691503],[-73.909491,40.691564]]}},{"type":"Feature","properties":{"lit":0.0474},"geometry":{"type":"LineString","coordinates":[[-73.909491,40.691564],[-73.909349,40.691708]]}},{"type":"Feature","properties":{"lit":0.0531},"geometry":{"type":"LineString","coordinates":[[-73.909349,40.691708],[-73.909206,40.691853]]}},{"type":"Feature","properties":{"lit":0.0952},"geometry":{"type":"LineString","coordinates":[[-73.909206,40.691853],[-73.909062,40.691999]]}},{"type":"Feature","properties":{"lit":0.2029},"geometry":{"type":"LineString","coordinates":[[-73.909062,40.691999],[-73.908919,40.692145]]}},{"type":"Feature","properties":{"lit":0.348},"geometry":{"type":"LineString","coordinates":[[-73.908919,40.692145],[-73.908776,40.69229]]}},{"type":"Feature","properties":{"lit":0.4399},"geometry":{"type":"LineString","coordinates":[[-73.908776,40.69229],[-73.908633,40.692436]]}},{"type":"Feature","properties":{"lit":0.4081},"geometry":{"type":"LineString","coordinates":[[-73.908633,40.692436],[-73.908489,40.692581]]}},{"type":"Feature","properties":{"lit":0.2885},"geometry":{"type":"LineString","coordinates":[[-73.908489,40.692581],[-73.908346,40.692727]]}},{"type":"Feature","properties":{"lit":0.1602},"geometry":{"type":"LineString","coordinates":[[-73.908346,40.692727],[-73.908154,40.692922]]}},{"type":"Feature","properties":{"lit":0.1071},"geometry":{"type":"LineString","coordinates":[[-73.908154,40.692922],[-73.908101,40.692976]]}},{"type":"Feature","properties":{"lit":0.0908},"geometry":{"type":"LineString","coordinates":[[-73.908101,40.692976],[-73.908039,40.693039]]}},{"type":"Feature","properties":{"lit":0.0608},"geometry":{"type":"LineString","coordinates":[[-73.908039,40.693039],[-73.907888,40.693193]]}},{"type":"Feature","properties":{"lit":0.0333},"geometry":{"type":"LineString","coordinates":[[-73.907888,40.693193],[-73.90773,40.693354]]}},{"type":"Feature","properties":{"lit":0.0207},"geometry":{"type":"LineString","coordinates":[[-73.91024,40.691897],[-73.910196,40.691872]]}},{"type":"Feature","properties":{"lit":0.0376},"geometry":{"type":"LineString","coordinates":[[-73.910196,40.691872],[-73.90994,40.691726]]}},{"type":"Feature","properties":{"lit":0.0606},"geometry":{"type":"LineString","coordinates":[[-73.90994,40.691726],[-73.909684,40.69158]]}},{"type":"Feature","properties":{"lit":0.0596},"geometry":{"type":"LineString","coordinates":[[-73.909684,40.69158],[-73.909627,40.691546]]}},{"type":"Feature","properties":{"lit":0.0545},"geometry":{"type":"LineString","coordinates":[[-73.909627,40.691546],[-73.90955,40.691503]]}},{"type":"Feature","properties":{"lit":0.0235},"geometry":{"type":"LineString","coordinates":[[-73.909172,40.691288],[-73.909422,40.691431]]}},{"type":"Feature","properties":{"lit":0.0411},"geometry":{"type":"LineString","coordinates":[[-73.909422,40.691431],[-73.909488,40.691468]]}},{"type":"Feature","properties":{"lit":0.0481},"geometry":{"type":"LineString","coordinates":[[-73.909488,40.691468],[-73.90955,40.691503]]}},{"type":"Feature","properties":{"lit":0.0496},"geometry":{"type":"LineString","coordinates":[[-73.987187,40.700656],[-73.986883,40.700643]]}},{"type":"Feature","properties":{"lit":0.0649},"geometry":{"type":"LineString","coordinates":[[-73.986883,40.700643],[-73.986831,40.700641]]}},{"type":"Feature","properties":{"lit":0.0678},"geometry":{"type":"LineString","coordinates":[[-73.986831,40.700641],[-73.986778,40.700639]]}},{"type":"Feature","properties":{"lit":0.0251},"geometry":{"type":"LineString","coordinates":[[-73.957595,40.687662],[-73.957342,40.687692]]}},{"type":"Feature","properties":{"lit":0.0446},"geometry":{"type":"LineString","coordinates":[[-73.957342,40.687692],[-73.957088,40.687722]]}},{"type":"Feature","properties":{"lit":0.0526},"geometry":{"type":"LineString","coordinates":[[-73.957088,40.687722],[-73.956975,40.687735]]}},{"type":"Feature","properties":{"lit":0.045},"geometry":{"type":"LineString","coordinates":[[-73.987206,40.694007],[-73.987215,40.693804]]}},{"type":"Feature","properties":{"lit":0.0784},"geometry":{"type":"LineString","coordinates":[[-73.987215,40.693804],[-73.987224,40.693601]]}},{"type":"Feature","properties":{"lit":0.0978},"geometry":{"type":"LineString","coordinates":[[-73.987224,40.693601],[-73.987226,40.693528]]}},{"type":"Feature","properties":{"lit":0.1124},"geometry":{"type":"LineString","coordinates":[[-73.987226,40.693528],[-73.987235,40.693345]]}},{"type":"Feature","properties":{"lit":0.0744},"geometry":{"type":"LineString","coordinates":[[-73.986273,40.692204],[-73.986349,40.692215]]}},{"type":"Feature","properties":{"lit":0.1464},"geometry":{"type":"LineString","coordinates":[[-73.986349,40.692215],[-73.986526,40.69222]]}},{"type":"Feature","properties":{"lit":0.2638},"geometry":{"type":"LineString","coordinates":[[-73.986526,40.69222],[-73.986607,40.692209]]}},{"type":"Feature","properties":{"lit":0.5506},"geometry":{"type":"LineString","coordinates":[[-73.986607,40.692209],[-73.986943,40.692219]]}},{"type":"Feature","properties":{"lit":0.8643},"geometry":{"type":"LineString","coordinates":[[-73.986943,40.692219],[-73.987008,40.692248]]}},{"type":"Feature","properties":{"lit":1.0},"geometry":{"type":"LineString","coordinates":[[-73.987008,40.692248],[-73.987182,40.692255]]}},{"type":"Feature","properties":{"lit":1.0},"geometry":{"type":"LineString","coordinates":[[-73.987182,40.692255],[-73.987296,40.692232]]}},{"type":"Feature","properties":{"lit":0.0364},"geometry":{"type":"LineString","coordinates":[[-73.987615,40.690933],[-73.987481,40.691159]]}},{"type":"Feature","properties":{"lit":0.1775},"geometry":{"type":"LineString","coordinates":[[-73.987481,40.691159],[-73.987347,40.691385]]}},{"type":"Feature","properties":{"lit":0.3667},"geometry":{"type":"LineString","coordinates":[[-73.987347,40.691385],[-73.987339,40.691455]]}},{"type":"Feature","properties":{"lit":0.0674},"geometry":{"type":"LineString","coordinates":[[-73.987068,40.693709],[-73.986778,40.693698]]}},{"type":"Feature","properties":{"lit":0.0353},"geometry":{"type":"LineString","coordinates":[[-73.986778,40.693698],[-73.986488,40.693687]]}},{"type":"Feature","properties":{"lit":0.0287},"geometry":{"type":"LineString","coordinates":[[-73.985263,40.700342],[-73.985191,40.700282]]}},{"type":"Feature","properties":{"lit":0.0396},"geometry":{"type":"LineString","coordinates":[[-73.985191,40.700282],[-73.985123,40.700185]]}},{"type":"Feature","properties":{"lit":0.0512},"geometry":{"type":"LineString","coordinates":[[-73.985123,40.700185],[-73.985047,40.700094]]}},{"type":"Feature","properties":{"lit":0.0574},"geometry":{"type":"LineString","coordinates":[[-73.985047,40.700094],[-73.98499,40.700033]]}},{"type":"Feature","properties":{"lit":0.0589},"geometry":{"type":"LineString","coordinates":[[-73.98499,40.700033],[-73.984942,40.699986]]}},{"type":"Feature","properties":{"lit":0.3144},"geometry":{"type":"LineString","coordinates":[[-73.986668,40.701006],[-73.986577,40.700983]]}},{"type":"Feature","properties":{"lit":0.2596},"geometry":{"type":"LineString","coordinates":[[-73.986577,40.700983],[-73.986453,40.700948]]}},{"type":"Feature","properties":{"lit":0.1769},"geometry":{"type":"LineString","coordinates":[[-73.986453,40.700948],[-73.9863,40.700897]]}},{"type":"Feature","properties":{"lit":0.0995},"geometry":{"type":"LineString","coordinates":[[-73.9863,40.700897],[-73.986158,40.700844]]}},{"type":"Feature","properties":{"lit":0.0518},"geometry":{"type":"LineString","coordinates":[[-73.986158,40.700844],[-73.986037,40.700795]]}},{"type":"Feature","properties":{"lit":0.025},"geometry":{"type":"LineString","coordinates":[[-73.986037,40.700795],[-73.985909,40.700736]]}},{"type":"Feature","properties":{"lit":0.0573},"geometry":{"type":"LineString","coordinates":[[-73.986273,40.692204],[-73.986269,40.692268]]}},{"type":"Feature","properties":{"lit":0.0475},"geometry":{"type":"LineString","coordinates":[[-73.986269,40.692268],[-73.986259,40.692458]]}},{"type":"Feature","properties":{"lit":0.0322},"geometry":{"type":"LineString","coordinates":[[-73.986259,40.692458],[-73.986249,40.692648]]}},{"type":"Feature","properties":{"lit":0.9869},"geometry":{"type":"LineString","coordinates":[[-73.987306,40.692012],[-73.987316,40.691776]]}},{"type":"Feature","properties":{"lit":0.7159},"geometry":{"type":"LineString","coordinates":[[-73.987316,40.691776],[-73.987326,40.69154]]}},{"type":"Feature","properties":{"lit":0.54},"geometry":{"type":"LineString","coordinates":[[-73.987326,40.69154],[-73.987326,40.691536]]}},{"type":"Feature","properties":{"lit":0.4754},"geometry":{"type":"LineString","coordinates":[[-73.987326,40.691536],[-73.987339,40.691455]]}},{"type":"Feature","properties":{"lit":0.0834},"geometry":{"type":"LineString","coordinates":[[-73.911165,40.699567],[-73.911065,40.699511]]}},{"type":"Feature","properties":{"lit":0.0222},"geometry":{"type":"LineString","coordinates":[[-73.974194,40.689666],[-73.974468,40.689676]]}},{"type":"Feature","properties":{"lit":0.0477},"geometry":{"type":"LineString","coordinates":[[-73.974468,40.689676],[-73.974743,40.689686]]}},{"type":"Feature","properties":{"lit":0.0825},"geometry":{"type":"LineString","coordinates":[[-73.974743,40.689686],[-73.975017,40.689696]]}},{"type":"Feature","properties":{"lit":0.1073},"geometry":{"type":"LineString","coordinates":[[-73.975017,40.689696],[-73.97506,40.689698]]}},{"type":"Feature","properties":{"lit":0.1138},"geometry":{"type":"LineString","coordinates":[[-73.97506,40.689698],[-73.975106,40.689699]]}},{"type":"Feature","properties":{"lit":0.1233},"geometry":{"type":"LineString","coordinates":[[-73.975106,40.689699],[-73.975188,40.689701]]}},{"type":"Feature","properties":{"lit":0.1532},"geometry":{"type":"LineString","coordinates":[[-73.975188,40.689701],[-73.975492,40.689713]]}},{"type":"Feature","properties":{"lit":0.2051},"geometry":{"type":"LineString","coordinates":[[-73.975492,40.689713],[-73.975797,40.689725]]}},{"type":"Feature","properties":{"lit":0.232},"geometry":{"type":"LineString","coordinates":[[-73.975797,40.689725],[-73.976102,40.689737]]}},{"type":"Feature","properties":{"lit":0.1965},"geometry":{"type":"LineString","coordinates":[[-73.976102,40.689737],[-73.9764,40.689749]]}},{"type":"Feature","properties":{"lit":0.1499},"geometry":{"type":"LineString","coordinates":[[-73.9764,40.689749],[-73.976698,40.68976]]}},{"type":"Feature","properties":{"lit":0.1322},"geometry":{"type":"LineString","coordinates":[[-73.976698,40.68976],[-73.976996,40.689772]]}},{"type":"Feature","properties":{"lit":0.1191},"geometry":{"type":"LineString","coordinates":[[-73.976996,40.689772],[-73.977042,40.689774]]}},{"type":"Feature","properties":{"lit":0.1146},"geometry":{"type":"LineString","coordinates":[[-73.977042,40.689774],[-73.977101,40.689776]]}},{"type":"Feature","properties":{"lit":0.1054},"geometry":{"type":"LineString","coordinates":[[-73.977101,40.689776],[-73.977192,40.68978]]}},{"type":"Feature","properties":{"lit":0.0887},"geometry":{"type":"LineString","coordinates":[[-73.977192,40.68978],[-73.97731,40.689785]]}},{"type":"Feature","properties":{"lit":0.0526},"geometry":{"type":"LineString","coordinates":[[-73.97731,40.689785],[-73.977624,40.689797]]}},{"type":"Feature","properties":{"lit":0.0581},"geometry":{"type":"LineString","coordinates":[[-73.91078,40.699608],[-73.91099,40.699588]]}},{"type":"Feature","properties":{"lit":0.0741},"geometry":{"type":"LineString","coordinates":[[-73.911065,40.699511],[-73.911005,40.699575]]}},{"type":"Feature","properties":{"lit":0.0737},"geometry":{"type":"LineString","coordinates":[[-73.911005,40.699575],[-73.91099,40.699588]]}},{"type":"Feature","properties":{"lit":0.0978},"geometry":{"type":"LineString","coordinates":[[-73.911165,40.699567],[-73.911306,40.699552]]}},{"type":"Feature","properties":{"lit":0.0942},"geometry":{"type":"LineString","coordinates":[[-73.911306,40.699552],[-73.911606,40.699519]]}},{"type":"Feature","properties":{"lit":0.057},"geometry":{"type":"LineString","coordinates":[[-73.911606,40.699519],[-73.911906,40.699486]]}},{"type":"Feature","properties":{"lit":0.0204},"geometry":{"type":"LineString","coordinates":[[-73.911906,40.699486],[-73.912206,40.699453]]}},{"type":"Feature","properties":{"lit":0.0437},"geometry":{"type":"LineString","coordinates":[[-73.985191,40.700282],[-73.985019,40.700131]]}},{"type":"Feature","properties":{"lit":0.0556},"geometry":{"type":"LineString","coordinates":[[-73.985019,40.700131],[-73.984847,40.699979]]}},{"type":"Feature","properties":{"lit":0.0323},"geometry":{"type":"LineString","coordinates":[[-73.978579,40.696441],[-73.978599,40.696442]]}},{"type":"Feature","properties":{"lit":0.0481},"geometry":{"type":"LineString","coordinates":[[-73.978599,40.696442],[-73.97891,40.696449]]}},{"type":"Feature","properties":{"lit":0.0671},"geometry":{"type":"LineString","coordinates":[[-73.97891,40.696449],[-73.979221,40.696456]]}},{"type":"Feature","properties":{"lit":0.067},"geometry":{"type":"LineString","coordinates":[[-73.979221,40.696456],[-73.979533,40.696464]]}},{"type":"Feature","properties":{"lit":0.0674},"geometry":{"type":"LineString","coordinates":[[-73.979533,40.696464],[-73.979779,40.696469]]}},{"type":"Feature","properties":{"lit":0.0672},"geometry":{"type":"LineString","coordinates":[[-73.979779,40.696469],[-73.980025,40.696475]]}},{"type":"Feature","properties":{"lit":0.0544},"geometry":{"type":"LineString","coordinates":[[-73.980025,40.696475],[-73.980271,40.696481]]}},{"type":"Feature","properties":{"lit":0.0376},"geometry":{"type":"LineString","coordinates":[[-73.980271,40.696481],[-73.98039,40.696483]]}},{"type":"Feature","properties":{"lit":0.0305},"geometry":{"type":"LineString","coordinates":[[-73.985619,40.699903],[-73.98546,40.69989]]}},{"type":"Feature","properties":{"lit":0.0432},"geometry":{"type":"LineString","coordinates":[[-73.98546,40.69989],[-73.985292,40.699873]]}},{"type":"Feature","properties":{"lit":0.0573},"geometry":{"type":"LineString","coordinates":[[-73.985292,40.699873],[-73.984835,40.699818]]}},{"type":"Feature","properties":{"lit":0.0245},"geometry":{"type":"LineString","coordinates":[[-73.980364,40.696184],[-73.980218,40.696181]]}},{"type":"Feature","properties":{"lit":0.0321},"geometry":{"type":"LineString","coordinates":[[-73.980218,40.696181],[-73.980077,40.696177]]}},{"type":"Feature","properties":{"lit":0.0385},"geometry":{"type":"LineString","coordinates":[[-73.980077,40.696177],[-73.979815,40.696171]]}},{"type":"Feature","properties":{"lit":0.0395},"geometry":{"type":"LineString","coordinates":[[-73.979815,40.696171],[-73.979553,40.696165]]}},{"type":"Feature","properties":{"lit":0.0392},"geometry":{"type":"LineString","coordinates":[[-73.979553,40.696165],[-73.979482,40.696164]]}},{"type":"Feature","properties":{"lit":0.0402},"geometry":{"type":"LineString","coordinates":[[-73.979482,40.696164],[-73.979195,40.696157]]}},{"type":"Feature","properties":{"lit":0.0399},"geometry":{"type":"LineString","coordinates":[[-73.979195,40.696157],[-73.978908,40.696151]]}},{"type":"Feature","properties":{"lit":0.0284},"geometry":{"type":"LineString","coordinates":[[-73.978908,40.696151],[-73.978621,40.696144]]}},{"type":"Feature","properties":{"lit":0.0392},"geometry":{"type":"LineString","coordinates":[[-73.988295,40.692188],[-73.988277,40.692187]]}},{"type":"Feature","properties":{"lit":0.0434},"geometry":{"type":"LineString","coordinates":[[-73.988277,40.692187],[-73.988273,40.692263]]}},{"type":"Feature","properties":{"lit":0.0435},"geometry":{"type":"LineString","coordinates":[[-73.988273,40.692263],[-73.988268,40.692355]]}},{"type":"Feature","properties":{"lit":0.0635},"geometry":{"type":"LineString","coordinates":[[-73.911065,40.699511],[-73.910971,40.699462]]}},{"type":"Feature","properties":{"lit":0.0362},"geometry":{"type":"LineString","coordinates":[[-73.910971,40.699462],[-73.910775,40.699354]]}},{"type":"Feature","properties":{"lit":0.0236},"geometry":{"type":"LineString","coordinates":[[-73.980436,40.696793],[-73.980408,40.696606]]}},{"type":"Feature","properties":{"lit":0.0292},"geometry":{"type":"LineString","coordinates":[[-73.980408,40.696606],[-73.980405,40.696581]]}},{"type":"Feature","properties":{"lit":0.0313},"geometry":{"type":"LineString","coordinates":[[-73.980405,40.696581],[-73.98039,40.696483]]}},{"type":"Feature","properties":{"lit":0.0308},"geometry":{"type":"LineString","coordinates":[[-73.986287,40.699935],[-73.986255,40.699934]]}},{"type":"Feature","properties":{"lit":0.0363},"geometry":{"type":"LineString","coordinates":[[-73.986842,40.69996],[-73.986788,40.699959]]}},{"type":"Feature","properties":{"lit":0.0703},"geometry":{"type":"LineString","coordinates":[[-73.986679,40.700635],[-73.986636,40.700633]]}},{"type":"Feature","properties":{"lit":0.07},"geometry":{"type":"LineString","coordinates":[[-73.986778,40.700639],[-73.986696,40.700635]]}},{"type":"Feature","properties":{"lit":0.0705},"geometry":{"type":"LineString","coordinates":[[-73.986696,40.700635],[-73.986679,40.700635]]}},{"type":"Feature","properties":{"lit":0.0598},"geometry":{"type":"LineString","coordinates":[[-73.986441,40.700208],[-73.986522,40.700204]]}},{"type":"Feature","properties":{"lit":0.0792},"geometry":{"type":"LineString","coordinates":[[-73.986778,40.700639],[-73.98678,40.70071]]}},{"type":"Feature","properties":{"lit":0.1141},"geometry":{"type":"LineString","coordinates":[[-73.98678,40.70071],[-73.986776,40.700798]]}},{"type":"Feature","properties":{"lit":0.0525},"geometry":{"type":"LineString","coordinates":[[-73.956975,40.687735],[-73.956891,40.687745]]}},{"type":"Feature","properties":{"lit":0.0458},"geometry":{"type":"LineString","coordinates":[[-73.956891,40.687745],[-73.956647,40.687772]]}},{"type":"Feature","properties":{"lit":0.0273},"geometry":{"type":"LineString","coordinates":[[-73.956647,40.687772],[-73.956404,40.6878]]}},{"type":"Feature","properties":{"lit":0.0391},"geometry":{"type":"LineString","coordinates":[[-73.98828,40.691958],[-73.988266,40.691953]]}},{"type":"Feature","properties":{"lit":0.0452},"geometry":{"type":"LineString","coordinates":[[-73.988266,40.691953],[-73.988236,40.691973]]}},{"type":"Feature","properties":{"lit":0.0518},"geometry":{"type":"LineString","coordinates":[[-73.988236,40.691973],[-73.988232,40.692016]]}},{"type":"Feature","properties":{"lit":0.0496},"geometry":{"type":"LineString","coordinates":[[-73.988232,40.692016],[-73.98826,40.69204]]}},{"type":"Feature","properties":{"lit":0.0441},"geometry":{"type":"LineString","coordinates":[[-73.98826,40.69204],[-73.988275,40.692052]]}},{"type":"Feature","properties":{"lit":0.04},"geometry":{"type":"LineString","coordinates":[[-73.988275,40.692052],[-73.98828,40.691958]]}},{"type":"Feature","properties":{"lit":0.084},"geometry":{"type":"LineString","coordinates":[[-73.988128,40.692436],[-73.988154,40.692416]]}},{"type":"Feature","properties":{"lit":0.076},"geometry":{"type":"LineString","coordinates":[[-73.988154,40.692416],[-73.988173,40.692402]]}},{"type":"Feature","properties":{"lit":0.0743},"geometry":{"type":"LineString","coordinates":[[-73.988173,40.692402],[-73.988174,40.692346]]}},{"type":"Feature","properties":{"lit":0.0765},"geometry":{"type":"LineString","coordinates":[[-73.988174,40.692346],[-73.988174,40.692341]]}},{"type":"Feature","properties":{"lit":0.0793},"geometry":{"type":"LineString","coordinates":[[-73.988174,40.692341],[-73.988163,40.692327]]}},{"type":"Feature","properties":{"lit":0.0862},"geometry":{"type":"LineString","coordinates":[[-73.988163,40.692327],[-73.988149,40.692321]]}},{"type":"Feature","properties":{"lit":0.096},"geometry":{"type":"LineString","coordinates":[[-73.988149,40.692321],[-73.98813,40.692317]]}},{"type":"Feature","properties":{"lit":0.1065},"geometry":{"type":"LineString","coordinates":[[-73.98813,40.692317],[-73.988115,40.692319]]}},{"type":"Feature","properties":{"lit":0.1044},"geometry":{"type":"LineString","coordinates":[[-73.988115,40.692319],[-73.988133,40.692336]]}},{"type":"Feature","properties":{"lit":0.0943},"geometry":{"type":"LineString","coordinates":[[-73.988133,40.692336],[-73.988128,40.692436]]}},{"type":"Feature","properties":{"lit":0.0442},"geometry":{"type":"LineString","coordinates":[[-73.988256,40.692428],[-73.988243,40.692416]]}},{"type":"Feature","properties":{"lit":0.0501},"geometry":{"type":"LineString","coordinates":[[-73.988243,40.692416],[-73.988223,40.692398]]}},{"type":"Feature","properties":{"lit":0.0553},"geometry":{"type":"LineString","coordinates":[[-73.988223,40.692398],[-73.988226,40.692343]]}},{"type":"Feature","properties":{"lit":0.0575},"geometry":{"type":"LineString","coordinates":[[-73.988226,40.692343],[-73.98823,40.692265]]}},{"type":"Feature","properties":{"lit":0.0535},"geometry":{"type":"LineString","coordinates":[[-73.98823,40.692265],[-73.988253,40.692252]]}},{"type":"Feature","properties":{"lit":0.0484},"geometry":{"type":"LineString","coordinates":[[-73.988253,40.692252],[-73.988263,40.692246]]}},{"type":"Feature","properties":{"lit":0.0468},"geometry":{"type":"LineString","coordinates":[[-73.988263,40.692246],[-73.988264,40.692262]]}},{"type":"Feature","properties":{"lit":0.0457},"geometry":{"type":"LineString","coordinates":[[-73.988264,40.692262],[-73.988261,40.692342]]}},{"type":"Feature","properties":{"lit":0.0434},"geometry":{"type":"LineString","coordinates":[[-73.988261,40.692342],[-73.988256,40.692428]]}},{"type":"Feature","properties":{"lit":0.4757},"geometry":{"type":"LineString","coordinates":[[-73.987764,40.69219],[-73.987795,40.692218]]}},{"type":"Feature","properties":{"lit":0.4278},"geometry":{"type":"LineString","coordinates":[[-73.987795,40.692218],[-73.987826,40.692246]]}},{"type":"Feature","properties":{"lit":0.2263},"geometry":{"type":"LineString","coordinates":[[-73.987826,40.692246],[-73.988122,40.692253]]}},{"type":"Feature","properties":{"lit":0.1083},"geometry":{"type":"LineString","coordinates":[[-73.988122,40.692253],[-73.98813,40.692251]]}},{"type":"Feature","properties":{"lit":0.0999},"geometry":{"type":"LineString","coordinates":[[-73.98813,40.692251],[-73.988152,40.692245]]}},{"type":"Feature","properties":{"lit":0.0884},"geometry":{"type":"LineString","coordinates":[[-73.988152,40.692245],[-73.988176,40.69223]]}},{"type":"Feature","properties":{"lit":0.0797},"geometry":{"type":"LineString","coordinates":[[-73.988176,40.69223],[-73.98819,40.692208]]}},{"type":"Feature","properties":{"lit":0.0766},"geometry":{"type":"LineString","coordinates":[[-73.98819,40.692208],[-73.988191,40.692204]]}},{"type":"Feature","properties":{"lit":0.0747},"geometry":{"type":"LineString","coordinates":[[-73.988191,40.692204],[-73.988197,40.692121]]}},{"type":"Feature","properties":{"lit":0.0773},"geometry":{"type":"LineString","coordinates":[[-73.988197,40.692121],[-73.988172,40.692106]]}},{"type":"Feature","properties":{"lit":0.0897},"geometry":{"type":"LineString","coordinates":[[-73.988172,40.692106],[-73.98814,40.692087]]}},{"type":"Feature","properties":{"lit":0.1009},"geometry":{"type":"LineString","coordinates":[[-73.98814,40.692087],[-73.988137,40.692202]]}},{"type":"Feature","properties":{"lit":0.2525},"geometry":{"type":"LineString","coordinates":[[-73.988137,40.692202],[-73.987764,40.69219]]}},{"type":"Feature","properties":{"lit":0.4247},"geometry":{"type":"LineString","coordinates":[[-73.987813,40.692326],[-73.987789,40.692304]]}},{"type":"Feature","properties":{"lit":0.4731},"geometry":{"type":"LineString","coordinates":[[-73.987789,40.692304],[-73.987756,40.692273]]}},{"type":"Feature","properties":{"lit":0.7615},"geometry":{"type":"LineString","coordinates":[[-73.987756,40.692273],[-73.98743,40.69226]]}},{"type":"Feature","properties":{"lit":0.9874},"geometry":{"type":"LineString","coordinates":[[-73.98743,40.69226],[-73.987422,40.692262]]}},{"type":"Feature","properties":{"lit":0.993},"geometry":{"type":"LineString","coordinates":[[-73.987422,40.692262],[-73.987417,40.692264]]}},{"type":"Feature","properties":{"lit":1.0},"geometry":{"type":"LineString","coordinates":[[-73.987417,40.692264],[-73.9874,40.692274]]}},{"type":"Feature","properties":{"lit":1.0},"geometry":{"type":"LineString","coordinates":[[-73.9874,40.692274],[-73.987394,40.692283]]}},{"type":"Feature","properties":{"lit":0.9952},"geometry":{"type":"LineString","coordinates":[[-73.987394,40.692283],[-73.987394,40.692311]]}},{"type":"Feature","properties":{"lit":0.9733},"geometry":{"type":"LineString","coordinates":[[-73.987394,40.692311],[-73.98742,40.692313]]}},{"type":"Feature","properties":{"lit":0.7009},"geometry":{"type":"LineString","coordinates":[[-73.98742,40.692313],[-73.987813,40.692326]]}},{"type":"Feature","properties":{"lit":0.0381},"geometry":{"type":"LineString","coordinates":[[-73.910706,40.699671],[-73.910749,40.699664]]}},{"type":"Feature","properties":{"lit":0.0436},"geometry":{"type":"LineString","coordinates":[[-73.910749,40.699664],[-73.910786,40.699664]]}},{"type":"Feature","properties":{"lit":0.0472},"geometry":{"type":"LineString","coordinates":[[-73.910786,40.699664],[-73.910796,40.699673]]}},{"type":"Feature","properties":{"lit":0.0482},"geometry":{"type":"LineString","coordinates":[[-73.910796,40.699673],[-73.910796,40.699687]]}},{"type":"Feature","properties":{"lit":0.0453},"geometry":{"type":"LineString","coordinates":[[-73.910796,40.699687],[-73.910753,40.699725]]}},{"type":"Feature","properties":{"lit":0.042},"geometry":{"type":"LineString","coordinates":[[-73.910753,40.699725],[-73.91075,40.699706]]}},{"type":"Feature","properties":{"lit":0.0411},"geometry":{"type":"LineString","coordinates":[[-73.91075,40.699706],[-73.910742,40.699691]]}},{"type":"Feature","properties":{"lit":0.0394},"geometry":{"type":"LineString","coordinates":[[-73.910742,40.699691],[-73.910727,40.699681]]}},{"type":"Feature","properties":{"lit":0.0367},"geometry":{"type":"LineString","coordinates":[[-73.910727,40.699681],[-73.910706,40.699671]]}},{"type":"Feature","properties":{"lit":0.0307},"geometry":{"type":"LineString","coordinates":[[-73.910697,40.699564],[-73.910699,40.699576]]}},{"type":"Feature","properties":{"lit":0.0373},"geometry":{"type":"LineString","coordinates":[[-73.910699,40.699576],[-73.910805,40.699564]]}},{"type":"Feature","properties":{"lit":0.0515},"geometry":{"type":"LineString","coordinates":[[-73.910805,40.699564],[-73.910923,40.699549]]}},{"type":"Feature","properties":{"lit":0.0596},"geometry":{"type":"LineString","coordinates":[[-73.910923,40.699549],[-73.910938,40.699538]]}},{"type":"Feature","properties":{"lit":0.0596},"geometry":{"type":"LineString","coordinates":[[-73.910938,40.699538],[-73.910941,40.699526]]}},{"type":"Feature","properties":{"lit":0.0561},"geometry":{"type":"LineString","coordinates":[[-73.910941,40.699526],[-73.910936,40.699485]]}},{"type":"Feature","properties":{"lit":0.0482},"geometry":{"type":"LineString","coordinates":[[-73.910936,40.699485],[-73.910889,40.699454]]}},{"type":"Feature","properties":{"lit":0.042},"geometry":{"type":"LineString","coordinates":[[-73.910889,40.699454],[-73.910857,40.69946]]}},{"type":"Feature","properties":{"lit":0.0423},"geometry":{"type":"LineString","coordinates":[[-73.910857,40.69946],[-73.910872,40.699476]]}},{"type":"Feature","properties":{"lit":0.0456},"geometry":{"type":"LineString","coordinates":[[-73.910872,40.699476],[-73.910868,40.699505]]}},{"type":"Feature","properties":{"lit":0.0475},"geometry":{"type":"LineString","coordinates":[[-73.910868,40.699505],[-73.910856,40.69953]]}},{"type":"Feature","properties":{"lit":0.0458},"geometry":{"type":"LineString","coordinates":[[-73.910856,40.69953],[-73.910814,40.699547]]}},{"type":"Feature","properties":{"lit":0.0367},"geometry":{"type":"LineString","coordinates":[[-73.910814,40.699547],[-73.910697,40.699564]]}},{"type":"Feature","properties":{"lit":0.0674},"geometry":{"type":"LineString","coordinates":[[-73.911231,40.699413],[-73.911204,40.699419]]}},{"type":"Feature","properties":{"lit":0.0708},"geometry":{"type":"LineString","coordinates":[[-73.911204,40.699419],[-73.911159,40.699465]]}},{"type":"Feature","properties":{"lit":0.0749},"geometry":{"type":"LineString","coordinates":[[-73.911159,40.699465],[-73.911151,40.699478]]}},{"type":"Feature","properties":{"lit":0.0773},"geometry":{"type":"LineString","coordinates":[[-73.911151,40.699478],[-73.911151,40.699493]]}},{"type":"Feature","properties":{"lit":0.0807},"geometry":{"type":"LineString","coordinates":[[-73.911151,40.699493],[-73.911161,40.699508]]}},{"type":"Feature","properties":{"lit":0.0837},"geometry":{"type":"LineString","coordinates":[[-73.911161,40.699508],[-73.911185,40.699508]]}},{"type":"Feature","properties":{"lit":0.0859},"geometry":{"type":"LineString","coordinates":[[-73.911185,40.699508],[-73.911235,40.699502]]}},{"type":"Feature","properties":{"lit":0.0872},"geometry":{"type":"LineString","coordinates":[[-73.911235,40.699502],[-73.911266,40.699497]]}},{"type":"Feature","properties":{"lit":0.0865},"geometry":{"type":"LineString","coordinates":[[-73.911266,40.699497],[-73.911273,40.699487]]}},{"type":"Feature","properties":{"lit":0.0852},"geometry":{"type":"LineString","coordinates":[[-73.911273,40.699487],[-73.911224,40.699494]]}},{"type":"Feature","properties":{"lit":0.0845},"geometry":{"type":"LineString","coordinates":[[-73.911224,40.699494],[-73.911214,40.699496]]}},{"type":"Feature","properties":{"lit":0.0828},"geometry":{"type":"LineString","coordinates":[[-73.911214,40.699496],[-73.911196,40.699487]]}},{"type":"Feature","properties":{"lit":0.079},"geometry":{"type":"LineString","coordinates":[[-73.911196,40.699487],[-73.911193,40.699466]]}},{"type":"Feature","properties":{"lit":0.0746},"geometry":{"type":"LineString","coordinates":[[-73.911193,40.699466],[-73.91121,40.699441]]}},{"type":"Feature","properties":{"lit":0.0699},"geometry":{"type":"LineString","coordinates":[[-73.91121,40.699441],[-73.911231,40.699413]]}},{"type":"Feature","properties":{"lit":0.0214},"geometry":{"type":"LineString","coordinates":[[-73.977716,40.68998],[-73.977677,40.689984]]}},{"type":"Feature","properties":{"lit":0.0419},"geometry":{"type":"LineString","coordinates":[[-73.977677,40.689984],[-73.977371,40.690008]]}},{"type":"Feature","properties":{"lit":0.0702},"geometry":{"type":"LineString","coordinates":[[-73.977371,40.690008],[-73.977353,40.689914]]}},{"type":"Feature","properties":{"lit":0.0654},"geometry":{"type":"LineString","coordinates":[[-73.977353,40.689914],[-73.977444,40.689914]]}},{"type":"Feature","properties":{"lit":0.0369},"geometry":{"type":"LineString","coordinates":[[-73.977444,40.689914],[-73.977706,40.689914]]}},{"type":"Feature","properties":{"lit":0.0204},"geometry":{"type":"LineString","coordinates":[[-73.977706,40.689914],[-73.977725,40.689914]]}},{"type":"Feature","properties":{"lit":0.0619},"geometry":{"type":"LineString","coordinates":[[-73.978294,40.687448],[-73.978341,40.687784]]}},{"type":"Feature","properties":{"lit":0.0274},"geometry":{"type":"LineString","coordinates":[[-73.978341,40.687784],[-73.978347,40.687868]]}},{"type":"Feature","properties":{"lit":0.0338},"geometry":{"type":"LineString","coordinates":[[-73.985067,40.689376],[-73.985353,40.689484]]}},{"type":"Feature","properties":{"lit":0.0686},"geometry":{"type":"LineString","coordinates":[[-73.986636,40.700633],[-73.98654,40.70063]]}},{"type":"Feature","properties":{"lit":0.0576},"geometry":{"type":"LineString","coordinates":[[-73.98654,40.70063],[-73.986295,40.700623]]}},{"type":"Feature","properties":{"lit":0.0333},"geometry":{"type":"LineString","coordinates":[[-73.986295,40.700623],[-73.98605,40.700616]]}},{"type":"Feature","properties":{"lit":0.204},"geometry":{"type":"LineString","coordinates":[[-73.986776,40.700798],[-73.986768,40.70096]]}},{"type":"Feature","properties":{"lit":0.0313},"geometry":{"type":"LineString","coordinates":[[-73.987044,40.700153],[-73.987016,40.700153]]}},{"type":"Feature","properties":{"lit":0.033},"geometry":{"type":"LineString","coordinates":[[-73.987016,40.700153],[-73.987005,40.70015]]}},{"type":"Feature","properties":{"lit":0.0337},"geometry":{"type":"LineString","coordinates":[[-73.987005,40.70015],[-73.986998,40.700144]]}},{"type":"Feature","properties":{"lit":0.0339},"geometry":{"type":"LineString","coordinates":[[-73.986998,40.700144],[-73.986997,40.700136]]}},{"type":"Feature","properties":{"lit":0.0336},"geometry":{"type":"LineString","coordinates":[[-73.986997,40.700136],[-73.987,40.700129]]}},{"type":"Feature","properties":{"lit":0.0328},"geometry":{"type":"LineString","coordinates":[[-73.987,40.700129],[-73.987011,40.700125]]}},{"type":"Feature","properties":{"lit":0.0313},"geometry":{"type":"LineString","coordinates":[[-73.987011,40.700125],[-73.987034,40.700125]]}},{"type":"Feature","properties":{"lit":0.0315},"geometry":{"type":"LineString","coordinates":[[-73.986994,40.700043],[-73.98696,40.700041]]}},{"type":"Feature","properties":{"lit":0.0332},"geometry":{"type":"LineString","coordinates":[[-73.98696,40.700041],[-73.986949,40.70004]]}},{"type":"Feature","properties":{"lit":0.0338},"geometry":{"type":"LineString","coordinates":[[-73.986949,40.70004],[-73.98694,40.700036]]}},{"type":"Feature","properties":{"lit":0.0339},"geometry":{"type":"LineString","coordinates":[[-73.98694,40.700036],[-73.986938,40.700029]]}},{"type":"Feature","properties":{"lit":0.0335},"geometry":{"type":"LineString","coordinates":[[-73.986938,40.700029],[-73.986939,40.700022]]}},{"type":"Feature","properties":{"lit":0.0329},"geometry":{"type":"LineString","coordinates":[[-73.986939,40.700022],[-73.986943,40.700018]]}},{"type":"Feature","properties":{"lit":0.0322},"geometry":{"type":"LineString","coordinates":[[-73.986943,40.700018],[-73.986952,40.700016]]}},{"type":"Feature","properties":{"lit":0.0314},"geometry":{"type":"LineString","coordinates":[[-73.986952,40.700016],[-73.986962,40.700016]]}},{"type":"Feature","properties":{"lit":0.0304},"geometry":{"type":"LineString","coordinates":[[-73.986962,40.700016],[-73.986981,40.700016]]}},{"type":"Feature","properties":{"lit":0.0607},"geometry":{"type":"LineString","coordinates":[[-73.985136,40.69993],[-73.985026,40.699909]]}},{"type":"Feature","properties":{"lit":0.0589},"geometry":{"type":"LineString","coordinates":[[-73.985026,40.699909],[-73.984916,40.699891]]}},{"type":"Feature","properties":{"lit":0.0559},"geometry":{"type":"LineString","coordinates":[[-73.984916,40.699891],[-73.984896,40.699889]]}},{"type":"Feature","properties":{"lit":0.0545},"geometry":{"type":"LineString","coordinates":[[-73.984896,40.699889],[-73.984881,40.699872]]}},{"type":"Feature","properties":{"lit":0.0527},"geometry":{"type":"LineString","coordinates":[[-73.984881,40.699872],[-73.984865,40.699853]]}},{"type":"Feature","properties":{"lit":0.0545},"geometry":{"type":"LineString","coordinates":[[-73.984865,40.699853],[-73.984955,40.699863]]}},{"type":"Feature","properties":{"lit":0.0592},"geometry":{"type":"LineString","coordinates":[[-73.984955,40.699863],[-73.985193,40.699894]]}},{"type":"Feature","properties":{"lit":0.0484},"geometry":{"type":"LineString","coordinates":[[-73.985193,40.699894],[-73.985456,40.699928]]}},{"type":"Feature","properties":{"lit":0.0348},"geometry":{"type":"LineString","coordinates":[[-73.985456,40.699928],[-73.985533,40.699936]]}},{"type":"Feature","properties":{"lit":0.0293},"geometry":{"type":"LineString","coordinates":[[-73.985533,40.699936],[-73.985595,40.699941]]}},{"type":"Feature","properties":{"lit":0.0248},"geometry":{"type":"LineString","coordinates":[[-73.985595,40.699941],[-73.985666,40.699946]]}},{"type":"Feature","properties":{"lit":0.0266},"geometry":{"type":"LineString","coordinates":[[-73.986128,40.699961],[-73.986126,40.699989]]}},{"type":"Feature","properties":{"lit":0.0279},"geometry":{"type":"LineString","coordinates":[[-73.986126,40.699989],[-73.986125,40.700009]]}},{"type":"Feature","properties":{"lit":0.0278},"geometry":{"type":"LineString","coordinates":[[-73.986125,40.700009],[-73.986102,40.700008]]}},{"type":"Feature","properties":{"lit":0.0262},"geometry":{"type":"LineString","coordinates":[[-73.986102,40.700008],[-73.986074,40.700008]]}},{"type":"Feature","properties":{"lit":0.0246},"geometry":{"type":"LineString","coordinates":[[-73.986074,40.700008],[-73.986045,40.700007]]}},{"type":"Feature","properties":{"lit":0.0231},"geometry":{"type":"LineString","coordinates":[[-73.986045,40.700007],[-73.986012,40.700006]]}},{"type":"Feature","properties":{"lit":0.0217},"geometry":{"type":"LineString","coordinates":[[-73.986012,40.700006],[-73.985983,40.700005]]}},{"type":"Feature","properties":{"lit":0.0206},"geometry":{"type":"LineString","coordinates":[[-73.985983,40.700005],[-73.985954,40.700004]]}},{"type":"Feature","properties":{"lit":0.0204},"geometry":{"type":"LineString","coordinates":[[-73.985742,40.699998],[-73.985715,40.699997]]}},{"type":"Feature","properties":{"lit":0.0215},"geometry":{"type":"LineString","coordinates":[[-73.985715,40.699997],[-73.985685,40.699996]]}},{"type":"Feature","properties":{"lit":0.0227},"geometry":{"type":"LineString","coordinates":[[-73.985685,40.699996],[-73.985662,40.699995]]}},{"type":"Feature","properties":{"lit":0.0248},"geometry":{"type":"LineString","coordinates":[[-73.985662,40.699995],[-73.985608,40.699991]]}},{"type":"Feature","properties":{"lit":0.028},"geometry":{"type":"LineString","coordinates":[[-73.985608,40.699991],[-73.985562,40.699987]]}},{"type":"Feature","properties":{"lit":0.0304},"geometry":{"type":"LineString","coordinates":[[-73.985562,40.699987],[-73.985544,40.699985]]}},{"type":"Feature","properties":{"lit":0.0324},"geometry":{"type":"LineString","coordinates":[[-73.985544,40.699985],[-73.985509,40.699982]]}},{"type":"Feature","properties":{"lit":0.0372},"geometry":{"type":"LineString","coordinates":[[-73.985509,40.699982],[-73.985427,40.699972]]}},{"type":"Feature","properties":{"lit":0.0453},"geometry":{"type":"LineString","coordinates":[[-73.985427,40.699972],[-73.985309,40.699957]]}},{"type":"Feature","properties":{"lit":0.0538},"geometry":{"type":"LineString","coordinates":[[-73.985309,40.699957],[-73.985212,40.699942]]}},{"type":"Feature","properties":{"lit":0.0585},"geometry":{"type":"LineString","coordinates":[[-73.985212,40.699942],[-73.985136,40.69993]]}},{"type":"Feature","properties":{"lit":0.0289},"geometry":{"type":"LineString","coordinates":[[-73.98545,40.700045],[-73.985647,40.700118]]}},{"type":"Feature","properties":{"lit":0.0209},"geometry":{"type":"LineString","coordinates":[[-73.985866,40.700186],[-73.98596,40.700205]]}},{"type":"Feature","properties":{"lit":0.0261},"geometry":{"type":"LineString","coordinates":[[-73.98596,40.700205],[-73.986064,40.700218]]}},{"type":"Feature","properties":{"lit":0.0344},"geometry":{"type":"LineString","coordinates":[[-73.986064,40.700218],[-73.986184,40.700226]]}},{"type":"Feature","properties":{"lit":0.0418},"geometry":{"type":"LineString","coordinates":[[-73.986184,40.700226],[-73.986253,40.700224]]}},{"type":"Feature","properties":{"lit":0.0476},"geometry":{"type":"LineString","coordinates":[[-73.986253,40.700224],[-73.986314,40.70022]]}},{"type":"Feature","properties":{"lit":0.0529},"geometry":{"type":"LineString","coordinates":[[-73.986314,40.70022],[-73.986391,40.700212]]}},{"type":"Feature","properties":{"lit":0.0569},"geometry":{"type":"LineString","coordinates":[[-73.986391,40.700212],[-73.986441,40.700208]]}},{"type":"Feature","properties":{"lit":0.0601},"geometry":{"type":"LineString","coordinates":[[-73.984928,40.69992],[-73.985047,40.699939]]}},{"type":"Feature","properties":{"lit":0.0606},"geometry":{"type":"LineString","coordinates":[[-73.985047,40.699939],[-73.985175,40.699967]]}},{"type":"Feature","properties":{"lit":0.0551},"geometry":{"type":"LineString","coordinates":[[-73.985175,40.699967],[-73.9853,40.699998]]}},{"type":"Feature","properties":{"lit":0.0437},"geometry":{"type":"LineString","coordinates":[[-73.9853,40.699998],[-73.98545,40.700045]]}},{"type":"Feature","properties":{"lit":0.0419},"geometry":{"type":"LineString","coordinates":[[-73.984497,40.699876],[-73.984928,40.69992]]}},{"type":"Feature","properties":{"lit":0.0291},"geometry":{"type":"LineString","coordinates":[[-73.984835,40.699818],[-73.984388,40.699771]]}},{"type":"Feature","properties":{"lit":0.0529},"geometry":{"type":"LineString","coordinates":[[-73.984942,40.699986],[-73.984766,40.6998]]}},{"type":"Feature","properties":{"lit":0.0379},"geometry":{"type":"LineString","coordinates":[[-73.984766,40.6998],[-73.984719,40.699746]]}},{"type":"Feature","properties":{"lit":0.0428},"geometry":{"type":"LineString","coordinates":[[-73.98481,40.69979],[-73.984795,40.699773]]}},{"type":"Feature","properties":{"lit":0.0402},"geometry":{"type":"LineString","coordinates":[[-73.984795,40.699773],[-73.984777,40.699754]]}},{"type":"Feature","properties":{"lit":0.0492},"geometry":{"type":"LineString","coordinates":[[-73.984777,40.699754],[-73.985151,40.699778]]}},{"type":"Feature","properties":{"lit":0.0465},"geometry":{"type":"LineString","coordinates":[[-73.985151,40.699778],[-73.98516,40.699707]]}},{"type":"Feature","properties":{"lit":0.0428},"geometry":{"type":"LineString","coordinates":[[-73.98516,40.699707],[-73.985228,40.699732]]}},{"type":"Feature","properties":{"lit":0.042},"geometry":{"type":"LineString","coordinates":[[-73.985228,40.699732],[-73.985313,40.699763]]}},{"type":"Feature","properties":{"lit":0.0392},"geometry":{"type":"LineString","coordinates":[[-73.985313,40.699763],[-73.98539,40.699788]]}},{"type":"Feature","properties":{"lit":0.0359},"geometry":{"type":"LineString","coordinates":[[-73.98539,40.699788],[-73.985437,40.699803]]}},{"type":"Feature","properties":{"lit":0.0338},"geometry":{"type":"LineString","coordinates":[[-73.985437,40.699803],[-73.985459,40.69981]]}},{"type":"Feature","properties":{"lit":0.0329},"geometry":{"type":"LineString","coordinates":[[-73.985459,40.69981],[-73.985467,40.699817]]}},{"type":"Feature","properties":{"lit":0.033},"geometry":{"type":"LineString","coordinates":[[-73.985467,40.699817],[-73.985464,40.699824]]}},{"type":"Feature","properties":{"lit":0.0338},"geometry":{"type":"LineString","coordinates":[[-73.985464,40.699824],[-73.985452,40.699827]]}},{"type":"Feature","properties":{"lit":0.04},"geometry":{"type":"LineString","coordinates":[[-73.985452,40.699827],[-73.985317,40.699824]]}},{"type":"Feature","properties":{"lit":0.0503},"geometry":{"type":"LineString","coordinates":[[-73.985317,40.699824],[-73.985147,40.699816]]}},{"type":"Feature","properties":{"lit":0.0545},"geometry":{"type":"LineString","coordinates":[[-73.985147,40.699816],[-73.984961,40.699802]]}},{"type":"Feature","properties":{"lit":0.0489},"geometry":{"type":"LineString","coordinates":[[-73.984961,40.699802],[-73.98481,40.69979]]}},{"type":"Feature","properties":{"lit":0.0771},"geometry":{"type":"LineString","coordinates":[[-73.988153,40.691827],[-73.98811,40.69181]]}},{"type":"Feature","properties":{"lit":0.0851},"geometry":{"type":"LineString","coordinates":[[-73.98811,40.69181],[-73.988124,40.691855]]}},{"type":"Feature","properties":{"lit":0.0827},"geometry":{"type":"LineString","coordinates":[[-73.988124,40.691855],[-73.988144,40.691912]]}},{"type":"Feature","properties":{"lit":0.0726},"geometry":{"type":"LineString","coordinates":[[-73.988144,40.691912],[-73.98818,40.691897]]}},{"type":"Feature","properties":{"lit":0.0613},"geometry":{"type":"LineString","coordinates":[[-73.98818,40.691897],[-73.988198,40.691888]]}},{"type":"Feature","properties":{"lit":0.0569},"geometry":{"type":"LineString","coordinates":[[-73.988198,40.691888],[-73.988203,40.691886]]}},{"type":"Feature","properties":{"lit":0.0548},"geometry":{"type":"LineString","coordinates":[[-73.988203,40.691886],[-73.988204,40.691854]]}},{"type":"Feature","properties":{"lit":0.0543},"geometry":{"type":"LineString","coordinates":[[-73.988204,40.691854],[-73.988197,40.691843]]}},{"type":"Feature","properties":{"lit":0.0617},"geometry":{"type":"LineString","coordinates":[[-73.988197,40.691843],[-73.988153,40.691827]]}},{"type":"Feature","properties":{"lit":0.0649},"geometry":{"type":"LineString","coordinates":[[-73.988193,40.692413],[-73.988197,40.692344]]}},{"type":"Feature","properties":{"lit":0.068},"geometry":{"type":"LineString","coordinates":[[-73.988197,40.692344],[-73.9882,40.692279]]}},{"type":"Feature","properties":{"lit":0.1692},"geometry":{"type":"LineString","coordinates":[[-73.987248,40.693126],[-73.987251,40.693066]]}},{"type":"Feature","properties":{"lit":0.2272},"geometry":{"type":"LineString","coordinates":[[-73.987251,40.693066],[-73.987263,40.692858]]}},{"type":"Feature","properties":{"lit":0.0213},"geometry":{"type":"LineString","coordinates":[[-73.983659,40.688818],[-73.983895,40.688915]]}},{"type":"Feature","properties":{"lit":0.0271},"geometry":{"type":"LineString","coordinates":[[-73.983895,40.688915],[-73.984131,40.689012]]}},{"type":"Feature","properties":{"lit":0.0245},"geometry":{"type":"LineString","coordinates":[[-73.984131,40.689012],[-73.984377,40.689112]]}},{"type":"Feature","properties":{"lit":0.0229},"geometry":{"type":"LineString","coordinates":[[-73.984377,40.689112],[-73.984623,40.689212]]}},{"type":"Feature","properties":{"lit":0.0252},"geometry":{"type":"LineString","coordinates":[[-73.984623,40.689212],[-73.984685,40.689234]]}},{"type":"Feature","properties":{"lit":0.0272},"geometry":{"type":"LineString","coordinates":[[-73.984685,40.689234],[-73.984757,40.689261]]}},{"type":"Feature","properties":{"lit":0.0323},"geometry":{"type":"LineString","coordinates":[[-73.984757,40.689261],[-73.985067,40.689376]]}},{"type":"Feature","properties":{"lit":0.0221},"geometry":{"type":"LineString","coordinates":[[-73.910413,40.699649],[-73.91078,40.699608]]}},{"type":"Feature","properties":{"lit":0.0574},"geometry":{"type":"LineString","coordinates":[[-73.979533,40.696464],[-73.979553,40.696165]]}},{"type":"Feature","properties":{"lit":0.025},"geometry":{"type":"LineString","coordinates":[[-73.985782,40.689537],[-73.98591,40.68935]]}},{"type":"Feature","properties":{"lit":0.037},"geometry":{"type":"LineString","coordinates":[[-73.98591,40.68935],[-73.985955,40.689309]]}},{"type":"Feature","properties":{"lit":0.0414},"geometry":{"type":"LineString","coordinates":[[-73.985955,40.689309],[-73.986004,40.689238]]}},{"type":"Feature","properties":{"lit":0.0435},"geometry":{"type":"LineString","coordinates":[[-73.986004,40.689238],[-73.986078,40.689178]]}},{"type":"Feature","properties":{"lit":0.043},"geometry":{"type":"LineString","coordinates":[[-73.986078,40.689178],[-73.986127,40.689102]]}},{"type":"Feature","properties":{"lit":0.0432},"geometry":{"type":"LineString","coordinates":[[-73.986127,40.689102],[-73.986149,40.689059]]}},{"type":"Feature","properties":{"lit":0.0441},"geometry":{"type":"LineString","coordinates":[[-73.986149,40.689059],[-73.986159,40.689009]]}},{"type":"Feature","properties":{"lit":0.0329},"geometry":{"type":"LineString","coordinates":[[-73.969845,40.688064],[-73.969798,40.687827]]}},{"type":"Feature","properties":{"lit":0.0379},"geometry":{"type":"LineString","coordinates":[[-73.969798,40.687827],[-73.969783,40.687752]]}},{"type":"Feature","properties":{"lit":0.037},"geometry":{"type":"LineString","coordinates":[[-73.969783,40.687752],[-73.96977,40.687686]]}},{"type":"Feature","properties":{"lit":0.03},"geometry":{"type":"LineString","coordinates":[[-73.96977,40.687686],[-73.969726,40.687465]]}},{"type":"Feature","properties":{"lit":0.0319},"geometry":{"type":"LineString","coordinates":[[-73.965779,40.689715],[-73.966027,40.689686]]}},{"type":"Feature","properties":{"lit":0.0362},"geometry":{"type":"LineString","coordinates":[[-73.966027,40.689686],[-73.966135,40.689673]]}},{"type":"Feature","properties":{"lit":0.0353},"geometry":{"type":"LineString","coordinates":[[-73.966135,40.689673],[-73.966247,40.689661]]}},{"type":"Feature","properties":{"lit":0.0269},"geometry":{"type":"LineString","coordinates":[[-73.966247,40.689661],[-73.966568,40.689625]]}},{"type":"Feature","properties":{"lit":0.026},"geometry":{"type":"LineString","coordinates":[[-73.970787,40.689531],[-73.971059,40.689542]]}},{"type":"Feature","properties":{"lit":0.0373},"geometry":{"type":"LineString","coordinates":[[-73.971059,40.689542],[-73.971142,40.689544]]}},{"type":"Feature","properties":{"lit":0.0417},"geometry":{"type":"LineString","coordinates":[[-73.971142,40.689544],[-73.971229,40.689548]]}},{"type":"Feature","properties":{"lit":0.0487},"geometry":{"type":"LineString","coordinates":[[-73.971229,40.689548],[-73.971486,40.689558]]}},{"type":"Feature","properties":{"lit":0.061},"geometry":{"type":"LineString","coordinates":[[-73.971486,40.689558],[-73.971744,40.689567]]}},{"type":"Feature","properties":{"lit":0.086},"geometry":{"type":"LineString","coordinates":[[-73.971744,40.689567],[-73.972001,40.689577]]}},{"type":"Feature","properties":{"lit":0.1026},"geometry":{"type":"LineString","coordinates":[[-73.972001,40.689577],[-73.972039,40.689578]]}},{"type":"Feature","properties":{"lit":0.1085},"geometry":{"type":"LineString","coordinates":[[-73.972039,40.689578],[-73.972136,40.689582]]}},{"type":"Feature","properties":{"lit":0.1135},"geometry":{"type":"LineString","coordinates":[[-73.972136,40.689582],[-73.972235,40.689586]]}},{"type":"Feature","properties":{"lit":0.1075},"geometry":{"type":"LineString","coordinates":[[-73.972235,40.689586],[-73.972505,40.689597]]}},{"type":"Feature","properties":{"lit":0.0694},"geometry":{"type":"LineString","coordinates":[[-73.972505,40.689597],[-73.972774,40.689608]]}},{"type":"Feature","properties":{"lit":0.0288},"geometry":{"type":"LineString","coordinates":[[-73.972774,40.689608],[-73.973044,40.689619]]}},{"type":"Feature","properties":{"lit":0.043},"geometry":{"type":"LineString","coordinates":[[-73.971142,40.689544],[-73.971126,40.689474]]}},{"type":"Feature","properties":{"lit":0.0527},"geometry":{"type":"LineString","coordinates":[[-73.971126,40.689474],[-73.971084,40.689261]]}},{"type":"Feature","properties":{"lit":0.0476},"geometry":{"type":"LineString","coordinates":[[-73.971084,40.689261],[-73.971042,40.689049]]}},{"type":"Feature","properties":{"lit":0.0273},"geometry":{"type":"LineString","coordinates":[[-73.971042,40.689049],[-73.971,40.688836]]}},{"type":"Feature","properties":{"lit":0.0579},"geometry":{"type":"LineString","coordinates":[[-73.986528,40.69113],[-73.986822,40.691248]]}},{"type":"Feature","properties":{"lit":0.2021},"geometry":{"type":"LineString","coordinates":[[-73.986822,40.691248],[-73.987117,40.691365]]}},{"type":"Feature","properties":{"lit":0.3302},"geometry":{"type":"LineString","coordinates":[[-73.987117,40.691365],[-73.987198,40.691398]]}},{"type":"Feature","properties":{"lit":0.3922},"geometry":{"type":"LineString","coordinates":[[-73.987198,40.691398],[-73.987339,40.691455]]}},{"type":"Feature","properties":{"lit":0.034},"geometry":{"type":"LineString","coordinates":[[-73.986366,40.699937],[-73.986287,40.699935]]}},{"type":"Feature","properties":{"lit":0.0287},"geometry":{"type":"LineString","coordinates":[[-73.986825,40.699869],[-73.98683,40.69991]]}},{"type":"Feature","properties":{"lit":0.0327},"geometry":{"type":"LineString","coordinates":[[-73.98683,40.69991],[-73.986842,40.69996]]}},{"type":"Feature","properties":{"lit":0.0391},"geometry":{"type":"LineString","coordinates":[[-73.98693,40.70019],[-73.986972,40.700269]]}},{"type":"Feature","properties":{"lit":0.0238},"geometry":{"type":"LineString","coordinates":[[-73.986972,40.700269],[-73.987147,40.700584]]}},{"type":"Feature","properties":{"lit":0.0309},"geometry":{"type":"LineString","coordinates":[[-73.987147,40.700584],[-73.987187,40.700656]]}},{"type":"Feature","properties":{"lit":0.0318},"geometry":{"type":"LineString","coordinates":[[-73.986236,40.689039],[-73.986222,40.689033]]}},{"type":"Feature","properties":{"lit":0.0385},"geometry":{"type":"LineString","coordinates":[[-73.986222,40.689033],[-73.986159,40.689009]]}},{"type":"Feature","properties":{"lit":0.051},"geometry":{"type":"LineString","coordinates":[[-73.986159,40.689009],[-73.986101,40.688986]]}},{"type":"Feature","properties":{"lit":0.0589},"geometry":{"type":"LineString","coordinates":[[-73.986101,40.688986],[-73.986092,40.688983]]}},{"type":"Feature","properties":{"lit":0.0906},"geometry":{"type":"LineString","coordinates":[[-73.986092,40.688983],[-73.985872,40.688898]]}},{"type":"Feature","properties":{"lit":0.0257},"geometry":{"type":"LineString","coordinates":[[-73.987666,40.701712],[-73.987572,40.701544]]}},{"type":"Feature","properties":{"lit":0.0636},"geometry":{"type":"LineString","coordinates":[[-73.987572,40.701544],[-73.987478,40.701376]]}},{"type":"Feature","properties":{"lit":0.1103},"geometry":{"type":"LineString","coordinates":[[-73.987478,40.701376],[-73.987384,40.701208]]}},{"type":"Feature","properties":{"lit":0.1345},"geometry":{"type":"LineString","coordinates":[[-73.987384,40.701208],[-73.98729,40.70104]]}},{"type":"Feature","properties":{"lit":0.1162},"geometry":{"type":"LineString","coordinates":[[-73.98729,40.70104],[-73.987197,40.700872]]}},{"type":"Feature","properties":{"lit":0.0733},"geometry":{"type":"LineString","coordinates":[[-73.987197,40.700872],[-73.987103,40.700704]]}},{"type":"Feature","properties":{"lit":0.0418},"geometry":{"type":"LineString","coordinates":[[-73.987103,40.700704],[-73.987009,40.700535]]}},{"type":"Feature","properties":{"lit":0.037},"geometry":{"type":"LineString","coordinates":[[-73.987009,40.700535],[-73.986915,40.700367]]}},{"type":"Feature","properties":{"lit":0.0454},"geometry":{"type":"LineString","coordinates":[[-73.986915,40.700367],[-73.986821,40.700199]]}},{"type":"Feature","properties":{"lit":0.0512},"geometry":{"type":"LineString","coordinates":[[-73.986821,40.700199],[-73.986727,40.700031]]}},{"type":"Feature","properties":{"lit":0.0406},"geometry":{"type":"LineString","coordinates":[[-73.986727,40.700031],[-73.986633,40.699863]]}},{"type":"Feature","properties":{"lit":0.0226},"geometry":{"type":"LineString","coordinates":[[-73.986633,40.699863],[-73.986539,40.699695]]}},{"type":"Feature","properties":{"lit":0.0883},"geometry":{"type":"LineString","coordinates":[[-73.983695,40.718666],[-73.983927,40.718735]]}},{"type":"Feature","properties":{"lit":0.2779},"geometry":{"type":"LineString","coordinates":[[-73.983927,40.718735],[-73.98416,40.718805]]}},{"type":"Feature","properties":{"lit":0.4766},"geometry":{"type":"LineString","coordinates":[[-73.98416,40.718805],[-73.984229,40.718826]]}},{"type":"Feature","properties":{"lit":0.1977},"geometry":{"type":"LineString","coordinates":[[-73.987092,40.722536],[-73.98716,40.722412]]}},{"type":"Feature","properties":{"lit":0.1275},"geometry":{"type":"LineString","coordinates":[[-73.989316,40.714131],[-73.989579,40.71422]]}},{"type":"Feature","properties":{"lit":0.2447},"geometry":{"type":"LineString","coordinates":[[-73.989579,40.71422],[-73.989841,40.714309]]}},{"type":"Feature","properties":{"lit":0.2971},"geometry":{"type":"LineString","coordinates":[[-73.989841,40.714309],[-73.990103,40.714398]]}},{"type":"Feature","properties":{"lit":0.2638},"geometry":{"type":"LineString","coordinates":[[-73.990103,40.714398],[-73.990228,40.714421]]}},{"type":"Feature","properties":{"lit":0.1736},"geometry":{"type":"LineString","coordinates":[[-73.987092,40.722536],[-73.987052,40.72261]]}},{"type":"Feature","properties":{"lit":0.1588},"geometry":{"type":"LineString","coordinates":[[-73.987052,40.72261],[-73.987047,40.722626]]}},{"type":"Feature","properties":{"lit":0.153},"geometry":{"type":"LineString","coordinates":[[-73.987047,40.722626],[-73.987043,40.722647]]}},{"type":"Feature","properties":{"lit":0.1471},"geometry":{"type":"LineString","coordinates":[[-73.987043,40.722647],[-73.987049,40.722669]]}},{"type":"Feature","properties":{"lit":0.1441},"geometry":{"type":"LineString","coordinates":[[-73.987049,40.722669],[-73.98707,40.72269]]}},{"type":"Feature","properties":{"lit":0.1415},"geometry":{"type":"LineString","coordinates":[[-73.98707,40.72269],[-73.987095,40.722709]]}},{"type":"Feature","properties":{"lit":0.0291},"geometry":{"type":"LineString","coordinates":[[-73.984616,40.718083],[-73.984525,40.718257]]}},{"type":"Feature","properties":{"lit":0.1053},"geometry":{"type":"LineString","coordinates":[[-73.984525,40.718257],[-73.984434,40.718432]]}},{"type":"Feature","properties":{"lit":0.2622},"geometry":{"type":"LineString","coordinates":[[-73.984434,40.718432],[-73.984343,40.718607]]}},{"type":"Feature","properties":{"lit":0.4504},"geometry":{"type":"LineString","coordinates":[[-73.984343,40.718607],[-73.984252,40.718782]]}},{"type":"Feature","properties":{"lit":0.5212},"geometry":{"type":"LineString","coordinates":[[-73.984252,40.718782],[-73.984229,40.718826]]}},{"type":"Feature","properties":{"lit":0.0547},"geometry":{"type":"LineString","coordinates":[[-73.987641,40.717891],[-73.987535,40.718102]]}},{"type":"Feature","properties":{"lit":0.0776},"geometry":{"type":"LineString","coordinates":[[-73.987535,40.718102],[-73.987509,40.71815]]}},{"type":"Feature","properties":{"lit":0.0863},"geometry":{"type":"LineString","coordinates":[[-73.987509,40.71815],[-73.987458,40.718246]]}},{"type":"Feature","properties":{"lit":0.0658},"geometry":{"type":"LineString","coordinates":[[-73.989941,40.712166],[-73.989971,40.712363]]}},{"type":"Feature","properties":{"lit":0.179},"geometry":{"type":"LineString","coordinates":[[-73.989971,40.712363],[-73.990001,40.71256]]}},{"type":"Feature","properties":{"lit":0.2994},"geometry":{"type":"LineString","coordinates":[[-73.990001,40.71256],[-73.990016,40.712654]]}},{"type":"Feature","properties":{"lit":0.1009},"geometry":{"type":"LineString","coordinates":[[-73.994875,40.715824],[-73.994881,40.715901]]}},{"type":"Feature","properties":{"lit":0.0533},"geometry":{"type":"LineString","coordinates":[[-73.983799,40.721529],[-73.983736,40.721621]]}},{"type":"Feature","properties":{"lit":0.0609},"geometry":{"type":"LineString","coordinates":[[-73.983736,40.721621],[-73.983611,40.721791]]}},{"type":"Feature","properties":{"lit":0.0509},"geometry":{"type":"LineString","coordinates":[[-73.983611,40.721791],[-73.983487,40.721961]]}},{"type":"Feature","properties":{"lit":0.036},"geometry":{"type":"LineString","coordinates":[[-73.983487,40.721961],[-73.983444,40.722019]]}},{"type":"Feature","properties":{"lit":0.0352},"geometry":{"type":"LineString","coordinates":[[-73.9223,40.708922],[-73.922337,40.709006]]}},{"type":"Feature","properties":{"lit":0.0288},"geometry":{"type":"LineString","coordinates":[[-73.93442,40.706952],[-73.934178,40.706999]]}},{"type":"Feature","properties":{"lit":0.0686},"geometry":{"type":"LineString","coordinates":[[-73.934178,40.706999],[-73.933936,40.707046]]}},{"type":"Feature","properties":{"lit":0.105},"geometry":{"type":"LineString","coordinates":[[-73.933936,40.707046],[-73.933885,40.707056]]}},{"type":"Feature","properties":{"lit":0.1303},"geometry":{"type":"LineString","coordinates":[[-73.933885,40.707056],[-73.933793,40.707074]]}},{"type":"Feature","properties":{"lit":0.0515},"geometry":{"type":"LineString","coordinates":[[-73.931478,40.707152],[-73.9316,40.707133]]}},{"type":"Feature","properties":{"lit":0.0274},"geometry":{"type":"LineString","coordinates":[[-73.9316,40.707133],[-73.932008,40.707064]]}},{"type":"Feature","properties":{"lit":0.0275},"geometry":{"type":"LineString","coordinates":[[-73.932178,40.707036],[-73.932513,40.706983]]}},{"type":"Feature","properties":{"lit":0.0762},"geometry":{"type":"LineString","coordinates":[[-73.932513,40.706983],[-73.932849,40.706929]]}},{"type":"Feature","properties":{"lit":0.1107},"geometry":{"type":"LineString","coordinates":[[-73.932849,40.706929],[-73.933092,40.706891]]}},{"type":"Feature","properties":{"lit":0.1024},"geometry":{"type":"LineString","coordinates":[[-73.933092,40.706891],[-73.933334,40.706852]]}},{"type":"Feature","properties":{"lit":0.0713},"geometry":{"type":"LineString","coordinates":[[-73.933334,40.706852],[-73.933577,40.706813]]}},{"type":"Feature","properties":{"lit":0.0527},"geometry":{"type":"LineString","coordinates":[[-73.933577,40.706813],[-73.933637,40.706804]]}},{"type":"Feature","properties":{"lit":0.0461},"geometry":{"type":"LineString","coordinates":[[-73.933637,40.706804],[-73.933711,40.706792]]}},{"type":"Feature","properties":{"lit":0.0607},"geometry":{"type":"LineString","coordinates":[[-73.931113,40.70379],[-73.931188,40.703855]]}},{"type":"Feature","properties":{"lit":0.0558},"geometry":{"type":"LineString","coordinates":[[-73.931188,40.703855],[-73.931248,40.704056]]}},{"type":"Feature","properties":{"lit":0.0342},"geometry":{"type":"LineString","coordinates":[[-73.931248,40.704056],[-73.931309,40.704257]]}},{"type":"Feature","properties":{"lit":0.0304},"geometry":{"type":"LineString","coordinates":[[-73.933674,40.706356],[-73.933914,40.70631]]}},{"type":"Feature","properties":{"lit":0.0508},"geometry":{"type":"LineString","coordinates":[[-73.933914,40.70631],[-73.934155,40.706264]]}},{"type":"Feature","properties":{"lit":0.0581},"geometry":{"type":"LineString","coordinates":[[-73.934155,40.706264],[-73.934396,40.706218]]}},{"type":"Feature","properties":{"lit":0.0455},"geometry":{"type":"LineString","coordinates":[[-73.934396,40.706218],[-73.934637,40.706172]]}},{"type":"Feature","properties":{"lit":0.0243},"geometry":{"type":"LineString","coordinates":[[-73.934637,40.706172],[-73.934878,40.706126]]}},{"type":"Feature","properties":{"lit":0.0209},"geometry":{"type":"LineString","coordinates":[[-73.938829,40.705375],[-73.939081,40.705328]]}},{"type":"Feature","properties":{"lit":0.034},"geometry":{"type":"LineString","coordinates":[[-73.939081,40.705328],[-73.939332,40.705281]]}},{"type":"Feature","properties":{"lit":0.0374},"geometry":{"type":"LineString","coordinates":[[-73.939332,40.705281],[-73.939438,40.705261]]}},{"type":"Feature","properties":{"lit":0.0379},"geometry":{"type":"LineString","coordinates":[[-73.924155,40.710028],[-73.923898,40.710094]]}},{"type":"Feature","properties":{"lit":0.0714},"geometry":{"type":"LineString","coordinates":[[-73.923898,40.710094],[-73.923641,40.710161]]}},{"type":"Feature","properties":{"lit":0.0952},"geometry":{"type":"LineString","coordinates":[[-73.923641,40.710161],[-73.923405,40.710222]]}},{"type":"Feature","properties":{"lit":0.0957},"geometry":{"type":"LineString","coordinates":[[-73.923405,40.710222],[-73.923169,40.710283]]}},{"type":"Feature","properties":{"lit":0.0736},"geometry":{"type":"LineString","coordinates":[[-73.923169,40.710283],[-73.922933,40.710344]]}},{"type":"Feature","properties":{"lit":0.0364},"geometry":{"type":"LineString","coordinates":[[-73.922933,40.710344],[-73.922696,40.710407]]}},{"type":"Feature","properties":{"lit":0.0219},"geometry":{"type":"LineString","coordinates":[[-73.926123,40.705668],[-73.926035,40.705637]]}},{"type":"Feature","properties":{"lit":0.024},"geometry":{"type":"LineString","coordinates":[[-73.926035,40.705637],[-73.926013,40.705631]]}},{"type":"Feature","properties":{"lit":0.0257},"geometry":{"type":"LineString","coordinates":[[-73.926013,40.705631],[-73.925812,40.705518]]}},{"type":"Feature","properties":{"lit":0.0262},"geometry":{"type":"LineString","coordinates":[[-73.925812,40.705518],[-73.925612,40.705405]]}},{"type":"Feature","properties":{"lit":0.0256},"geometry":{"type":"LineString","coordinates":[[-73.925612,40.705405],[-73.925411,40.705292]]}},{"type":"Feature","properties":{"lit":0.0239},"geometry":{"type":"LineString","coordinates":[[-73.925411,40.705292],[-73.925338,40.705251]]}},{"type":"Feature","properties":{"lit":0.0224},"geometry":{"type":"LineString","coordinates":[[-73.925338,40.705251],[-73.925283,40.70522]]}},{"type":"Feature","properties":{"lit":0.0479},"geometry":{"type":"LineString","coordinates":[[-73.924169,40.707394],[-73.924098,40.707349]]}},{"type":"Feature","properties":{"lit":0.0745},"geometry":{"type":"LineString","coordinates":[[-73.924098,40.707349],[-73.923881,40.707212]]}},{"type":"Feature","properties":{"lit":0.1161},"geometry":{"type":"LineString","coordinates":[[-73.923881,40.707212],[-73.923663,40.707075]]}},{"type":"Feature","properties":{"lit":0.1399},"geometry":{"type":"LineString","coordinates":[[-73.923663,40.707075],[-73.923591,40.707029]]}},{"type":"Feature","properties":{"lit":0.1464},"geometry":{"type":"LineString","coordinates":[[-73.923591,40.707029],[-73.923544,40.707]]}},{"type":"Feature","properties":{"lit":0.1532},"geometry":{"type":"LineString","coordinates":[[-73.923544,40.707],[-73.923339,40.706872]]}},{"type":"Feature","properties":{"lit":0.1466},"geometry":{"type":"LineString","coordinates":[[-73.923339,40.706872],[-73.923135,40.706745]]}},{"type":"Feature","properties":{"lit":0.1347},"geometry":{"type":"LineString","coordinates":[[-73.923135,40.706745],[-73.922934,40.70662]]}},{"type":"Feature","properties":{"lit":0.1294},"geometry":{"type":"LineString","coordinates":[[-73.922934,40.70662],[-73.922863,40.706576]]}},{"type":"Feature","properties":{"lit":0.1276},"geometry":{"type":"LineString","coordinates":[[-73.922863,40.706576],[-73.922806,40.706541]]}},{"type":"Feature","properties":{"lit":0.1222},"geometry":{"type":"LineString","coordinates":[[-73.922806,40.706541],[-73.922604,40.706415]]}},{"type":"Feature","properties":{"lit":0.1054},"geometry":{"type":"LineString","coordinates":[[-73.922604,40.706415],[-73.922401,40.706289]]}},{"type":"Feature","properties":{"lit":0.0789},"geometry":{"type":"LineString","coordinates":[[-73.922401,40.706289],[-73.922199,40.706163]]}},{"type":"Feature","properties":{"lit":0.0579},"geometry":{"type":"LineString","coordinates":[[-73.922199,40.706163],[-73.922136,40.706124]]}},{"type":"Feature","properties":{"lit":0.0487},"geometry":{"type":"LineString","coordinates":[[-73.922136,40.706124],[-73.922084,40.706091]]}},{"type":"Feature","properties":{"lit":0.03},"geometry":{"type":"LineString","coordinates":[[-73.922084,40.706091],[-73.921879,40.705963]]}},{"type":"Feature","properties":{"lit":0.0268},"geometry":{"type":"LineString","coordinates":[[-73.933711,40.706792],[-73.93366,40.706608]]}},{"type":"Feature","properties":{"lit":0.0287},"geometry":{"type":"LineString","coordinates":[[-73.924183,40.707583],[-73.924131,40.707574]]}},{"type":"Feature","properties":{"lit":0.038},"geometry":{"type":"LineString","coordinates":[[-73.924131,40.707574],[-73.924001,40.707543]]}},{"type":"Feature","properties":{"lit":0.0214},"geometry":{"type":"LineString","coordinates":[[-73.932136,40.707848],[-73.932329,40.708043]]}},{"type":"Feature","properties":{"lit":0.0205},"geometry":{"type":"LineString","coordinates":[[-73.932329,40.708043],[-73.932523,40.708238]]}},{"type":"Feature","properties":{"lit":0.0202},"geometry":{"type":"LineString","coordinates":[[-73.91871,40.703653],[-73.918563,40.703799]]}},{"type":"Feature","properties":{"lit":0.0243},"geometry":{"type":"LineString","coordinates":[[-73.918563,40.703799],[-73.918504,40.703858]]}},{"type":"Feature","properties":{"lit":0.025},"geometry":{"type":"LineString","coordinates":[[-73.918504,40.703858],[-73.918449,40.703912]]}},{"type":"Feature","properties":{"lit":0.0232},"geometry":{"type":"LineString","coordinates":[[-73.918449,40.703912],[-73.918303,40.704056]]}},{"type":"Feature","properties":{"lit":0.0599},"geometry":{"type":"LineString","coordinates":[[-73.985773,40.701495],[-73.986018,40.701503]]}},{"type":"Feature","properties":{"lit":0.1606},"geometry":{"type":"LineString","coordinates":[[-73.986018,40.701503],[-73.986239,40.701511]]}},{"type":"Feature","properties":{"lit":0.359},"geometry":{"type":"LineString","coordinates":[[-73.986239,40.701511],[-73.986659,40.701528]]}},{"type":"Feature","properties":{"lit":0.4339},"geometry":{"type":"LineString","coordinates":[[-73.986659,40.701528],[-73.986745,40.701529]]}},{"type":"Feature","properties":{"lit":0.0249},"geometry":{"type":"LineString","coordinates":[[-73.987618,40.701245],[-73.987801,40.701273]]}},{"type":"Feature","properties":{"lit":0.1266},"geometry":{"type":"LineString","coordinates":[[-73.98745,40.701141],[-73.987258,40.701111]]}},{"type":"Feature","properties":{"lit":0.2191},"geometry":{"type":"LineString","coordinates":[[-73.987258,40.701111],[-73.987095,40.701085]]}},{"type":"Feature","properties":{"lit":0.3056},"geometry":{"type":"LineString","coordinates":[[-73.987095,40.701085],[-73.986921,40.701056]]}},{"type":"Feature","properties":{"lit":0.5305},"geometry":{"type":"LineString","coordinates":[[-73.988168,40.718631],[-73.988285,40.718667]]}},{"type":"Feature","properties":{"lit":0.3941},"geometry":{"type":"LineString","coordinates":[[-73.988285,40.718667],[-73.988558,40.718748]]}},{"type":"Feature","properties":{"lit":0.1664},"geometry":{"type":"LineString","coordinates":[[-73.988558,40.718748],[-73.98883,40.718828]]}},{"type":"Feature","properties":{"lit":0.0822},"geometry":{"type":"LineString","coordinates":[[-73.98883,40.718828],[-73.98886,40.718838]]}},{"type":"Feature","properties":{"lit":0.0656},"geometry":{"type":"LineString","coordinates":[[-73.98886,40.718838],[-73.988914,40.718854]]}},{"type":"Feature","properties":{"lit":0.0466},"geometry":{"type":"LineString","coordinates":[[-73.988914,40.718854],[-73.988979,40.718874]]}},{"type":"Feature","properties":{"lit":0.0388},"geometry":{"type":"LineString","coordinates":[[-73.990647,40.722688],[-73.990555,40.722868]]}},{"type":"Feature","properties":{"lit":0.0679},"geometry":{"type":"LineString","coordinates":[[-73.990555,40.722868],[-73.990462,40.723049]]}},{"type":"Feature","properties":{"lit":0.0942},"geometry":{"type":"LineString","coordinates":[[-73.990462,40.723049],[-73.99037,40.723229]]}},{"type":"Feature","properties":{"lit":0.1087},"geometry":{"type":"LineString","coordinates":[[-73.99037,40.723229],[-73.990342,40.723284]]}},{"type":"Feature","properties":{"lit":0.1141},"geometry":{"type":"LineString","coordinates":[[-73.990342,40.723284],[-73.990297,40.723372]]}},{"type":"Feature","properties":{"lit":0.0445},"geometry":{"type":"LineString","coordinates":[[-73.994511,40.715093],[-73.994513,40.715017]]}},{"type":"Feature","properties":{"lit":0.0233},"geometry":{"type":"LineString","coordinates":[[-73.994513,40.715017],[-73.994466,40.714904]]}},{"type":"Feature","properties":{"lit":0.0393},"geometry":{"type":"LineString","coordinates":[[-74.000095,40.718948],[-74.000289,40.718735]]}},{"type":"Feature","properties":{"lit":0.2176},"geometry":{"type":"LineString","coordinates":[[-73.990281,40.719103],[-73.990256,40.719154]]}},{"type":"Feature","properties":{"lit":0.2488},"geometry":{"type":"LineString","coordinates":[[-73.990256,40.719154],[-73.990211,40.719247]]}},{"type":"Feature","properties":{"lit":0.2197},"geometry":{"type":"LineString","coordinates":[[-73.990228,40.714421],[-73.990373,40.714447]]}},{"type":"Feature","properties":{"lit":0.1248},"geometry":{"type":"LineString","coordinates":[[-73.990373,40.714447],[-73.990663,40.714533]]}},{"type":"Feature","properties":{"lit":0.0259},"geometry":{"type":"LineString","coordinates":[[-73.990663,40.714533],[-73.991064,40.714656]]}},{"type":"Feature","properties":{"lit":0.6718},"geometry":{"type":"LineString","coordinates":[[-73.990125,40.71338],[-73.990042,40.713387]]}},{"type":"Feature","properties":{"lit":0.5856},"geometry":{"type":"LineString","coordinates":[[-73.990042,40.713387],[-73.989784,40.713409]]}},{"type":"Feature","properties":{"lit":0.3392},"geometry":{"type":"LineString","coordinates":[[-73.989784,40.713409],[-73.989526,40.71343]]}},{"type":"Feature","properties":{"lit":0.1297},"geometry":{"type":"LineString","coordinates":[[-73.989526,40.71343],[-73.989268,40.713452]]}},{"type":"Feature","properties":{"lit":0.0318},"geometry":{"type":"LineString","coordinates":[[-73.989268,40.713452],[-73.989009,40.713473]]}},{"type":"Feature","properties":{"lit":0.0237},"geometry":{"type":"LineString","coordinates":[[-73.994799,40.715069],[-73.994841,40.71521]]}},{"type":"Feature","properties":{"lit":0.0493},"geometry":{"type":"LineString","coordinates":[[-73.994841,40.71521],[-73.994856,40.715393]]}},{"type":"Feature","properties":{"lit":0.0852},"geometry":{"type":"LineString","coordinates":[[-73.987544,40.719831],[-73.987514,40.719887]]}},{"type":"Feature","properties":{"lit":0.0653},"geometry":{"type":"LineString","coordinates":[[-73.987514,40.719887],[-73.987397,40.720115]]}},{"type":"Feature","properties":{"lit":0.0286},"geometry":{"type":"LineString","coordinates":[[-73.987397,40.720115],[-73.987281,40.720343]]}},{"type":"Feature","properties":{"lit":0.063},"geometry":{"type":"LineString","coordinates":[[-73.98662,40.719851],[-73.986532,40.720021]]}},{"type":"Feature","properties":{"lit":0.0262},"geometry":{"type":"LineString","coordinates":[[-73.986532,40.720021],[-73.986444,40.720191]]}},{"type":"Feature","properties":{"lit":0.3456},"geometry":{"type":"LineString","coordinates":[[-73.986975,40.701151],[-73.987109,40.701172]]}},{"type":"Feature","properties":{"lit":0.2474},"geometry":{"type":"LineString","coordinates":[[-73.987109,40.701172],[-73.987268,40.701193]]}},{"type":"Feature","properties":{"lit":0.1289},"geometry":{"type":"LineString","coordinates":[[-73.987268,40.701193],[-73.987496,40.701226]]}},{"type":"Feature","properties":{"lit":0.4353},"geometry":{"type":"LineString","coordinates":[[-73.986666,40.701092],[-73.986776,40.701115]]}},{"type":"Feature","properties":{"lit":0.4345},"geometry":{"type":"LineString","coordinates":[[-73.986776,40.701115],[-73.986885,40.701135]]}},{"type":"Feature","properties":{"lit":0.1903},"geometry":{"type":"LineString","coordinates":[[-73.987092,40.722536],[-73.98718,40.722563]]}},{"type":"Feature","properties":{"lit":0.2001},"geometry":{"type":"LineString","coordinates":[[-73.98718,40.722563],[-73.987602,40.72268]]}},{"type":"Feature","properties":{"lit":0.0333},"geometry":{"type":"LineString","coordinates":[[-73.999953,40.718019],[-73.999876,40.71811]]}},{"type":"Feature","properties":{"lit":0.0327},"geometry":{"type":"LineString","coordinates":[[-73.999876,40.71811],[-73.999659,40.718386]]}},{"type":"Feature","properties":{"lit":0.031},"geometry":{"type":"LineString","coordinates":[[-73.985614,40.719918],[-73.985704,40.719743]]}},{"type":"Feature","properties":{"lit":0.0586},"geometry":{"type":"LineString","coordinates":[[-73.985704,40.719743],[-73.985794,40.719568]]}},{"type":"Feature","properties":{"lit":0.0827},"geometry":{"type":"LineString","coordinates":[[-73.985794,40.719568],[-73.985885,40.719393]]}},{"type":"Feature","properties":{"lit":0.0881},"geometry":{"type":"LineString","coordinates":[[-73.985885,40.719393],[-73.985914,40.719337]]}},{"type":"Feature","properties":{"lit":0.0868},"geometry":{"type":"LineString","coordinates":[[-73.985914,40.719337],[-73.985939,40.719288]]}},{"type":"Feature","properties":{"lit":0.0768},"geometry":{"type":"LineString","coordinates":[[-73.985939,40.719288],[-73.986028,40.719118]]}},{"type":"Feature","properties":{"lit":0.0496},"geometry":{"type":"LineString","coordinates":[[-73.986028,40.719118],[-73.986116,40.718948]]}},{"type":"Feature","properties":{"lit":0.0234},"geometry":{"type":"LineString","coordinates":[[-73.986116,40.718948],[-73.986205,40.718779]]}},{"type":"Feature","properties":{"lit":0.0294},"geometry":{"type":"LineString","coordinates":[[-73.992483,40.714829],[-73.992437,40.714924]]}},{"type":"Feature","properties":{"lit":0.0383},"geometry":{"type":"LineString","coordinates":[[-73.992437,40.714924],[-73.992412,40.714975]]}},{"type":"Feature","properties":{"lit":0.0456},"geometry":{"type":"LineString","coordinates":[[-73.992412,40.714975],[-73.992376,40.715048]]}},{"type":"Feature","properties":{"lit":0.0719},"geometry":{"type":"LineString","coordinates":[[-73.988516,40.721463],[-73.988453,40.721444]]}},{"type":"Feature","properties":{"lit":0.0666},"geometry":{"type":"LineString","coordinates":[[-73.988453,40.721444],[-73.988381,40.721422]]}},{"type":"Feature","properties":{"lit":0.0649},"geometry":{"type":"LineString","coordinates":[[-73.988381,40.721422],[-73.988105,40.721338]]}},{"type":"Feature","properties":{"lit":0.0854},"geometry":{"type":"LineString","coordinates":[[-73.988105,40.721338],[-73.987829,40.721254]]}},{"type":"Feature","properties":{"lit":0.0904},"geometry":{"type":"LineString","coordinates":[[-73.987829,40.721254],[-73.987764,40.721235]]}},{"type":"Feature","properties":{"lit":0.4696},"geometry":{"type":"LineString","coordinates":[[-73.985076,40.719082],[-73.985137,40.719101]]}},{"type":"Feature","properties":{"lit":0.3124},"geometry":{"type":"LineString","coordinates":[[-73.985137,40.719101],[-73.985374,40.719173]]}},{"type":"Feature","properties":{"lit":0.1642},"geometry":{"type":"LineString","coordinates":[[-73.985374,40.719173],[-73.985611,40.719245]]}},{"type":"Feature","properties":{"lit":0.1026},"geometry":{"type":"LineString","coordinates":[[-73.985611,40.719245],[-73.985847,40.719316]]}},{"type":"Feature","properties":{"lit":0.0873},"geometry":{"type":"LineString","coordinates":[[-73.985847,40.719316],[-73.985914,40.719337]]}},{"type":"Feature","properties":{"lit":0.0886},"geometry":{"type":"LineString","coordinates":[[-73.985914,40.719337],[-73.98598,40.719357]]}},{"type":"Feature","properties":{"lit":0.0991},"geometry":{"type":"LineString","coordinates":[[-73.98598,40.719357],[-73.986213,40.719428]]}},{"type":"Feature","properties":{"lit":0.1207},"geometry":{"type":"LineString","coordinates":[[-73.986213,40.719428],[-73.986446,40.719498]]}},{"type":"Feature","properties":{"lit":0.1291},"geometry":{"type":"LineString","coordinates":[[-73.986446,40.719498],[-73.986679,40.719569]]}},{"type":"Feature","properties":{"lit":0.1265},"geometry":{"type":"LineString","coordinates":[[-73.986679,40.719569],[-73.986754,40.719591]]}},{"type":"Feature","properties":{"lit":0.0584},"geometry":{"type":"LineString","coordinates":[[-73.922019,40.709412],[-73.922384,40.70935]]}},{"type":"Feature","properties":{"lit":0.1315},"geometry":{"type":"LineString","coordinates":[[-73.922384,40.70935],[-73.922483,40.709333]]}},{"type":"Feature","properties":{"lit":0.1817},"geometry":{"type":"LineString","coordinates":[[-73.922483,40.709333],[-73.922586,40.709316]]}},{"type":"Feature","properties":{"lit":0.3017},"geometry":{"type":"LineString","coordinates":[[-73.922586,40.709316],[-73.922832,40.709279]]}},{"type":"Feature","properties":{"lit":0.5135},"geometry":{"type":"LineString","coordinates":[[-73.922832,40.709279],[-73.923077,40.709242]]}},{"type":"Feature","properties":{"lit":0.6456},"geometry":{"type":"LineString","coordinates":[[-73.923077,40.709242],[-73.923323,40.709204]]}},{"type":"Feature","properties":{"lit":0.5691},"geometry":{"type":"LineString","coordinates":[[-73.923323,40.709204],[-73.923569,40.709167]]}},{"type":"Feature","properties":{"lit":0.3444},"geometry":{"type":"LineString","coordinates":[[-73.923569,40.709167],[-73.923815,40.709129]]}},{"type":"Feature","properties":{"lit":0.1419},"geometry":{"type":"LineString","coordinates":[[-73.923815,40.709129],[-73.924061,40.709092]]}},{"type":"Feature","properties":{"lit":0.0558},"geometry":{"type":"LineString","coordinates":[[-73.924061,40.709092],[-73.924184,40.709065]]}},{"type":"Feature","properties":{"lit":0.0255},"geometry":{"type":"LineString","coordinates":[[-73.924184,40.709065],[-73.924316,40.709044]]}},{"type":"Feature","properties":{"lit":0.0671},"geometry":{"type":"LineString","coordinates":[[-73.990996,40.712577],[-73.990734,40.712596]]}},{"type":"Feature","properties":{"lit":0.1788},"geometry":{"type":"LineString","coordinates":[[-73.990734,40.712596],[-73.990472,40.712616]]}},{"type":"Feature","properties":{"lit":0.3298},"geometry":{"type":"LineString","coordinates":[[-73.990472,40.712616],[-73.990095,40.712647]]}},{"type":"Feature","properties":{"lit":0.3474},"geometry":{"type":"LineString","coordinates":[[-73.990095,40.712647],[-73.990016,40.712654]]}},{"type":"Feature","properties":{"lit":0.1872},"geometry":{"type":"LineString","coordinates":[[-73.993399,40.715357],[-73.993357,40.71544]]}},{"type":"Feature","properties":{"lit":0.1909},"geometry":{"type":"LineString","coordinates":[[-73.993357,40.71544],[-73.993255,40.715639]]}},{"type":"Feature","properties":{"lit":0.1312},"geometry":{"type":"LineString","coordinates":[[-73.993255,40.715639],[-73.993154,40.715838]]}},{"type":"Feature","properties":{"lit":0.0563},"geometry":{"type":"LineString","coordinates":[[-73.993154,40.715838],[-73.993052,40.716037]]}},{"type":"Feature","properties":{"lit":0.4135},"geometry":{"type":"LineString","coordinates":[[-73.986815,40.701532],[-73.986832,40.701532]]}},{"type":"Feature","properties":{"lit":0.3191},"geometry":{"type":"LineString","coordinates":[[-73.986832,40.701532],[-73.987195,40.701544]]}},{"type":"Feature","properties":{"lit":0.0214},"geometry":{"type":"LineString","coordinates":[[-73.99475,40.716419],[-73.994875,40.716257]]}},{"type":"Feature","properties":{"lit":0.0301},"geometry":{"type":"LineString","coordinates":[[-73.994875,40.716257],[-73.994935,40.716138]]}},{"type":"Feature","properties":{"lit":0.0355},"geometry":{"type":"LineString","coordinates":[[-73.994935,40.716138],[-73.994965,40.716074]]}},{"type":"Feature","properties":{"lit":0.0382},"geometry":{"type":"LineString","coordinates":[[-73.994965,40.716074],[-73.994995,40.716005]]}},{"type":"Feature","properties":{"lit":0.0395},"geometry":{"type":"LineString","coordinates":[[-73.994995,40.716005],[-73.995017,40.715952]]}},{"type":"Feature","properties":{"lit":0.0393},"geometry":{"type":"LineString","coordinates":[[-73.995017,40.715952],[-73.995035,40.715911]]}},{"type":"Feature","properties":{"lit":0.1007},"geometry":{"type":"LineString","coordinates":[[-73.986267,40.722285],[-73.986223,40.722365]]}},{"type":"Feature","properties":{"lit":0.1035},"geometry":{"type":"LineString","coordinates":[[-73.986223,40.722365],[-73.98621,40.722383]]}},{"type":"Feature","properties":{"lit":0.1047},"geometry":{"type":"LineString","coordinates":[[-73.98621,40.722383],[-73.986184,40.722418]]}},{"type":"Feature","properties":{"lit":0.1053},"geometry":{"type":"LineString","coordinates":[[-73.986184,40.722418],[-73.986171,40.722434]]}},{"type":"Feature","properties":{"lit":0.1009},"geometry":{"type":"LineString","coordinates":[[-73.986171,40.722434],[-73.985998,40.722668]]}},{"type":"Feature","properties":{"lit":0.0629},"geometry":{"type":"LineString","coordinates":[[-73.985998,40.722668],[-73.985796,40.722942]]}},{"type":"Feature","properties":{"lit":0.0374},"geometry":{"type":"LineString","coordinates":[[-73.985796,40.722942],[-73.985748,40.723007]]}},{"type":"Feature","properties":{"lit":0.0318},"geometry":{"type":"LineString","coordinates":[[-73.985748,40.723007],[-73.985693,40.723083]]}},{"type":"Feature","properties":{"lit":0.0321},"geometry":{"type":"LineString","coordinates":[[-73.985693,40.723083],[-73.985569,40.723253]]}},{"type":"Feature","properties":{"lit":0.0515},"geometry":{"type":"LineString","coordinates":[[-73.985569,40.723253],[-73.985446,40.723422]]}},{"type":"Feature","properties":{"lit":0.0783},"geometry":{"type":"LineString","coordinates":[[-73.985446,40.723422],[-73.985322,40.723592]]}},{"type":"Feature","properties":{"lit":0.0951},"geometry":{"type":"LineString","coordinates":[[-73.985322,40.723592],[-73.985282,40.723647]]}},{"type":"Feature","properties":{"lit":0.1025},"geometry":{"type":"LineString","coordinates":[[-73.985282,40.723647],[-73.985242,40.723702]]}},{"type":"Feature","properties":{"lit":0.1164},"geometry":{"type":"LineString","coordinates":[[-73.985242,40.723702],[-73.98512,40.72387]]}},{"type":"Feature","properties":{"lit":0.1293},"geometry":{"type":"LineString","coordinates":[[-73.98512,40.72387],[-73.984998,40.724037]]}},{"type":"Feature","properties":{"lit":0.1187},"geometry":{"type":"LineString","coordinates":[[-73.984998,40.724037],[-73.984876,40.724205]]}},{"type":"Feature","properties":{"lit":0.0955},"geometry":{"type":"LineString","coordinates":[[-73.984876,40.724205],[-73.984831,40.724266]]}},{"type":"Feature","properties":{"lit":0.0788},"geometry":{"type":"LineString","coordinates":[[-73.984831,40.724266],[-73.98478,40.724336]]}},{"type":"Feature","properties":{"lit":0.0478},"geometry":{"type":"LineString","coordinates":[[-73.98478,40.724336],[-73.984649,40.724517]]}},{"type":"Feature","properties":{"lit":0.0244},"geometry":{"type":"LineString","coordinates":[[-73.984649,40.724517],[-73.984542,40.724663]]}},{"type":"Feature","properties":{"lit":0.0315},"geometry":{"type":"LineString","coordinates":[[-73.984542,40.724663],[-73.984441,40.724802]]}},{"type":"Feature","properties":{"lit":0.0535},"geometry":{"type":"LineString","coordinates":[[-73.984441,40.724802],[-73.984399,40.724859]]}},{"type":"Feature","properties":{"lit":0.0295},"geometry":{"type":"LineString","coordinates":[[-73.991831,40.714886],[-73.991887,40.714903]]}},{"type":"Feature","properties":{"lit":0.0309},"geometry":{"type":"LineString","coordinates":[[-73.985577,40.722064],[-73.985835,40.722143]]}},{"type":"Feature","properties":{"lit":0.0658},"geometry":{"type":"LineString","coordinates":[[-73.985835,40.722143],[-73.986092,40.722221]]}},{"type":"Feature","properties":{"lit":0.085},"geometry":{"type":"LineString","coordinates":[[-73.986092,40.722221],[-73.986149,40.722242]]}},{"type":"Feature","properties":{"lit":0.0924},"geometry":{"type":"LineString","coordinates":[[-73.986149,40.722242],[-73.986267,40.722285]]}},{"type":"Feature","properties":{"lit":0.0757},"geometry":{"type":"LineString","coordinates":[[-73.986334,40.722164],[-73.986216,40.722127]]}},{"type":"Feature","properties":{"lit":0.0489},"geometry":{"type":"LineString","coordinates":[[-73.986216,40.722127],[-73.985776,40.721992]]}},{"type":"Feature","properties":{"lit":0.0219},"geometry":{"type":"LineString","coordinates":[[-73.985776,40.721992],[-73.985695,40.721968]]}},{"type":"Feature","properties":{"lit":0.0479},"geometry":{"type":"LineString","coordinates":[[-73.983799,40.721529],[-73.983903,40.721561]]}},{"type":"Feature","properties":{"lit":0.0355},"geometry":{"type":"LineString","coordinates":[[-73.983903,40.721561],[-73.984296,40.721678]]}},{"type":"Feature","properties":{"lit":0.0332},"geometry":{"type":"LineString","coordinates":[[-73.98387,40.721415],[-73.983781,40.72139]]}},{"type":"Feature","properties":{"lit":0.0255},"geometry":{"type":"LineString","coordinates":[[-73.983781,40.72139],[-73.983399,40.721276]]}},{"type":"Feature","properties":{"lit":0.1251},"geometry":{"type":"LineString","coordinates":[[-73.98985,40.72053],[-73.989934,40.720556]]}},{"type":"Feature","properties":{"lit":0.0618},"geometry":{"type":"LineString","coordinates":[[-73.989934,40.720556],[-73.990253,40.720653]]}},{"type":"Feature","properties":{"lit":0.195},"geometry":{"type":"LineString","coordinates":[[-73.989613,40.720458],[-73.989726,40.720493]]}},{"type":"Feature","properties":{"lit":0.1609},"geometry":{"type":"LineString","coordinates":[[-73.989726,40.720493],[-73.98985,40.72053]]}},{"type":"Feature","properties":{"lit":0.3153},"geometry":{"type":"LineString","coordinates":[[-73.990211,40.719247],[-73.990164,40.719343]]}},{"type":"Feature","properties":{"lit":0.4911},"geometry":{"type":"LineString","coordinates":[[-73.990164,40.719343],[-73.990066,40.719541]]}},{"type":"Feature","properties":{"lit":0.8077},"geometry":{"type":"LineString","coordinates":[[-73.990066,40.719541],[-73.989969,40.719738]]}},{"type":"Feature","properties":{"lit":0.179},"geometry":{"type":"LineString","coordinates":[[-73.989613,40.720458],[-73.989582,40.720521]]}},{"type":"Feature","properties":{"lit":0.1029},"geometry":{"type":"LineString","coordinates":[[-73.989582,40.720521],[-73.989492,40.720696]]}},{"type":"Feature","properties":{"lit":0.0516},"geometry":{"type":"LineString","coordinates":[[-73.989492,40.720696],[-73.989402,40.720871]]}},{"type":"Feature","properties":{"lit":0.0544},"geometry":{"type":"LineString","coordinates":[[-73.989402,40.720871],[-73.989313,40.721045]]}},{"type":"Feature","properties":{"lit":0.068},"geometry":{"type":"LineString","coordinates":[[-73.989313,40.721045],[-73.989223,40.72122]]}},{"type":"Feature","properties":{"lit":0.0816},"geometry":{"type":"LineString","coordinates":[[-73.989223,40.72122],[-73.989133,40.721394]]}},{"type":"Feature","properties":{"lit":0.0972},"geometry":{"type":"LineString","coordinates":[[-73.989133,40.721394],[-73.989043,40.721569]]}},{"type":"Feature","properties":{"lit":0.1091},"geometry":{"type":"LineString","coordinates":[[-73.989043,40.721569],[-73.989021,40.721615]]}},{"type":"Feature","properties":{"lit":0.1529},"geometry":{"type":"LineString","coordinates":[[-73.98985,40.72053],[-73.989871,40.720489]]}},{"type":"Feature","properties":{"lit":0.2434},"geometry":{"type":"LineString","coordinates":[[-73.989871,40.720489],[-73.989968,40.7203]]}},{"type":"Feature","properties":{"lit":0.4433},"geometry":{"type":"LineString","coordinates":[[-73.989968,40.7203],[-73.990065,40.720111]]}},{"type":"Feature","properties":{"lit":0.6206},"geometry":{"type":"LineString","coordinates":[[-73.990065,40.720111],[-73.990162,40.719922]]}},{"type":"Feature","properties":{"lit":0.631},"geometry":{"type":"LineString","coordinates":[[-73.990162,40.719922],[-73.990258,40.719733]]}},{"type":"Feature","properties":{"lit":0.436},"geometry":{"type":"LineString","coordinates":[[-73.990258,40.719733],[-73.990388,40.719479]]}},{"type":"Feature","properties":{"lit":0.2959},"geometry":{"type":"LineString","coordinates":[[-73.990388,40.719479],[-73.990409,40.719438]]}},{"type":"Feature","properties":{"lit":0.0664},"geometry":{"type":"LineString","coordinates":[[-73.930893,40.706514],[-73.930774,40.706537]]}},{"type":"Feature","properties":{"lit":0.0585},"geometry":{"type":"LineString","coordinates":[[-73.930774,40.706537],[-73.930527,40.706577]]}},{"type":"Feature","properties":{"lit":0.0353},"geometry":{"type":"LineString","coordinates":[[-73.930527,40.706577],[-73.930279,40.706616]]}},{"type":"Feature","properties":{"lit":0.0663},"geometry":{"type":"LineString","coordinates":[[-73.932314,40.707746],[-73.932286,40.707687]]}},{"type":"Feature","properties":{"lit":0.0626},"geometry":{"type":"LineString","coordinates":[[-73.932286,40.707687],[-73.932227,40.707498]]}},{"type":"Feature","properties":{"lit":0.0439},"geometry":{"type":"LineString","coordinates":[[-73.932227,40.707498],[-73.932168,40.707308]]}},{"type":"Feature","properties":{"lit":0.0243},"geometry":{"type":"LineString","coordinates":[[-73.932168,40.707308],[-73.932108,40.707119]]}},{"type":"Feature","properties":{"lit":0.0237},"geometry":{"type":"LineString","coordinates":[[-73.931568,40.706406],[-73.93132,40.706446]]}},{"type":"Feature","properties":{"lit":0.0469},"geometry":{"type":"LineString","coordinates":[[-73.93132,40.706446],[-73.931072,40.706485]]}},{"type":"Feature","properties":{"lit":0.0598},"geometry":{"type":"LineString","coordinates":[[-73.931072,40.706485],[-73.93101,40.706495]]}},{"type":"Feature","properties":{"lit":0.0645},"geometry":{"type":"LineString","coordinates":[[-73.93101,40.706495],[-73.930893,40.706514]]}},{"type":"Feature","properties":{"lit":0.0274},"geometry":{"type":"LineString","coordinates":[[-73.932523,40.708238],[-73.932433,40.708026]]}},{"type":"Feature","properties":{"lit":0.0556},"geometry":{"type":"LineString","coordinates":[[-73.932433,40.708026],[-73.932343,40.707814]]}},{"type":"Feature","properties":{"lit":0.0665},"geometry":{"type":"LineString","coordinates":[[-73.932343,40.707814],[-73.932314,40.707746]]}},{"type":"Feature","properties":{"lit":0.0692},"geometry":{"type":"LineString","coordinates":[[-73.930893,40.706514],[-73.930957,40.706584]]}},{"type":"Feature","properties":{"lit":0.0754},"geometry":{"type":"LineString","coordinates":[[-73.930957,40.706584],[-73.931115,40.706756]]}},{"type":"Feature","properties":{"lit":0.0767},"geometry":{"type":"LineString","coordinates":[[-73.931115,40.706756],[-73.931273,40.706928]]}},{"type":"Feature","properties":{"lit":0.0707},"geometry":{"type":"LineString","coordinates":[[-73.931273,40.706928],[-73.931431,40.707101]]}},{"type":"Feature","properties":{"lit":0.0594},"geometry":{"type":"LineString","coordinates":[[-73.931431,40.707101],[-73.931478,40.707152]]}},{"type":"Feature","properties":{"lit":0.0517},"geometry":{"type":"LineString","coordinates":[[-73.931478,40.707152],[-73.931533,40.707211]]}},{"type":"Feature","properties":{"lit":0.0276},"geometry":{"type":"LineString","coordinates":[[-73.931533,40.707211],[-73.931765,40.707463]]}},{"type":"Feature","properties":{"lit":0.0804},"geometry":{"type":"LineString","coordinates":[[-73.932314,40.707746],[-73.932379,40.707737]]}},{"type":"Feature","properties":{"lit":0.1759},"geometry":{"type":"LineString","coordinates":[[-73.932379,40.707737],[-73.932623,40.707697]]}},{"type":"Feature","properties":{"lit":0.4432},"geometry":{"type":"LineString","coordinates":[[-73.932623,40.707697],[-73.932868,40.707657]]}},{"type":"Feature","properties":{"lit":0.7615},"geometry":{"type":"LineString","coordinates":[[-73.932868,40.707657],[-73.933112,40.707617]]}},{"type":"Feature","properties":{"lit":0.8933},"geometry":{"type":"LineString","coordinates":[[-73.933112,40.707617],[-73.933357,40.707577]]}},{"type":"Feature","properties":{"lit":0.7231},"geometry":{"type":"LineString","coordinates":[[-73.933357,40.707577],[-73.933601,40.707538]]}},{"type":"Feature","properties":{"lit":0.417},"geometry":{"type":"LineString","coordinates":[[-73.933601,40.707538],[-73.933846,40.707498]]}},{"type":"Feature","properties":{"lit":0.2485},"geometry":{"type":"LineString","coordinates":[[-73.933846,40.707498],[-73.933929,40.707484]]}},{"type":"Feature","properties":{"lit":0.1831},"geometry":{"type":"LineString","coordinates":[[-73.933929,40.707484],[-73.93402,40.707469]]}},{"type":"Feature","properties":{"lit":0.1393},"geometry":{"type":"LineString","coordinates":[[-73.93402,40.707469],[-73.93408,40.707459]]}},{"type":"Feature","properties":{"lit":0.0786},"geometry":{"type":"LineString","coordinates":[[-73.93408,40.707459],[-73.934328,40.707436]]}},{"type":"Feature","properties":{"lit":0.0242},"geometry":{"type":"LineString","coordinates":[[-73.934328,40.707436],[-73.934577,40.707412]]}},{"type":"Feature","properties":{"lit":0.0261},"geometry":{"type":"LineString","coordinates":[[-73.929104,40.704924],[-73.929359,40.705063]]}},{"type":"Feature","properties":{"lit":0.0455},"geometry":{"type":"LineString","coordinates":[[-73.929359,40.705063],[-73.929614,40.705203]]}},{"type":"Feature","properties":{"lit":0.0475},"geometry":{"type":"LineString","coordinates":[[-73.929614,40.705203],[-73.929682,40.70525]]}},{"type":"Feature","properties":{"lit":0.0452},"geometry":{"type":"LineString","coordinates":[[-73.929682,40.70525],[-73.929764,40.705318]]}},{"type":"Feature","properties":{"lit":0.0353},"geometry":{"type":"LineString","coordinates":[[-73.929764,40.705318],[-73.929931,40.705489]]}},{"type":"Feature","properties":{"lit":0.0224},"geometry":{"type":"LineString","coordinates":[[-73.930529,40.706119],[-73.930687,40.70629]]}},{"type":"Feature","properties":{"lit":0.048},"geometry":{"type":"LineString","coordinates":[[-73.930687,40.70629],[-73.930844,40.706461]]}},{"type":"Feature","properties":{"lit":0.0632},"geometry":{"type":"LineString","coordinates":[[-73.930844,40.706461],[-73.930893,40.706514]]}},{"type":"Feature","properties":{"lit":0.0474},"geometry":{"type":"LineString","coordinates":[[-73.917328,40.703846],[-73.917511,40.703666]]}},{"type":"Feature","properties":{"lit":0.0945},"geometry":{"type":"LineString","coordinates":[[-73.917511,40.703666],[-73.917721,40.70346]]}},{"type":"Feature","properties":{"lit":0.1053},"geometry":{"type":"LineString","coordinates":[[-73.917721,40.70346],[-73.917777,40.703405]]}},{"type":"Feature","properties":{"lit":0.1011},"geometry":{"type":"LineString","coordinates":[[-73.917777,40.703405],[-73.917829,40.703352]]}},{"type":"Feature","properties":{"lit":0.0826},"geometry":{"type":"LineString","coordinates":[[-73.917829,40.703352],[-73.917973,40.703205]]}},{"type":"Feature","properties":{"lit":0.0454},"geometry":{"type":"LineString","coordinates":[[-73.917973,40.703205],[-73.918117,40.703059]]}},{"type":"Feature","properties":{"lit":0.5841},"geometry":{"type":"LineString","coordinates":[[-73.988244,40.718482],[-73.988134,40.718449]]}},{"type":"Feature","properties":{"lit":0.5104},"geometry":{"type":"LineString","coordinates":[[-73.988134,40.718449],[-73.987849,40.718363]]}},{"type":"Feature","properties":{"lit":0.2583},"geometry":{"type":"LineString","coordinates":[[-73.987849,40.718363],[-73.987564,40.718277]]}},{"type":"Feature","properties":{"lit":0.1333},"geometry":{"type":"LineString","coordinates":[[-73.987564,40.718277],[-73.987517,40.718263]]}},{"type":"Feature","properties":{"lit":0.1038},"geometry":{"type":"LineString","coordinates":[[-73.987517,40.718263],[-73.987458,40.718246]]}},{"type":"Feature","properties":{"lit":0.5827},"geometry":{"type":"LineString","coordinates":[[-73.988244,40.718482],[-73.98822,40.718529]]}},{"type":"Feature","properties":{"lit":0.5757},"geometry":{"type":"LineString","coordinates":[[-73.98822,40.718529],[-73.988168,40.718631]]}},{"type":"Feature","properties":{"lit":0.3986},"geometry":{"type":"LineString","coordinates":[[-73.986745,40.701529],[-73.986745,40.701595]]}},{"type":"Feature","properties":{"lit":0.2613},"geometry":{"type":"LineString","coordinates":[[-73.986745,40.701595],[-73.986732,40.701787]]}},{"type":"Feature","properties":{"lit":0.1005},"geometry":{"type":"LineString","coordinates":[[-73.986732,40.701787],[-73.986719,40.701979]]}},{"type":"Feature","properties":{"lit":0.0261},"geometry":{"type":"LineString","coordinates":[[-73.986719,40.701979],[-73.986705,40.702172]]}},{"type":"Feature","properties":{"lit":0.8764},"geometry":{"type":"LineString","coordinates":[[-73.994137,40.71584],[-73.994207,40.715703]]}},{"type":"Feature","properties":{"lit":0.8218},"geometry":{"type":"LineString","coordinates":[[-73.994207,40.715703],[-73.99425,40.715618]]}},{"type":"Feature","properties":{"lit":0.0231},"geometry":{"type":"LineString","coordinates":[[-73.930594,40.707295],[-73.930832,40.707256]]}},{"type":"Feature","properties":{"lit":0.0444},"geometry":{"type":"LineString","coordinates":[[-73.930832,40.707256],[-73.931069,40.707218]]}},{"type":"Feature","properties":{"lit":0.0608},"geometry":{"type":"LineString","coordinates":[[-73.931069,40.707218],[-73.931307,40.70718]]}},{"type":"Feature","properties":{"lit":0.0622},"geometry":{"type":"LineString","coordinates":[[-73.931307,40.70718],[-73.931366,40.70717]]}},{"type":"Feature","properties":{"lit":0.0592},"geometry":{"type":"LineString","coordinates":[[-73.931366,40.70717],[-73.931478,40.707152]]}},{"type":"Feature","properties":{"lit":0.0272},"geometry":{"type":"LineString","coordinates":[[-73.925338,40.705251],[-73.925282,40.705308]]}},{"type":"Feature","properties":{"lit":0.0439},"geometry":{"type":"LineString","coordinates":[[-73.925282,40.705308],[-73.925134,40.70546]]}},{"type":"Feature","properties":{"lit":0.0641},"geometry":{"type":"LineString","coordinates":[[-73.925134,40.70546],[-73.924985,40.705611]]}},{"type":"Feature","properties":{"lit":0.0641},"geometry":{"type":"LineString","coordinates":[[-73.924985,40.705611],[-73.924836,40.705762]]}},{"type":"Feature","properties":{"lit":0.0439},"geometry":{"type":"LineString","coordinates":[[-73.924836,40.705762],[-73.924688,40.705913]]}},{"type":"Feature","properties":{"lit":0.0206},"geometry":{"type":"LineString","coordinates":[[-73.924688,40.705913],[-73.924539,40.706065]]}},{"type":"Feature","properties":{"lit":0.0247},"geometry":{"type":"LineString","coordinates":[[-73.924093,40.706519],[-73.923944,40.70667]]}},{"type":"Feature","properties":{"lit":0.0654},"geometry":{"type":"LineString","coordinates":[[-73.923944,40.70667],[-73.923795,40.706821]]}},{"type":"Feature","properties":{"lit":0.1165},"geometry":{"type":"LineString","coordinates":[[-73.923795,40.706821],[-73.923646,40.706973]]}},{"type":"Feature","properties":{"lit":0.1409},"geometry":{"type":"LineString","coordinates":[[-73.923646,40.706973],[-73.923591,40.707029]]}},{"type":"Feature","properties":{"lit":0.1457},"geometry":{"type":"LineString","coordinates":[[-73.923591,40.707029],[-73.923531,40.707087]]}},{"type":"Feature","properties":{"lit":0.1354},"geometry":{"type":"LineString","coordinates":[[-73.923531,40.707087],[-73.923376,40.70724]]}},{"type":"Feature","properties":{"lit":0.089},"geometry":{"type":"LineString","coordinates":[[-73.923376,40.70724],[-73.92322,40.707392]]}},{"type":"Feature","properties":{"lit":0.0404},"geometry":{"type":"LineString","coordinates":[[-73.92322,40.707392],[-73.923065,40.707544]]}},{"type":"Feature","properties":{"lit":0.0412},"geometry":{"type":"LineString","coordinates":[[-73.929682,40.70525],[-73.929809,40.705228]]}},{"type":"Feature","properties":{"lit":0.0234},"geometry":{"type":"LineString","coordinates":[[-73.929809,40.705228],[-73.930083,40.705184]]}},{"type":"Feature","properties":{"lit":0.0403},"geometry":{"type":"LineString","coordinates":[[-73.928918,40.705374],[-73.929202,40.705328]]}},{"type":"Feature","properties":{"lit":0.0588},"geometry":{"type":"LineString","coordinates":[[-73.929202,40.705328],[-73.929486,40.705282]]}},{"type":"Feature","properties":{"lit":0.0572},"geometry":{"type":"LineString","coordinates":[[-73.929486,40.705282],[-73.929553,40.705271]]}},{"type":"Feature","properties":{"lit":0.0517},"geometry":{"type":"LineString","coordinates":[[-73.929553,40.705271],[-73.929682,40.70525]]}},{"type":"Feature","properties":{"lit":0.0706},"geometry":{"type":"LineString","coordinates":[[-73.99071,40.718267],[-73.990633,40.718244]]}},{"type":"Feature","properties":{"lit":0.0508},"geometry":{"type":"LineString","coordinates":[[-73.990633,40.718244],[-73.990299,40.718144]]}},{"type":"Feature","properties":{"lit":0.0278},"geometry":{"type":"LineString","coordinates":[[-73.990299,40.718144],[-73.990232,40.718124]]}},{"type":"Feature","properties":{"lit":0.0219},"geometry":{"type":"LineString","coordinates":[[-73.990232,40.718124],[-73.990177,40.718107]]}},{"type":"Feature","properties":{"lit":0.0311},"geometry":{"type":"LineString","coordinates":[[-73.985461,40.718333],[-73.98537,40.71851]]}},{"type":"Feature","properties":{"lit":0.1087},"geometry":{"type":"LineString","coordinates":[[-73.98537,40.71851],[-73.985279,40.718687]]}},{"type":"Feature","properties":{"lit":0.2618},"geometry":{"type":"LineString","coordinates":[[-73.985279,40.718687],[-73.985188,40.718864]]}},{"type":"Feature","properties":{"lit":0.4386},"geometry":{"type":"LineString","coordinates":[[-73.985188,40.718864],[-73.985097,40.71904]]}},{"type":"Feature","properties":{"lit":0.5028},"geometry":{"type":"LineString","coordinates":[[-73.985097,40.71904],[-73.985076,40.719082]]}},{"type":"Feature","properties":{"lit":0.539},"geometry":{"type":"LineString","coordinates":[[-73.989555,40.719447],[-73.98945,40.719651]]}},{"type":"Feature","properties":{"lit":0.5902},"geometry":{"type":"LineString","coordinates":[[-73.98945,40.719651],[-73.989345,40.719855]]}},{"type":"Feature","properties":{"lit":0.4347},"geometry":{"type":"LineString","coordinates":[[-73.989345,40.719855],[-73.98924,40.720058]]}},{"type":"Feature","properties":{"lit":0.2303},"geometry":{"type":"LineString","coordinates":[[-73.98924,40.720058],[-73.989135,40.720262]]}},{"type":"Feature","properties":{"lit":0.1386},"geometry":{"type":"LineString","coordinates":[[-73.989135,40.720262],[-73.989112,40.720307]]}},{"type":"Feature","properties":{"lit":0.0286},"geometry":{"type":"LineString","coordinates":[[-73.984193,40.721516],[-73.983965,40.721446]]}},{"type":"Feature","properties":{"lit":0.0331},"geometry":{"type":"LineString","coordinates":[[-73.983965,40.721446],[-73.98387,40.721415]]}},{"type":"Feature","properties":{"lit":0.0988},"geometry":{"type":"LineString","coordinates":[[-73.987379,40.718392],[-73.987442,40.718411]]}},{"type":"Feature","properties":{"lit":0.2075},"geometry":{"type":"LineString","coordinates":[[-73.987442,40.718411],[-73.98772,40.718495]]}},{"type":"Feature","properties":{"lit":0.4464},"geometry":{"type":"LineString","coordinates":[[-73.98772,40.718495],[-73.987997,40.718579]]}},{"type":"Feature","properties":{"lit":0.5444},"geometry":{"type":"LineString","coordinates":[[-73.987997,40.718579],[-73.988057,40.718597]]}},{"type":"Feature","properties":{"lit":0.5574},"geometry":{"type":"LineString","coordinates":[[-73.988057,40.718597],[-73.988168,40.718631]]}},{"type":"Feature","properties":{"lit":0.0411},"geometry":{"type":"LineString","coordinates":[[-73.983487,40.721437],[-73.983701,40.7215]]}},{"type":"Feature","properties":{"lit":0.0476},"geometry":{"type":"LineString","coordinates":[[-73.983701,40.7215],[-73.983799,40.721529]]}},{"type":"Feature","properties":{"lit":0.2597},"geometry":{"type":"LineString","coordinates":[[-73.98809,40.718781],[-73.987959,40.719035]]}},{"type":"Feature","properties":{"lit":0.0917},"geometry":{"type":"LineString","coordinates":[[-73.994856,40.715393],[-73.994865,40.715604]]}},{"type":"Feature","properties":{"lit":0.1155},"geometry":{"type":"LineString","coordinates":[[-73.994865,40.715604],[-73.994875,40.715824]]}},{"type":"Feature","properties":{"lit":0.0216},"geometry":{"type":"LineString","coordinates":[[-73.991261,40.7194],[-73.990966,40.719311]]}},{"type":"Feature","properties":{"lit":0.0741},"geometry":{"type":"LineString","coordinates":[[-73.990966,40.719311],[-73.990671,40.719222]]}},{"type":"Feature","properties":{"lit":0.138},"geometry":{"type":"LineString","coordinates":[[-73.990671,40.719222],[-73.990622,40.719207]]}},{"type":"Feature","properties":{"lit":0.1587},"geometry":{"type":"LineString","coordinates":[[-73.990622,40.719207],[-73.990537,40.719181]]}},{"type":"Feature","properties":{"lit":0.0488},"geometry":{"type":"LineString","coordinates":[[-73.989054,40.718729],[-73.988991,40.71871]]}},{"type":"Feature","properties":{"lit":0.1137},"geometry":{"type":"LineString","coordinates":[[-73.988991,40.71871],[-73.988739,40.718633]]}},{"type":"Feature","properties":{"lit":0.3054},"geometry":{"type":"LineString","coordinates":[[-73.988739,40.718633],[-73.988488,40.718557]]}},{"type":"Feature","properties":{"lit":0.4605},"geometry":{"type":"LineString","coordinates":[[-73.988488,40.718557],[-73.988402,40.718531]]}},{"type":"Feature","properties":{"lit":0.5096},"geometry":{"type":"LineString","coordinates":[[-73.988402,40.718531],[-73.988362,40.718518]]}},{"type":"Feature","properties":{"lit":0.5565},"geometry":{"type":"LineString","coordinates":[[-73.988362,40.718518],[-73.988244,40.718482]]}},{"type":"Feature","properties":{"lit":0.0904},"geometry":{"type":"LineString","coordinates":[[-73.989812,40.718958],[-73.989745,40.718938]]}},{"type":"Feature","properties":{"lit":0.0449},"geometry":{"type":"LineString","coordinates":[[-73.989745,40.718938],[-73.989453,40.71885]]}},{"type":"Feature","properties":{"lit":0.0248},"geometry":{"type":"LineString","coordinates":[[-73.98916,40.718761],[-73.989119,40.718749]]}},{"type":"Feature","properties":{"lit":0.0329},"geometry":{"type":"LineString","coordinates":[[-73.989119,40.718749],[-73.989054,40.718729]]}},{"type":"Feature","properties":{"lit":0.0352},"geometry":{"type":"LineString","coordinates":[[-73.989668,40.721803],[-73.989365,40.72171]]}},{"type":"Feature","properties":{"lit":0.0679},"geometry":{"type":"LineString","coordinates":[[-73.989365,40.72171],[-73.989279,40.721685]]}},{"type":"Feature","properties":{"lit":0.5477},"geometry":{"type":"LineString","coordinates":[[-73.986754,40.701173],[-73.986742,40.701426]]}},{"type":"Feature","properties":{"lit":0.498},"geometry":{"type":"LineString","coordinates":[[-73.986742,40.701426],[-73.986743,40.701478]]}},{"type":"Feature","properties":{"lit":0.456},"geometry":{"type":"LineString","coordinates":[[-73.986743,40.701478],[-73.986745,40.701529]]}},{"type":"Feature","properties":{"lit":0.105},"geometry":{"type":"LineString","coordinates":[[-73.989812,40.718958],[-73.989789,40.719002]]}},{"type":"Feature","properties":{"lit":0.1254},"geometry":{"type":"LineString","coordinates":[[-73.989789,40.719002],[-73.989734,40.719106]]}},{"type":"Feature","properties":{"lit":0.0319},"geometry":{"type":"LineString","coordinates":[[-73.988979,40.718874],[-73.989044,40.718894]]}},{"type":"Feature","properties":{"lit":0.0555},"geometry":{"type":"LineString","coordinates":[[-73.989336,40.718983],[-73.989628,40.719072]]}},{"type":"Feature","properties":{"lit":0.1104},"geometry":{"type":"LineString","coordinates":[[-73.989628,40.719072],[-73.98967,40.719086]]}},{"type":"Feature","properties":{"lit":0.1323},"geometry":{"type":"LineString","coordinates":[[-73.98967,40.719086],[-73.989734,40.719106]]}},{"type":"Feature","properties":{"lit":0.0391},"geometry":{"type":"LineString","coordinates":[[-73.989054,40.718729],[-73.989099,40.718639]]}},{"type":"Feature","properties":{"lit":0.0313},"geometry":{"type":"LineString","coordinates":[[-73.989099,40.718639],[-73.989186,40.718468]]}},{"type":"Feature","properties":{"lit":0.0362},"geometry":{"type":"LineString","coordinates":[[-73.995035,40.715911],[-73.99506,40.715905]]}},{"type":"Feature","properties":{"lit":0.0301},"geometry":{"type":"LineString","coordinates":[[-73.99506,40.715905],[-73.995096,40.715904]]}},{"type":"Feature","properties":{"lit":0.0242},"geometry":{"type":"LineString","coordinates":[[-73.995096,40.715904],[-73.995126,40.715907]]}},{"type":"Feature","properties":{"lit":0.0355},"geometry":{"type":"LineString","coordinates":[[-73.989777,40.712101],[-73.989814,40.712336]]}},{"type":"Feature","properties":{"lit":0.1352},"geometry":{"type":"LineString","coordinates":[[-73.989814,40.712336],[-73.989851,40.71257]]}},{"type":"Feature","properties":{"lit":0.2491},"geometry":{"type":"LineString","coordinates":[[-73.989851,40.71257],[-73.989865,40.712666]]}},{"type":"Feature","properties":{"lit":0.193},"geometry":{"type":"LineString","coordinates":[[-73.989865,40.712666],[-73.989513,40.712696]]}},{"type":"Feature","properties":{"lit":0.0497},"geometry":{"type":"LineString","coordinates":[[-73.989513,40.712696],[-73.989161,40.712726]]}},{"type":"Feature","properties":{"lit":0.3747},"geometry":{"type":"LineString","coordinates":[[-73.990016,40.712654],[-73.990028,40.712738]]}},{"type":"Feature","properties":{"lit":0.4777},"geometry":{"type":"LineString","coordinates":[[-73.990028,40.712738],[-73.990058,40.712932]]}},{"type":"Feature","properties":{"lit":0.5597},"geometry":{"type":"LineString","coordinates":[[-73.990058,40.712932],[-73.990087,40.713127]]}},{"type":"Feature","properties":{"lit":0.6116},"geometry":{"type":"LineString","coordinates":[[-73.990087,40.713127],[-73.990116,40.713322]]}},{"type":"Feature","properties":{"lit":0.6619},"geometry":{"type":"LineString","coordinates":[[-73.990116,40.713322],[-73.990125,40.71338]]}},{"type":"Feature","properties":{"lit":0.6941},"geometry":{"type":"LineString","coordinates":[[-73.990125,40.71338],[-73.990135,40.713455]]}},{"type":"Feature","properties":{"lit":0.7589},"geometry":{"type":"LineString","coordinates":[[-73.990135,40.713455],[-73.99017,40.71371]]}},{"type":"Feature","properties":{"lit":0.6947},"geometry":{"type":"LineString","coordinates":[[-73.99017,40.71371],[-73.990206,40.713965]]}},{"type":"Feature","properties":{"lit":0.5481},"geometry":{"type":"LineString","coordinates":[[-73.990206,40.713965],[-73.990218,40.714053]]}},{"type":"Feature","properties":{"lit":0.3286},"geometry":{"type":"LineString","coordinates":[[-73.990016,40.712654],[-73.989939,40.71266]]}},{"type":"Feature","properties":{"lit":0.3005},"geometry":{"type":"LineString","coordinates":[[-73.989939,40.71266],[-73.989865,40.712666]]}},{"type":"Feature","properties":{"lit":0.2082},"geometry":{"type":"LineString","coordinates":[[-73.990281,40.719103],[-73.990205,40.719079]]}},{"type":"Feature","properties":{"lit":0.2011},"geometry":{"type":"LineString","coordinates":[[-73.990205,40.719079],[-73.990143,40.71906]]}},{"type":"Feature","properties":{"lit":0.1695},"geometry":{"type":"LineString","coordinates":[[-73.990143,40.71906],[-73.989918,40.71899]]}},{"type":"Feature","properties":{"lit":0.1281},"geometry":{"type":"LineString","coordinates":[[-73.989918,40.71899],[-73.989879,40.718978]]}},{"type":"Feature","properties":{"lit":0.111},"geometry":{"type":"LineString","coordinates":[[-73.989879,40.718978],[-73.989812,40.718958]]}},{"type":"Feature","properties":{"lit":0.0898},"geometry":{"type":"LineString","coordinates":[[-73.994881,40.715901],[-73.994882,40.71594]]}},{"type":"Feature","properties":{"lit":0.0827},"geometry":{"type":"LineString","coordinates":[[-73.994882,40.71594],[-73.994878,40.715981]]}},{"type":"Feature","properties":{"lit":0.0749},"geometry":{"type":"LineString","coordinates":[[-73.994878,40.715981],[-73.994863,40.716047]]}},{"type":"Feature","properties":{"lit":0.0651},"geometry":{"type":"LineString","coordinates":[[-73.994863,40.716047],[-73.994848,40.716108]]}},{"type":"Feature","properties":{"lit":0.054},"geometry":{"type":"LineString","coordinates":[[-73.994848,40.716108],[-73.994828,40.716182]]}},{"type":"Feature","properties":{"lit":0.0426},"geometry":{"type":"LineString","coordinates":[[-73.994828,40.716182],[-73.994809,40.716247]]}},{"type":"Feature","properties":{"lit":0.0257},"geometry":{"type":"LineString","coordinates":[[-73.994809,40.716247],[-73.99475,40.716419]]}},{"type":"Feature","properties":{"lit":0.0235},"geometry":{"type":"LineString","coordinates":[[-73.983227,40.721357],[-73.983487,40.721437]]}},{"type":"Feature","properties":{"lit":0.0888},"geometry":{"type":"LineString","coordinates":[[-73.986267,40.722285],[-73.986334,40.722164]]}},{"type":"Feature","properties":{"lit":0.0277},"geometry":{"type":"LineString","coordinates":[[-73.987095,40.718301],[-73.987285,40.718362]]}},{"type":"Feature","properties":{"lit":0.0654},"geometry":{"type":"LineString","coordinates":[[-73.987285,40.718362],[-73.987379,40.718392]]}},{"type":"Feature","properties":{"lit":0.2481},"geometry":{"type":"LineString","coordinates":[[-73.987918,40.722644],[-73.987845,40.722622]]}},{"type":"Feature","properties":{"lit":0.2159},"geometry":{"type":"LineString","coordinates":[[-73.987845,40.722622],[-73.987603,40.722548]]}},{"type":"Feature","properties":{"lit":0.2165},"geometry":{"type":"LineString","coordinates":[[-73.987603,40.722548],[-73.98736,40.722473]]}},{"type":"Feature","properties":{"lit":0.2718},"geometry":{"type":"LineString","coordinates":[[-73.987918,40.722644],[-73.987861,40.722758]]}},{"type":"Feature","properties":{"lit":0.0486},"geometry":{"type":"LineString","coordinates":[[-73.984747,40.723422],[-73.984961,40.723512]]}},{"type":"Feature","properties":{"lit":0.0833},"geometry":{"type":"LineString","coordinates":[[-73.984961,40.723512],[-73.985176,40.723603]]}},{"type":"Feature","properties":{"lit":0.098},"geometry":{"type":"LineString","coordinates":[[-73.985176,40.723603],[-73.985282,40.723647]]}},{"type":"Feature","properties":{"lit":0.0974},"geometry":{"type":"LineString","coordinates":[[-73.985282,40.723647],[-73.985392,40.723694]]}},{"type":"Feature","properties":{"lit":0.0798},"geometry":{"type":"LineString","coordinates":[[-73.985392,40.723694],[-73.985623,40.723791]]}},{"type":"Feature","properties":{"lit":0.0421},"geometry":{"type":"LineString","coordinates":[[-73.985623,40.723791],[-73.985854,40.723889]]}},{"type":"Feature","properties":{"lit":0.0234},"geometry":{"type":"LineString","coordinates":[[-73.986548,40.724181],[-73.986779,40.724279]]}},{"type":"Feature","properties":{"lit":0.0887},"geometry":{"type":"LineString","coordinates":[[-73.986779,40.724279],[-73.987047,40.724392]]}},{"type":"Feature","properties":{"lit":0.2153},"geometry":{"type":"LineString","coordinates":[[-73.987047,40.724392],[-73.987316,40.724505]]}},{"type":"Feature","properties":{"lit":0.2804},"geometry":{"type":"LineString","coordinates":[[-73.987316,40.724505],[-73.987365,40.724526]]}},{"type":"Feature","properties":{"lit":0.301},"geometry":{"type":"LineString","coordinates":[[-73.987365,40.724526],[-73.987502,40.724584]]}},{"type":"Feature","properties":{"lit":0.2566},"geometry":{"type":"LineString","coordinates":[[-73.990211,40.719247],[-73.990468,40.719323]]}},{"type":"Feature","properties":{"lit":0.1608},"geometry":{"type":"LineString","coordinates":[[-73.989734,40.719106],[-73.9898,40.719127]]}},{"type":"Feature","properties":{"lit":0.2349},"geometry":{"type":"LineString","coordinates":[[-73.9898,40.719127],[-73.990091,40.719214]]}},{"type":"Feature","properties":{"lit":0.2752},"geometry":{"type":"LineString","coordinates":[[-73.990091,40.719214],[-73.990131,40.719223]]}},{"type":"Feature","properties":{"lit":0.2784},"geometry":{"type":"LineString","coordinates":[[-73.990131,40.719223],[-73.990211,40.719247]]}},{"type":"Feature","properties":{"lit":0.2237},"geometry":{"type":"LineString","coordinates":[[-73.990228,40.714421],[-73.990232,40.714497]]}},{"type":"Feature","properties":{"lit":0.1765},"geometry":{"type":"LineString","coordinates":[[-73.990232,40.714497],[-73.99022,40.714594]]}},{"type":"Feature","properties":{"lit":0.1082},"geometry":{"type":"LineString","coordinates":[[-73.99022,40.714594],[-73.990155,40.714774]]}},{"type":"Feature","properties":{"lit":0.0304},"geometry":{"type":"LineString","coordinates":[[-73.990155,40.714774],[-73.989987,40.7151]]}},{"type":"Feature","properties":{"lit":0.2221},"geometry":{"type":"LineString","coordinates":[[-73.98799,40.722503],[-73.987961,40.722557]]}},{"type":"Feature","properties":{"lit":0.2479},"geometry":{"type":"LineString","coordinates":[[-73.987961,40.722557],[-73.987918,40.722644]]}},{"type":"Feature","properties":{"lit":0.0757},"geometry":{"type":"LineString","coordinates":[[-73.988516,40.721463],[-73.98849,40.721512]]}},{"type":"Feature","properties":{"lit":0.0731},"geometry":{"type":"LineString","coordinates":[[-73.98849,40.721512],[-73.988327,40.721831]]}},{"type":"Feature","properties":{"lit":0.1136},"geometry":{"type":"LineString","coordinates":[[-73.989021,40.721615],[-73.988925,40.721587]]}},{"type":"Feature","properties":{"lit":0.1047},"geometry":{"type":"LineString","coordinates":[[-73.988925,40.721587],[-73.988583,40.721483]]}},{"type":"Feature","properties":{"lit":0.0789},"geometry":{"type":"LineString","coordinates":[[-73.988583,40.721483],[-73.988516,40.721463]]}},{"type":"Feature","properties":{"lit":0.17},"geometry":{"type":"LineString","coordinates":[[-73.989734,40.719106],[-73.989687,40.719197]]}},{"type":"Feature","properties":{"lit":0.3097},"geometry":{"type":"LineString","coordinates":[[-73.989687,40.719197],[-73.989555,40.719447]]}},{"type":"Feature","properties":{"lit":0.0899},"geometry":{"type":"LineString","coordinates":[[-73.987458,40.718246],[-73.987433,40.71829]]}},{"type":"Feature","properties":{"lit":0.0882},"geometry":{"type":"LineString","coordinates":[[-73.987433,40.71829],[-73.987379,40.718392]]}},{"type":"Feature","properties":{"lit":0.0409},"geometry":{"type":"LineString","coordinates":[[-73.98387,40.721415],[-73.983799,40.721529]]}},{"type":"Feature","properties":{"lit":0.0259},"geometry":{"type":"LineString","coordinates":[[-73.990934,40.717822],[-73.990834,40.718021]]}},{"type":"Feature","properties":{"lit":0.0538},"geometry":{"type":"LineString","coordinates":[[-73.990834,40.718021],[-73.990734,40.71822]]}},{"type":"Feature","properties":{"lit":0.0699},"geometry":{"type":"LineString","coordinates":[[-73.990734,40.71822],[-73.99071,40.718267]]}},{"type":"Feature","properties":{"lit":0.0762},"geometry":{"type":"LineString","coordinates":[[-73.99071,40.718267],[-73.99068,40.718327]]}},{"type":"Feature","properties":{"lit":0.0962},"geometry":{"type":"LineString","coordinates":[[-73.99068,40.718327],[-73.990538,40.718608]]}},{"type":"Feature","properties":{"lit":0.1879},"geometry":{"type":"LineString","coordinates":[[-73.990468,40.719323],[-73.990537,40.719181]]}},{"type":"Feature","properties":{"lit":0.1976},"geometry":{"type":"LineString","coordinates":[[-73.990468,40.719323],[-73.990549,40.71935]]}},{"type":"Feature","properties":{"lit":0.1198},"geometry":{"type":"LineString","coordinates":[[-73.990549,40.71935],[-73.990844,40.719439]]}},{"type":"Feature","properties":{"lit":0.027},"geometry":{"type":"LineString","coordinates":[[-73.990844,40.719439],[-73.991138,40.719529]]}},{"type":"Feature","properties":{"lit":0.1678},"geometry":{"type":"LineString","coordinates":[[-73.922483,40.709333],[-73.922516,40.709406]]}},{"type":"Feature","properties":{"lit":0.2076},"geometry":{"type":"LineString","coordinates":[[-73.922516,40.709406],[-73.92261,40.709616]]}},{"type":"Feature","properties":{"lit":0.2037},"geometry":{"type":"LineString","coordinates":[[-73.92261,40.709616],[-73.922703,40.709827]]}},{"type":"Feature","properties":{"lit":0.1416},"geometry":{"type":"LineString","coordinates":[[-73.922703,40.709827],[-73.922797,40.710037]]}},{"type":"Feature","properties":{"lit":0.0867},"geometry":{"type":"LineString","coordinates":[[-73.922797,40.710037],[-73.92289,40.710248]]}},{"type":"Feature","properties":{"lit":0.0674},"geometry":{"type":"LineString","coordinates":[[-73.92289,40.710248],[-73.922906,40.710283]]}},{"type":"Feature","properties":{"lit":0.0616},"geometry":{"type":"LineString","coordinates":[[-73.922906,40.710283],[-73.922933,40.710344]]}},{"type":"Feature","properties":{"lit":0.0459},"geometry":{"type":"LineString","coordinates":[[-73.922933,40.710344],[-73.922966,40.710417]]}},{"type":"Feature","properties":{"lit":0.0423},"geometry":{"type":"LineString","coordinates":[[-73.922966,40.710417],[-73.922985,40.71046]]}},{"type":"Feature","properties":{"lit":0.0297},"geometry":{"type":"LineString","coordinates":[[-73.922985,40.71046],[-73.923088,40.710691]]}},{"type":"Feature","properties":{"lit":0.5182},"geometry":{"type":"LineString","coordinates":[[-73.990218,40.714053],[-73.990075,40.714066]]}},{"type":"Feature","properties":{"lit":0.4723},"geometry":{"type":"LineString","coordinates":[[-73.990075,40.714066],[-73.989822,40.714087]]}},{"type":"Feature","properties":{"lit":0.3021},"geometry":{"type":"LineString","coordinates":[[-73.989822,40.714087],[-73.989569,40.714109]]}},{"type":"Feature","properties":{"lit":0.1335},"geometry":{"type":"LineString","coordinates":[[-73.989569,40.714109],[-73.989316,40.714131]]}},{"type":"Feature","properties":{"lit":0.039},"geometry":{"type":"LineString","coordinates":[[-73.989316,40.714131],[-73.989052,40.714154]]}},{"type":"Feature","properties":{"lit":0.4673},"geometry":{"type":"LineString","coordinates":[[-73.990218,40.714053],[-73.990219,40.714145]]}},{"type":"Feature","properties":{"lit":0.414},"geometry":{"type":"LineString","coordinates":[[-73.990219,40.714145],[-73.99022,40.714188]]}},{"type":"Feature","properties":{"lit":0.3696},"geometry":{"type":"LineString","coordinates":[[-73.99022,40.714188],[-73.990221,40.714267]]}},{"type":"Feature","properties":{"lit":0.322},"geometry":{"type":"LineString","coordinates":[[-73.990221,40.714267],[-73.990223,40.71433]]}},{"type":"Feature","properties":{"lit":0.2725},"geometry":{"type":"LineString","coordinates":[[-73.990223,40.71433],[-73.990228,40.714421]]}},{"type":"Feature","properties":{"lit":0.2273},"geometry":{"type":"LineString","coordinates":[[-73.933929,40.707484],[-73.933898,40.707416]]}},{"type":"Feature","properties":{"lit":0.2204},"geometry":{"type":"LineString","coordinates":[[-73.933898,40.707416],[-73.933793,40.707074]]}},{"type":"Feature","properties":{"lit":0.1206},"geometry":{"type":"LineString","coordinates":[[-73.933793,40.707074],[-73.933757,40.706949]]}},{"type":"Feature","properties":{"lit":0.0645},"geometry":{"type":"LineString","coordinates":[[-73.933757,40.706949],[-73.933711,40.706792]]}},{"type":"Feature","properties":{"lit":0.0318},"geometry":{"type":"LineString","coordinates":[[-73.932072,40.707786],[-73.932314,40.707746]]}},{"type":"Feature","properties":{"lit":0.0254},"geometry":{"type":"LineString","coordinates":[[-73.999882,40.717968],[-73.999953,40.718019]]}},{"type":"Feature","properties":{"lit":0.0391},"geometry":{"type":"LineString","coordinates":[[-73.999953,40.718019],[-74.000037,40.718079]]}},{"type":"Feature","properties":{"lit":0.0547},"geometry":{"type":"LineString","coordinates":[[-74.000037,40.718079],[-74.000097,40.718121]]}},{"type":"Feature","properties":{"lit":0.0991},"geometry":{"type":"LineString","coordinates":[[-74.000097,40.718121],[-74.00041,40.718344]]}},{"type":"Feature","properties":{"lit":0.1206},"geometry":{"type":"LineString","coordinates":[[-74.00041,40.718344],[-74.000454,40.718376]]}},{"type":"Feature","properties":{"lit":0.1177},"geometry":{"type":"LineString","coordinates":[[-74.000454,40.718376],[-74.000552,40.718449]]}},{"type":"Feature","properties":{"lit":0.1061},"geometry":{"type":"LineString","coordinates":[[-74.000552,40.718449],[-74.000618,40.718499]]}},{"type":"Feature","properties":{"lit":0.0935},"geometry":{"type":"LineString","coordinates":[[-74.000618,40.718499],[-74.000671,40.718538]]}},{"type":"Feature","properties":{"lit":0.055},"geometry":{"type":"LineString","coordinates":[[-74.000671,40.718538],[-74.000934,40.718726]]}},{"type":"Feature","properties":{"lit":0.0237},"geometry":{"type":"LineString","coordinates":[[-73.99516,40.71576],[-73.995119,40.715725]]}},{"type":"Feature","properties":{"lit":0.0303},"geometry":{"type":"LineString","coordinates":[[-73.995119,40.715725],[-73.995085,40.715693]]}},{"type":"Feature","properties":{"lit":0.0366},"geometry":{"type":"LineString","coordinates":[[-73.995085,40.715693],[-73.995056,40.715652]]}},{"type":"Feature","properties":{"lit":0.0413},"geometry":{"type":"LineString","coordinates":[[-73.995056,40.715652],[-73.995035,40.71561]]}},{"type":"Feature","properties":{"lit":0.0433},"geometry":{"type":"LineString","coordinates":[[-73.995035,40.71561],[-73.995027,40.715587]]}},{"type":"Feature","properties":{"lit":0.0435},"geometry":{"type":"LineString","coordinates":[[-73.995027,40.715587],[-73.995021,40.715557]]}},{"type":"Feature","properties":{"lit":0.0417},"geometry":{"type":"LineString","coordinates":[[-73.995021,40.715557],[-73.995019,40.715517]]}},{"type":"Feature","properties":{"lit":0.0378},"geometry":{"type":"LineString","coordinates":[[-73.995019,40.715517],[-73.995021,40.71547]]}},{"type":"Feature","properties":{"lit":0.0324},"geometry":{"type":"LineString","coordinates":[[-73.995021,40.71547],[-73.995029,40.715426]]}},{"type":"Feature","properties":{"lit":0.025},"geometry":{"type":"LineString","coordinates":[[-73.995029,40.715426],[-73.995047,40.715359]]}},{"type":"Feature","properties":{"lit":0.0245},"geometry":{"type":"LineString","coordinates":[[-73.995047,40.715359],[-73.995004,40.715373]]}},{"type":"Feature","properties":{"lit":0.0298},"geometry":{"type":"LineString","coordinates":[[-73.995004,40.715373],[-73.994992,40.715378]]}},{"type":"Feature","properties":{"lit":0.0326},"geometry":{"type":"LineString","coordinates":[[-73.994992,40.715378],[-73.994986,40.715391]]}},{"type":"Feature","properties":{"lit":0.0368},"geometry":{"type":"LineString","coordinates":[[-73.994986,40.715391],[-73.994975,40.715419]]}},{"type":"Feature","properties":{"lit":0.0424},"geometry":{"type":"LineString","coordinates":[[-73.994975,40.715419],[-73.994968,40.715448]]}},{"type":"Feature","properties":{"lit":0.0476},"geometry":{"type":"LineString","coordinates":[[-73.994968,40.715448],[-73.994964,40.715477]]}},{"type":"Feature","properties":{"lit":0.0513},"geometry":{"type":"LineString","coordinates":[[-73.994964,40.715477],[-73.994963,40.715491]]}},{"type":"Feature","properties":{"lit":0.0542},"geometry":{"type":"LineString","coordinates":[[-73.994963,40.715491],[-73.994964,40.71552]]}},{"type":"Feature","properties":{"lit":0.0571},"geometry":{"type":"LineString","coordinates":[[-73.994964,40.71552],[-73.994967,40.71555]]}},{"type":"Feature","properties":{"lit":0.0585},"geometry":{"type":"LineString","coordinates":[[-73.994967,40.71555],[-73.994974,40.715578]]}},{"type":"Feature","properties":{"lit":0.0587},"geometry":{"type":"LineString","coordinates":[[-73.994974,40.715578],[-73.994978,40.715592]]}},{"type":"Feature","properties":{"lit":0.0578},"geometry":{"type":"LineString","coordinates":[[-73.994978,40.715592],[-73.994989,40.71562]]}},{"type":"Feature","properties":{"lit":0.0577},"geometry":{"type":"LineString","coordinates":[[-73.994989,40.71562],[-73.994985,40.715621]]}},{"type":"Feature","properties":{"lit":0.0561},"geometry":{"type":"LineString","coordinates":[[-73.994985,40.715621],[-73.995005,40.715657]]}},{"type":"Feature","properties":{"lit":0.0517},"geometry":{"type":"LineString","coordinates":[[-73.995005,40.715657],[-73.995022,40.715686]]}},{"type":"Feature","properties":{"lit":0.0456},"geometry":{"type":"LineString","coordinates":[[-73.995022,40.715686],[-73.995052,40.715729]]}},{"type":"Feature","properties":{"lit":0.0386},"geometry":{"type":"LineString","coordinates":[[-73.995052,40.715729],[-73.995076,40.715754]]}},{"type":"Feature","properties":{"lit":0.0318},"geometry":{"type":"LineString","coordinates":[[-73.995076,40.715754],[-73.995111,40.715782]]}},{"type":"Feature","properties":{"lit":0.0255},"geometry":{"type":"LineString","coordinates":[[-73.995111,40.715782],[-73.99514,40.715804]]}},{"type":"Feature","properties":{"lit":0.0202},"geometry":{"type":"LineString","coordinates":[[-73.99514,40.715804],[-73.995175,40.715824]]}},{"type":"Feature","properties":{"lit":0.0205},"geometry":{"type":"LineString","coordinates":[[-73.9952,40.715839],[-73.995105,40.715818]]}},{"type":"Feature","properties":{"lit":0.0316},"geometry":{"type":"LineString","coordinates":[[-73.995105,40.715818],[-73.995076,40.7158]]}},{"type":"Feature","properties":{"lit":0.039},"geometry":{"type":"LineString","coordinates":[[-73.995076,40.7158],[-73.995044,40.715773]]}},{"type":"Feature","properties":{"lit":0.047},"geometry":{"type":"LineString","coordinates":[[-73.995044,40.715773],[-73.995019,40.715748]]}},{"type":"Feature","properties":{"lit":0.0542},"geometry":{"type":"LineString","coordinates":[[-73.995019,40.715748],[-73.994998,40.71572]]}},{"type":"Feature","properties":{"lit":0.061},"geometry":{"type":"LineString","coordinates":[[-73.994998,40.71572],[-73.994978,40.715688]]}},{"type":"Feature","properties":{"lit":0.0656},"geometry":{"type":"LineString","coordinates":[[-73.994978,40.715688],[-73.994969,40.715668]]}},{"type":"Feature","properties":{"lit":0.072},"geometry":{"type":"LineString","coordinates":[[-73.994969,40.715668],[-73.994943,40.715673]]}},{"type":"Feature","properties":{"lit":0.0762},"geometry":{"type":"LineString","coordinates":[[-73.994943,40.715673],[-73.994951,40.715693]]}},{"type":"Feature","properties":{"lit":0.0717},"geometry":{"type":"LineString","coordinates":[[-73.994951,40.715693],[-73.994968,40.715728]]}},{"type":"Feature","properties":{"lit":0.0619},"geometry":{"type":"LineString","coordinates":[[-73.994968,40.715728],[-73.995002,40.715768]]}},{"type":"Feature","properties":{"lit":0.0511},"geometry":{"type":"LineString","coordinates":[[-73.995002,40.715768],[-73.995029,40.715794]]}},{"type":"Feature","properties":{"lit":0.0442},"geometry":{"type":"LineString","coordinates":[[-73.995029,40.715794],[-73.995046,40.715808]]}},{"type":"Feature","properties":{"lit":0.0393},"geometry":{"type":"LineString","coordinates":[[-73.995046,40.715808],[-73.995064,40.715819]]}},{"type":"Feature","properties":{"lit":0.033},"geometry":{"type":"LineString","coordinates":[[-73.995064,40.715819],[-73.995097,40.715837]]}},{"type":"Feature","properties":{"lit":0.0261},"geometry":{"type":"LineString","coordinates":[[-73.995097,40.715837],[-73.995131,40.715851]]}},{"type":"Feature","properties":{"lit":0.0214},"geometry":{"type":"LineString","coordinates":[[-73.995131,40.715851],[-73.995153,40.715858]]}},{"type":"Feature","properties":{"lit":0.4738},"geometry":{"type":"LineString","coordinates":[[-73.988765,40.722778],[-73.988829,40.722603]]}},{"type":"Feature","properties":{"lit":0.2557},"geometry":{"type":"LineString","coordinates":[[-73.988829,40.722603],[-73.988893,40.722429]]}},{"type":"Feature","properties":{"lit":0.1306},"geometry":{"type":"LineString","coordinates":[[-73.988893,40.722429],[-73.988957,40.722255]]}},{"type":"Feature","properties":{"lit":0.0831},"geometry":{"type":"LineString","coordinates":[[-73.988957,40.722255],[-73.989021,40.722081]]}},{"type":"Feature","properties":{"lit":0.0914},"geometry":{"type":"LineString","coordinates":[[-73.989021,40.722081],[-73.989085,40.721906]]}},{"type":"Feature","properties":{"lit":0.0995},"geometry":{"type":"LineString","coordinates":[[-73.989085,40.721906],[-73.989149,40.721732]]}},{"type":"Feature","properties":{"lit":0.0937},"geometry":{"type":"LineString","coordinates":[[-73.989149,40.721732],[-73.989199,40.721745]]}},{"type":"Feature","properties":{"lit":0.0889},"geometry":{"type":"LineString","coordinates":[[-73.989199,40.721745],[-73.989204,40.721733]]}},{"type":"Feature","properties":{"lit":0.0867},"geometry":{"type":"LineString","coordinates":[[-73.989204,40.721733],[-73.989224,40.721692]]}},{"type":"Feature","properties":{"lit":0.0829},"geometry":{"type":"LineString","coordinates":[[-73.989224,40.721692],[-73.989254,40.721629]]}},{"type":"Feature","properties":{"lit":0.0792},"geometry":{"type":"LineString","coordinates":[[-73.989254,40.721629],[-73.989266,40.721604]]}},{"type":"Feature","properties":{"lit":0.0832},"geometry":{"type":"LineString","coordinates":[[-73.989266,40.721604],[-73.989203,40.721587]]}},{"type":"Feature","properties":{"lit":0.0784},"geometry":{"type":"LineString","coordinates":[[-73.989203,40.721587],[-73.989302,40.721391]]}},{"type":"Feature","properties":{"lit":0.0641},"geometry":{"type":"LineString","coordinates":[[-73.989302,40.721391],[-73.989401,40.721195]]}},{"type":"Feature","properties":{"lit":0.0511},"geometry":{"type":"LineString","coordinates":[[-73.989401,40.721195],[-73.989499,40.720998]]}},{"type":"Feature","properties":{"lit":0.0408},"geometry":{"type":"LineString","coordinates":[[-73.989499,40.720998],[-73.989598,40.720802]]}},{"type":"Feature","properties":{"lit":0.0577},"geometry":{"type":"LineString","coordinates":[[-73.989598,40.720802],[-73.989697,40.720606]]}},{"type":"Feature","properties":{"lit":0.1043},"geometry":{"type":"LineString","coordinates":[[-73.989697,40.720606],[-73.989711,40.720612]]}},{"type":"Feature","properties":{"lit":0.0995},"geometry":{"type":"LineString","coordinates":[[-73.989711,40.720612],[-73.989758,40.72062]]}},{"type":"Feature","properties":{"lit":0.1052},"geometry":{"type":"LineString","coordinates":[[-73.989758,40.72062],[-73.989781,40.720581]]}},{"type":"Feature","properties":{"lit":0.1213},"geometry":{"type":"LineString","coordinates":[[-73.989781,40.720581],[-73.989791,40.720558]]}},{"type":"Feature","properties":{"lit":0.1335},"geometry":{"type":"LineString","coordinates":[[-73.989791,40.720558],[-73.989751,40.720546]]}},{"type":"Feature","properties":{"lit":0.1451},"geometry":{"type":"LineString","coordinates":[[-73.989751,40.720546],[-73.989705,40.720532]]}},{"type":"Feature","properties":{"lit":0.1572},"geometry":{"type":"LineString","coordinates":[[-73.989705,40.720532],[-73.989652,40.720515]]}},{"type":"Feature","properties":{"lit":0.1661},"geometry":{"type":"LineString","coordinates":[[-73.989652,40.720515],[-73.98962,40.720505]]}},{"type":"Feature","properties":{"lit":0.1601},"geometry":{"type":"LineString","coordinates":[[-73.98962,40.720505],[-73.989608,40.720529]]}},{"type":"Feature","properties":{"lit":0.1399},"geometry":{"type":"LineString","coordinates":[[-73.989608,40.720529],[-73.989588,40.720562]]}},{"type":"Feature","properties":{"lit":0.1255},"geometry":{"type":"LineString","coordinates":[[-73.989588,40.720562],[-73.98962,40.720578]]}},{"type":"Feature","properties":{"lit":0.1202},"geometry":{"type":"LineString","coordinates":[[-73.98962,40.720578],[-73.989632,40.720583]]}},{"type":"Feature","properties":{"lit":0.0757},"geometry":{"type":"LineString","coordinates":[[-73.989632,40.720583],[-73.989533,40.720781]]}},{"type":"Feature","properties":{"lit":0.0461},"geometry":{"type":"LineString","coordinates":[[-73.989533,40.720781],[-73.989434,40.720978]]}},{"type":"Feature","properties":{"lit":0.0568},"geometry":{"type":"LineString","coordinates":[[-73.989434,40.720978],[-73.989335,40.721175]]}},{"type":"Feature","properties":{"lit":0.0711},"geometry":{"type":"LineString","coordinates":[[-73.989335,40.721175],[-73.989236,40.721372]]}},{"type":"Feature","properties":{"lit":0.0864},"geometry":{"type":"LineString","coordinates":[[-73.989236,40.721372],[-73.989137,40.72157]]}},{"type":"Feature","properties":{"lit":0.0995},"geometry":{"type":"LineString","coordinates":[[-73.989137,40.72157],[-73.989084,40.721555]]}},{"type":"Feature","properties":{"lit":0.1033},"geometry":{"type":"LineString","coordinates":[[-73.989084,40.721555],[-73.989073,40.721579]]}},{"type":"Feature","properties":{"lit":0.1076},"geometry":{"type":"LineString","coordinates":[[-73.989073,40.721579],[-73.989044,40.721641]]}},{"type":"Feature","properties":{"lit":0.1119},"geometry":{"type":"LineString","coordinates":[[-73.989044,40.721641],[-73.989027,40.721677]]}},{"type":"Feature","properties":{"lit":0.1146},"geometry":{"type":"LineString","coordinates":[[-73.989027,40.721677],[-73.989018,40.721696]]}},{"type":"Feature","properties":{"lit":0.113},"geometry":{"type":"LineString","coordinates":[[-73.989018,40.721696],[-73.989063,40.721708]]}},{"type":"Feature","properties":{"lit":0.1125},"geometry":{"type":"LineString","coordinates":[[-73.989063,40.721708],[-73.988998,40.721883]]}},{"type":"Feature","properties":{"lit":0.1037},"geometry":{"type":"LineString","coordinates":[[-73.988998,40.721883],[-73.988933,40.722058]]}},{"type":"Feature","properties":{"lit":0.0928},"geometry":{"type":"LineString","coordinates":[[-73.988933,40.722058],[-73.988868,40.722232]]}},{"type":"Feature","properties":{"lit":0.1322},"geometry":{"type":"LineString","coordinates":[[-73.988868,40.722232],[-73.988804,40.722407]]}},{"type":"Feature","properties":{"lit":0.2474},"geometry":{"type":"LineString","coordinates":[[-73.988804,40.722407],[-73.988739,40.722582]]}},{"type":"Feature","properties":{"lit":0.4448},"geometry":{"type":"LineString","coordinates":[[-73.988739,40.722582],[-73.988674,40.722756]]}},{"type":"Feature","properties":{"lit":0.5727},"geometry":{"type":"LineString","coordinates":[[-73.988674,40.722756],[-73.988672,40.722771]]}},{"type":"Feature","properties":{"lit":0.5918},"geometry":{"type":"LineString","coordinates":[[-73.988672,40.722771],[-73.988673,40.722782]]}},{"type":"Feature","properties":{"lit":0.6068},"geometry":{"type":"LineString","coordinates":[[-73.988673,40.722782],[-73.988676,40.722792]]}},{"type":"Feature","properties":{"lit":0.6193},"geometry":{"type":"LineString","coordinates":[[-73.988676,40.722792],[-73.988681,40.7228]]}},{"type":"Feature","properties":{"lit":0.6318},"geometry":{"type":"LineString","coordinates":[[-73.988681,40.7228],[-73.988693,40.722807]]}},{"type":"Feature","properties":{"lit":0.6435},"geometry":{"type":"LineString","coordinates":[[-73.988693,40.722807],[-73.988714,40.722812]]}},{"type":"Feature","properties":{"lit":0.6499},"geometry":{"type":"LineString","coordinates":[[-73.988714,40.722812],[-73.98873,40.722811]]}},{"type":"Feature","properties":{"lit":0.6478},"geometry":{"type":"LineString","coordinates":[[-73.98873,40.722811],[-73.988744,40.722806]]}},{"type":"Feature","properties":{"lit":0.6367},"geometry":{"type":"LineString","coordinates":[[-73.988744,40.722806],[-73.988755,40.722794]]}},{"type":"Feature","properties":{"lit":0.617},"geometry":{"type":"LineString","coordinates":[[-73.988755,40.722794],[-73.988765,40.722778]]}},{"type":"Feature","properties":{"lit":0.0534},"geometry":{"type":"LineString","coordinates":[[-73.987531,40.717994],[-73.987458,40.718135]]}},{"type":"Feature","properties":{"lit":0.0623},"geometry":{"type":"LineString","coordinates":[[-73.987458,40.718135],[-73.987451,40.718147]]}},{"type":"Feature","properties":{"lit":0.0474},"geometry":{"type":"LineString","coordinates":[[-73.987451,40.718147],[-73.987354,40.718116]]}},{"type":"Feature","properties":{"lit":0.0214},"geometry":{"type":"LineString","coordinates":[[-73.987288,40.717924],[-73.987531,40.717994]]}},{"type":"Feature","properties":{"lit":0.0304},"geometry":{"type":"LineString","coordinates":[[-73.922481,40.705774],[-73.922336,40.705921]]}},{"type":"Feature","properties":{"lit":0.0477},"geometry":{"type":"LineString","coordinates":[[-73.922336,40.705921],[-73.922192,40.706067]]}},{"type":"Feature","properties":{"lit":0.0529},"geometry":{"type":"LineString","coordinates":[[-73.922192,40.706067],[-73.922136,40.706124]]}},{"type":"Feature","properties":{"lit":0.0521},"geometry":{"type":"LineString","coordinates":[[-73.922136,40.706124],[-73.922083,40.706175]]}},{"type":"Feature","properties":{"lit":0.0442},"geometry":{"type":"LineString","coordinates":[[-73.922083,40.706175],[-73.921931,40.706321]]}},{"type":"Feature","properties":{"lit":0.0256},"geometry":{"type":"LineString","coordinates":[[-73.921931,40.706321],[-73.921779,40.706468]]}},{"type":"Feature","properties":{"lit":0.0437},"geometry":{"type":"LineString","coordinates":[[-73.990663,40.714533],[-73.990894,40.714516]]}},{"type":"Feature","properties":{"lit":0.1987},"geometry":{"type":"LineString","coordinates":[[-73.933929,40.707484],[-73.933964,40.707563]]}},{"type":"Feature","properties":{"lit":0.1186},"geometry":{"type":"LineString","coordinates":[[-73.933964,40.707563],[-73.934074,40.707807]]}},{"type":"Feature","properties":{"lit":0.0304},"geometry":{"type":"LineString","coordinates":[[-73.934074,40.707807],[-73.934184,40.708051]]}},{"type":"Feature","properties":{"lit":0.3531},"geometry":{"type":"LineString","coordinates":[[-73.98689,40.701051],[-73.986782,40.70103]]}},{"type":"Feature","properties":{"lit":0.3465},"geometry":{"type":"LineString","coordinates":[[-73.986782,40.70103],[-73.986668,40.701006]]}},{"type":"Feature","properties":{"lit":0.0222},"geometry":{"type":"LineString","coordinates":[[-73.987807,40.701196],[-73.987623,40.701168]]}},{"type":"Feature","properties":{"lit":0.0414},"geometry":{"type":"LineString","coordinates":[[-73.995035,40.715911],[-73.995018,40.715896]]}},{"type":"Feature","properties":{"lit":0.0499},"geometry":{"type":"LineString","coordinates":[[-73.995018,40.715896],[-73.994983,40.715875]]}},{"type":"Feature","properties":{"lit":0.0658},"geometry":{"type":"LineString","coordinates":[[-73.994983,40.715875],[-73.994934,40.715849]]}},{"type":"Feature","properties":{"lit":0.0911},"geometry":{"type":"LineString","coordinates":[[-73.994934,40.715849],[-73.994875,40.715824]]}},{"type":"Feature","properties":{"lit":0.1925},"geometry":{"type":"LineString","coordinates":[[-73.994875,40.715824],[-73.994643,40.715736]]}},{"type":"Feature","properties":{"lit":0.4546},"geometry":{"type":"LineString","coordinates":[[-73.994643,40.715736],[-73.99441,40.715647]]}},{"type":"Feature","properties":{"lit":0.1408},"geometry":{"type":"LineString","coordinates":[[-73.987095,40.722709],[-73.987342,40.722813]]}},{"type":"Feature","properties":{"lit":0.1463},"geometry":{"type":"LineString","coordinates":[[-73.987342,40.722813],[-73.987589,40.722916]]}},{"type":"Feature","properties":{"lit":0.2186},"geometry":{"type":"LineString","coordinates":[[-73.987589,40.722916],[-73.987837,40.72302]]}},{"type":"Feature","properties":{"lit":0.3951},"geometry":{"type":"LineString","coordinates":[[-73.987837,40.72302],[-73.988084,40.723124]]}},{"type":"Feature","properties":{"lit":0.6258},"geometry":{"type":"LineString","coordinates":[[-73.988084,40.723124],[-73.988331,40.723228]]}},{"type":"Feature","properties":{"lit":0.7568},"geometry":{"type":"LineString","coordinates":[[-73.988331,40.723228],[-73.988446,40.723276]]}},{"type":"Feature","properties":{"lit":0.2044},"geometry":{"type":"LineString","coordinates":[[-73.98716,40.722412],[-73.987205,40.722329]]}},{"type":"Feature","properties":{"lit":0.1837},"geometry":{"type":"LineString","coordinates":[[-73.987205,40.722329],[-73.987294,40.722155]]}},{"type":"Feature","properties":{"lit":0.1263},"geometry":{"type":"LineString","coordinates":[[-73.987294,40.722155],[-73.987383,40.721981]]}},{"type":"Feature","properties":{"lit":0.0707},"geometry":{"type":"LineString","coordinates":[[-73.987383,40.721981],[-73.987472,40.721807]]}},{"type":"Feature","properties":{"lit":0.049},"geometry":{"type":"LineString","coordinates":[[-73.987472,40.721807],[-73.987561,40.721633]]}},{"type":"Feature","properties":{"lit":0.058},"geometry":{"type":"LineString","coordinates":[[-73.987561,40.721633],[-73.98765,40.721459]]}},{"type":"Feature","properties":{"lit":0.0787},"geometry":{"type":"LineString","coordinates":[[-73.98765,40.721459],[-73.987739,40.721284]]}},{"type":"Feature","properties":{"lit":0.0885},"geometry":{"type":"LineString","coordinates":[[-73.987739,40.721284],[-73.987764,40.721235]]}},{"type":"Feature","properties":{"lit":0.1101},"geometry":{"type":"LineString","coordinates":[[-73.986878,40.72233],[-73.986519,40.722224]]}},{"type":"Feature","properties":{"lit":0.089},"geometry":{"type":"LineString","coordinates":[[-73.986519,40.722224],[-73.986465,40.722207]]}},{"type":"Feature","properties":{"lit":0.0834},"geometry":{"type":"LineString","coordinates":[[-73.986465,40.722207],[-73.986334,40.722164]]}},{"type":"Feature","properties":{"lit":0.2018},"geometry":{"type":"LineString","coordinates":[[-73.993399,40.715357],[-73.993465,40.715378]]}},{"type":"Feature","properties":{"lit":0.3387},"geometry":{"type":"LineString","coordinates":[[-73.993465,40.715378],[-73.993701,40.715451]]}},{"type":"Feature","properties":{"lit":0.6159},"geometry":{"type":"LineString","coordinates":[[-73.993701,40.715451],[-73.993937,40.715523]]}},{"type":"Feature","properties":{"lit":0.8104},"geometry":{"type":"LineString","coordinates":[[-73.993937,40.715523],[-73.994173,40.715595]]}},{"type":"Feature","properties":{"lit":0.7947},"geometry":{"type":"LineString","coordinates":[[-73.994173,40.715595],[-73.99425,40.715618]]}},{"type":"Feature","properties":{"lit":0.6262},"geometry":{"type":"LineString","coordinates":[[-73.99441,40.715647],[-73.994363,40.715634]]}},{"type":"Feature","properties":{"lit":0.6863},"geometry":{"type":"LineString","coordinates":[[-73.994363,40.715634],[-73.994304,40.715623]]}},{"type":"Feature","properties":{"lit":0.7452},"geometry":{"type":"LineString","coordinates":[[-73.994304,40.715623],[-73.99425,40.715618]]}},{"type":"Feature","properties":{"lit":0.1996},"geometry":{"type":"LineString","coordinates":[[-73.988752,40.722337],[-73.988685,40.722518]]}},{"type":"Feature","properties":{"lit":0.3705},"geometry":{"type":"LineString","coordinates":[[-73.988685,40.722518],[-73.988618,40.722699]]}},{"type":"Feature","properties":{"lit":0.512},"geometry":{"type":"LineString","coordinates":[[-73.988618,40.722699],[-73.988604,40.722751]]}},{"type":"Feature","properties":{"lit":0.0205},"geometry":{"type":"LineString","coordinates":[[-73.924121,40.708811],[-73.924169,40.708997]]}},{"type":"Feature","properties":{"lit":0.0344},"geometry":{"type":"LineString","coordinates":[[-73.924169,40.708997],[-73.924184,40.709065]]}},{"type":"Feature","properties":{"lit":0.0432},"geometry":{"type":"LineString","coordinates":[[-73.924184,40.709065],[-73.924201,40.709142]]}},{"type":"Feature","properties":{"lit":0.0493},"geometry":{"type":"LineString","coordinates":[[-73.924201,40.709142],[-73.924205,40.709171]]}},{"type":"Feature","properties":{"lit":0.0521},"geometry":{"type":"LineString","coordinates":[[-73.924205,40.709171],[-73.924302,40.709392]]}},{"type":"Feature","properties":{"lit":0.0352},"geometry":{"type":"LineString","coordinates":[[-73.924302,40.709392],[-73.924399,40.709614]]}},{"type":"Feature","properties":{"lit":0.4708},"geometry":{"type":"LineString","coordinates":[[-73.988831,40.722812],[-73.988911,40.722574]]}},{"type":"Feature","properties":{"lit":0.2002},"geometry":{"type":"LineString","coordinates":[[-73.988911,40.722574],[-73.988987,40.722367]]}},{"type":"Feature","properties":{"lit":0.0911},"geometry":{"type":"LineString","coordinates":[[-73.988987,40.722367],[-73.989075,40.722161]]}},{"type":"Feature","properties":{"lit":0.0755},"geometry":{"type":"LineString","coordinates":[[-73.989075,40.722161],[-73.989164,40.721954]]}},{"type":"Feature","properties":{"lit":0.0822},"geometry":{"type":"LineString","coordinates":[[-73.989164,40.721954],[-73.989252,40.721748]]}},{"type":"Feature","properties":{"lit":0.0775},"geometry":{"type":"LineString","coordinates":[[-73.989252,40.721748],[-73.989279,40.721685]]}},{"type":"Feature","properties":{"lit":0.0207},"geometry":{"type":"LineString","coordinates":[[-73.990285,40.71802],[-73.990256,40.718076]]}},{"type":"Feature","properties":{"lit":0.0232},"geometry":{"type":"LineString","coordinates":[[-73.990256,40.718076],[-73.990232,40.718124]]}},{"type":"Feature","properties":{"lit":0.0208},"geometry":{"type":"LineString","coordinates":[[-73.98881,40.719205],[-73.988906,40.719019]]}},{"type":"Feature","properties":{"lit":0.0304},"geometry":{"type":"LineString","coordinates":[[-73.988906,40.719019],[-73.988932,40.718969]]}},{"type":"Feature","properties":{"lit":0.0356},"geometry":{"type":"LineString","coordinates":[[-73.988932,40.718969],[-73.988979,40.718874]]}},{"type":"Feature","properties":{"lit":0.0914},"geometry":{"type":"LineString","coordinates":[[-73.987764,40.721235],[-73.987791,40.721183]]}},{"type":"Feature","properties":{"lit":0.093},"geometry":{"type":"LineString","coordinates":[[-73.987791,40.721183],[-73.987881,40.721008]]}},{"type":"Feature","properties":{"lit":0.0824},"geometry":{"type":"LineString","coordinates":[[-73.987881,40.721008],[-73.987972,40.720833]]}},{"type":"Feature","properties":{"lit":0.0584},"geometry":{"type":"LineString","coordinates":[[-73.987972,40.720833],[-73.988062,40.720658]]}},{"type":"Feature","properties":{"lit":0.0312},"geometry":{"type":"LineString","coordinates":[[-73.988062,40.720658],[-73.988152,40.720483]]}},{"type":"Feature","properties":{"lit":0.0583},"geometry":{"type":"LineString","coordinates":[[-73.988739,40.720193],[-73.989053,40.720289]]}},{"type":"Feature","properties":{"lit":0.1152},"geometry":{"type":"LineString","coordinates":[[-73.989053,40.720289],[-73.989112,40.720307]]}},{"type":"Feature","properties":{"lit":0.0892},"geometry":{"type":"LineString","coordinates":[[-73.987764,40.721235],[-73.987703,40.721216]]}},{"type":"Feature","properties":{"lit":0.0724},"geometry":{"type":"LineString","coordinates":[[-73.987703,40.721216],[-73.987387,40.721121]]}},{"type":"Feature","properties":{"lit":0.029},"geometry":{"type":"LineString","coordinates":[[-73.987387,40.721121],[-73.987072,40.721025]]}},{"type":"Feature","properties":{"lit":0.0282},"geometry":{"type":"LineString","coordinates":[[-73.983444,40.722019],[-73.983403,40.722075]]}},{"type":"Feature","properties":{"lit":0.0281},"geometry":{"type":"LineString","coordinates":[[-73.922329,40.7071],[-73.922488,40.706943]]}},{"type":"Feature","properties":{"lit":0.0701},"geometry":{"type":"LineString","coordinates":[[-73.922488,40.706943],[-73.922648,40.706787]]}},{"type":"Feature","properties":{"lit":0.1158},"geometry":{"type":"LineString","coordinates":[[-73.922648,40.706787],[-73.922808,40.70663]]}},{"type":"Feature","properties":{"lit":0.1288},"geometry":{"type":"LineString","coordinates":[[-73.922808,40.70663],[-73.922863,40.706576]]}},{"type":"Feature","properties":{"lit":0.1266},"geometry":{"type":"LineString","coordinates":[[-73.922863,40.706576],[-73.922916,40.706523]]}},{"type":"Feature","properties":{"lit":0.1074},"geometry":{"type":"LineString","coordinates":[[-73.922916,40.706523],[-73.923067,40.706371]]}},{"type":"Feature","properties":{"lit":0.0613},"geometry":{"type":"LineString","coordinates":[[-73.923067,40.706371],[-73.923218,40.706219]]}},{"type":"Feature","properties":{"lit":0.024},"geometry":{"type":"LineString","coordinates":[[-73.923218,40.706219],[-73.923369,40.706066]]}},{"type":"Feature","properties":{"lit":0.124},"geometry":{"type":"LineString","coordinates":[[-73.986754,40.719591],[-73.986819,40.719612]]}},{"type":"Feature","properties":{"lit":0.117},"geometry":{"type":"LineString","coordinates":[[-73.986819,40.719612],[-73.98712,40.719703]]}},{"type":"Feature","properties":{"lit":0.1064},"geometry":{"type":"LineString","coordinates":[[-73.98712,40.719703],[-73.98742,40.719794]]}},{"type":"Feature","properties":{"lit":0.0929},"geometry":{"type":"LineString","coordinates":[[-73.98742,40.719794],[-73.987544,40.719831]]}},{"type":"Feature","properties":{"lit":0.0815},"geometry":{"type":"LineString","coordinates":[[-73.987544,40.719831],[-73.987661,40.719867]]}},{"type":"Feature","properties":{"lit":0.0549},"geometry":{"type":"LineString","coordinates":[[-73.987661,40.719867],[-73.98798,40.719963]]}},{"type":"Feature","properties":{"lit":0.0203},"geometry":{"type":"LineString","coordinates":[[-73.98798,40.719963],[-73.988299,40.72006]]}},{"type":"Feature","properties":{"lit":0.0345},"geometry":{"type":"LineString","coordinates":[[-73.991887,40.714903],[-73.991951,40.714922]]}},{"type":"Feature","properties":{"lit":0.0471},"geometry":{"type":"LineString","coordinates":[[-73.991951,40.714922],[-73.992234,40.715006]]}},{"type":"Feature","properties":{"lit":0.0519},"geometry":{"type":"LineString","coordinates":[[-73.992234,40.715006],[-73.992292,40.715024]]}},{"type":"Feature","properties":{"lit":0.0512},"geometry":{"type":"LineString","coordinates":[[-73.992292,40.715024],[-73.992348,40.71504]]}},{"type":"Feature","properties":{"lit":0.05},"geometry":{"type":"LineString","coordinates":[[-73.992348,40.71504],[-73.992376,40.715048]]}},{"type":"Feature","properties":{"lit":0.0406},"geometry":{"type":"LineString","coordinates":[[-73.991372,40.718469],[-73.991061,40.718374]]}},{"type":"Feature","properties":{"lit":0.0629},"geometry":{"type":"LineString","coordinates":[[-73.991061,40.718374],[-73.990982,40.71835]]}},{"type":"Feature","properties":{"lit":0.0998},"geometry":{"type":"LineString","coordinates":[[-73.986267,40.722285],[-73.986388,40.722329]]}},{"type":"Feature","properties":{"lit":0.1067},"geometry":{"type":"LineString","coordinates":[[-73.986388,40.722329],[-73.986683,40.722415]]}},{"type":"Feature","properties":{"lit":0.0689},"geometry":{"type":"LineString","coordinates":[[-73.991079,40.713983],[-73.990827,40.714004]]}},{"type":"Feature","properties":{"lit":0.1961},"geometry":{"type":"LineString","coordinates":[[-73.990827,40.714004],[-73.990574,40.714024]]}},{"type":"Feature","properties":{"lit":0.3827},"geometry":{"type":"LineString","coordinates":[[-73.990574,40.714024],[-73.990322,40.714045]]}},{"type":"Feature","properties":{"lit":0.4884},"geometry":{"type":"LineString","coordinates":[[-73.990322,40.714045],[-73.990218,40.714053]]}},{"type":"Feature","properties":{"lit":0.0463},"geometry":{"type":"LineString","coordinates":[[-73.926041,40.705764],[-73.925862,40.705925]]}},{"type":"Feature","properties":{"lit":0.0648},"geometry":{"type":"LineString","coordinates":[[-73.925862,40.705925],[-73.925682,40.706087]]}},{"type":"Feature","properties":{"lit":0.0565},"geometry":{"type":"LineString","coordinates":[[-73.925682,40.706087],[-73.925503,40.706248]]}},{"type":"Feature","properties":{"lit":0.0307},"geometry":{"type":"LineString","coordinates":[[-73.925503,40.706248],[-73.925324,40.706409]]}},{"type":"Feature","properties":{"lit":0.0266},"geometry":{"type":"LineString","coordinates":[[-73.924438,40.707166],[-73.924232,40.707341]]}},{"type":"Feature","properties":{"lit":0.0396},"geometry":{"type":"LineString","coordinates":[[-73.924232,40.707341],[-73.924169,40.707394]]}},{"type":"Feature","properties":{"lit":0.044},"geometry":{"type":"LineString","coordinates":[[-73.924169,40.707394],[-73.924102,40.707453]]}},{"type":"Feature","properties":{"lit":0.0461},"geometry":{"type":"LineString","coordinates":[[-73.924102,40.707453],[-73.924001,40.707543]]}},{"type":"Feature","properties":{"lit":0.0356},"geometry":{"type":"LineString","coordinates":[[-73.924001,40.707543],[-73.923748,40.707782]]}},{"type":"Feature","properties":{"lit":0.0348},"geometry":{"type":"LineString","coordinates":[[-73.922594,40.708783],[-73.922414,40.708939]]}},{"type":"Feature","properties":{"lit":0.043},"geometry":{"type":"LineString","coordinates":[[-73.922414,40.708939],[-73.922337,40.709006]]}},{"type":"Feature","properties":{"lit":0.0448},"geometry":{"type":"LineString","coordinates":[[-73.922337,40.709006],[-73.922269,40.709067]]}},{"type":"Feature","properties":{"lit":0.0308},"geometry":{"type":"LineString","coordinates":[[-73.922269,40.709067],[-73.92199,40.709325]]}},{"type":"Feature","properties":{"lit":0.1827},"geometry":{"type":"LineString","coordinates":[[-73.990537,40.719181],[-73.990445,40.719153]]}},{"type":"Feature","properties":{"lit":0.0884},"geometry":{"type":"LineString","coordinates":[[-73.989727,40.722538],[-73.98962,40.722747]]}},{"type":"Feature","properties":{"lit":0.2762},"geometry":{"type":"LineString","coordinates":[[-73.98962,40.722747],[-73.989513,40.722956]]}},{"type":"Feature","properties":{"lit":0.4485},"geometry":{"type":"LineString","coordinates":[[-73.989513,40.722956],[-73.98948,40.723021]]}},{"type":"Feature","properties":{"lit":0.5381},"geometry":{"type":"LineString","coordinates":[[-73.98948,40.723021],[-73.989434,40.723112]]}},{"type":"Feature","properties":{"lit":0.1304},"geometry":{"type":"LineString","coordinates":[[-73.990538,40.718608],[-73.990469,40.718746]]}},{"type":"Feature","properties":{"lit":0.1579},"geometry":{"type":"LineString","coordinates":[[-73.990469,40.718746],[-73.990359,40.718942]]}},{"type":"Feature","properties":{"lit":0.1811},"geometry":{"type":"LineString","coordinates":[[-73.990359,40.718942],[-73.990329,40.719003]]}},{"type":"Feature","properties":{"lit":0.1964},"geometry":{"type":"LineString","coordinates":[[-73.990329,40.719003],[-73.990281,40.719103]]}},{"type":"Feature","properties":{"lit":0.9587},"geometry":{"type":"LineString","coordinates":[[-73.989969,40.719738],[-73.989925,40.719826]]}},{"type":"Feature","properties":{"lit":0.408},"geometry":{"type":"LineString","coordinates":[[-73.98976,40.72016],[-73.989633,40.720417]]}},{"type":"Feature","properties":{"lit":0.226},"geometry":{"type":"LineString","coordinates":[[-73.989633,40.720417],[-73.989613,40.720458]]}},{"type":"Feature","properties":{"lit":0.0575},"geometry":{"type":"LineString","coordinates":[[-73.992311,40.715174],[-73.99222,40.71535]]}},{"type":"Feature","properties":{"lit":0.0428},"geometry":{"type":"LineString","coordinates":[[-73.99222,40.71535],[-73.992129,40.715526]]}},{"type":"Feature","properties":{"lit":0.0219},"geometry":{"type":"LineString","coordinates":[[-73.992129,40.715526],[-73.992037,40.715702]]}},{"type":"Feature","properties":{"lit":0.0473},"geometry":{"type":"LineString","coordinates":[[-73.992376,40.715048],[-73.9925,40.715085]]}},{"type":"Feature","properties":{"lit":0.0414},"geometry":{"type":"LineString","coordinates":[[-73.9925,40.715085],[-73.992575,40.715108]]}},{"type":"Feature","properties":{"lit":0.0371},"geometry":{"type":"LineString","coordinates":[[-73.992575,40.715108],[-73.992636,40.715125]]}},{"type":"Feature","properties":{"lit":0.024},"geometry":{"type":"LineString","coordinates":[[-73.983061,40.721856],[-73.983364,40.721985]]}},{"type":"Feature","properties":{"lit":0.0314},"geometry":{"type":"LineString","coordinates":[[-73.983364,40.721985],[-73.983444,40.722019]]}},{"type":"Feature","properties":{"lit":0.0321},"geometry":{"type":"LineString","coordinates":[[-73.983444,40.722019],[-73.983515,40.722049]]}},{"type":"Feature","properties":{"lit":0.0296},"geometry":{"type":"LineString","coordinates":[[-73.983515,40.722049],[-73.983728,40.722141]]}},{"type":"Feature","properties":{"lit":0.028},"geometry":{"type":"LineString","coordinates":[[-73.985435,40.722873],[-73.985649,40.722965]]}},{"type":"Feature","properties":{"lit":0.0337},"geometry":{"type":"LineString","coordinates":[[-73.985649,40.722965],[-73.985748,40.723007]]}},{"type":"Feature","properties":{"lit":0.0343},"geometry":{"type":"LineString","coordinates":[[-73.985748,40.723007],[-73.985858,40.723054]]}},{"type":"Feature","properties":{"lit":0.0295},"geometry":{"type":"LineString","coordinates":[[-73.985858,40.723054],[-73.986078,40.723146]]}},{"type":"Feature","properties":{"lit":0.0237},"geometry":{"type":"LineString","coordinates":[[-73.986986,40.723528],[-73.987212,40.723624]]}},{"type":"Feature","properties":{"lit":0.1048},"geometry":{"type":"LineString","coordinates":[[-73.987212,40.723624],[-73.987513,40.72375]]}},{"type":"Feature","properties":{"lit":0.2842},"geometry":{"type":"LineString","coordinates":[[-73.987513,40.72375],[-73.987835,40.72389]]}},{"type":"Feature","properties":{"lit":0.3718},"geometry":{"type":"LineString","coordinates":[[-73.987835,40.72389],[-73.987968,40.72394]]}},{"type":"Feature","properties":{"lit":0.1412},"geometry":{"type":"LineString","coordinates":[[-73.986683,40.722415],[-73.986987,40.722504]]}},{"type":"Feature","properties":{"lit":0.1774},"geometry":{"type":"LineString","coordinates":[[-73.986987,40.722504],[-73.987092,40.722536]]}},{"type":"Feature","properties":{"lit":0.2144},"geometry":{"type":"LineString","coordinates":[[-73.987602,40.72268],[-73.987719,40.722716]]}},{"type":"Feature","properties":{"lit":0.234},"geometry":{"type":"LineString","coordinates":[[-73.987719,40.722716],[-73.987784,40.722735]]}},{"type":"Feature","properties":{"lit":0.2593},"geometry":{"type":"LineString","coordinates":[[-73.987784,40.722735],[-73.987861,40.722758]]}},{"type":"Feature","properties":{"lit":0.3651},"geometry":{"type":"LineString","coordinates":[[-73.988205,40.722732],[-73.988072,40.722691]]}},{"type":"Feature","properties":{"lit":0.3142},"geometry":{"type":"LineString","coordinates":[[-73.988072,40.722691],[-73.988015,40.722673]]}},{"type":"Feature","properties":{"lit":0.2785},"geometry":{"type":"LineString","coordinates":[[-73.988015,40.722673],[-73.987918,40.722644]]}},{"type":"Feature","properties":{"lit":0.2181},"geometry":{"type":"LineString","coordinates":[[-73.98736,40.722473],[-73.987245,40.722437]]}},{"type":"Feature","properties":{"lit":0.2108},"geometry":{"type":"LineString","coordinates":[[-73.987245,40.722437],[-73.98716,40.722412]]}},{"type":"Feature","properties":{"lit":0.1962},"geometry":{"type":"LineString","coordinates":[[-73.98716,40.722412],[-73.987057,40.722382]]}},{"type":"Feature","properties":{"lit":0.1664},"geometry":{"type":"LineString","coordinates":[[-73.987057,40.722382],[-73.986878,40.72233]]}},{"type":"Feature","properties":{"lit":0.0469},"geometry":{"type":"LineString","coordinates":[[-73.989667,40.720877],[-73.989818,40.720593]]}},{"type":"Feature","properties":{"lit":0.1215},"geometry":{"type":"LineString","coordinates":[[-73.989818,40.720593],[-73.98985,40.72053]]}},{"type":"Feature","properties":{"lit":0.0333},"geometry":{"type":"LineString","coordinates":[[-73.992636,40.715125],[-73.992705,40.715145]]}},{"type":"Feature","properties":{"lit":0.0277},"geometry":{"type":"LineString","coordinates":[[-73.992705,40.715145],[-73.992963,40.715223]]}},{"type":"Feature","properties":{"lit":0.068},"geometry":{"type":"LineString","coordinates":[[-73.992963,40.715223],[-73.993342,40.715339]]}},{"type":"Feature","properties":{"lit":0.1597},"geometry":{"type":"LineString","coordinates":[[-73.993342,40.715339],[-73.993399,40.715357]]}},{"type":"Feature","properties":{"lit":0.0327},"geometry":{"type":"LineString","coordinates":[[-73.992636,40.715125],[-73.992672,40.715053]]}},{"type":"Feature","properties":{"lit":0.0224},"geometry":{"type":"LineString","coordinates":[[-73.992672,40.715053],[-73.992764,40.714877]]}},{"type":"Feature","properties":{"lit":0.0532},"geometry":{"type":"LineString","coordinates":[[-73.992376,40.715048],[-73.992333,40.715132]]}},{"type":"Feature","properties":{"lit":0.0571},"geometry":{"type":"LineString","coordinates":[[-73.992333,40.715132],[-73.992311,40.715174]]}},{"type":"Feature","properties":{"lit":0.0867},"geometry":{"type":"LineString","coordinates":[[-74.000289,40.718735],[-74.000431,40.71858]]}},{"type":"Feature","properties":{"lit":0.1064},"geometry":{"type":"LineString","coordinates":[[-74.000431,40.71858],[-74.000468,40.718539]]}},{"type":"Feature","properties":{"lit":0.1121},"geometry":{"type":"LineString","coordinates":[[-74.000468,40.718539],[-74.000552,40.718449]]}},{"type":"Feature","properties":{"lit":0.1608},"geometry":{"type":"LineString","coordinates":[[-73.990537,40.719181],[-73.990594,40.719086]]}},{"type":"Feature","properties":{"lit":0.1366},"geometry":{"type":"LineString","coordinates":[[-73.990594,40.719086],[-73.990683,40.718917]]}},{"type":"Feature","properties":{"lit":0.1174},"geometry":{"type":"LineString","coordinates":[[-73.990683,40.718917],[-73.990773,40.718749]]}},{"type":"Feature","properties":{"lit":0.0954},"geometry":{"type":"LineString","coordinates":[[-73.990773,40.718749],[-73.990862,40.71858]]}},{"type":"Feature","properties":{"lit":0.0789},"geometry":{"type":"LineString","coordinates":[[-73.990862,40.71858],[-73.990951,40.718411]]}},{"type":"Feature","properties":{"lit":0.0692},"geometry":{"type":"LineString","coordinates":[[-73.990951,40.718411],[-73.990982,40.71835]]}},{"type":"Feature","properties":{"lit":0.0643},"geometry":{"type":"LineString","coordinates":[[-73.990982,40.71835],[-73.991006,40.718304]]}},{"type":"Feature","properties":{"lit":0.0419},"geometry":{"type":"LineString","coordinates":[[-73.991006,40.718304],[-73.991171,40.717983]]}},{"type":"Feature","properties":{"lit":0.0377},"geometry":{"type":"LineString","coordinates":[[-73.992421,40.71554],[-73.992569,40.715249]]}},{"type":"Feature","properties":{"lit":0.0402},"geometry":{"type":"LineString","coordinates":[[-73.992569,40.715249],[-73.992592,40.715207]]}},{"type":"Feature","properties":{"lit":0.0377},"geometry":{"type":"LineString","coordinates":[[-73.992592,40.715207],[-73.992636,40.715125]]}},{"type":"Feature","properties":{"lit":0.0204},"geometry":{"type":"LineString","coordinates":[[-73.987655,40.701642],[-73.987661,40.701618]]}},{"type":"Feature","properties":{"lit":0.0219},"geometry":{"type":"LineString","coordinates":[[-73.987661,40.701618],[-73.987675,40.70156]]}},{"type":"Feature","properties":{"lit":0.0233},"geometry":{"type":"LineString","coordinates":[[-73.987675,40.70156],[-73.987686,40.701513]]}},{"type":"Feature","properties":{"lit":0.8729},"geometry":{"type":"LineString","coordinates":[[-73.989925,40.719826],[-73.98976,40.72016]]}},{"type":"Feature","properties":{"lit":0.0457},"geometry":{"type":"LineString","coordinates":[[-73.93238,40.707997],[-73.932302,40.707822]]}},{"type":"Feature","properties":{"lit":0.0508},"geometry":{"type":"LineString","coordinates":[[-73.932302,40.707822],[-73.932294,40.707811]]}},{"type":"Feature","properties":{"lit":0.0493},"geometry":{"type":"LineString","coordinates":[[-73.932294,40.707811],[-73.932281,40.707805]]}},{"type":"Feature","properties":{"lit":0.0371},"geometry":{"type":"LineString","coordinates":[[-73.932281,40.707805],[-73.932198,40.707817]]}},{"type":"Feature","properties":{"lit":0.0278},"geometry":{"type":"LineString","coordinates":[[-73.932198,40.707817],[-73.932196,40.707825]]}},{"type":"Feature","properties":{"lit":0.0277},"geometry":{"type":"LineString","coordinates":[[-73.932196,40.707825],[-73.932207,40.707837]]}},{"type":"Feature","properties":{"lit":0.0329},"geometry":{"type":"LineString","coordinates":[[-73.932207,40.707837],[-73.932369,40.708003]]}},{"type":"Feature","properties":{"lit":0.0351},"geometry":{"type":"LineString","coordinates":[[-73.932369,40.708003],[-73.932377,40.708002]]}},{"type":"Feature","properties":{"lit":0.0366},"geometry":{"type":"LineString","coordinates":[[-73.932377,40.708002],[-73.93238,40.707997]]}},{"type":"Feature","properties":{"lit":0.0956},"geometry":{"type":"LineString","coordinates":[[-73.987195,40.701544],[-73.987601,40.701558]]}},{"type":"Feature","properties":{"lit":0.0283},"geometry":{"type":"LineString","coordinates":[[-73.987601,40.701558],[-73.987675,40.70156]]}},{"type":"Feature","properties":{"lit":0.0259},"geometry":{"type":"LineString","coordinates":[[-73.990232,40.718124],[-73.990204,40.718178]]}},{"type":"Feature","properties":{"lit":0.0277},"geometry":{"type":"LineString","coordinates":[[-73.990204,40.718178],[-73.990198,40.71819]]}},{"type":"Feature","properties":{"lit":0.0345},"geometry":{"type":"LineString","coordinates":[[-73.990198,40.71819],[-73.990094,40.718399]]}},{"type":"Feature","properties":{"lit":0.054},"geometry":{"type":"LineString","coordinates":[[-73.990094,40.718399],[-73.989989,40.718608]]}},{"type":"Feature","properties":{"lit":0.0728},"geometry":{"type":"LineString","coordinates":[[-73.989989,40.718608],[-73.989885,40.718817]]}},{"type":"Feature","properties":{"lit":0.0779},"geometry":{"type":"LineString","coordinates":[[-73.989885,40.718817],[-73.98986,40.718865]]}},{"type":"Feature","properties":{"lit":0.093},"geometry":{"type":"LineString","coordinates":[[-73.98986,40.718865],[-73.989812,40.718958]]}},{"type":"Feature","properties":{"lit":0.0342},"geometry":{"type":"LineString","coordinates":[[-73.988618,40.717757],[-73.988542,40.717906]]}},{"type":"Feature","properties":{"lit":0.1421},"geometry":{"type":"LineString","coordinates":[[-73.988542,40.717906],[-73.98841,40.718164]]}},{"type":"Feature","properties":{"lit":0.3724},"geometry":{"type":"LineString","coordinates":[[-73.98841,40.718164],[-73.98832,40.718335]]}},{"type":"Feature","properties":{"lit":0.0976},"geometry":{"type":"LineString","coordinates":[[-73.988877,40.721988],[-73.988752,40.722337]]}},{"type":"Feature","properties":{"lit":0.2737},"geometry":{"type":"LineString","coordinates":[[-73.990409,40.719438],[-73.990418,40.71942]]}},{"type":"Feature","properties":{"lit":0.2378},"geometry":{"type":"LineString","coordinates":[[-73.990418,40.71942],[-73.990468,40.719323]]}},{"type":"Feature","properties":{"lit":0.0237},"geometry":{"type":"LineString","coordinates":[[-73.99516,40.71576],[-73.995119,40.715725]]}},{"type":"Feature","properties":{"lit":0.0303},"geometry":{"type":"LineString","coordinates":[[-73.995119,40.715725],[-73.995085,40.715693]]}},{"type":"Feature","properties":{"lit":0.0366},"geometry":{"type":"LineString","coordinates":[[-73.995085,40.715693],[-73.995056,40.715652]]}},{"type":"Feature","properties":{"lit":0.0413},"geometry":{"type":"LineString","coordinates":[[-73.995056,40.715652],[-73.995035,40.71561]]}},{"type":"Feature","properties":{"lit":0.0433},"geometry":{"type":"LineString","coordinates":[[-73.995035,40.71561],[-73.995027,40.715587]]}},{"type":"Feature","properties":{"lit":0.0435},"geometry":{"type":"LineString","coordinates":[[-73.995027,40.715587],[-73.995021,40.715557]]}},{"type":"Feature","properties":{"lit":0.0417},"geometry":{"type":"LineString","coordinates":[[-73.995021,40.715557],[-73.995019,40.715517]]}},{"type":"Feature","properties":{"lit":0.0378},"geometry":{"type":"LineString","coordinates":[[-73.995019,40.715517],[-73.995021,40.71547]]}},{"type":"Feature","properties":{"lit":0.0324},"geometry":{"type":"LineString","coordinates":[[-73.995021,40.71547],[-73.995029,40.715426]]}},{"type":"Feature","properties":{"lit":0.025},"geometry":{"type":"LineString","coordinates":[[-73.995029,40.715426],[-73.995047,40.715359]]}},{"type":"Feature","properties":{"lit":0.0218},"geometry":{"type":"LineString","coordinates":[[-73.99514,40.715881],[-73.995129,40.715877]]}},{"type":"Feature","properties":{"lit":0.0252},"geometry":{"type":"LineString","coordinates":[[-73.995129,40.715877],[-73.995099,40.715865]]}},{"type":"Feature","properties":{"lit":0.0303},"geometry":{"type":"LineString","coordinates":[[-73.995099,40.715865],[-73.995078,40.71585]]}},{"type":"Feature","properties":{"lit":0.0356},"geometry":{"type":"LineString","coordinates":[[-73.995078,40.71585],[-73.995055,40.715828]]}},{"type":"Feature","properties":{"lit":0.0402},"geometry":{"type":"LineString","coordinates":[[-73.995055,40.715828],[-73.995046,40.715808]]}},{"type":"Feature","properties":{"lit":0.0393},"geometry":{"type":"LineString","coordinates":[[-73.995046,40.715808],[-73.995064,40.715819]]}},{"type":"Feature","properties":{"lit":0.033},"geometry":{"type":"LineString","coordinates":[[-73.995064,40.715819],[-73.995097,40.715837]]}},{"type":"Feature","properties":{"lit":0.0261},"geometry":{"type":"LineString","coordinates":[[-73.995097,40.715837],[-73.995131,40.715851]]}},{"type":"Feature","properties":{"lit":0.0214},"geometry":{"type":"LineString","coordinates":[[-73.995131,40.715851],[-73.995153,40.715858]]}},{"type":"Feature","properties":{"lit":0.6846},"geometry":{"type":"LineString","coordinates":[[-73.99435,40.715705],[-73.994367,40.715677]]}},{"type":"Feature","properties":{"lit":0.668},"geometry":{"type":"LineString","coordinates":[[-73.994367,40.715677],[-73.994367,40.715671]]}},{"type":"Feature","properties":{"lit":0.6689},"geometry":{"type":"LineString","coordinates":[[-73.994367,40.715671],[-73.994362,40.715667]]}},{"type":"Feature","properties":{"lit":0.6802},"geometry":{"type":"LineString","coordinates":[[-73.994362,40.715667],[-73.994346,40.71566]]}},{"type":"Feature","properties":{"lit":0.6987},"geometry":{"type":"LineString","coordinates":[[-73.994346,40.71566],[-73.994328,40.715653]]}},{"type":"Feature","properties":{"lit":0.7123},"geometry":{"type":"LineString","coordinates":[[-73.994328,40.715653],[-73.994321,40.715652]]}},{"type":"Feature","properties":{"lit":0.7204},"geometry":{"type":"LineString","coordinates":[[-73.994321,40.715652],[-73.994316,40.715655]]}},{"type":"Feature","properties":{"lit":0.741},"geometry":{"type":"LineString","coordinates":[[-73.994316,40.715655],[-73.994299,40.715684]]}},{"type":"Feature","properties":{"lit":0.7571},"geometry":{"type":"LineString","coordinates":[[-73.994299,40.715684],[-73.994299,40.715689]]}},{"type":"Feature","properties":{"lit":0.7554},"geometry":{"type":"LineString","coordinates":[[-73.994299,40.715689],[-73.994305,40.715694]]}},{"type":"Feature","properties":{"lit":0.7439},"geometry":{"type":"LineString","coordinates":[[-73.994305,40.715694],[-73.994321,40.7157]]}},{"type":"Feature","properties":{"lit":0.7262},"geometry":{"type":"LineString","coordinates":[[-73.994321,40.7157],[-73.994335,40.715706]]}},{"type":"Feature","properties":{"lit":0.7129},"geometry":{"type":"LineString","coordinates":[[-73.994335,40.715706],[-73.994343,40.715707]]}},{"type":"Feature","properties":{"lit":0.7034},"geometry":{"type":"LineString","coordinates":[[-73.994343,40.715707],[-73.99435,40.715705]]}},{"type":"Feature","properties":{"lit":0.0819},"geometry":{"type":"LineString","coordinates":[[-73.994643,40.715229],[-73.994647,40.715221]]}},{"type":"Feature","properties":{"lit":0.0778},"geometry":{"type":"LineString","coordinates":[[-73.994647,40.715221],[-73.99465,40.715215]]}},{"type":"Feature","properties":{"lit":0.0726},"geometry":{"type":"LineString","coordinates":[[-73.99465,40.715215],[-73.994681,40.715223]]}},{"type":"Feature","properties":{"lit":0.0751},"geometry":{"type":"LineString","coordinates":[[-73.994681,40.715223],[-73.994691,40.715258]]}},{"type":"Feature","properties":{"lit":0.0845},"geometry":{"type":"LineString","coordinates":[[-73.994691,40.715258],[-73.994704,40.715288]]}},{"type":"Feature","properties":{"lit":0.0932},"geometry":{"type":"LineString","coordinates":[[-73.994704,40.715288],[-73.994719,40.715324]]}},{"type":"Feature","properties":{"lit":0.1035},"geometry":{"type":"LineString","coordinates":[[-73.994719,40.715324],[-73.994729,40.715361]]}},{"type":"Feature","properties":{"lit":0.1145},"geometry":{"type":"LineString","coordinates":[[-73.994729,40.715361],[-73.994726,40.715384]]}},{"type":"Feature","properties":{"lit":0.1261},"geometry":{"type":"LineString","coordinates":[[-73.994726,40.715384],[-73.994721,40.715405]]}},{"type":"Feature","properties":{"lit":0.1383},"geometry":{"type":"LineString","coordinates":[[-73.994721,40.715405],[-73.994713,40.715422]]}},{"type":"Feature","properties":{"lit":0.1538},"geometry":{"type":"LineString","coordinates":[[-73.994713,40.715422],[-73.994699,40.715442]]}},{"type":"Feature","properties":{"lit":0.1691},"geometry":{"type":"LineString","coordinates":[[-73.994699,40.715442],[-73.994694,40.71546]]}},{"type":"Feature","properties":{"lit":0.1796},"geometry":{"type":"LineString","coordinates":[[-73.994694,40.71546],[-73.994694,40.715478]]}},{"type":"Feature","properties":{"lit":0.1846},"geometry":{"type":"LineString","coordinates":[[-73.994694,40.715478],[-73.9947,40.71549]]}},{"type":"Feature","properties":{"lit":0.1837},"geometry":{"type":"LineString","coordinates":[[-73.9947,40.71549],[-73.994708,40.715497]]}},{"type":"Feature","properties":{"lit":0.176},"geometry":{"type":"LineString","coordinates":[[-73.994708,40.715497],[-73.994726,40.715498]]}},{"type":"Feature","properties":{"lit":0.1657},"geometry":{"type":"LineString","coordinates":[[-73.994726,40.715498],[-73.994737,40.715496]]}},{"type":"Feature","properties":{"lit":0.1681},"geometry":{"type":"LineString","coordinates":[[-73.994737,40.715496],[-73.994737,40.71553]]}},{"type":"Feature","properties":{"lit":0.1847},"geometry":{"type":"LineString","coordinates":[[-73.994737,40.71553],[-73.994738,40.715592]]}},{"type":"Feature","properties":{"lit":0.2028},"geometry":{"type":"LineString","coordinates":[[-73.994738,40.715592],[-73.994715,40.71559]]}},{"type":"Feature","properties":{"lit":0.2126},"geometry":{"type":"LineString","coordinates":[[-73.994715,40.71559],[-73.994712,40.715582]]}},{"type":"Feature","properties":{"lit":0.2152},"geometry":{"type":"LineString","coordinates":[[-73.994712,40.715582],[-73.994703,40.715572]]}},{"type":"Feature","properties":{"lit":0.2224},"geometry":{"type":"LineString","coordinates":[[-73.994703,40.715572],[-73.994686,40.71556]]}},{"type":"Feature","properties":{"lit":0.2343},"geometry":{"type":"LineString","coordinates":[[-73.994686,40.71556],[-73.99467,40.715554]]}},{"type":"Feature","properties":{"lit":0.2508},"geometry":{"type":"LineString","coordinates":[[-73.99467,40.715554],[-73.994647,40.715553]]}},{"type":"Feature","properties":{"lit":0.2729},"geometry":{"type":"LineString","coordinates":[[-73.994647,40.715553],[-73.994625,40.715557]]}},{"type":"Feature","properties":{"lit":0.2969},"geometry":{"type":"LineString","coordinates":[[-73.994625,40.715557],[-73.994607,40.715566]]}},{"type":"Feature","properties":{"lit":0.3193},"geometry":{"type":"LineString","coordinates":[[-73.994607,40.715566],[-73.994595,40.71558]]}},{"type":"Feature","properties":{"lit":0.3432},"geometry":{"type":"LineString","coordinates":[[-73.994595,40.71558],[-73.994581,40.715605]]}},{"type":"Feature","properties":{"lit":0.3885},"geometry":{"type":"LineString","coordinates":[[-73.994581,40.715605],[-73.994521,40.715588]]}},{"type":"Feature","properties":{"lit":0.4259},"geometry":{"type":"LineString","coordinates":[[-73.994521,40.715588],[-73.994503,40.715572]]}},{"type":"Feature","properties":{"lit":0.4327},"geometry":{"type":"LineString","coordinates":[[-73.994503,40.715572],[-73.994493,40.715559]]}},{"type":"Feature","properties":{"lit":0.4317},"geometry":{"type":"LineString","coordinates":[[-73.994493,40.715559],[-73.994489,40.715547]]}},{"type":"Feature","properties":{"lit":0.4386},"geometry":{"type":"LineString","coordinates":[[-73.994489,40.715547],[-73.99447,40.715542]]}},{"type":"Feature","properties":{"lit":0.4529},"geometry":{"type":"LineString","coordinates":[[-73.99447,40.715542],[-73.994458,40.715539]]}},{"type":"Feature","properties":{"lit":0.4663},"geometry":{"type":"LineString","coordinates":[[-73.994458,40.715539],[-73.99445,40.715547]]}},{"type":"Feature","properties":{"lit":0.4854},"geometry":{"type":"LineString","coordinates":[[-73.99445,40.715547],[-73.994437,40.715553]]}},{"type":"Feature","properties":{"lit":0.5073},"geometry":{"type":"LineString","coordinates":[[-73.994437,40.715553],[-73.99442,40.715555]]}},{"type":"Feature","properties":{"lit":0.5286},"geometry":{"type":"LineString","coordinates":[[-73.99442,40.715555],[-73.994403,40.715555]]}},{"type":"Feature","properties":{"lit":0.5319},"geometry":{"type":"LineString","coordinates":[[-73.994403,40.715555],[-73.994401,40.715539]]}},{"type":"Feature","properties":{"lit":0.518},"geometry":{"type":"LineString","coordinates":[[-73.994401,40.715539],[-73.994402,40.715527]]}},{"type":"Feature","properties":{"lit":0.5068},"geometry":{"type":"LineString","coordinates":[[-73.994402,40.715527],[-73.994402,40.715519]]}},{"type":"Feature","properties":{"lit":0.4851},"geometry":{"type":"LineString","coordinates":[[-73.994402,40.715519],[-73.99441,40.715496]]}},{"type":"Feature","properties":{"lit":0.4484},"geometry":{"type":"LineString","coordinates":[[-73.99441,40.715496],[-73.994425,40.715475]]}},{"type":"Feature","properties":{"lit":0.4117},"geometry":{"type":"LineString","coordinates":[[-73.994425,40.715475],[-73.994445,40.715461]]}},{"type":"Feature","properties":{"lit":0.3796},"geometry":{"type":"LineString","coordinates":[[-73.994445,40.715461],[-73.994466,40.715453]]}},{"type":"Feature","properties":{"lit":0.3724},"geometry":{"type":"LineString","coordinates":[[-73.994466,40.715453],[-73.99449,40.71549]]}},{"type":"Feature","properties":{"lit":0.3754},"geometry":{"type":"LineString","coordinates":[[-73.99449,40.71549],[-73.994498,40.715493]]}},{"type":"Feature","properties":{"lit":0.3667},"geometry":{"type":"LineString","coordinates":[[-73.994498,40.715493],[-73.994513,40.715498]]}},{"type":"Feature","properties":{"lit":0.3307},"geometry":{"type":"LineString","coordinates":[[-73.994513,40.715498],[-73.994565,40.71549]]}},{"type":"Feature","properties":{"lit":0.2931},"geometry":{"type":"LineString","coordinates":[[-73.994565,40.71549],[-73.994567,40.715469]]}},{"type":"Feature","properties":{"lit":0.3},"geometry":{"type":"LineString","coordinates":[[-73.994567,40.715469],[-73.994524,40.715459]]}},{"type":"Feature","properties":{"lit":0.2626},"geometry":{"type":"LineString","coordinates":[[-73.994524,40.715459],[-73.994563,40.715376]]}},{"type":"Feature","properties":{"lit":0.1725},"geometry":{"type":"LineString","coordinates":[[-73.994563,40.715376],[-73.994604,40.7153]]}},{"type":"Feature","properties":{"lit":0.1228},"geometry":{"type":"LineString","coordinates":[[-73.994604,40.7153],[-73.994622,40.715267]]}},{"type":"Feature","properties":{"lit":0.1081},"geometry":{"type":"LineString","coordinates":[[-73.994622,40.715267],[-73.99464,40.715273]]}},{"type":"Feature","properties":{"lit":0.1067},"geometry":{"type":"LineString","coordinates":[[-73.99464,40.715273],[-73.994656,40.715287]]}},{"type":"Feature","properties":{"lit":0.1103},"geometry":{"type":"LineString","coordinates":[[-73.994656,40.715287],[-73.994661,40.715305]]}},{"type":"Feature","properties":{"lit":0.1211},"geometry":{"type":"LineString","coordinates":[[-73.994661,40.715305],[-73.994658,40.715331]]}},{"type":"Feature","properties":{"lit":0.1362},"geometry":{"type":"LineString","coordinates":[[-73.994658,40.715331],[-73.994659,40.715359]]}},{"type":"Feature","properties":{"lit":0.1474},"geometry":{"type":"LineString","coordinates":[[-73.994659,40.715359],[-73.994669,40.715382]]}},{"type":"Feature","properties":{"lit":0.1517},"geometry":{"type":"LineString","coordinates":[[-73.994669,40.715382],[-73.994681,40.715398]]}},{"type":"Feature","properties":{"lit":0.15},"geometry":{"type":"LineString","coordinates":[[-73.994681,40.715398],[-73.994696,40.715406]]}},{"type":"Feature","properties":{"lit":0.1417},"geometry":{"type":"LineString","coordinates":[[-73.994696,40.715406],[-73.994702,40.715392]]}},{"type":"Feature","properties":{"lit":0.1297},"geometry":{"type":"LineString","coordinates":[[-73.994702,40.715392],[-73.994705,40.715367]]}},{"type":"Feature","properties":{"lit":0.1184},"geometry":{"type":"LineString","coordinates":[[-73.994705,40.715367],[-73.994702,40.715345]]}},{"type":"Feature","properties":{"lit":0.1109},"geometry":{"type":"LineString","coordinates":[[-73.994702,40.715345],[-73.994693,40.715323]]}},{"type":"Feature","properties":{"lit":0.1046},"geometry":{"type":"LineString","coordinates":[[-73.994693,40.715323],[-73.994684,40.7153]]}},{"type":"Feature","properties":{"lit":0.0959},"geometry":{"type":"LineString","coordinates":[[-73.994684,40.7153],[-73.994669,40.715261]]}},{"type":"Feature","properties":{"lit":0.0862},"geometry":{"type":"LineString","coordinates":[[-73.994669,40.715261],[-73.994661,40.715238]]}},{"type":"Feature","properties":{"lit":0.0824},"geometry":{"type":"LineString","coordinates":[[-73.994661,40.715238],[-73.994654,40.715232]]}},{"type":"Feature","properties":{"lit":0.0832},"geometry":{"type":"LineString","coordinates":[[-73.994654,40.715232],[-73.994643,40.715229]]}},{"type":"Feature","properties":{"lit":0.5897},"geometry":{"type":"LineString","coordinates":[[-73.9944,40.715603],[-73.994386,40.715596]]}},{"type":"Feature","properties":{"lit":0.6025},"geometry":{"type":"LineString","coordinates":[[-73.994386,40.715596],[-73.994369,40.715587]]}},{"type":"Feature","properties":{"lit":0.6119},"geometry":{"type":"LineString","coordinates":[[-73.994369,40.715587],[-73.994356,40.715575]]}},{"type":"Feature","properties":{"lit":0.6145},"geometry":{"type":"LineString","coordinates":[[-73.994356,40.715575],[-73.994344,40.715562]]}},{"type":"Feature","properties":{"lit":0.6108},"geometry":{"type":"LineString","coordinates":[[-73.994344,40.715562],[-73.994341,40.715552]]}},{"type":"Feature","properties":{"lit":0.6023},"geometry":{"type":"LineString","coordinates":[[-73.994341,40.715552],[-73.99434,40.715542]]}},{"type":"Feature","properties":{"lit":0.5884},"geometry":{"type":"LineString","coordinates":[[-73.99434,40.715542],[-73.994345,40.715532]]}},{"type":"Feature","properties":{"lit":0.474},"geometry":{"type":"LineString","coordinates":[[-73.994345,40.715532],[-73.994406,40.715412]]}},{"type":"Feature","properties":{"lit":0.364},"geometry":{"type":"LineString","coordinates":[[-73.994406,40.715412],[-73.994414,40.715406]]}},{"type":"Feature","properties":{"lit":0.3386},"geometry":{"type":"LineString","coordinates":[[-73.994414,40.715406],[-73.994441,40.715393]]}},{"type":"Feature","properties":{"lit":0.3129},"geometry":{"type":"LineString","coordinates":[[-73.994441,40.715393],[-73.99445,40.715385]]}},{"type":"Feature","properties":{"lit":0.1401},"geometry":{"type":"LineString","coordinates":[[-73.99445,40.715385],[-73.994588,40.715111]]}},{"type":"Feature","properties":{"lit":0.046},"geometry":{"type":"LineString","coordinates":[[-73.994588,40.715111],[-73.9946,40.715085]]}},{"type":"Feature","properties":{"lit":0.0371},"geometry":{"type":"LineString","coordinates":[[-73.9946,40.715085],[-73.994604,40.71506]]}},{"type":"Feature","properties":{"lit":0.031},"geometry":{"type":"LineString","coordinates":[[-73.994604,40.71506],[-73.994601,40.715035]]}},{"type":"Feature","properties":{"lit":0.0256},"geometry":{"type":"LineString","coordinates":[[-73.994601,40.715035],[-73.994596,40.715004]]}},{"type":"Feature","properties":{"lit":0.0213},"geometry":{"type":"LineString","coordinates":[[-73.994596,40.715004],[-73.994585,40.714979]]}},{"type":"Feature","properties":{"lit":0.0233},"geometry":{"type":"LineString","coordinates":[[-73.99465,40.715016],[-73.994667,40.715056]]}},{"type":"Feature","properties":{"lit":0.0291},"geometry":{"type":"LineString","coordinates":[[-73.994667,40.715056],[-73.994673,40.715091]]}},{"type":"Feature","properties":{"lit":0.0365},"geometry":{"type":"LineString","coordinates":[[-73.994673,40.715091],[-73.994674,40.715127]]}},{"type":"Feature","properties":{"lit":0.0466},"geometry":{"type":"LineString","coordinates":[[-73.994674,40.715127],[-73.994675,40.715169]]}},{"type":"Feature","properties":{"lit":0.0633},"geometry":{"type":"LineString","coordinates":[[-73.994675,40.715169],[-73.99465,40.715215]]}},{"type":"Feature","properties":{"lit":0.0778},"geometry":{"type":"LineString","coordinates":[[-73.99465,40.715215],[-73.994629,40.715209]]}},{"type":"Feature","properties":{"lit":0.0887},"geometry":{"type":"LineString","coordinates":[[-73.994629,40.715209],[-73.994607,40.715235]]}},{"type":"Feature","properties":{"lit":0.1104},"geometry":{"type":"LineString","coordinates":[[-73.994607,40.715235],[-73.994586,40.715265]]}},{"type":"Feature","properties":{"lit":0.1342},"geometry":{"type":"LineString","coordinates":[[-73.994586,40.715265],[-73.994569,40.715289]]}},{"type":"Feature","properties":{"lit":0.1438},"geometry":{"type":"LineString","coordinates":[[-73.994569,40.715289],[-73.994586,40.715294]]}},{"type":"Feature","properties":{"lit":0.1392},"geometry":{"type":"LineString","coordinates":[[-73.994586,40.715294],[-73.994604,40.7153]]}},{"type":"Feature","properties":{"lit":0.1725},"geometry":{"type":"LineString","coordinates":[[-73.994604,40.7153],[-73.994563,40.715376]]}},{"type":"Feature","properties":{"lit":0.2328},"geometry":{"type":"LineString","coordinates":[[-73.994563,40.715376],[-73.994542,40.715404]]}},{"type":"Feature","properties":{"lit":0.2653},"geometry":{"type":"LineString","coordinates":[[-73.994542,40.715404],[-73.994525,40.715419]]}},{"type":"Feature","properties":{"lit":0.2915},"geometry":{"type":"LineString","coordinates":[[-73.994525,40.715419],[-73.994507,40.715431]]}},{"type":"Feature","properties":{"lit":0.3178},"geometry":{"type":"LineString","coordinates":[[-73.994507,40.715431],[-73.994489,40.715441]]}},{"type":"Feature","properties":{"lit":0.3414},"geometry":{"type":"LineString","coordinates":[[-73.994489,40.715441],[-73.994473,40.715447]]}},{"type":"Feature","properties":{"lit":0.3586},"geometry":{"type":"LineString","coordinates":[[-73.994473,40.715447],[-73.994466,40.715453]]}},{"type":"Feature","properties":{"lit":0.3796},"geometry":{"type":"LineString","coordinates":[[-73.994466,40.715453],[-73.994445,40.715461]]}},{"type":"Feature","properties":{"lit":0.4117},"geometry":{"type":"LineString","coordinates":[[-73.994445,40.715461],[-73.994425,40.715475]]}},{"type":"Feature","properties":{"lit":0.4484},"geometry":{"type":"LineString","coordinates":[[-73.994425,40.715475],[-73.99441,40.715496]]}},{"type":"Feature","properties":{"lit":0.4851},"geometry":{"type":"LineString","coordinates":[[-73.99441,40.715496],[-73.994402,40.715519]]}},{"type":"Feature","properties":{"lit":0.5068},"geometry":{"type":"LineString","coordinates":[[-73.994402,40.715519],[-73.994402,40.715527]]}},{"type":"Feature","properties":{"lit":0.518},"geometry":{"type":"LineString","coordinates":[[-73.994402,40.715527],[-73.994401,40.715539]]}},{"type":"Feature","properties":{"lit":0.5319},"geometry":{"type":"LineString","coordinates":[[-73.994401,40.715539],[-73.994403,40.715555]]}},{"type":"Feature","properties":{"lit":0.5444},"geometry":{"type":"LineString","coordinates":[[-73.994403,40.715555],[-73.994402,40.715565]]}},{"type":"Feature","properties":{"lit":0.5543},"geometry":{"type":"LineString","coordinates":[[-73.994402,40.715565],[-73.994405,40.71558]]}},{"type":"Feature","properties":{"lit":0.5597},"geometry":{"type":"LineString","coordinates":[[-73.994405,40.71558],[-73.994409,40.715588]]}},{"type":"Feature","properties":{"lit":0.5723},"geometry":{"type":"LineString","coordinates":[[-73.994409,40.715588],[-73.9944,40.715603]]}},{"type":"Feature","properties":{"lit":0.0238},"geometry":{"type":"LineString","coordinates":[[-73.987686,40.701513],[-73.987688,40.701505]]}},{"type":"Feature","properties":{"lit":0.0264},"geometry":{"type":"LineString","coordinates":[[-73.987688,40.701505],[-73.9877,40.701323]]}},{"type":"Feature","properties":{"lit":0.0245},"geometry":{"type":"LineString","coordinates":[[-73.9877,40.701323],[-73.987714,40.701115]]}},{"type":"Feature","properties":{"lit":0.0583},"geometry":{"type":"LineString","coordinates":[[-73.987623,40.701168],[-73.98745,40.701141]]}},{"type":"Feature","properties":{"lit":0.0582},"geometry":{"type":"LineString","coordinates":[[-73.987496,40.701226],[-73.987618,40.701245]]}},{"type":"Feature","properties":{"lit":0.3417},"geometry":{"type":"LineString","coordinates":[[-73.986921,40.701056],[-73.98689,40.701051]]}},{"type":"Feature","properties":{"lit":0.4051},"geometry":{"type":"LineString","coordinates":[[-73.986885,40.701135],[-73.986975,40.701151]]}},{"type":"Feature","properties":{"lit":0.4256},"geometry":{"type":"LineString","coordinates":[[-73.986745,40.701529],[-73.986815,40.701532]]}},{"type":"Feature","properties":{"lit":0.318},"geometry":{"type":"LineString","coordinates":[[-73.986264,40.701343],[-73.986314,40.701224]]}},{"type":"Feature","properties":{"lit":0.3432},"geometry":{"type":"LineString","coordinates":[[-73.986314,40.701224],[-73.986354,40.701235]]}},{"type":"Feature","properties":{"lit":0.3384},"geometry":{"type":"LineString","coordinates":[[-73.986354,40.701235],[-73.98633,40.701165]]}},{"type":"Feature","properties":{"lit":0.3255},"geometry":{"type":"LineString","coordinates":[[-73.98633,40.701165],[-73.986357,40.701173]]}},{"type":"Feature","properties":{"lit":0.3469},"geometry":{"type":"LineString","coordinates":[[-73.986357,40.701173],[-73.986378,40.70118]]}},{"type":"Feature","properties":{"lit":0.3693},"geometry":{"type":"LineString","coordinates":[[-73.986378,40.70118],[-73.986392,40.701212]]}},{"type":"Feature","properties":{"lit":0.3845},"geometry":{"type":"LineString","coordinates":[[-73.986392,40.701212],[-73.986402,40.701207]]}},{"type":"Feature","properties":{"lit":0.3887},"geometry":{"type":"LineString","coordinates":[[-73.986402,40.701207],[-73.986411,40.7012]]}},{"type":"Feature","properties":{"lit":0.3904},"geometry":{"type":"LineString","coordinates":[[-73.986411,40.7012],[-73.986416,40.701194]]}},{"type":"Feature","properties":{"lit":0.3966},"geometry":{"type":"LineString","coordinates":[[-73.986416,40.701194],[-73.986429,40.701199]]}},{"type":"Feature","properties":{"lit":0.4093},"geometry":{"type":"LineString","coordinates":[[-73.986429,40.701199],[-73.986441,40.70121]]}},{"type":"Feature","properties":{"lit":0.4216},"geometry":{"type":"LineString","coordinates":[[-73.986441,40.70121],[-73.986449,40.701222]]}},{"type":"Feature","properties":{"lit":0.4318},"geometry":{"type":"LineString","coordinates":[[-73.986449,40.701222],[-73.986455,40.701236]]}},{"type":"Feature","properties":{"lit":0.4388},"geometry":{"type":"LineString","coordinates":[[-73.986455,40.701236],[-73.986455,40.701248]]}},{"type":"Feature","properties":{"lit":0.4412},"geometry":{"type":"LineString","coordinates":[[-73.986455,40.701248],[-73.986451,40.701262]]}},{"type":"Feature","properties":{"lit":0.4408},"geometry":{"type":"LineString","coordinates":[[-73.986451,40.701262],[-73.986447,40.701269]]}},{"type":"Feature","properties":{"lit":0.4367},"geometry":{"type":"LineString","coordinates":[[-73.986447,40.701269],[-73.986438,40.701265]]}},{"type":"Feature","properties":{"lit":0.4288},"geometry":{"type":"LineString","coordinates":[[-73.986438,40.701265],[-73.986427,40.701263]]}},{"type":"Feature","properties":{"lit":0.42},"geometry":{"type":"LineString","coordinates":[[-73.986427,40.701263],[-73.986415,40.701263]]}},{"type":"Feature","properties":{"lit":0.4245},"geometry":{"type":"LineString","coordinates":[[-73.986415,40.701263],[-73.986429,40.701299]]}},{"type":"Feature","properties":{"lit":0.4269},"geometry":{"type":"LineString","coordinates":[[-73.986429,40.701299],[-73.986414,40.701326]]}},{"type":"Feature","properties":{"lit":0.4179},"geometry":{"type":"LineString","coordinates":[[-73.986414,40.701326],[-73.986407,40.701338]]}},{"type":"Feature","properties":{"lit":0.4114},"geometry":{"type":"LineString","coordinates":[[-73.986407,40.701338],[-73.9864,40.701348]]}},{"type":"Feature","properties":{"lit":0.4064},"geometry":{"type":"LineString","coordinates":[[-73.9864,40.701348],[-73.986397,40.70135]]}},{"type":"Feature","properties":{"lit":0.352},"geometry":{"type":"LineString","coordinates":[[-73.986397,40.70135],[-73.986264,40.701343]]}},{"type":"Feature","properties":{"lit":0.0775},"geometry":{"type":"LineString","coordinates":[[-73.985984,40.701062],[-73.985992,40.70105]]}},{"type":"Feature","properties":{"lit":0.0757},"geometry":{"type":"LineString","coordinates":[[-73.985992,40.70105],[-73.985983,40.701046]]}},{"type":"Feature","properties":{"lit":0.0701},"geometry":{"type":"LineString","coordinates":[[-73.985983,40.701046],[-73.985963,40.701041]]}},{"type":"Feature","properties":{"lit":0.0628},"geometry":{"type":"LineString","coordinates":[[-73.985963,40.701041],[-73.98594,40.701039]]}},{"type":"Feature","properties":{"lit":0.0567},"geometry":{"type":"LineString","coordinates":[[-73.98594,40.701039],[-73.98592,40.70104]]}},{"type":"Feature","properties":{"lit":0.0522},"geometry":{"type":"LineString","coordinates":[[-73.98592,40.70104],[-73.985902,40.701046]]}},{"type":"Feature","properties":{"lit":0.0486},"geometry":{"type":"LineString","coordinates":[[-73.985902,40.701046],[-73.985884,40.701054]]}},{"type":"Feature","properties":{"lit":0.046},"geometry":{"type":"LineString","coordinates":[[-73.985884,40.701054],[-73.985872,40.701061]]}},{"type":"Feature","properties":{"lit":0.0469},"geometry":{"type":"LineString","coordinates":[[-73.985872,40.701061],[-73.985892,40.701053]]}},{"type":"Feature","properties":{"lit":0.0512},"geometry":{"type":"LineString","coordinates":[[-73.985892,40.701053],[-73.985914,40.701048]]}},{"type":"Feature","properties":{"lit":0.0566},"geometry":{"type":"LineString","coordinates":[[-73.985914,40.701048],[-73.985935,40.701048]]}},{"type":"Feature","properties":{"lit":0.0637},"geometry":{"type":"LineString","coordinates":[[-73.985935,40.701048],[-73.98596,40.701054]]}},{"type":"Feature","properties":{"lit":0.0726},"geometry":{"type":"LineString","coordinates":[[-73.98596,40.701054],[-73.985984,40.701062]]}},{"type":"Feature","properties":{"lit":0.088},"geometry":{"type":"LineString","coordinates":[[-73.986007,40.701071],[-73.986015,40.701058]]}},{"type":"Feature","properties":{"lit":0.1049},"geometry":{"type":"LineString","coordinates":[[-73.986015,40.701058],[-73.986083,40.701084]]}},{"type":"Feature","properties":{"lit":0.1237},"geometry":{"type":"LineString","coordinates":[[-73.986083,40.701084],[-73.986075,40.701096]]}},{"type":"Feature","properties":{"lit":0.1047},"geometry":{"type":"LineString","coordinates":[[-73.986075,40.701096],[-73.986007,40.701071]]}},{"type":"Feature","properties":{"lit":0.1406},"geometry":{"type":"LineString","coordinates":[[-73.986103,40.701107],[-73.98611,40.701093]]}},{"type":"Feature","properties":{"lit":0.1735},"geometry":{"type":"LineString","coordinates":[[-73.98611,40.701093],[-73.986209,40.701126]]}},{"type":"Feature","properties":{"lit":0.2352},"geometry":{"type":"LineString","coordinates":[[-73.986209,40.701126],[-73.98627,40.701145]]}},{"type":"Feature","properties":{"lit":0.2612},"geometry":{"type":"LineString","coordinates":[[-73.98627,40.701145],[-73.986262,40.701159]]}},{"type":"Feature","properties":{"lit":0.227},"geometry":{"type":"LineString","coordinates":[[-73.986262,40.701159],[-73.986181,40.701132]]}},{"type":"Feature","properties":{"lit":0.1664},"geometry":{"type":"LineString","coordinates":[[-73.986181,40.701132],[-73.986103,40.701107]]}},{"type":"Feature","properties":{"lit":0.1079},"geometry":{"type":"LineString","coordinates":[[-74.000552,40.718449],[-74.000633,40.71836]]}},{"type":"Feature","properties":{"lit":0.0788},"geometry":{"type":"LineString","coordinates":[[-74.000633,40.71836],[-74.00081,40.718168]]}},{"type":"Feature","properties":{"lit":0.0372},"geometry":{"type":"LineString","coordinates":[[-74.00081,40.718168],[-74.000929,40.718034]]}},{"type":"Feature","properties":{"lit":0.021},"geometry":{"type":"LineString","coordinates":[[-74.000929,40.718034],[-74.000967,40.717992]]}},{"type":"Feature","properties":{"lit":0.0823},"geometry":{"type":"LineString","coordinates":[[-73.987458,40.718246],[-73.987426,40.718236]]}},{"type":"Feature","properties":{"lit":0.0684},"geometry":{"type":"LineString","coordinates":[[-73.987426,40.718236],[-73.987391,40.718223]]}},{"type":"Feature","properties":{"lit":0.0536},"geometry":{"type":"LineString","coordinates":[[-73.987391,40.718223],[-73.987344,40.718204]]}},{"type":"Feature","properties":{"lit":0.036},"geometry":{"type":"LineString","coordinates":[[-73.987344,40.718204],[-73.987268,40.718171]]}},{"type":"Feature","properties":{"lit":0.0528},"geometry":{"type":"LineString","coordinates":[[-73.987805,40.719334],[-73.9877,40.71954]]}},{"type":"Feature","properties":{"lit":0.0829},"geometry":{"type":"LineString","coordinates":[[-73.9877,40.71954],[-73.987594,40.719746]]}},{"type":"Feature","properties":{"lit":0.0896},"geometry":{"type":"LineString","coordinates":[[-73.987594,40.719746],[-73.987568,40.719791]]}},{"type":"Feature","properties":{"lit":0.0885},"geometry":{"type":"LineString","coordinates":[[-73.987568,40.719791],[-73.987544,40.719831]]}},{"type":"Feature","properties":{"lit":0.4998},"geometry":{"type":"LineString","coordinates":[[-73.98832,40.718335],[-73.98829,40.718392]]}},{"type":"Feature","properties":{"lit":0.5571},"geometry":{"type":"LineString","coordinates":[[-73.98829,40.718392],[-73.988244,40.718482]]}},{"type":"Feature","properties":{"lit":0.514},"geometry":{"type":"LineString","coordinates":[[-73.988168,40.718631],[-73.988118,40.718727]]}},{"type":"Feature","properties":{"lit":0.4377},"geometry":{"type":"LineString","coordinates":[[-73.988118,40.718727],[-73.98809,40.718781]]}},{"type":"Feature","properties":{"lit":0.0225},"geometry":{"type":"LineString","coordinates":[[-74.000062,40.717879],[-74.000027,40.717924]]}},{"type":"Feature","properties":{"lit":0.0279},"geometry":{"type":"LineString","coordinates":[[-74.000027,40.717924],[-73.999953,40.718019]]}},{"type":"Feature","properties":{"lit":0.0404},"geometry":{"type":"LineString","coordinates":[[-73.993651,40.714869],[-73.993553,40.715058]]}},{"type":"Feature","properties":{"lit":0.1032},"geometry":{"type":"LineString","coordinates":[[-73.993553,40.715058],[-73.993456,40.715246]]}},{"type":"Feature","properties":{"lit":0.1491},"geometry":{"type":"LineString","coordinates":[[-73.993456,40.715246],[-73.993433,40.715289]]}},{"type":"Feature","properties":{"lit":0.1683},"geometry":{"type":"LineString","coordinates":[[-73.993433,40.715289],[-73.993399,40.715357]]}},{"type":"Feature","properties":{"lit":0.7108},"geometry":{"type":"LineString","coordinates":[[-73.99425,40.715618],[-73.99429,40.715537]]}},{"type":"Feature","properties":{"lit":0.5837},"geometry":{"type":"LineString","coordinates":[[-73.99429,40.715537],[-73.994323,40.715472]]}},{"type":"Feature","properties":{"lit":0.441},"geometry":{"type":"LineString","coordinates":[[-73.994323,40.715472],[-73.994368,40.715382]]}},{"type":"Feature","properties":{"lit":0.1643},"geometry":{"type":"LineString","coordinates":[[-73.994368,40.715382],[-73.994511,40.715093]]}},{"type":"Feature","properties":{"lit":0.0227},"geometry":{"type":"LineString","coordinates":[[-73.991301,40.713283],[-73.991055,40.713303]]}},{"type":"Feature","properties":{"lit":0.1029},"geometry":{"type":"LineString","coordinates":[[-73.991055,40.713303],[-73.990774,40.713326]]}},{"type":"Feature","properties":{"lit":0.3114},"geometry":{"type":"LineString","coordinates":[[-73.990774,40.713326],[-73.990492,40.71335]]}},{"type":"Feature","properties":{"lit":0.5809},"geometry":{"type":"LineString","coordinates":[[-73.990492,40.71335],[-73.990211,40.713373]]}},{"type":"Feature","properties":{"lit":0.6733},"geometry":{"type":"LineString","coordinates":[[-73.990211,40.713373],[-73.990125,40.71338]]}},{"type":"Feature","properties":{"lit":0.0245},"geometry":{"type":"LineString","coordinates":[[-73.991951,40.714779],[-73.991927,40.714827]]}},{"type":"Feature","properties":{"lit":0.0293},"geometry":{"type":"LineString","coordinates":[[-73.991927,40.714827],[-73.991887,40.714903]]}},{"type":"Feature","properties":{"lit":0.0787},"geometry":{"type":"LineString","coordinates":[[-73.987379,40.718392],[-73.98733,40.718485]]}},{"type":"Feature","properties":{"lit":0.0565},"geometry":{"type":"LineString","coordinates":[[-73.98733,40.718485],[-73.987238,40.718663]]}},{"type":"Feature","properties":{"lit":0.0277},"geometry":{"type":"LineString","coordinates":[[-73.987238,40.718663],[-73.987145,40.71884]]}},{"type":"Feature","properties":{"lit":0.0307},"geometry":{"type":"LineString","coordinates":[[-73.987053,40.719018],[-73.98696,40.719195]]}},{"type":"Feature","properties":{"lit":0.0698},"geometry":{"type":"LineString","coordinates":[[-73.98696,40.719195],[-73.986867,40.719373]]}},{"type":"Feature","properties":{"lit":0.1123},"geometry":{"type":"LineString","coordinates":[[-73.986867,40.719373],[-73.986775,40.71955]]}},{"type":"Feature","properties":{"lit":0.1248},"geometry":{"type":"LineString","coordinates":[[-73.986775,40.71955],[-73.986754,40.719591]]}},{"type":"Feature","properties":{"lit":0.1249},"geometry":{"type":"LineString","coordinates":[[-73.986754,40.719591],[-73.986725,40.719646]]}},{"type":"Feature","properties":{"lit":0.1092},"geometry":{"type":"LineString","coordinates":[[-73.986725,40.719646],[-73.98662,40.719851]]}},{"type":"Feature","properties":{"lit":0.0741},"geometry":{"type":"LineString","coordinates":[[-73.989279,40.721685],[-73.989299,40.721643]]}},{"type":"Feature","properties":{"lit":0.0648},"geometry":{"type":"LineString","coordinates":[[-73.989299,40.721643],[-73.989391,40.721452]]}},{"type":"Feature","properties":{"lit":0.0529},"geometry":{"type":"LineString","coordinates":[[-73.989391,40.721452],[-73.989483,40.72126]]}},{"type":"Feature","properties":{"lit":0.0424},"geometry":{"type":"LineString","coordinates":[[-73.989483,40.72126],[-73.989575,40.721068]]}},{"type":"Feature","properties":{"lit":0.0345},"geometry":{"type":"LineString","coordinates":[[-73.989575,40.721068],[-73.989667,40.720877]]}},{"type":"Feature","properties":{"lit":0.1136},"geometry":{"type":"LineString","coordinates":[[-73.989021,40.721615],[-73.988995,40.721667]]}},{"type":"Feature","properties":{"lit":0.12},"geometry":{"type":"LineString","coordinates":[[-73.988995,40.721667],[-73.988925,40.721855]]}},{"type":"Feature","properties":{"lit":0.1124},"geometry":{"type":"LineString","coordinates":[[-73.988925,40.721855],[-73.988877,40.721988]]}},{"type":"Feature","properties":{"lit":0.1113},"geometry":{"type":"LineString","coordinates":[[-73.989112,40.720307],[-73.989085,40.720359]]}},{"type":"Feature","properties":{"lit":0.0651},"geometry":{"type":"LineString","coordinates":[[-73.989085,40.720359],[-73.988994,40.720535]]}},{"type":"Feature","properties":{"lit":0.0335},"geometry":{"type":"LineString","coordinates":[[-73.988994,40.720535],[-73.988904,40.72071]]}},{"type":"Feature","properties":{"lit":0.0378},"geometry":{"type":"LineString","coordinates":[[-73.988904,40.72071],[-73.988813,40.720886]]}},{"type":"Feature","properties":{"lit":0.0503},"geometry":{"type":"LineString","coordinates":[[-73.988813,40.720886],[-73.988722,40.721062]]}},{"type":"Feature","properties":{"lit":0.061},"geometry":{"type":"LineString","coordinates":[[-73.988722,40.721062],[-73.988632,40.721237]]}},{"type":"Feature","properties":{"lit":0.0694},"geometry":{"type":"LineString","coordinates":[[-73.988632,40.721237],[-73.988541,40.721413]]}},{"type":"Feature","properties":{"lit":0.0743},"geometry":{"type":"LineString","coordinates":[[-73.988541,40.721413],[-73.988516,40.721463]]}},{"type":"Feature","properties":{"lit":0.1372},"geometry":{"type":"LineString","coordinates":[[-73.989112,40.720307],[-73.98918,40.720327]]}},{"type":"Feature","properties":{"lit":0.198},"geometry":{"type":"LineString","coordinates":[[-73.98918,40.720327],[-73.989515,40.720429]]}},{"type":"Feature","properties":{"lit":0.2126},"geometry":{"type":"LineString","coordinates":[[-73.989515,40.720429],[-73.989613,40.720458]]}},{"type":"Feature","properties":{"lit":0.0567},"geometry":{"type":"LineString","coordinates":[[-73.922337,40.709006],[-73.922381,40.709105]]}},{"type":"Feature","properties":{"lit":0.0753},"geometry":{"type":"LineString","coordinates":[[-73.922381,40.709105],[-73.922393,40.709131]]}},{"type":"Feature","properties":{"lit":0.1046},"geometry":{"type":"LineString","coordinates":[[-73.922393,40.709131],[-73.922456,40.709273]]}},{"type":"Feature","properties":{"lit":0.1432},"geometry":{"type":"LineString","coordinates":[[-73.922456,40.709273],[-73.922483,40.709333]]}},{"type":"Feature","properties":{"lit":0.0548},"geometry":{"type":"LineString","coordinates":[[-73.988327,40.721831],[-73.988214,40.722055]]}},{"type":"Feature","properties":{"lit":0.0789},"geometry":{"type":"LineString","coordinates":[[-73.988214,40.722055],[-73.988102,40.722279]]}},{"type":"Feature","properties":{"lit":0.1582},"geometry":{"type":"LineString","coordinates":[[-73.988102,40.722279],[-73.98799,40.722503]]}},{"type":"Feature","properties":{"lit":0.0725},"geometry":{"type":"LineString","coordinates":[[-73.987959,40.719035],[-73.987827,40.719293]]}},{"type":"Feature","properties":{"lit":0.047},"geometry":{"type":"LineString","coordinates":[[-73.987827,40.719293],[-73.987805,40.719334]]}},{"type":"Feature","properties":{"lit":0.0341},"geometry":{"type":"LineString","coordinates":[[-73.991887,40.714903],[-73.991849,40.714979]]}},{"type":"Feature","properties":{"lit":0.0376},"geometry":{"type":"LineString","coordinates":[[-73.991849,40.714979],[-73.991749,40.715174]]}},{"type":"Feature","properties":{"lit":0.0292},"geometry":{"type":"LineString","coordinates":[[-73.991749,40.715174],[-73.991649,40.71537]]}},{"type":"Feature","properties":{"lit":0.04},"geometry":{"type":"LineString","coordinates":[[-73.988979,40.718874],[-73.989031,40.718774]]}},{"type":"Feature","properties":{"lit":0.0407},"geometry":{"type":"LineString","coordinates":[[-73.989031,40.718774],[-73.989054,40.718729]]}},{"type":"Feature","properties":{"lit":0.2081},"geometry":{"type":"LineString","coordinates":[[-73.990377,40.719133],[-73.990281,40.719103]]}},{"type":"Feature","properties":{"lit":0.199},"geometry":{"type":"LineString","coordinates":[[-73.990445,40.719153],[-73.990377,40.719133]]}},{"type":"Feature","properties":{"lit":0.0287},"geometry":{"type":"LineString","coordinates":[[-73.983908,40.721342],[-73.98387,40.721415]]}},{"type":"Feature","properties":{"lit":0.7174},"geometry":{"type":"LineString","coordinates":[[-73.984229,40.718826],[-73.98449,40.718905]]}},{"type":"Feature","properties":{"lit":0.925},"geometry":{"type":"LineString","coordinates":[[-73.98449,40.718905],[-73.984751,40.718984]]}},{"type":"Feature","properties":{"lit":0.7571},"geometry":{"type":"LineString","coordinates":[[-73.984751,40.718984],[-73.985012,40.719063]]}},{"type":"Feature","properties":{"lit":0.5485},"geometry":{"type":"LineString","coordinates":[[-73.985012,40.719063],[-73.985076,40.719082]]}},{"type":"Feature","properties":{"lit":0.5109},"geometry":{"type":"LineString","coordinates":[[-73.985076,40.719082],[-73.985051,40.71913]]}},{"type":"Feature","properties":{"lit":0.4814},"geometry":{"type":"LineString","coordinates":[[-73.985051,40.71913],[-73.984958,40.719307]]}},{"type":"Feature","properties":{"lit":0.3264},"geometry":{"type":"LineString","coordinates":[[-73.984958,40.719307],[-73.984865,40.719483]]}},{"type":"Feature","properties":{"lit":0.1548},"geometry":{"type":"LineString","coordinates":[[-73.984865,40.719483],[-73.984773,40.71966]]}},{"type":"Feature","properties":{"lit":0.0517},"geometry":{"type":"LineString","coordinates":[[-73.984773,40.71966],[-73.98468,40.719836]]}},{"type":"Feature","properties":{"lit":0.0298},"geometry":{"type":"LineString","coordinates":[[-73.98657,40.721715],[-73.986402,40.722041]]}},{"type":"Feature","properties":{"lit":0.0608},"geometry":{"type":"LineString","coordinates":[[-73.986402,40.722041],[-73.986379,40.722082]]}},{"type":"Feature","properties":{"lit":0.072},"geometry":{"type":"LineString","coordinates":[[-73.986379,40.722082],[-73.986334,40.722164]]}},{"type":"Feature","properties":{"lit":0.029},"geometry":{"type":"LineString","coordinates":[[-73.999309,40.732557],[-73.99952,40.732661]]}},{"type":"Feature","properties":{"lit":0.0678},"geometry":{"type":"LineString","coordinates":[[-73.99952,40.732661],[-73.999731,40.732764]]}},{"type":"Feature","properties":{"lit":0.1076},"geometry":{"type":"LineString","coordinates":[[-73.999731,40.732764],[-73.999942,40.732868]]}},{"type":"Feature","properties":{"lit":0.1178},"geometry":{"type":"LineString","coordinates":[[-73.999942,40.732868],[-74.000066,40.732929]]}},{"type":"Feature","properties":{"lit":0.1076},"geometry":{"type":"LineString","coordinates":[[-74.000066,40.732929],[-74.000191,40.73299]]}},{"type":"Feature","properties":{"lit":0.0719},"geometry":{"type":"LineString","coordinates":[[-74.000191,40.73299],[-74.00045,40.733116]]}},{"type":"Feature","properties":{"lit":0.0252},"geometry":{"type":"LineString","coordinates":[[-74.00045,40.733116],[-74.000709,40.733243]]}},{"type":"Feature","properties":{"lit":0.1557},"geometry":{"type":"LineString","coordinates":[[-73.989905,40.729568],[-73.989772,40.729493]]}},{"type":"Feature","properties":{"lit":0.1429},"geometry":{"type":"LineString","coordinates":[[-73.989772,40.729493],[-73.989552,40.7294]]}},{"type":"Feature","properties":{"lit":0.1163},"geometry":{"type":"LineString","coordinates":[[-73.989552,40.7294],[-73.989332,40.729308]]}},{"type":"Feature","properties":{"lit":0.0929},"geometry":{"type":"LineString","coordinates":[[-73.989332,40.729308],[-73.989113,40.729215]]}},{"type":"Feature","properties":{"lit":0.0722},"geometry":{"type":"LineString","coordinates":[[-73.989113,40.729215],[-73.988893,40.729123]]}},{"type":"Feature","properties":{"lit":0.0572},"geometry":{"type":"LineString","coordinates":[[-73.988893,40.729123],[-73.988673,40.72903]]}},{"type":"Feature","properties":{"lit":0.0554},"geometry":{"type":"LineString","coordinates":[[-73.988673,40.72903],[-73.988454,40.728938]]}},{"type":"Feature","properties":{"lit":0.0648},"geometry":{"type":"LineString","coordinates":[[-73.988454,40.728938],[-73.988234,40.728845]]}},{"type":"Feature","properties":{"lit":0.0642},"geometry":{"type":"LineString","coordinates":[[-73.988234,40.728845],[-73.988014,40.728753]]}},{"type":"Feature","properties":{"lit":0.0482},"geometry":{"type":"LineString","coordinates":[[-73.988014,40.728753],[-73.987795,40.72866]]}},{"type":"Feature","properties":{"lit":0.0319},"geometry":{"type":"LineString","coordinates":[[-73.987795,40.72866],[-73.987665,40.728604]]}},{"type":"Feature","properties":{"lit":0.0307},"geometry":{"type":"LineString","coordinates":[[-73.991491,40.724869],[-73.991392,40.725059]]}},{"type":"Feature","properties":{"lit":0.0219},"geometry":{"type":"LineString","coordinates":[[-73.977646,40.728375],[-73.977939,40.728498]]}},{"type":"Feature","properties":{"lit":0.0755},"geometry":{"type":"LineString","coordinates":[[-73.977939,40.728498],[-73.978055,40.728546]]}},{"type":"Feature","properties":{"lit":0.2231},"geometry":{"type":"LineString","coordinates":[[-73.978055,40.728546],[-73.978457,40.728713]]}},{"type":"Feature","properties":{"lit":0.3779},"geometry":{"type":"LineString","coordinates":[[-73.978457,40.728713],[-73.978536,40.728746]]}},{"type":"Feature","properties":{"lit":0.0308},"geometry":{"type":"LineString","coordinates":[[-73.98539,40.737328],[-73.985347,40.737389]]}},{"type":"Feature","properties":{"lit":0.0317},"geometry":{"type":"LineString","coordinates":[[-73.985347,40.737389],[-73.985191,40.737606]]}},{"type":"Feature","properties":{"lit":0.0238},"geometry":{"type":"LineString","coordinates":[[-73.985191,40.737606],[-73.985035,40.737823]]}},{"type":"Feature","properties":{"lit":0.0289},"geometry":{"type":"LineString","coordinates":[[-73.984958,40.737928],[-73.985261,40.738055]]}},{"type":"Feature","properties":{"lit":0.0666},"geometry":{"type":"LineString","coordinates":[[-73.985261,40.738055],[-73.985564,40.738183]]}},{"type":"Feature","properties":{"lit":0.0773},"geometry":{"type":"LineString","coordinates":[[-73.985564,40.738183],[-73.9856,40.738198]]}},{"type":"Feature","properties":{"lit":0.0773},"geometry":{"type":"LineString","coordinates":[[-73.9856,40.738198],[-73.985674,40.738228]]}},{"type":"Feature","properties":{"lit":0.0688},"geometry":{"type":"LineString","coordinates":[[-73.985674,40.738228],[-73.985921,40.738332]]}},{"type":"Feature","properties":{"lit":0.0406},"geometry":{"type":"LineString","coordinates":[[-73.985921,40.738332],[-73.986167,40.738437]]}},{"type":"Feature","properties":{"lit":0.0677},"geometry":{"type":"LineString","coordinates":[[-73.986847,40.737946],[-73.986553,40.737822]]}},{"type":"Feature","properties":{"lit":0.0859},"geometry":{"type":"LineString","coordinates":[[-73.986553,40.737822],[-73.986258,40.737699]]}},{"type":"Feature","properties":{"lit":0.1107},"geometry":{"type":"LineString","coordinates":[[-73.986258,40.737699],[-73.986198,40.737672]]}},{"type":"Feature","properties":{"lit":0.1196},"geometry":{"type":"LineString","coordinates":[[-73.986198,40.737672],[-73.98612,40.737639]]}},{"type":"Feature","properties":{"lit":0.1268},"geometry":{"type":"LineString","coordinates":[[-73.98612,40.737639],[-73.986035,40.737602]]}},{"type":"Feature","properties":{"lit":0.126},"geometry":{"type":"LineString","coordinates":[[-73.986035,40.737602],[-73.98582,40.737511]]}},{"type":"Feature","properties":{"lit":0.0929},"geometry":{"type":"LineString","coordinates":[[-73.98582,40.737511],[-73.985605,40.73742]]}},{"type":"Feature","properties":{"lit":0.0478},"geometry":{"type":"LineString","coordinates":[[-73.985605,40.73742],[-73.98539,40.737328]]}},{"type":"Feature","properties":{"lit":0.0598},"geometry":{"type":"LineString","coordinates":[[-73.98036,40.730414],[-73.980305,40.730495]]}},{"type":"Feature","properties":{"lit":0.0543},"geometry":{"type":"LineString","coordinates":[[-73.980305,40.730495],[-73.980272,40.730546]]}},{"type":"Feature","properties":{"lit":0.0488},"geometry":{"type":"LineString","coordinates":[[-73.980272,40.730546],[-73.980241,40.730592]]}},{"type":"Feature","properties":{"lit":0.0383},"geometry":{"type":"LineString","coordinates":[[-73.980241,40.730592],[-73.980155,40.7307]]}},{"type":"Feature","properties":{"lit":0.0265},"geometry":{"type":"LineString","coordinates":[[-73.980155,40.7307],[-73.980097,40.730757]]}},{"type":"Feature","properties":{"lit":0.0438},"geometry":{"type":"LineString","coordinates":[[-73.977745,40.729868],[-73.977793,40.729765]]}},{"type":"Feature","properties":{"lit":0.1217},"geometry":{"type":"LineString","coordinates":[[-73.977793,40.729765],[-73.977904,40.729611]]}},{"type":"Feature","properties":{"lit":0.2453},"geometry":{"type":"LineString","coordinates":[[-73.977904,40.729611],[-73.977938,40.729562]]}},{"type":"Feature","properties":{"lit":0.0316},"geometry":{"type":"LineString","coordinates":[[-73.986457,40.738484],[-73.986615,40.738266]]}},{"type":"Feature","properties":{"lit":0.0603},"geometry":{"type":"LineString","coordinates":[[-73.986615,40.738266],[-73.986773,40.738048]]}},{"type":"Feature","properties":{"lit":0.0679},"geometry":{"type":"LineString","coordinates":[[-73.986773,40.738048],[-73.986805,40.738004]]}},{"type":"Feature","properties":{"lit":0.067},"geometry":{"type":"LineString","coordinates":[[-73.986805,40.738004],[-73.986847,40.737946]]}},{"type":"Feature","properties":{"lit":0.1559},"geometry":{"type":"LineString","coordinates":[[-73.990094,40.729662],[-73.99006,40.729649]]}},{"type":"Feature","properties":{"lit":0.1555},"geometry":{"type":"LineString","coordinates":[[-73.99006,40.729649],[-73.990032,40.729636]]}},{"type":"Feature","properties":{"lit":0.157},"geometry":{"type":"LineString","coordinates":[[-73.990032,40.729636],[-73.989905,40.729568]]}},{"type":"Feature","properties":{"lit":0.0465},"geometry":{"type":"LineString","coordinates":[[-73.990958,40.724109],[-73.990987,40.723986]]}},{"type":"Feature","properties":{"lit":0.0673},"geometry":{"type":"LineString","coordinates":[[-73.990987,40.723986],[-73.991001,40.723884]]}},{"type":"Feature","properties":{"lit":0.0811},"geometry":{"type":"LineString","coordinates":[[-73.991001,40.723884],[-73.991011,40.723821]]}},{"type":"Feature","properties":{"lit":0.0908},"geometry":{"type":"LineString","coordinates":[[-73.991011,40.723821],[-73.991032,40.723727]]}},{"type":"Feature","properties":{"lit":0.0761},"geometry":{"type":"LineString","coordinates":[[-73.989692,40.729861],[-73.989511,40.729873]]}},{"type":"Feature","properties":{"lit":0.0675},"geometry":{"type":"LineString","coordinates":[[-73.989511,40.729873],[-73.989138,40.729898]]}},{"type":"Feature","properties":{"lit":0.0658},"geometry":{"type":"LineString","coordinates":[[-73.989138,40.729898],[-73.989057,40.729905]]}},{"type":"Feature","properties":{"lit":0.0645},"geometry":{"type":"LineString","coordinates":[[-73.989057,40.729905],[-73.988918,40.729915]]}},{"type":"Feature","properties":{"lit":0.1402},"geometry":{"type":"LineString","coordinates":[[-73.984867,40.728205],[-73.985002,40.728258]]}},{"type":"Feature","properties":{"lit":0.1402},"geometry":{"type":"LineString","coordinates":[[-73.985002,40.728258],[-73.985248,40.728362]]}},{"type":"Feature","properties":{"lit":0.1163},"geometry":{"type":"LineString","coordinates":[[-73.985248,40.728362],[-73.985494,40.728466]]}},{"type":"Feature","properties":{"lit":0.0924},"geometry":{"type":"LineString","coordinates":[[-73.985494,40.728466],[-73.98574,40.728571]]}},{"type":"Feature","properties":{"lit":0.0815},"geometry":{"type":"LineString","coordinates":[[-73.98574,40.728571],[-73.985986,40.728675]]}},{"type":"Feature","properties":{"lit":0.0798},"geometry":{"type":"LineString","coordinates":[[-73.985986,40.728675],[-73.986202,40.728766]]}},{"type":"Feature","properties":{"lit":0.0702},"geometry":{"type":"LineString","coordinates":[[-73.986202,40.728766],[-73.986418,40.728856]]}},{"type":"Feature","properties":{"lit":0.0494},"geometry":{"type":"LineString","coordinates":[[-73.986418,40.728856],[-73.986634,40.728947]]}},{"type":"Feature","properties":{"lit":0.0322},"geometry":{"type":"LineString","coordinates":[[-73.986634,40.728947],[-73.986849,40.729038]]}},{"type":"Feature","properties":{"lit":0.0342},"geometry":{"type":"LineString","coordinates":[[-73.986849,40.729038],[-73.987065,40.729128]]}},{"type":"Feature","properties":{"lit":0.0442},"geometry":{"type":"LineString","coordinates":[[-73.987065,40.729128],[-73.987116,40.729151]]}},{"type":"Feature","properties":{"lit":0.0518},"geometry":{"type":"LineString","coordinates":[[-73.987116,40.729151],[-73.987233,40.729202]]}},{"type":"Feature","properties":{"lit":0.0335},"geometry":{"type":"LineString","coordinates":[[-73.97981,40.726061],[-73.98003,40.726154]]}},{"type":"Feature","properties":{"lit":0.0624},"geometry":{"type":"LineString","coordinates":[[-73.98003,40.726154],[-73.98025,40.726246]]}},{"type":"Feature","properties":{"lit":0.0777},"geometry":{"type":"LineString","coordinates":[[-73.98025,40.726246],[-73.980333,40.726281]]}},{"type":"Feature","properties":{"lit":0.0593},"geometry":{"type":"LineString","coordinates":[[-74.001105,40.732607],[-74.00087,40.732492]]}},{"type":"Feature","properties":{"lit":0.1244},"geometry":{"type":"LineString","coordinates":[[-74.00087,40.732492],[-74.000635,40.732378]]}},{"type":"Feature","properties":{"lit":0.1573},"geometry":{"type":"LineString","coordinates":[[-74.000635,40.732378],[-74.000511,40.732315]]}},{"type":"Feature","properties":{"lit":0.1575},"geometry":{"type":"LineString","coordinates":[[-74.000511,40.732315],[-74.000402,40.732262]]}},{"type":"Feature","properties":{"lit":0.1269},"geometry":{"type":"LineString","coordinates":[[-74.000402,40.732262],[-74.000165,40.732146]]}},{"type":"Feature","properties":{"lit":0.0608},"geometry":{"type":"LineString","coordinates":[[-74.000165,40.732146],[-73.999927,40.732029]]}},{"type":"Feature","properties":{"lit":0.0653},"geometry":{"type":"LineString","coordinates":[[-73.987187,40.733298],[-73.98712,40.733391]]}},{"type":"Feature","properties":{"lit":0.068},"geometry":{"type":"LineString","coordinates":[[-73.98712,40.733391],[-73.987084,40.733441]]}},{"type":"Feature","properties":{"lit":0.0691},"geometry":{"type":"LineString","coordinates":[[-73.987084,40.733441],[-73.986965,40.733604]]}},{"type":"Feature","properties":{"lit":0.0701},"geometry":{"type":"LineString","coordinates":[[-73.986965,40.733604],[-73.986857,40.733754]]}},{"type":"Feature","properties":{"lit":0.0706},"geometry":{"type":"LineString","coordinates":[[-73.986857,40.733754],[-73.986762,40.733884]]}},{"type":"Feature","properties":{"lit":0.0682},"geometry":{"type":"LineString","coordinates":[[-73.986762,40.733884],[-73.986728,40.73393]]}},{"type":"Feature","properties":{"lit":0.0656},"geometry":{"type":"LineString","coordinates":[[-73.986728,40.73393],[-73.986691,40.733982]]}},{"type":"Feature","properties":{"lit":0.0616},"geometry":{"type":"LineString","coordinates":[[-73.986691,40.733982],[-73.986644,40.734044]]}},{"type":"Feature","properties":{"lit":0.0575},"geometry":{"type":"LineString","coordinates":[[-73.986644,40.734044],[-73.986615,40.734085]]}},{"type":"Feature","properties":{"lit":0.0491},"geometry":{"type":"LineString","coordinates":[[-73.986615,40.734085],[-73.986453,40.734305]]}},{"type":"Feature","properties":{"lit":0.0593},"geometry":{"type":"LineString","coordinates":[[-73.986453,40.734305],[-73.986292,40.734525]]}},{"type":"Feature","properties":{"lit":0.0747},"geometry":{"type":"LineString","coordinates":[[-73.986292,40.734525],[-73.98626,40.73457]]}},{"type":"Feature","properties":{"lit":0.0802},"geometry":{"type":"LineString","coordinates":[[-73.98626,40.73457],[-73.986222,40.734623]]}},{"type":"Feature","properties":{"lit":0.0855},"geometry":{"type":"LineString","coordinates":[[-73.986222,40.734623],[-73.986178,40.734684]]}},{"type":"Feature","properties":{"lit":0.0885},"geometry":{"type":"LineString","coordinates":[[-73.986178,40.734684],[-73.986149,40.734724]]}},{"type":"Feature","properties":{"lit":0.0925},"geometry":{"type":"LineString","coordinates":[[-73.986149,40.734724],[-73.986007,40.73492]]}},{"type":"Feature","properties":{"lit":0.0818},"geometry":{"type":"LineString","coordinates":[[-73.986007,40.73492],[-73.985864,40.735116]]}},{"type":"Feature","properties":{"lit":0.0677},"geometry":{"type":"LineString","coordinates":[[-73.985864,40.735116],[-73.985835,40.735156]]}},{"type":"Feature","properties":{"lit":0.0609},"geometry":{"type":"LineString","coordinates":[[-73.985835,40.735156],[-73.985794,40.735212]]}},{"type":"Feature","properties":{"lit":0.0532},"geometry":{"type":"LineString","coordinates":[[-73.985794,40.735212],[-73.985754,40.735268]]}},{"type":"Feature","properties":{"lit":0.0474},"geometry":{"type":"LineString","coordinates":[[-73.985754,40.735268],[-73.985725,40.735307]]}},{"type":"Feature","properties":{"lit":0.0386},"geometry":{"type":"LineString","coordinates":[[-73.985725,40.735307],[-73.985581,40.735503]]}},{"type":"Feature","properties":{"lit":0.0456},"geometry":{"type":"LineString","coordinates":[[-73.985581,40.735503],[-73.985438,40.735699]]}},{"type":"Feature","properties":{"lit":0.0563},"geometry":{"type":"LineString","coordinates":[[-73.985438,40.735699],[-73.985408,40.73574]]}},{"type":"Feature","properties":{"lit":0.0596},"geometry":{"type":"LineString","coordinates":[[-73.985408,40.73574],[-73.985366,40.735799]]}},{"type":"Feature","properties":{"lit":0.1305},"geometry":{"type":"LineString","coordinates":[[-73.99074,40.729894],[-73.990713,40.729965]]}},{"type":"Feature","properties":{"lit":0.0952},"geometry":{"type":"LineString","coordinates":[[-73.990713,40.729965],[-73.990617,40.730212]]}},{"type":"Feature","properties":{"lit":0.0332},"geometry":{"type":"LineString","coordinates":[[-73.990617,40.730212],[-73.990521,40.730459]]}},{"type":"Feature","properties":{"lit":0.513},"geometry":{"type":"LineString","coordinates":[[-73.986623,40.725796],[-73.986726,40.72584]]}},{"type":"Feature","properties":{"lit":0.5009},"geometry":{"type":"LineString","coordinates":[[-73.986726,40.72584],[-73.986754,40.725853]]}},{"type":"Feature","properties":{"lit":0.4405},"geometry":{"type":"LineString","coordinates":[[-73.986754,40.725853],[-73.986964,40.725942]]}},{"type":"Feature","properties":{"lit":0.267},"geometry":{"type":"LineString","coordinates":[[-73.986964,40.725942],[-73.987175,40.726032]]}},{"type":"Feature","properties":{"lit":0.1146},"geometry":{"type":"LineString","coordinates":[[-73.987175,40.726032],[-73.987386,40.726121]]}},{"type":"Feature","properties":{"lit":0.0333},"geometry":{"type":"LineString","coordinates":[[-73.987386,40.726121],[-73.987596,40.726211]]}},{"type":"Feature","properties":{"lit":0.0362},"geometry":{"type":"LineString","coordinates":[[-73.988649,40.72666],[-73.98886,40.72675]]}},{"type":"Feature","properties":{"lit":0.0514},"geometry":{"type":"LineString","coordinates":[[-73.98886,40.72675],[-73.988978,40.7268]]}},{"type":"Feature","properties":{"lit":0.0228},"geometry":{"type":"LineString","coordinates":[[-73.983871,40.724636],[-73.984084,40.724726]]}},{"type":"Feature","properties":{"lit":0.046},"geometry":{"type":"LineString","coordinates":[[-73.984084,40.724726],[-73.984298,40.724816]]}},{"type":"Feature","properties":{"lit":0.061},"geometry":{"type":"LineString","coordinates":[[-73.984298,40.724816],[-73.984399,40.724859]]}},{"type":"Feature","properties":{"lit":0.0653},"geometry":{"type":"LineString","coordinates":[[-73.980768,40.725685],[-73.980675,40.725646]]}},{"type":"Feature","properties":{"lit":0.0451},"geometry":{"type":"LineString","coordinates":[[-73.980675,40.725646],[-73.980456,40.725554]]}},{"type":"Feature","properties":{"lit":0.0254},"geometry":{"type":"LineString","coordinates":[[-73.996468,40.724462],[-73.996319,40.724641]]}},{"type":"Feature","properties":{"lit":0.0521},"geometry":{"type":"LineString","coordinates":[[-73.996319,40.724641],[-73.996301,40.724662]]}},{"type":"Feature","properties":{"lit":0.1036},"geometry":{"type":"LineString","coordinates":[[-73.926788,40.80455],[-73.926559,40.80463]]}},{"type":"Feature","properties":{"lit":0.09},"geometry":{"type":"LineString","coordinates":[[-73.926559,40.80463],[-73.926331,40.80471]]}},{"type":"Feature","properties":{"lit":0.0759},"geometry":{"type":"LineString","coordinates":[[-73.926331,40.80471],[-73.926002,40.804878]]}},{"type":"Feature","properties":{"lit":0.0727},"geometry":{"type":"LineString","coordinates":[[-73.926002,40.804878],[-73.925892,40.804928]]}},{"type":"Feature","properties":{"lit":0.071},"geometry":{"type":"LineString","coordinates":[[-73.925892,40.804928],[-73.925773,40.804968]]}},{"type":"Feature","properties":{"lit":0.0671},"geometry":{"type":"LineString","coordinates":[[-73.925773,40.804968],[-73.925661,40.804991]]}},{"type":"Feature","properties":{"lit":0.0596},"geometry":{"type":"LineString","coordinates":[[-73.925661,40.804991],[-73.925548,40.805005]]}},{"type":"Feature","properties":{"lit":0.0503},"geometry":{"type":"LineString","coordinates":[[-73.925548,40.805005],[-73.925451,40.805012]]}},{"type":"Feature","properties":{"lit":0.0401},"geometry":{"type":"LineString","coordinates":[[-73.925451,40.805012],[-73.925345,40.805011]]}},{"type":"Feature","properties":{"lit":0.0289},"geometry":{"type":"LineString","coordinates":[[-73.925345,40.805011],[-73.925238,40.805003]]}},{"type":"Feature","properties":{"lit":0.0815},"geometry":{"type":"LineString","coordinates":[[-73.926299,40.804825],[-73.926044,40.804971]]}},{"type":"Feature","properties":{"lit":0.0845},"geometry":{"type":"LineString","coordinates":[[-73.926044,40.804971],[-73.925943,40.805042]]}},{"type":"Feature","properties":{"lit":0.0888},"geometry":{"type":"LineString","coordinates":[[-73.925943,40.805042],[-73.925831,40.805127]]}},{"type":"Feature","properties":{"lit":0.0931},"geometry":{"type":"LineString","coordinates":[[-73.925831,40.805127],[-73.925707,40.805235]]}},{"type":"Feature","properties":{"lit":0.0929},"geometry":{"type":"LineString","coordinates":[[-73.925707,40.805235],[-73.92562,40.805314]]}},{"type":"Feature","properties":{"lit":0.088},"geometry":{"type":"LineString","coordinates":[[-73.92562,40.805314],[-73.925538,40.805399]]}},{"type":"Feature","properties":{"lit":0.0806},"geometry":{"type":"LineString","coordinates":[[-73.925538,40.805399],[-73.925471,40.805474]]}},{"type":"Feature","properties":{"lit":0.0703},"geometry":{"type":"LineString","coordinates":[[-73.925471,40.805474],[-73.925403,40.805553]]}},{"type":"Feature","properties":{"lit":0.0567},"geometry":{"type":"LineString","coordinates":[[-73.925403,40.805553],[-73.925332,40.805645]]}},{"type":"Feature","properties":{"lit":0.0353},"geometry":{"type":"LineString","coordinates":[[-73.925332,40.805645],[-73.925208,40.805815]]}},{"type":"Feature","properties":{"lit":0.0392},"geometry":{"type":"LineString","coordinates":[[-73.985365,40.735029],[-73.985603,40.73513]]}},{"type":"Feature","properties":{"lit":0.0514},"geometry":{"type":"LineString","coordinates":[[-73.985603,40.73513],[-73.985654,40.735152]]}},{"type":"Feature","properties":{"lit":0.0561},"geometry":{"type":"LineString","coordinates":[[-73.985654,40.735152],[-73.985794,40.735212]]}},{"type":"Feature","properties":{"lit":0.0558},"geometry":{"type":"LineString","coordinates":[[-73.985794,40.735212],[-73.985924,40.735269]]}},{"type":"Feature","properties":{"lit":0.0446},"geometry":{"type":"LineString","coordinates":[[-73.985924,40.735269],[-73.986143,40.735362]]}},{"type":"Feature","properties":{"lit":0.0239},"geometry":{"type":"LineString","coordinates":[[-73.986143,40.735362],[-73.986362,40.735454]]}},{"type":"Feature","properties":{"lit":0.0205},"geometry":{"type":"LineString","coordinates":[[-73.924289,40.806686],[-73.924095,40.806581]]}},{"type":"Feature","properties":{"lit":0.0791},"geometry":{"type":"LineString","coordinates":[[-73.983064,40.730653],[-73.98318,40.730702]]}},{"type":"Feature","properties":{"lit":0.0773},"geometry":{"type":"LineString","coordinates":[[-73.98318,40.730702],[-73.98321,40.730715]]}},{"type":"Feature","properties":{"lit":0.0691},"geometry":{"type":"LineString","coordinates":[[-73.98321,40.730715],[-73.983424,40.730805]]}},{"type":"Feature","properties":{"lit":0.0421},"geometry":{"type":"LineString","coordinates":[[-73.983424,40.730805],[-73.983638,40.730895]]}},{"type":"Feature","properties":{"lit":0.0388},"geometry":{"type":"LineString","coordinates":[[-73.982238,40.727845],[-73.982121,40.727795]]}},{"type":"Feature","properties":{"lit":0.0408},"geometry":{"type":"LineString","coordinates":[[-73.982121,40.727795],[-73.982093,40.727784]]}},{"type":"Feature","properties":{"lit":0.0412},"geometry":{"type":"LineString","coordinates":[[-73.982093,40.727784],[-73.982065,40.727772]]}},{"type":"Feature","properties":{"lit":0.042},"geometry":{"type":"LineString","coordinates":[[-73.982065,40.727772],[-73.981841,40.727677]]}},{"type":"Feature","properties":{"lit":0.0429},"geometry":{"type":"LineString","coordinates":[[-73.981841,40.727677],[-73.981616,40.727583]]}},{"type":"Feature","properties":{"lit":0.0526},"geometry":{"type":"LineString","coordinates":[[-73.981616,40.727583],[-73.981392,40.727488]]}},{"type":"Feature","properties":{"lit":0.0725},"geometry":{"type":"LineString","coordinates":[[-73.981392,40.727488],[-73.981168,40.727394]]}},{"type":"Feature","properties":{"lit":0.0807},"geometry":{"type":"LineString","coordinates":[[-73.981168,40.727394],[-73.980943,40.727299]]}},{"type":"Feature","properties":{"lit":0.1097},"geometry":{"type":"LineString","coordinates":[[-73.980943,40.727299],[-73.980719,40.727204]]}},{"type":"Feature","properties":{"lit":0.1723},"geometry":{"type":"LineString","coordinates":[[-73.980719,40.727204],[-73.980494,40.72711]]}},{"type":"Feature","properties":{"lit":0.2924},"geometry":{"type":"LineString","coordinates":[[-73.980494,40.72711],[-73.98027,40.727015]]}},{"type":"Feature","properties":{"lit":0.3929},"geometry":{"type":"LineString","coordinates":[[-73.98027,40.727015],[-73.980046,40.726921]]}},{"type":"Feature","properties":{"lit":0.3947},"geometry":{"type":"LineString","coordinates":[[-73.980046,40.726921],[-73.979991,40.726898]]}},{"type":"Feature","properties":{"lit":0.3758},"geometry":{"type":"LineString","coordinates":[[-73.979991,40.726898],[-73.979913,40.726865]]}},{"type":"Feature","properties":{"lit":0.0349},"geometry":{"type":"LineString","coordinates":[[-73.972411,40.727071],[-73.972124,40.726951]]}},{"type":"Feature","properties":{"lit":0.0487},"geometry":{"type":"LineString","coordinates":[[-73.972124,40.726951],[-73.97209,40.72692]]}},{"type":"Feature","properties":{"lit":0.0493},"geometry":{"type":"LineString","coordinates":[[-73.97209,40.72692],[-73.972076,40.726878]]}},{"type":"Feature","properties":{"lit":0.0459},"geometry":{"type":"LineString","coordinates":[[-73.972076,40.726878],[-73.972083,40.726794]]}},{"type":"Feature","properties":{"lit":0.1738},"geometry":{"type":"LineString","coordinates":[[-73.992728,40.724007],[-73.992738,40.723983]]}},{"type":"Feature","properties":{"lit":0.1341},"geometry":{"type":"LineString","coordinates":[[-73.992738,40.723983],[-73.992809,40.723791]]}},{"type":"Feature","properties":{"lit":0.0612},"geometry":{"type":"LineString","coordinates":[[-73.992809,40.723791],[-73.99288,40.723599]]}},{"type":"Feature","properties":{"lit":0.0238},"geometry":{"type":"LineString","coordinates":[[-73.929277,40.78612],[-73.929287,40.786049]]}},{"type":"Feature","properties":{"lit":0.0221},"geometry":{"type":"LineString","coordinates":[[-73.929287,40.786049],[-73.929291,40.785969]]}},{"type":"Feature","properties":{"lit":0.1074},"geometry":{"type":"LineString","coordinates":[[-73.991111,40.730046],[-73.99108,40.730071]]}},{"type":"Feature","properties":{"lit":0.1032},"geometry":{"type":"LineString","coordinates":[[-73.99108,40.730071],[-73.991049,40.730099]]}},{"type":"Feature","properties":{"lit":0.0981},"geometry":{"type":"LineString","coordinates":[[-73.991049,40.730099],[-73.991019,40.730127]]}},{"type":"Feature","properties":{"lit":0.0921},"geometry":{"type":"LineString","coordinates":[[-73.991019,40.730127],[-73.990988,40.730155]]}},{"type":"Feature","properties":{"lit":0.0856},"geometry":{"type":"LineString","coordinates":[[-73.990988,40.730155],[-73.990959,40.730183]]}},{"type":"Feature","properties":{"lit":0.0794},"geometry":{"type":"LineString","coordinates":[[-73.990959,40.730183],[-73.990938,40.730207]]}},{"type":"Feature","properties":{"lit":0.0734},"geometry":{"type":"LineString","coordinates":[[-73.990938,40.730207],[-73.990919,40.730232]]}},{"type":"Feature","properties":{"lit":0.0377},"geometry":{"type":"LineString","coordinates":[[-73.990919,40.730232],[-73.990714,40.730517]]}},{"type":"Feature","properties":{"lit":0.03},"geometry":{"type":"LineString","coordinates":[[-73.929969,40.80182],[-73.930041,40.801997]]}},{"type":"Feature","properties":{"lit":0.0462},"geometry":{"type":"LineString","coordinates":[[-73.930041,40.801997],[-73.930077,40.802082]]}},{"type":"Feature","properties":{"lit":0.0538},"geometry":{"type":"LineString","coordinates":[[-73.930077,40.802082],[-73.930096,40.802138]]}},{"type":"Feature","properties":{"lit":0.0578},"geometry":{"type":"LineString","coordinates":[[-73.930096,40.802138],[-73.930108,40.802184]]}},{"type":"Feature","properties":{"lit":0.0602},"geometry":{"type":"LineString","coordinates":[[-73.930108,40.802184],[-73.930118,40.802233]]}},{"type":"Feature","properties":{"lit":0.0612},"geometry":{"type":"LineString","coordinates":[[-73.930118,40.802233],[-73.930122,40.80228]]}},{"type":"Feature","properties":{"lit":0.0605},"geometry":{"type":"LineString","coordinates":[[-73.930122,40.80228],[-73.930121,40.802343]]}},{"type":"Feature","properties":{"lit":0.0574},"geometry":{"type":"LineString","coordinates":[[-73.930121,40.802343],[-73.930116,40.802409]]}},{"type":"Feature","properties":{"lit":0.0518},"geometry":{"type":"LineString","coordinates":[[-73.930116,40.802409],[-73.930102,40.802477]]}},{"type":"Feature","properties":{"lit":0.0452},"geometry":{"type":"LineString","coordinates":[[-73.930102,40.802477],[-73.930089,40.802531]]}},{"type":"Feature","properties":{"lit":0.0368},"geometry":{"type":"LineString","coordinates":[[-73.930089,40.802531],[-73.930058,40.802615]]}},{"type":"Feature","properties":{"lit":0.0267},"geometry":{"type":"LineString","coordinates":[[-73.930058,40.802615],[-73.930017,40.802698]]}},{"type":"Feature","properties":{"lit":0.0272},"geometry":{"type":"LineString","coordinates":[[-73.984049,40.738347],[-73.983831,40.738256]]}},{"type":"Feature","properties":{"lit":0.0422},"geometry":{"type":"LineString","coordinates":[[-73.983831,40.738256],[-73.983772,40.738231]]}},{"type":"Feature","properties":{"lit":0.0515},"geometry":{"type":"LineString","coordinates":[[-73.983772,40.738231],[-73.983636,40.738171]]}},{"type":"Feature","properties":{"lit":0.0601},"geometry":{"type":"LineString","coordinates":[[-73.983636,40.738171],[-73.983491,40.738111]]}},{"type":"Feature","properties":{"lit":0.0582},"geometry":{"type":"LineString","coordinates":[[-73.983491,40.738111],[-73.983279,40.738022]]}},{"type":"Feature","properties":{"lit":0.0444},"geometry":{"type":"LineString","coordinates":[[-73.983279,40.738022],[-73.983067,40.737932]]}},{"type":"Feature","properties":{"lit":0.0287},"geometry":{"type":"LineString","coordinates":[[-73.983067,40.737932],[-73.982855,40.737843]]}},{"type":"Feature","properties":{"lit":0.0203},"geometry":{"type":"LineString","coordinates":[[-73.982855,40.737843],[-73.982643,40.737754]]}},{"type":"Feature","properties":{"lit":0.0222},"geometry":{"type":"LineString","coordinates":[[-73.982007,40.737486],[-73.981795,40.737397]]}},{"type":"Feature","properties":{"lit":0.043},"geometry":{"type":"LineString","coordinates":[[-73.981795,40.737397],[-73.981583,40.737308]]}},{"type":"Feature","properties":{"lit":0.0595},"geometry":{"type":"LineString","coordinates":[[-73.981583,40.737308],[-73.981508,40.737271]]}},{"type":"Feature","properties":{"lit":0.0672},"geometry":{"type":"LineString","coordinates":[[-73.981508,40.737271],[-73.981398,40.737219]]}},{"type":"Feature","properties":{"lit":0.0331},"geometry":{"type":"LineString","coordinates":[[-73.929408,40.783356],[-73.929536,40.783535]]}},{"type":"Feature","properties":{"lit":0.0219},"geometry":{"type":"LineString","coordinates":[[-73.929635,40.783697],[-73.929714,40.783836]]}},{"type":"Feature","properties":{"lit":0.0345},"geometry":{"type":"LineString","coordinates":[[-73.929714,40.783836],[-73.929784,40.783978]]}},{"type":"Feature","properties":{"lit":0.0502},"geometry":{"type":"LineString","coordinates":[[-73.929784,40.783978],[-73.92985,40.784142]]}},{"type":"Feature","properties":{"lit":0.0567},"geometry":{"type":"LineString","coordinates":[[-73.92985,40.784142],[-73.929896,40.784298]]}},{"type":"Feature","properties":{"lit":0.0486},"geometry":{"type":"LineString","coordinates":[[-73.929896,40.784298],[-73.929931,40.78444]]}},{"type":"Feature","properties":{"lit":0.0321},"geometry":{"type":"LineString","coordinates":[[-73.929931,40.78444],[-73.929962,40.784604]]}},{"type":"Feature","properties":{"lit":0.0353},"geometry":{"type":"LineString","coordinates":[[-73.929982,40.785131],[-73.929962,40.785302]]}},{"type":"Feature","properties":{"lit":0.0542},"geometry":{"type":"LineString","coordinates":[[-73.929962,40.785302],[-73.929925,40.785495]]}},{"type":"Feature","properties":{"lit":0.0606},"geometry":{"type":"LineString","coordinates":[[-73.929925,40.785495],[-73.929872,40.78567]]}},{"type":"Feature","properties":{"lit":0.057},"geometry":{"type":"LineString","coordinates":[[-73.929872,40.78567],[-73.92981,40.785825]]}},{"type":"Feature","properties":{"lit":0.0554},"geometry":{"type":"LineString","coordinates":[[-73.92981,40.785825],[-73.929737,40.785976]]}},{"type":"Feature","properties":{"lit":0.058},"geometry":{"type":"LineString","coordinates":[[-73.929737,40.785976],[-73.929651,40.786139]]}},{"type":"Feature","properties":{"lit":0.0556},"geometry":{"type":"LineString","coordinates":[[-73.929651,40.786139],[-73.929564,40.78629]]}},{"type":"Feature","properties":{"lit":0.0411},"geometry":{"type":"LineString","coordinates":[[-73.929564,40.78629],[-73.929452,40.786455]]}},{"type":"Feature","properties":{"lit":0.0255},"geometry":{"type":"LineString","coordinates":[[-73.929452,40.786455],[-73.929342,40.786601]]}},{"type":"Feature","properties":{"lit":0.0247},"geometry":{"type":"LineString","coordinates":[[-73.929237,40.786724],[-73.929107,40.786875]]}},{"type":"Feature","properties":{"lit":0.0397},"geometry":{"type":"LineString","coordinates":[[-73.929107,40.786875],[-73.928976,40.787026]]}},{"type":"Feature","properties":{"lit":0.0519},"geometry":{"type":"LineString","coordinates":[[-73.928976,40.787026],[-73.928843,40.787186]]}},{"type":"Feature","properties":{"lit":0.0469},"geometry":{"type":"LineString","coordinates":[[-73.928843,40.787186],[-73.928709,40.787346]]}},{"type":"Feature","properties":{"lit":0.0291},"geometry":{"type":"LineString","coordinates":[[-73.928709,40.787346],[-73.928576,40.787506]]}},{"type":"Feature","properties":{"lit":0.0244},"geometry":{"type":"LineString","coordinates":[[-73.980475,40.724763],[-73.980692,40.724854]]}},{"type":"Feature","properties":{"lit":0.0694},"geometry":{"type":"LineString","coordinates":[[-73.980692,40.724854],[-73.980909,40.724946]]}},{"type":"Feature","properties":{"lit":0.1404},"geometry":{"type":"LineString","coordinates":[[-73.980909,40.724946],[-73.981127,40.725037]]}},{"type":"Feature","properties":{"lit":0.1919},"geometry":{"type":"LineString","coordinates":[[-73.981127,40.725037],[-73.981211,40.725073]]}},{"type":"Feature","properties":{"lit":0.495},"geometry":{"type":"LineString","coordinates":[[-73.986176,40.726409],[-73.986039,40.726351]]}},{"type":"Feature","properties":{"lit":0.4575},"geometry":{"type":"LineString","coordinates":[[-73.986039,40.726351],[-73.985895,40.726291]]}},{"type":"Feature","properties":{"lit":0.3325},"geometry":{"type":"LineString","coordinates":[[-73.985895,40.726291],[-73.985624,40.726176]]}},{"type":"Feature","properties":{"lit":0.1878},"geometry":{"type":"LineString","coordinates":[[-73.985624,40.726176],[-73.985353,40.726061]]}},{"type":"Feature","properties":{"lit":0.1695},"geometry":{"type":"LineString","coordinates":[[-73.985353,40.726061],[-73.985082,40.725946]]}},{"type":"Feature","properties":{"lit":0.3061},"geometry":{"type":"LineString","coordinates":[[-73.985082,40.725946],[-73.984793,40.725825]]}},{"type":"Feature","properties":{"lit":0.5038},"geometry":{"type":"LineString","coordinates":[[-73.984793,40.725825],[-73.984505,40.725704]]}},{"type":"Feature","properties":{"lit":0.6193},"geometry":{"type":"LineString","coordinates":[[-73.984505,40.725704],[-73.984287,40.725612]]}},{"type":"Feature","properties":{"lit":0.6425},"geometry":{"type":"LineString","coordinates":[[-73.984287,40.725612],[-73.984068,40.725519]]}},{"type":"Feature","properties":{"lit":0.5898},"geometry":{"type":"LineString","coordinates":[[-73.984068,40.725519],[-73.983953,40.725471]]}},{"type":"Feature","properties":{"lit":0.5291},"geometry":{"type":"LineString","coordinates":[[-73.983953,40.725471],[-73.983854,40.725429]]}},{"type":"Feature","properties":{"lit":0.4083},"geometry":{"type":"LineString","coordinates":[[-73.983854,40.725429],[-73.983641,40.725339]]}},{"type":"Feature","properties":{"lit":0.2274},"geometry":{"type":"LineString","coordinates":[[-73.983641,40.725339],[-73.983428,40.725249]]}},{"type":"Feature","properties":{"lit":0.0971},"geometry":{"type":"LineString","coordinates":[[-73.983428,40.725249],[-73.983215,40.725159]]}},{"type":"Feature","properties":{"lit":0.0268},"geometry":{"type":"LineString","coordinates":[[-73.983215,40.725159],[-73.983002,40.72507]]}},{"type":"Feature","properties":{"lit":0.0353},"geometry":{"type":"LineString","coordinates":[[-73.982362,40.7248],[-73.982149,40.72471]]}},{"type":"Feature","properties":{"lit":0.073},"geometry":{"type":"LineString","coordinates":[[-73.982149,40.72471],[-73.981936,40.72462]]}},{"type":"Feature","properties":{"lit":0.1083},"geometry":{"type":"LineString","coordinates":[[-73.981936,40.72462],[-73.981723,40.72453]]}},{"type":"Feature","properties":{"lit":0.1157},"geometry":{"type":"LineString","coordinates":[[-73.981723,40.72453],[-73.981637,40.724494]]}},{"type":"Feature","properties":{"lit":0.3232},"geometry":{"type":"LineString","coordinates":[[-73.977938,40.729562],[-73.977971,40.729518]]}},{"type":"Feature","properties":{"lit":0.4455},"geometry":{"type":"LineString","coordinates":[[-73.977971,40.729518],[-73.978029,40.72944]]}},{"type":"Feature","properties":{"lit":0.0255},"geometry":{"type":"LineString","coordinates":[[-73.925027,40.806543],[-73.925203,40.806306]]}},{"type":"Feature","properties":{"lit":0.027},"geometry":{"type":"LineString","coordinates":[[-73.925886,40.807316],[-73.925607,40.807205]]}},{"type":"Feature","properties":{"lit":0.0341},"geometry":{"type":"LineString","coordinates":[[-73.925607,40.807205],[-73.925328,40.807094]]}},{"type":"Feature","properties":{"lit":0.0386},"geometry":{"type":"LineString","coordinates":[[-73.925328,40.807094],[-73.92507,40.806992]]}},{"type":"Feature","properties":{"lit":0.0513},"geometry":{"type":"LineString","coordinates":[[-73.92507,40.806992],[-73.924813,40.80689]]}},{"type":"Feature","properties":{"lit":0.0579},"geometry":{"type":"LineString","coordinates":[[-73.924813,40.80689],[-73.924551,40.806788]]}},{"type":"Feature","properties":{"lit":0.0418},"geometry":{"type":"LineString","coordinates":[[-73.924551,40.806788],[-73.924289,40.806686]]}},{"type":"Feature","properties":{"lit":0.0321},"geometry":{"type":"LineString","coordinates":[[-73.925465,40.806877],[-73.925067,40.806709]]}},{"type":"Feature","properties":{"lit":0.0492},"geometry":{"type":"LineString","coordinates":[[-73.925067,40.806709],[-73.925036,40.806695]]}},{"type":"Feature","properties":{"lit":0.0508},"geometry":{"type":"LineString","coordinates":[[-73.925036,40.806695],[-73.925011,40.806672]]}},{"type":"Feature","properties":{"lit":0.0512},"geometry":{"type":"LineString","coordinates":[[-73.925011,40.806672],[-73.924999,40.806653]]}},{"type":"Feature","properties":{"lit":0.0313},"geometry":{"type":"LineString","coordinates":[[-73.929277,40.78612],[-73.929424,40.78618]]}},{"type":"Feature","properties":{"lit":0.0508},"geometry":{"type":"LineString","coordinates":[[-73.929424,40.78618],[-73.929679,40.786287]]}},{"type":"Feature","properties":{"lit":0.0592},"geometry":{"type":"LineString","coordinates":[[-73.929679,40.786287],[-73.929934,40.786395]]}},{"type":"Feature","properties":{"lit":0.041},"geometry":{"type":"LineString","coordinates":[[-73.929934,40.786395],[-73.930189,40.786502]]}},{"type":"Feature","properties":{"lit":0.0569},"geometry":{"type":"LineString","coordinates":[[-73.926591,40.790027],[-73.926776,40.78987]]}},{"type":"Feature","properties":{"lit":0.0346},"geometry":{"type":"LineString","coordinates":[[-73.926776,40.78987],[-73.926961,40.789713]]}},{"type":"Feature","properties":{"lit":0.0335},"geometry":{"type":"LineString","coordinates":[[-73.9276,40.789085],[-73.927731,40.788933]]}},{"type":"Feature","properties":{"lit":0.0528},"geometry":{"type":"LineString","coordinates":[[-73.927731,40.788933],[-73.927874,40.788772]]}},{"type":"Feature","properties":{"lit":0.057},"geometry":{"type":"LineString","coordinates":[[-73.927874,40.788772],[-73.928016,40.788611]]}},{"type":"Feature","properties":{"lit":0.0413},"geometry":{"type":"LineString","coordinates":[[-73.928016,40.788611],[-73.928158,40.78845]]}},{"type":"Feature","properties":{"lit":0.0201},"geometry":{"type":"LineString","coordinates":[[-73.928158,40.78845],[-73.928301,40.788289]]}},{"type":"Feature","properties":{"lit":0.0229},"geometry":{"type":"LineString","coordinates":[[-73.928775,40.78775],[-73.928964,40.787532]]}},{"type":"Feature","properties":{"lit":0.0512},"geometry":{"type":"LineString","coordinates":[[-73.928964,40.787532],[-73.929161,40.787309]]}},{"type":"Feature","properties":{"lit":0.0542},"geometry":{"type":"LineString","coordinates":[[-73.929161,40.787309],[-73.929358,40.787086]]}},{"type":"Feature","properties":{"lit":0.034},"geometry":{"type":"LineString","coordinates":[[-73.929358,40.787086],[-73.929478,40.786947]]}},{"type":"Feature","properties":{"lit":0.021},"geometry":{"type":"LineString","coordinates":[[-73.930556,40.785277],[-73.930591,40.785282]]}},{"type":"Feature","properties":{"lit":0.0211},"geometry":{"type":"LineString","coordinates":[[-73.930464,40.78517],[-73.930464,40.785201]]}},{"type":"Feature","properties":{"lit":0.023},"geometry":{"type":"LineString","coordinates":[[-73.930464,40.785201],[-73.930474,40.785228]]}},{"type":"Feature","properties":{"lit":0.024},"geometry":{"type":"LineString","coordinates":[[-73.930474,40.785228],[-73.930493,40.785249]]}},{"type":"Feature","properties":{"lit":0.0239},"geometry":{"type":"LineString","coordinates":[[-73.930493,40.785249],[-73.930521,40.785267]]}},{"type":"Feature","properties":{"lit":0.0228},"geometry":{"type":"LineString","coordinates":[[-73.930521,40.785267],[-73.930556,40.785277]]}},{"type":"Feature","properties":{"lit":0.1313},"geometry":{"type":"LineString","coordinates":[[-73.982561,40.731352],[-73.982442,40.731304]]}},{"type":"Feature","properties":{"lit":0.144},"geometry":{"type":"LineString","coordinates":[[-73.982442,40.731304],[-73.982205,40.731209]]}},{"type":"Feature","properties":{"lit":0.1344},"geometry":{"type":"LineString","coordinates":[[-73.982205,40.731209],[-73.982064,40.731149]]}},{"type":"Feature","properties":{"lit":0.1115},"geometry":{"type":"LineString","coordinates":[[-73.982064,40.731149],[-73.981748,40.731017]]}},{"type":"Feature","properties":{"lit":0.1104},"geometry":{"type":"LineString","coordinates":[[-73.981748,40.731017],[-73.981524,40.730922]]}},{"type":"Feature","properties":{"lit":0.1218},"geometry":{"type":"LineString","coordinates":[[-73.981524,40.730922],[-73.981299,40.730828]]}},{"type":"Feature","properties":{"lit":0.1161},"geometry":{"type":"LineString","coordinates":[[-73.981299,40.730828],[-73.981075,40.730733]]}},{"type":"Feature","properties":{"lit":0.1073},"geometry":{"type":"LineString","coordinates":[[-73.981075,40.730733],[-73.981048,40.73072]]}},{"type":"Feature","properties":{"lit":0.1051},"geometry":{"type":"LineString","coordinates":[[-73.981048,40.73072],[-73.981022,40.730706]]}},{"type":"Feature","properties":{"lit":0.1002},"geometry":{"type":"LineString","coordinates":[[-73.981022,40.730706],[-73.98093,40.730653]]}},{"type":"Feature","properties":{"lit":0.0953},"geometry":{"type":"LineString","coordinates":[[-73.98093,40.730653],[-73.9809,40.730638]]}},{"type":"Feature","properties":{"lit":0.0892},"geometry":{"type":"LineString","coordinates":[[-73.9809,40.730638],[-73.980751,40.730575]]}},{"type":"Feature","properties":{"lit":0.0837},"geometry":{"type":"LineString","coordinates":[[-73.980751,40.730575],[-73.98073,40.730566]]}},{"type":"Feature","properties":{"lit":0.0758},"geometry":{"type":"LineString","coordinates":[[-73.98073,40.730566],[-73.980461,40.730453]]}},{"type":"Feature","properties":{"lit":0.064},"geometry":{"type":"LineString","coordinates":[[-73.980461,40.730453],[-73.98036,40.730414]]}},{"type":"Feature","properties":{"lit":0.0337},"geometry":{"type":"LineString","coordinates":[[-73.991795,40.730335],[-73.991538,40.730225]]}},{"type":"Feature","properties":{"lit":0.0737},"geometry":{"type":"LineString","coordinates":[[-73.991538,40.730225],[-73.991281,40.730115]]}},{"type":"Feature","properties":{"lit":0.0962},"geometry":{"type":"LineString","coordinates":[[-73.991281,40.730115],[-73.991213,40.730087]]}},{"type":"Feature","properties":{"lit":0.1048},"geometry":{"type":"LineString","coordinates":[[-73.991213,40.730087],[-73.991111,40.730046]]}},{"type":"Feature","properties":{"lit":0.0256},"geometry":{"type":"LineString","coordinates":[[-73.990874,40.724227],[-73.990958,40.724109]]}},{"type":"Feature","properties":{"lit":0.0237},"geometry":{"type":"LineString","coordinates":[[-73.924111,40.806755],[-73.924336,40.806843]]}},{"type":"Feature","properties":{"lit":0.0397},"geometry":{"type":"LineString","coordinates":[[-73.924336,40.806843],[-73.924576,40.806936]]}},{"type":"Feature","properties":{"lit":0.0474},"geometry":{"type":"LineString","coordinates":[[-73.924576,40.806936],[-73.924816,40.807028]]}},{"type":"Feature","properties":{"lit":0.0438},"geometry":{"type":"LineString","coordinates":[[-73.924816,40.807028],[-73.925056,40.80712]]}},{"type":"Feature","properties":{"lit":0.0431},"geometry":{"type":"LineString","coordinates":[[-73.925056,40.80712],[-73.925296,40.807212]]}},{"type":"Feature","properties":{"lit":0.0462},"geometry":{"type":"LineString","coordinates":[[-73.925296,40.807212],[-73.925535,40.807304]]}},{"type":"Feature","properties":{"lit":0.0399},"geometry":{"type":"LineString","coordinates":[[-73.925535,40.807304],[-73.925775,40.807396]]}},{"type":"Feature","properties":{"lit":0.0233},"geometry":{"type":"LineString","coordinates":[[-73.925775,40.807396],[-73.926015,40.807488]]}},{"type":"Feature","properties":{"lit":0.3011},"geometry":{"type":"LineString","coordinates":[[-73.987502,40.724584],[-73.987605,40.724627]]}},{"type":"Feature","properties":{"lit":0.2877},"geometry":{"type":"LineString","coordinates":[[-73.987605,40.724627],[-73.987639,40.724641]]}},{"type":"Feature","properties":{"lit":0.2442},"geometry":{"type":"LineString","coordinates":[[-73.987639,40.724641],[-73.98785,40.72473]]}},{"type":"Feature","properties":{"lit":0.1437},"geometry":{"type":"LineString","coordinates":[[-73.98785,40.72473],[-73.988061,40.724819]]}},{"type":"Feature","properties":{"lit":0.0602},"geometry":{"type":"LineString","coordinates":[[-73.988061,40.724819],[-73.988272,40.724908]]}},{"type":"Feature","properties":{"lit":0.0221},"geometry":{"type":"LineString","coordinates":[[-73.930067,40.785097],[-73.930008,40.785069]]}},{"type":"Feature","properties":{"lit":0.0208},"geometry":{"type":"LineString","coordinates":[[-73.929478,40.786947],[-73.929611,40.786796]]}},{"type":"Feature","properties":{"lit":0.0214},"geometry":{"type":"LineString","coordinates":[[-73.929611,40.786796],[-73.929743,40.786645]]}},{"type":"Feature","properties":{"lit":0.0352},"geometry":{"type":"LineString","coordinates":[[-73.929743,40.786645],[-73.929876,40.786493]]}},{"type":"Feature","properties":{"lit":0.0518},"geometry":{"type":"LineString","coordinates":[[-73.929876,40.786493],[-73.930068,40.786281]]}},{"type":"Feature","properties":{"lit":0.0484},"geometry":{"type":"LineString","coordinates":[[-73.930068,40.786281],[-73.93026,40.786069]]}},{"type":"Feature","properties":{"lit":0.0394},"geometry":{"type":"LineString","coordinates":[[-73.93026,40.786069],[-73.930307,40.786016]]}},{"type":"Feature","properties":{"lit":0.0368},"geometry":{"type":"LineString","coordinates":[[-73.930307,40.786016],[-73.930342,40.78597]]}},{"type":"Feature","properties":{"lit":0.0354},"geometry":{"type":"LineString","coordinates":[[-73.930342,40.78597],[-73.930375,40.785918]]}},{"type":"Feature","properties":{"lit":0.0349},"geometry":{"type":"LineString","coordinates":[[-73.930375,40.785918],[-73.930401,40.785868]]}},{"type":"Feature","properties":{"lit":0.0353},"geometry":{"type":"LineString","coordinates":[[-73.930401,40.785868],[-73.930421,40.785819]]}},{"type":"Feature","properties":{"lit":0.0362},"geometry":{"type":"LineString","coordinates":[[-73.930421,40.785819],[-73.930436,40.785767]]}},{"type":"Feature","properties":{"lit":0.0376},"geometry":{"type":"LineString","coordinates":[[-73.930436,40.785767],[-73.930445,40.785716]]}},{"type":"Feature","properties":{"lit":0.0391},"geometry":{"type":"LineString","coordinates":[[-73.930445,40.785716],[-73.93045,40.785668]]}},{"type":"Feature","properties":{"lit":0.0405},"geometry":{"type":"LineString","coordinates":[[-73.93045,40.785668],[-73.930451,40.785616]]}},{"type":"Feature","properties":{"lit":0.0419},"geometry":{"type":"LineString","coordinates":[[-73.930451,40.785616],[-73.930444,40.785562]]}},{"type":"Feature","properties":{"lit":0.043},"geometry":{"type":"LineString","coordinates":[[-73.930444,40.785562],[-73.930431,40.785508]]}},{"type":"Feature","properties":{"lit":0.0435},"geometry":{"type":"LineString","coordinates":[[-73.930431,40.785508],[-73.930413,40.785453]]}},{"type":"Feature","properties":{"lit":0.0432},"geometry":{"type":"LineString","coordinates":[[-73.930413,40.785453],[-73.93039,40.785402]]}},{"type":"Feature","properties":{"lit":0.0417},"geometry":{"type":"LineString","coordinates":[[-73.93039,40.785402],[-73.930359,40.785351]]}},{"type":"Feature","properties":{"lit":0.0402},"geometry":{"type":"LineString","coordinates":[[-73.930359,40.785351],[-73.930322,40.785301]]}},{"type":"Feature","properties":{"lit":0.0381},"geometry":{"type":"LineString","coordinates":[[-73.930322,40.785301],[-73.930281,40.785257]]}},{"type":"Feature","properties":{"lit":0.0353},"geometry":{"type":"LineString","coordinates":[[-73.930281,40.785257],[-73.930234,40.785212]]}},{"type":"Feature","properties":{"lit":0.032},"geometry":{"type":"LineString","coordinates":[[-73.930234,40.785212],[-73.930184,40.78517]]}},{"type":"Feature","properties":{"lit":0.0283},"geometry":{"type":"LineString","coordinates":[[-73.930184,40.78517],[-73.930126,40.785129]]}},{"type":"Feature","properties":{"lit":0.0246},"geometry":{"type":"LineString","coordinates":[[-73.930126,40.785129],[-73.930067,40.785097]]}},{"type":"Feature","properties":{"lit":0.0604},"geometry":{"type":"LineString","coordinates":[[-73.92477,40.806663],[-73.92476,40.806705]]}},{"type":"Feature","properties":{"lit":0.062},"geometry":{"type":"LineString","coordinates":[[-73.92476,40.806705],[-73.924754,40.80675]]}},{"type":"Feature","properties":{"lit":0.0618},"geometry":{"type":"LineString","coordinates":[[-73.924754,40.80675],[-73.924752,40.806801]]}},{"type":"Feature","properties":{"lit":0.0602},"geometry":{"type":"LineString","coordinates":[[-73.924752,40.806801],[-73.924751,40.806851]]}},{"type":"Feature","properties":{"lit":0.0579},"geometry":{"type":"LineString","coordinates":[[-73.924751,40.806851],[-73.924756,40.806889]]}},{"type":"Feature","properties":{"lit":0.0551},"geometry":{"type":"LineString","coordinates":[[-73.924756,40.806889],[-73.924763,40.806934]]}},{"type":"Feature","properties":{"lit":0.0513},"geometry":{"type":"LineString","coordinates":[[-73.924763,40.806934],[-73.924772,40.806983]]}},{"type":"Feature","properties":{"lit":0.0465},"geometry":{"type":"LineString","coordinates":[[-73.924772,40.806983],[-73.924803,40.807054]]}},{"type":"Feature","properties":{"lit":0.0418},"geometry":{"type":"LineString","coordinates":[[-73.924803,40.807054],[-73.924832,40.807112]]}},{"type":"Feature","properties":{"lit":0.0388},"geometry":{"type":"LineString","coordinates":[[-73.924832,40.807112],[-73.924867,40.807173]]}},{"type":"Feature","properties":{"lit":0.0376},"geometry":{"type":"LineString","coordinates":[[-73.924867,40.807173],[-73.924906,40.807229]]}},{"type":"Feature","properties":{"lit":0.0384},"geometry":{"type":"LineString","coordinates":[[-73.924906,40.807229],[-73.924941,40.807268]]}},{"type":"Feature","properties":{"lit":0.0402},"geometry":{"type":"LineString","coordinates":[[-73.924941,40.807268],[-73.924974,40.8073]]}},{"type":"Feature","properties":{"lit":0.1197},"geometry":{"type":"LineString","coordinates":[[-73.980912,40.737889],[-73.98098,40.737795]]}},{"type":"Feature","properties":{"lit":0.1192},"geometry":{"type":"LineString","coordinates":[[-73.98098,40.737795],[-73.981121,40.737601]]}},{"type":"Feature","properties":{"lit":0.102},"geometry":{"type":"LineString","coordinates":[[-73.981121,40.737601],[-73.981177,40.737524]]}},{"type":"Feature","properties":{"lit":0.0561},"geometry":{"type":"LineString","coordinates":[[-73.992756,40.72354],[-73.992686,40.723725]]}},{"type":"Feature","properties":{"lit":0.1301},"geometry":{"type":"LineString","coordinates":[[-73.992686,40.723725],[-73.992616,40.723911]]}},{"type":"Feature","properties":{"lit":0.1801},"geometry":{"type":"LineString","coordinates":[[-73.992616,40.723911],[-73.992598,40.723964]]}},{"type":"Feature","properties":{"lit":0.2022},"geometry":{"type":"LineString","coordinates":[[-73.992598,40.723964],[-73.992574,40.724055]]}},{"type":"Feature","properties":{"lit":0.0549},"geometry":{"type":"LineString","coordinates":[[-73.994208,40.724627],[-73.994142,40.724603]]}},{"type":"Feature","properties":{"lit":0.0768},"geometry":{"type":"LineString","coordinates":[[-73.994142,40.724603],[-73.993849,40.724499]]}},{"type":"Feature","properties":{"lit":0.0895},"geometry":{"type":"LineString","coordinates":[[-73.993849,40.724499],[-73.993556,40.724394]]}},{"type":"Feature","properties":{"lit":0.0811},"geometry":{"type":"LineString","coordinates":[[-73.993556,40.724394],[-73.993486,40.724369]]}},{"type":"Feature","properties":{"lit":0.0601},"geometry":{"type":"LineString","coordinates":[[-73.98036,40.730414],[-73.980264,40.730378]]}},{"type":"Feature","properties":{"lit":0.0623},"geometry":{"type":"LineString","coordinates":[[-73.980264,40.730378],[-73.979994,40.730274]]}},{"type":"Feature","properties":{"lit":0.0917},"geometry":{"type":"LineString","coordinates":[[-73.979994,40.730274],[-73.979771,40.730179]]}},{"type":"Feature","properties":{"lit":0.121},"geometry":{"type":"LineString","coordinates":[[-73.979771,40.730179],[-73.979549,40.730085]]}},{"type":"Feature","properties":{"lit":0.1265},"geometry":{"type":"LineString","coordinates":[[-73.979549,40.730085],[-73.979326,40.729991]]}},{"type":"Feature","properties":{"lit":0.1223},"geometry":{"type":"LineString","coordinates":[[-73.979326,40.729991],[-73.979104,40.729897]]}},{"type":"Feature","properties":{"lit":0.1571},"geometry":{"type":"LineString","coordinates":[[-73.979104,40.729897],[-73.978882,40.729802]]}},{"type":"Feature","properties":{"lit":0.2367},"geometry":{"type":"LineString","coordinates":[[-73.978882,40.729802],[-73.978659,40.729708]]}},{"type":"Feature","properties":{"lit":0.3772},"geometry":{"type":"LineString","coordinates":[[-73.978659,40.729708],[-73.978437,40.729614]]}},{"type":"Feature","properties":{"lit":0.5508},"geometry":{"type":"LineString","coordinates":[[-73.978437,40.729614],[-73.97813,40.729484]]}},{"type":"Feature","properties":{"lit":0.5565},"geometry":{"type":"LineString","coordinates":[[-73.97813,40.729484],[-73.978029,40.72944]]}},{"type":"Feature","properties":{"lit":0.5066},"geometry":{"type":"LineString","coordinates":[[-73.978029,40.72944],[-73.977946,40.729405]]}},{"type":"Feature","properties":{"lit":0.2832},"geometry":{"type":"LineString","coordinates":[[-73.977946,40.729405],[-73.977532,40.729229]]}},{"type":"Feature","properties":{"lit":0.0649},"geometry":{"type":"LineString","coordinates":[[-73.977532,40.729229],[-73.977305,40.729133]]}},{"type":"Feature","properties":{"lit":0.82},"geometry":{"type":"LineString","coordinates":[[-73.988627,40.722984],[-73.988775,40.722904]]}},{"type":"Feature","properties":{"lit":0.05},"geometry":{"type":"LineString","coordinates":[[-73.990958,40.724109],[-73.991093,40.723997]]}},{"type":"Feature","properties":{"lit":0.0741},"geometry":{"type":"LineString","coordinates":[[-73.991093,40.723997],[-73.991146,40.723924]]}},{"type":"Feature","properties":{"lit":0.0892},"geometry":{"type":"LineString","coordinates":[[-73.991146,40.723924],[-73.991182,40.723875]]}},{"type":"Feature","properties":{"lit":0.1013},"geometry":{"type":"LineString","coordinates":[[-73.991182,40.723875],[-73.991241,40.723793]]}},{"type":"Feature","properties":{"lit":0.1381},"geometry":{"type":"LineString","coordinates":[[-73.99074,40.729894],[-73.990658,40.72986]]}},{"type":"Feature","properties":{"lit":0.1491},"geometry":{"type":"LineString","coordinates":[[-73.990658,40.72986],[-73.990376,40.729761]]}},{"type":"Feature","properties":{"lit":0.1541},"geometry":{"type":"LineString","coordinates":[[-73.990376,40.729761],[-73.990094,40.729662]]}},{"type":"Feature","properties":{"lit":0.0218},"geometry":{"type":"LineString","coordinates":[[-73.92943,40.784334],[-73.929509,40.784291]]}},{"type":"Feature","properties":{"lit":0.0289},"geometry":{"type":"LineString","coordinates":[[-73.929509,40.784291],[-73.929579,40.784261]]}},{"type":"Feature","properties":{"lit":0.0369},"geometry":{"type":"LineString","coordinates":[[-73.929579,40.784261],[-73.929672,40.784235]]}},{"type":"Feature","properties":{"lit":0.0468},"geometry":{"type":"LineString","coordinates":[[-73.929672,40.784235],[-73.929789,40.784211]]}},{"type":"Feature","properties":{"lit":0.0605},"geometry":{"type":"LineString","coordinates":[[-73.929789,40.784211],[-73.930124,40.784153]]}},{"type":"Feature","properties":{"lit":0.0488},"geometry":{"type":"LineString","coordinates":[[-73.930124,40.784153],[-73.930443,40.784099]]}},{"type":"Feature","properties":{"lit":0.0314},"geometry":{"type":"LineString","coordinates":[[-73.930443,40.784099],[-73.930502,40.784088]]}},{"type":"Feature","properties":{"lit":0.0253},"geometry":{"type":"LineString","coordinates":[[-73.930502,40.784088],[-73.930577,40.784067]]}},{"type":"Feature","properties":{"lit":0.0227},"geometry":{"type":"LineString","coordinates":[[-73.927163,40.78868],[-73.92731,40.788513]]}},{"type":"Feature","properties":{"lit":0.026},"geometry":{"type":"LineString","coordinates":[[-73.92731,40.788513],[-73.927457,40.788347]]}},{"type":"Feature","properties":{"lit":0.0232},"geometry":{"type":"LineString","coordinates":[[-73.928444,40.787224],[-73.928597,40.787051]]}},{"type":"Feature","properties":{"lit":0.0258},"geometry":{"type":"LineString","coordinates":[[-73.928597,40.787051],[-73.928751,40.786878]]}},{"type":"Feature","properties":{"lit":0.0202},"geometry":{"type":"LineString","coordinates":[[-73.929208,40.786306],[-73.929237,40.786243]]}},{"type":"Feature","properties":{"lit":0.0223},"geometry":{"type":"LineString","coordinates":[[-73.929237,40.786243],[-73.929262,40.786179]]}},{"type":"Feature","properties":{"lit":0.0241},"geometry":{"type":"LineString","coordinates":[[-73.929262,40.786179],[-73.929277,40.78612]]}},{"type":"Feature","properties":{"lit":0.0346},"geometry":{"type":"LineString","coordinates":[[-73.924543,40.806464],[-73.924519,40.806464]]}},{"type":"Feature","properties":{"lit":0.0327},"geometry":{"type":"LineString","coordinates":[[-73.924519,40.806464],[-73.924484,40.806457]]}},{"type":"Feature","properties":{"lit":0.03},"geometry":{"type":"LineString","coordinates":[[-73.924484,40.806457],[-73.924452,40.806445]]}},{"type":"Feature","properties":{"lit":0.0551},"geometry":{"type":"LineString","coordinates":[[-73.980631,40.738283],[-73.98084,40.73799]]}},{"type":"Feature","properties":{"lit":0.1049},"geometry":{"type":"LineString","coordinates":[[-73.98084,40.73799],[-73.980912,40.737889]]}},{"type":"Feature","properties":{"lit":0.027},"geometry":{"type":"LineString","coordinates":[[-73.924747,40.806263],[-73.924627,40.806432]]}},{"type":"Feature","properties":{"lit":0.036},"geometry":{"type":"LineString","coordinates":[[-73.924627,40.806432],[-73.9246,40.806453]]}},{"type":"Feature","properties":{"lit":0.0366},"geometry":{"type":"LineString","coordinates":[[-73.9246,40.806453],[-73.924583,40.806459]]}},{"type":"Feature","properties":{"lit":0.036},"geometry":{"type":"LineString","coordinates":[[-73.924583,40.806459],[-73.924543,40.806464]]}},{"type":"Feature","properties":{"lit":0.0962},"geometry":{"type":"LineString","coordinates":[[-73.925745,40.805257],[-73.925968,40.80535]]}},{"type":"Feature","properties":{"lit":0.0721},"geometry":{"type":"LineString","coordinates":[[-73.925968,40.80535],[-73.926191,40.805444]]}},{"type":"Feature","properties":{"lit":0.0366},"geometry":{"type":"LineString","coordinates":[[-73.926191,40.805444],[-73.926414,40.805538]]}},{"type":"Feature","properties":{"lit":0.3602},"geometry":{"type":"LineString","coordinates":[[-73.987968,40.72394],[-73.987915,40.724013]]}},{"type":"Feature","properties":{"lit":0.3175},"geometry":{"type":"LineString","coordinates":[[-73.987915,40.724013],[-73.987776,40.724206]]}},{"type":"Feature","properties":{"lit":0.267},"geometry":{"type":"LineString","coordinates":[[-73.987776,40.724206],[-73.987637,40.724398]]}},{"type":"Feature","properties":{"lit":0.0347},"geometry":{"type":"LineString","coordinates":[[-73.982573,40.740274],[-73.982802,40.740371]]}},{"type":"Feature","properties":{"lit":0.0671},"geometry":{"type":"LineString","coordinates":[[-73.982802,40.740371],[-73.983031,40.740468]]}},{"type":"Feature","properties":{"lit":0.085},"geometry":{"type":"LineString","coordinates":[[-73.983031,40.740468],[-73.98326,40.740565]]}},{"type":"Feature","properties":{"lit":0.0705},"geometry":{"type":"LineString","coordinates":[[-73.98326,40.740565],[-73.983489,40.740662]]}},{"type":"Feature","properties":{"lit":0.0383},"geometry":{"type":"LineString","coordinates":[[-73.983489,40.740662],[-73.983718,40.740759]]}},{"type":"Feature","properties":{"lit":0.8767},"geometry":{"type":"LineString","coordinates":[[-73.989037,40.722986],[-73.988949,40.722958]]}},{"type":"Feature","properties":{"lit":0.8677},"geometry":{"type":"LineString","coordinates":[[-73.988949,40.722958],[-73.988919,40.722949]]}},{"type":"Feature","properties":{"lit":0.8568},"geometry":{"type":"LineString","coordinates":[[-73.988919,40.722949],[-73.988883,40.722937]]}},{"type":"Feature","properties":{"lit":0.8238},"geometry":{"type":"LineString","coordinates":[[-73.988883,40.722937],[-73.988775,40.722904]]}},{"type":"Feature","properties":{"lit":0.1261},"geometry":{"type":"LineString","coordinates":[[-73.993134,40.724244],[-73.992863,40.724147]]}},{"type":"Feature","properties":{"lit":0.1664},"geometry":{"type":"LineString","coordinates":[[-73.992863,40.724147],[-73.992808,40.72413]]}},{"type":"Feature","properties":{"lit":0.1857},"geometry":{"type":"LineString","coordinates":[[-73.992808,40.72413],[-73.992697,40.724094]]}},{"type":"Feature","properties":{"lit":0.5275},"geometry":{"type":"LineString","coordinates":[[-73.988159,40.722847],[-73.988357,40.722906]]}},{"type":"Feature","properties":{"lit":0.6243},"geometry":{"type":"LineString","coordinates":[[-73.988357,40.722906],[-73.988404,40.722919]]}},{"type":"Feature","properties":{"lit":0.6582},"geometry":{"type":"LineString","coordinates":[[-73.988404,40.722919],[-73.98844,40.722929]]}},{"type":"Feature","properties":{"lit":0.7508},"geometry":{"type":"LineString","coordinates":[[-73.98844,40.722929],[-73.988627,40.722984]]}},{"type":"Feature","properties":{"lit":0.255},"geometry":{"type":"LineString","coordinates":[[-73.995819,40.725147],[-73.995808,40.725145]]}},{"type":"Feature","properties":{"lit":0.1881},"geometry":{"type":"LineString","coordinates":[[-73.995808,40.725145],[-73.995489,40.72507]]}},{"type":"Feature","properties":{"lit":0.1288},"geometry":{"type":"LineString","coordinates":[[-73.995489,40.72507],[-73.995369,40.725034]]}},{"type":"Feature","properties":{"lit":0.3429},"geometry":{"type":"LineString","coordinates":[[-73.996114,40.725356],[-73.996359,40.725416]]}},{"type":"Feature","properties":{"lit":0.2457},"geometry":{"type":"LineString","coordinates":[[-73.996359,40.725416],[-73.996603,40.725476]]}},{"type":"Feature","properties":{"lit":0.1509},"geometry":{"type":"LineString","coordinates":[[-73.996603,40.725476],[-73.996715,40.725501]]}},{"type":"Feature","properties":{"lit":0.2054},"geometry":{"type":"LineString","coordinates":[[-73.992697,40.724094],[-73.992574,40.724055]]}},{"type":"Feature","properties":{"lit":0.1298},"geometry":{"type":"LineString","coordinates":[[-73.996813,40.725384],[-73.996703,40.725358]]}},{"type":"Feature","properties":{"lit":0.2706},"geometry":{"type":"LineString","coordinates":[[-73.996703,40.725358],[-73.996284,40.725258]]}},{"type":"Feature","properties":{"lit":0.3573},"geometry":{"type":"LineString","coordinates":[[-73.996284,40.725258],[-73.995968,40.725183]]}},{"type":"Feature","properties":{"lit":0.3015},"geometry":{"type":"LineString","coordinates":[[-73.995968,40.725183],[-73.995881,40.725162]]}},{"type":"Feature","properties":{"lit":0.097},"geometry":{"type":"LineString","coordinates":[[-73.996715,40.725501],[-73.996837,40.725535]]}},{"type":"Feature","properties":{"lit":0.0502},"geometry":{"type":"LineString","coordinates":[[-73.996837,40.725535],[-73.996993,40.725585]]}},{"type":"Feature","properties":{"lit":0.0272},"geometry":{"type":"LineString","coordinates":[[-73.992416,40.724865],[-73.992505,40.724619]]}},{"type":"Feature","properties":{"lit":0.1009},"geometry":{"type":"LineString","coordinates":[[-73.992505,40.724619],[-73.992594,40.724373]]}},{"type":"Feature","properties":{"lit":0.1609},"geometry":{"type":"LineString","coordinates":[[-73.992594,40.724373],[-73.992612,40.724319]]}},{"type":"Feature","properties":{"lit":0.1827},"geometry":{"type":"LineString","coordinates":[[-73.992612,40.724319],[-73.992645,40.724234]]}},{"type":"Feature","properties":{"lit":0.1997},"geometry":{"type":"LineString","coordinates":[[-73.992645,40.724234],[-73.992697,40.724094]]}},{"type":"Feature","properties":{"lit":0.2159},"geometry":{"type":"LineString","coordinates":[[-73.992574,40.724055],[-73.992531,40.724197]]}},{"type":"Feature","properties":{"lit":0.0359},"geometry":{"type":"LineString","coordinates":[[-73.996229,40.723971],[-73.996053,40.724183]]}},{"type":"Feature","properties":{"lit":0.0708},"geometry":{"type":"LineString","coordinates":[[-73.996053,40.724183],[-73.995877,40.724401]]}},{"type":"Feature","properties":{"lit":0.0575},"geometry":{"type":"LineString","coordinates":[[-73.997119,40.722299],[-73.997099,40.722361]]}},{"type":"Feature","properties":{"lit":0.0563},"geometry":{"type":"LineString","coordinates":[[-73.997099,40.722361],[-73.997091,40.72238]]}},{"type":"Feature","properties":{"lit":0.048},"geometry":{"type":"LineString","coordinates":[[-73.997091,40.72238],[-73.997005,40.722593]]}},{"type":"Feature","properties":{"lit":0.0238},"geometry":{"type":"LineString","coordinates":[[-73.997005,40.722593],[-73.996918,40.722807]]}},{"type":"Feature","properties":{"lit":0.094},"geometry":{"type":"LineString","coordinates":[[-73.995877,40.724401],[-73.99573,40.724584]]}},{"type":"Feature","properties":{"lit":0.1135},"geometry":{"type":"LineString","coordinates":[[-73.99573,40.724584],[-73.995583,40.724767]]}},{"type":"Feature","properties":{"lit":0.129},"geometry":{"type":"LineString","coordinates":[[-73.995583,40.724767],[-73.995473,40.724905]]}},{"type":"Feature","properties":{"lit":0.1287},"geometry":{"type":"LineString","coordinates":[[-73.995473,40.724905],[-73.995429,40.72496]]}},{"type":"Feature","properties":{"lit":0.1231},"geometry":{"type":"LineString","coordinates":[[-73.995429,40.72496],[-73.995369,40.725034]]}},{"type":"Feature","properties":{"lit":0.0809},"geometry":{"type":"LineString","coordinates":[[-73.991617,40.729657],[-73.991552,40.729734]]}},{"type":"Feature","properties":{"lit":0.0891},"geometry":{"type":"LineString","coordinates":[[-73.991552,40.729734],[-73.991536,40.72975]]}},{"type":"Feature","properties":{"lit":0.0922},"geometry":{"type":"LineString","coordinates":[[-73.991536,40.72975],[-73.991514,40.729769]]}},{"type":"Feature","properties":{"lit":0.0956},"geometry":{"type":"LineString","coordinates":[[-73.991514,40.729769],[-73.991491,40.729788]]}},{"type":"Feature","properties":{"lit":0.0988},"geometry":{"type":"LineString","coordinates":[[-73.991491,40.729788],[-73.991466,40.729808]]}},{"type":"Feature","properties":{"lit":0.1024},"geometry":{"type":"LineString","coordinates":[[-73.991466,40.729808],[-73.991431,40.729832]]}},{"type":"Feature","properties":{"lit":0.106},"geometry":{"type":"LineString","coordinates":[[-73.991431,40.729832],[-73.991395,40.729856]]}},{"type":"Feature","properties":{"lit":0.0932},"geometry":{"type":"LineString","coordinates":[[-73.995275,40.725152],[-73.995216,40.725226]]}},{"type":"Feature","properties":{"lit":0.0785},"geometry":{"type":"LineString","coordinates":[[-73.995216,40.725226],[-73.99505,40.725429]]}},{"type":"Feature","properties":{"lit":0.0658},"geometry":{"type":"LineString","coordinates":[[-73.99505,40.725429],[-73.994884,40.725632]]}},{"type":"Feature","properties":{"lit":0.0451},"geometry":{"type":"LineString","coordinates":[[-73.994884,40.725632],[-73.994719,40.725834]]}},{"type":"Feature","properties":{"lit":0.028},"geometry":{"type":"LineString","coordinates":[[-73.994719,40.725834],[-73.994685,40.725877]]}},{"type":"Feature","properties":{"lit":0.0221},"geometry":{"type":"LineString","coordinates":[[-73.994685,40.725877],[-73.994647,40.725927]]}},{"type":"Feature","properties":{"lit":0.025},"geometry":{"type":"LineString","coordinates":[[-73.992204,40.729981],[-73.991935,40.72994]]}},{"type":"Feature","properties":{"lit":0.0585},"geometry":{"type":"LineString","coordinates":[[-73.991935,40.72994],[-73.991665,40.729899]]}},{"type":"Feature","properties":{"lit":0.0867},"geometry":{"type":"LineString","coordinates":[[-73.991665,40.729899],[-73.991543,40.72988]]}},{"type":"Feature","properties":{"lit":0.1016},"geometry":{"type":"LineString","coordinates":[[-73.991543,40.72988],[-73.991395,40.729856]]}},{"type":"Feature","properties":{"lit":0.1269},"geometry":{"type":"LineString","coordinates":[[-73.982817,40.731001],[-73.982627,40.73127]]}},{"type":"Feature","properties":{"lit":0.1269},"geometry":{"type":"LineString","coordinates":[[-73.982627,40.73127],[-73.982561,40.731352]]}},{"type":"Feature","properties":{"lit":0.0454},"geometry":{"type":"LineString","coordinates":[[-73.978917,40.736383],[-73.978764,40.73659]]}},{"type":"Feature","properties":{"lit":0.0555},"geometry":{"type":"LineString","coordinates":[[-73.978764,40.73659],[-73.978611,40.736798]]}},{"type":"Feature","properties":{"lit":0.044},"geometry":{"type":"LineString","coordinates":[[-73.978611,40.736798],[-73.978541,40.736896]]}},{"type":"Feature","properties":{"lit":0.1165},"geometry":{"type":"LineString","coordinates":[[-73.982561,40.731352],[-73.982507,40.731419]]}},{"type":"Feature","properties":{"lit":0.0852},"geometry":{"type":"LineString","coordinates":[[-73.982507,40.731419],[-73.982352,40.731633]]}},{"type":"Feature","properties":{"lit":0.0345},"geometry":{"type":"LineString","coordinates":[[-73.982352,40.731633],[-73.982196,40.731847]]}},{"type":"Feature","properties":{"lit":0.0346},"geometry":{"type":"LineString","coordinates":[[-73.978541,40.736896],[-73.978405,40.736836]]}},{"type":"Feature","properties":{"lit":0.0355},"geometry":{"type":"LineString","coordinates":[[-73.978965,40.737075],[-73.97882,40.737014]]}},{"type":"Feature","properties":{"lit":0.0412},"geometry":{"type":"LineString","coordinates":[[-73.97882,40.737014],[-73.978682,40.736955]]}},{"type":"Feature","properties":{"lit":0.0407},"geometry":{"type":"LineString","coordinates":[[-73.978682,40.736955],[-73.978541,40.736896]]}},{"type":"Feature","properties":{"lit":0.0679},"geometry":{"type":"LineString","coordinates":[[-73.996371,40.725908],[-73.996513,40.725739]]}},{"type":"Feature","properties":{"lit":0.1128},"geometry":{"type":"LineString","coordinates":[[-73.996513,40.725739],[-73.996655,40.725571]]}},{"type":"Feature","properties":{"lit":0.1256},"geometry":{"type":"LineString","coordinates":[[-73.996655,40.725571],[-73.996715,40.725501]]}},{"type":"Feature","properties":{"lit":0.0432},"geometry":{"type":"LineString","coordinates":[[-73.924566,40.806693],[-73.924356,40.806976]]}},{"type":"Feature","properties":{"lit":0.0572},"geometry":{"type":"LineString","coordinates":[[-73.988697,40.729826],[-73.988664,40.729865]]}},{"type":"Feature","properties":{"lit":0.0581},"geometry":{"type":"LineString","coordinates":[[-73.988664,40.729865],[-73.988603,40.729941]]}},{"type":"Feature","properties":{"lit":0.0234},"geometry":{"type":"LineString","coordinates":[[-74.000909,40.731769],[-74.000845,40.731855]]}},{"type":"Feature","properties":{"lit":0.0583},"geometry":{"type":"LineString","coordinates":[[-74.000845,40.731855],[-74.000696,40.73206]]}},{"type":"Feature","properties":{"lit":0.128},"geometry":{"type":"LineString","coordinates":[[-74.000696,40.73206],[-74.000547,40.732265]]}},{"type":"Feature","properties":{"lit":0.1574},"geometry":{"type":"LineString","coordinates":[[-74.000547,40.732265],[-74.000511,40.732315]]}},{"type":"Feature","properties":{"lit":0.161},"geometry":{"type":"LineString","coordinates":[[-74.000511,40.732315],[-74.000469,40.732373]]}},{"type":"Feature","properties":{"lit":0.1515},"geometry":{"type":"LineString","coordinates":[[-74.000469,40.732373],[-74.000347,40.732541]]}},{"type":"Feature","properties":{"lit":0.1179},"geometry":{"type":"LineString","coordinates":[[-74.000347,40.732541],[-74.000226,40.732708]]}},{"type":"Feature","properties":{"lit":0.1045},"geometry":{"type":"LineString","coordinates":[[-74.000226,40.732708],[-74.000105,40.732876]]}},{"type":"Feature","properties":{"lit":0.1121},"geometry":{"type":"LineString","coordinates":[[-74.000105,40.732876],[-74.000066,40.732929]]}},{"type":"Feature","properties":{"lit":0.1172},"geometry":{"type":"LineString","coordinates":[[-74.000066,40.732929],[-74.000022,40.732989]]}},{"type":"Feature","properties":{"lit":0.1208},"geometry":{"type":"LineString","coordinates":[[-74.000022,40.732989],[-73.999889,40.733169]]}},{"type":"Feature","properties":{"lit":0.1052},"geometry":{"type":"LineString","coordinates":[[-73.999889,40.733169],[-73.999838,40.733237]]}},{"type":"Feature","properties":{"lit":0.1523},"geometry":{"type":"LineString","coordinates":[[-73.989905,40.729568],[-73.989854,40.729637]]}},{"type":"Feature","properties":{"lit":0.14},"geometry":{"type":"LineString","coordinates":[[-73.989854,40.729637],[-73.98982,40.729683]]}},{"type":"Feature","properties":{"lit":0.1074},"geometry":{"type":"LineString","coordinates":[[-73.98982,40.729683],[-73.989692,40.729861]]}},{"type":"Feature","properties":{"lit":0.0574},"geometry":{"type":"LineString","coordinates":[[-73.987187,40.733298],[-73.987048,40.733242]]}},{"type":"Feature","properties":{"lit":0.0453},"geometry":{"type":"LineString","coordinates":[[-73.987048,40.733242],[-73.986942,40.733199]]}},{"type":"Feature","properties":{"lit":0.0244},"geometry":{"type":"LineString","coordinates":[[-73.986942,40.733199],[-73.986666,40.733081]]}},{"type":"Feature","properties":{"lit":0.1994},"geometry":{"type":"LineString","coordinates":[[-73.992531,40.724197],[-73.992502,40.724282]]}},{"type":"Feature","properties":{"lit":0.1821},"geometry":{"type":"LineString","coordinates":[[-73.992502,40.724282],[-73.992495,40.724308]]}},{"type":"Feature","properties":{"lit":0.128},"geometry":{"type":"LineString","coordinates":[[-73.992495,40.724308],[-73.992412,40.724541]]}},{"type":"Feature","properties":{"lit":0.0423},"geometry":{"type":"LineString","coordinates":[[-73.992412,40.724541],[-73.992329,40.724775]]}},{"type":"Feature","properties":{"lit":0.0647},"geometry":{"type":"LineString","coordinates":[[-73.986691,40.733982],[-73.98683,40.734037]]}},{"type":"Feature","properties":{"lit":0.0544},"geometry":{"type":"LineString","coordinates":[[-73.98683,40.734037],[-73.987087,40.734144]]}},{"type":"Feature","properties":{"lit":0.0295},"geometry":{"type":"LineString","coordinates":[[-73.987087,40.734144],[-73.987298,40.734233]]}},{"type":"Feature","properties":{"lit":0.0389},"geometry":{"type":"LineString","coordinates":[[-73.98628,40.733814],[-73.986496,40.733905]]}},{"type":"Feature","properties":{"lit":0.0531},"geometry":{"type":"LineString","coordinates":[[-73.986496,40.733905],[-73.986551,40.733928]]}},{"type":"Feature","properties":{"lit":0.0607},"geometry":{"type":"LineString","coordinates":[[-73.986551,40.733928],[-73.986691,40.733982]]}},{"type":"Feature","properties":{"lit":0.1121},"geometry":{"type":"LineString","coordinates":[[-73.991111,40.730046],[-73.991032,40.730013]]}},{"type":"Feature","properties":{"lit":0.1199},"geometry":{"type":"LineString","coordinates":[[-73.991032,40.730013],[-73.990866,40.729945]]}},{"type":"Feature","properties":{"lit":0.1278},"geometry":{"type":"LineString","coordinates":[[-73.990866,40.729945],[-73.990815,40.729924]]}},{"type":"Feature","properties":{"lit":0.1323},"geometry":{"type":"LineString","coordinates":[[-73.990815,40.729924],[-73.99074,40.729894]]}},{"type":"Feature","properties":{"lit":0.0921},"geometry":{"type":"LineString","coordinates":[[-73.991075,40.723602],[-73.99092,40.72356]]}},{"type":"Feature","properties":{"lit":0.08},"geometry":{"type":"LineString","coordinates":[[-73.99092,40.72356],[-73.99048,40.723425]]}},{"type":"Feature","properties":{"lit":0.0962},"geometry":{"type":"LineString","coordinates":[[-73.99048,40.723425],[-73.990424,40.723408]]}},{"type":"Feature","properties":{"lit":0.1063},"geometry":{"type":"LineString","coordinates":[[-73.990424,40.723408],[-73.990297,40.723372]]}},{"type":"Feature","properties":{"lit":0.061},"geometry":{"type":"LineString","coordinates":[[-73.983536,40.730019],[-73.983418,40.72997]]}},{"type":"Feature","properties":{"lit":0.0676},"geometry":{"type":"LineString","coordinates":[[-73.983418,40.72997],[-73.983191,40.729873]]}},{"type":"Feature","properties":{"lit":0.0553},"geometry":{"type":"LineString","coordinates":[[-73.983191,40.729873],[-73.982963,40.729777]]}},{"type":"Feature","properties":{"lit":0.0304},"geometry":{"type":"LineString","coordinates":[[-73.982963,40.729777],[-73.982735,40.729681]]}},{"type":"Feature","properties":{"lit":0.0284},"geometry":{"type":"LineString","coordinates":[[-73.979287,40.728228],[-73.979072,40.728137]]}},{"type":"Feature","properties":{"lit":0.0305},"geometry":{"type":"LineString","coordinates":[[-73.979072,40.728137],[-73.978998,40.728106]]}},{"type":"Feature","properties":{"lit":0.0298},"geometry":{"type":"LineString","coordinates":[[-73.978998,40.728106],[-73.978932,40.728077]]}},{"type":"Feature","properties":{"lit":0.0251},"geometry":{"type":"LineString","coordinates":[[-73.978932,40.728077],[-73.978711,40.727982]]}},{"type":"Feature","properties":{"lit":0.4073},"geometry":{"type":"LineString","coordinates":[[-73.978536,40.728746],[-73.978615,40.728779]]}},{"type":"Feature","properties":{"lit":0.4098},"geometry":{"type":"LineString","coordinates":[[-73.978615,40.728779],[-73.97883,40.72887]]}},{"type":"Feature","properties":{"lit":0.3044},"geometry":{"type":"LineString","coordinates":[[-73.97883,40.72887],[-73.979044,40.72896]]}},{"type":"Feature","properties":{"lit":0.1595},"geometry":{"type":"LineString","coordinates":[[-73.979044,40.72896],[-73.979259,40.729051]]}},{"type":"Feature","properties":{"lit":0.0616},"geometry":{"type":"LineString","coordinates":[[-73.979259,40.729051],[-73.979473,40.729141]]}},{"type":"Feature","properties":{"lit":0.0205},"geometry":{"type":"LineString","coordinates":[[-73.979473,40.729141],[-73.979688,40.729231]]}},{"type":"Feature","properties":{"lit":0.0321},"geometry":{"type":"LineString","coordinates":[[-73.98251,40.73042],[-73.98273,40.730513]]}},{"type":"Feature","properties":{"lit":0.0583},"geometry":{"type":"LineString","coordinates":[[-73.98273,40.730513],[-73.982951,40.730606]]}},{"type":"Feature","properties":{"lit":0.0748},"geometry":{"type":"LineString","coordinates":[[-73.982951,40.730606],[-73.983064,40.730653]]}},{"type":"Feature","properties":{"lit":0.0432},"geometry":{"type":"LineString","coordinates":[[-73.97874,40.727161],[-73.978958,40.727253]]}},{"type":"Feature","properties":{"lit":0.1387},"geometry":{"type":"LineString","coordinates":[[-73.978958,40.727253],[-73.979177,40.727345]]}},{"type":"Feature","properties":{"lit":0.3049},"geometry":{"type":"LineString","coordinates":[[-73.979177,40.727345],[-73.979395,40.727437]]}},{"type":"Feature","properties":{"lit":0.4179},"geometry":{"type":"LineString","coordinates":[[-73.979395,40.727437],[-73.979469,40.727468]]}},{"type":"Feature","properties":{"lit":0.4613},"geometry":{"type":"LineString","coordinates":[[-73.979469,40.727468],[-73.979551,40.727503]]}},{"type":"Feature","properties":{"lit":0.4866},"geometry":{"type":"LineString","coordinates":[[-73.979551,40.727503],[-73.979765,40.727593]]}},{"type":"Feature","properties":{"lit":0.386},"geometry":{"type":"LineString","coordinates":[[-73.979765,40.727593],[-73.979979,40.727683]]}},{"type":"Feature","properties":{"lit":0.2125},"geometry":{"type":"LineString","coordinates":[[-73.979979,40.727683],[-73.980193,40.727773]]}},{"type":"Feature","properties":{"lit":0.082},"geometry":{"type":"LineString","coordinates":[[-73.980193,40.727773],[-73.980407,40.727863]]}},{"type":"Feature","properties":{"lit":0.0224},"geometry":{"type":"LineString","coordinates":[[-73.980407,40.727863],[-73.98062,40.727953]]}},{"type":"Feature","properties":{"lit":0.1422},"geometry":{"type":"LineString","coordinates":[[-73.984443,40.728779],[-73.984318,40.728723]]}},{"type":"Feature","properties":{"lit":0.1131},"geometry":{"type":"LineString","coordinates":[[-73.984318,40.728723],[-73.984105,40.728633]]}},{"type":"Feature","properties":{"lit":0.0625},"geometry":{"type":"LineString","coordinates":[[-73.984105,40.728633],[-73.983891,40.728543]]}},{"type":"Feature","properties":{"lit":0.0246},"geometry":{"type":"LineString","coordinates":[[-73.983891,40.728543],[-73.983678,40.728453]]}},{"type":"Feature","properties":{"lit":0.0286},"geometry":{"type":"LineString","coordinates":[[-73.982398,40.727913],[-73.982343,40.727889]]}},{"type":"Feature","properties":{"lit":0.0333},"geometry":{"type":"LineString","coordinates":[[-73.982343,40.727889],[-73.982238,40.727845]]}},{"type":"Feature","properties":{"lit":0.18},"geometry":{"type":"LineString","coordinates":[[-73.982654,40.727273],[-73.98276,40.727319]]}},{"type":"Feature","properties":{"lit":0.1202},"geometry":{"type":"LineString","coordinates":[[-73.98276,40.727319],[-73.982971,40.727407]]}},{"type":"Feature","properties":{"lit":0.0588},"geometry":{"type":"LineString","coordinates":[[-73.982971,40.727407],[-73.983182,40.727496]]}},{"type":"Feature","properties":{"lit":0.0214},"geometry":{"type":"LineString","coordinates":[[-73.983182,40.727496],[-73.983393,40.727585]]}},{"type":"Feature","properties":{"lit":0.0322},"geometry":{"type":"LineString","coordinates":[[-73.984237,40.727941],[-73.984448,40.728029]]}},{"type":"Feature","properties":{"lit":0.0726},"geometry":{"type":"LineString","coordinates":[[-73.984448,40.728029],[-73.984659,40.728118]]}},{"type":"Feature","properties":{"lit":0.1006},"geometry":{"type":"LineString","coordinates":[[-73.984659,40.728118],[-73.984693,40.728133]]}},{"type":"Feature","properties":{"lit":0.1081},"geometry":{"type":"LineString","coordinates":[[-73.984693,40.728133],[-73.98473,40.728149]]}},{"type":"Feature","properties":{"lit":0.1243},"geometry":{"type":"LineString","coordinates":[[-73.98473,40.728149],[-73.984867,40.728205]]}},{"type":"Feature","properties":{"lit":0.291},"geometry":{"type":"LineString","coordinates":[[-73.985307,40.727599],[-73.985175,40.727544]]}},{"type":"Feature","properties":{"lit":0.2572},"geometry":{"type":"LineString","coordinates":[[-73.985175,40.727544],[-73.984956,40.727451]]}},{"type":"Feature","properties":{"lit":0.1798},"geometry":{"type":"LineString","coordinates":[[-73.984956,40.727451],[-73.984736,40.727359]]}},{"type":"Feature","properties":{"lit":0.1083},"geometry":{"type":"LineString","coordinates":[[-73.984736,40.727359],[-73.984516,40.727266]]}},{"type":"Feature","properties":{"lit":0.1191},"geometry":{"type":"LineString","coordinates":[[-73.984516,40.727266],[-73.984297,40.727174]]}},{"type":"Feature","properties":{"lit":0.2026},"geometry":{"type":"LineString","coordinates":[[-73.984297,40.727174],[-73.984077,40.727081]]}},{"type":"Feature","properties":{"lit":0.3306},"geometry":{"type":"LineString","coordinates":[[-73.984077,40.727081],[-73.983857,40.726989]]}},{"type":"Feature","properties":{"lit":0.4458},"geometry":{"type":"LineString","coordinates":[[-73.983857,40.726989],[-73.983638,40.726896]]}},{"type":"Feature","properties":{"lit":0.5088},"geometry":{"type":"LineString","coordinates":[[-73.983638,40.726896],[-73.983418,40.726804]]}},{"type":"Feature","properties":{"lit":0.5729},"geometry":{"type":"LineString","coordinates":[[-73.983418,40.726804],[-73.983198,40.726712]]}},{"type":"Feature","properties":{"lit":0.6308},"geometry":{"type":"LineString","coordinates":[[-73.983198,40.726712],[-73.98309,40.726666]]}},{"type":"Feature","properties":{"lit":0.9073},"geometry":{"type":"LineString","coordinates":[[-73.985753,40.726988],[-73.985854,40.727031]]}},{"type":"Feature","properties":{"lit":0.8102},"geometry":{"type":"LineString","coordinates":[[-73.985854,40.727031],[-73.985891,40.727047]]}},{"type":"Feature","properties":{"lit":0.6311},"geometry":{"type":"LineString","coordinates":[[-73.985891,40.727047],[-73.986102,40.727135]]}},{"type":"Feature","properties":{"lit":0.3723},"geometry":{"type":"LineString","coordinates":[[-73.986102,40.727135],[-73.986312,40.727224]]}},{"type":"Feature","properties":{"lit":0.2159},"geometry":{"type":"LineString","coordinates":[[-73.986312,40.727224],[-73.986522,40.727313]]}},{"type":"Feature","properties":{"lit":0.1338},"geometry":{"type":"LineString","coordinates":[[-73.986522,40.727313],[-73.986733,40.727401]]}},{"type":"Feature","properties":{"lit":0.0797},"geometry":{"type":"LineString","coordinates":[[-73.986733,40.727401],[-73.986943,40.72749]]}},{"type":"Feature","properties":{"lit":0.045},"geometry":{"type":"LineString","coordinates":[[-73.986943,40.72749],[-73.987154,40.727578]]}},{"type":"Feature","properties":{"lit":0.0306},"geometry":{"type":"LineString","coordinates":[[-73.987154,40.727578],[-73.987364,40.727667]]}},{"type":"Feature","properties":{"lit":0.0377},"geometry":{"type":"LineString","coordinates":[[-73.987364,40.727667],[-73.987574,40.727755]]}},{"type":"Feature","properties":{"lit":0.0534},"geometry":{"type":"LineString","coordinates":[[-73.987574,40.727755],[-73.987785,40.727844]]}},{"type":"Feature","properties":{"lit":0.0604},"geometry":{"type":"LineString","coordinates":[[-73.987785,40.727844],[-73.987995,40.727933]]}},{"type":"Feature","properties":{"lit":0.0556},"geometry":{"type":"LineString","coordinates":[[-73.987995,40.727933],[-73.988038,40.727951]]}},{"type":"Feature","properties":{"lit":0.0508},"geometry":{"type":"LineString","coordinates":[[-73.988038,40.727951],[-73.98812,40.727985]]}},{"type":"Feature","properties":{"lit":0.0301},"geometry":{"type":"LineString","coordinates":[[-73.987154,40.726823],[-73.986943,40.726734]]}},{"type":"Feature","properties":{"lit":0.09},"geometry":{"type":"LineString","coordinates":[[-73.986943,40.726734],[-73.986732,40.726644]]}},{"type":"Feature","properties":{"lit":0.2129},"geometry":{"type":"LineString","coordinates":[[-73.986732,40.726644],[-73.986521,40.726555]]}},{"type":"Feature","properties":{"lit":0.3752},"geometry":{"type":"LineString","coordinates":[[-73.986521,40.726555],[-73.98631,40.726466]]}},{"type":"Feature","properties":{"lit":0.4517},"geometry":{"type":"LineString","coordinates":[[-73.98631,40.726466],[-73.986282,40.726454]]}},{"type":"Feature","properties":{"lit":0.4804},"geometry":{"type":"LineString","coordinates":[[-73.986282,40.726454],[-73.986176,40.726409]]}},{"type":"Feature","properties":{"lit":0.6338},"geometry":{"type":"LineString","coordinates":[[-73.987053,40.725203],[-73.986918,40.725144]]}},{"type":"Feature","properties":{"lit":0.5034},"geometry":{"type":"LineString","coordinates":[[-73.986918,40.725144],[-73.98674,40.725068]]}},{"type":"Feature","properties":{"lit":0.2367},"geometry":{"type":"LineString","coordinates":[[-73.98674,40.725068],[-73.986412,40.724929]]}},{"type":"Feature","properties":{"lit":0.0936},"geometry":{"type":"LineString","coordinates":[[-73.986412,40.724929],[-73.986343,40.724899]]}},{"type":"Feature","properties":{"lit":0.0335},"geometry":{"type":"LineString","coordinates":[[-73.986343,40.724899],[-73.986094,40.724796]]}},{"type":"Feature","properties":{"lit":0.0386},"geometry":{"type":"LineString","coordinates":[[-73.985448,40.724525],[-73.985195,40.724419]]}},{"type":"Feature","properties":{"lit":0.0754},"geometry":{"type":"LineString","coordinates":[[-73.985195,40.724419],[-73.984942,40.724313]]}},{"type":"Feature","properties":{"lit":0.0882},"geometry":{"type":"LineString","coordinates":[[-73.984942,40.724313],[-73.984831,40.724266]]}},{"type":"Feature","properties":{"lit":0.0662},"geometry":{"type":"LineString","coordinates":[[-73.981404,40.738092],[-73.981647,40.738196]]}},{"type":"Feature","properties":{"lit":0.0791},"geometry":{"type":"LineString","coordinates":[[-73.981647,40.738196],[-73.98189,40.738301]]}},{"type":"Feature","properties":{"lit":0.111},"geometry":{"type":"LineString","coordinates":[[-73.98189,40.738301],[-73.982133,40.738406]]}},{"type":"Feature","properties":{"lit":0.1153},"geometry":{"type":"LineString","coordinates":[[-73.982133,40.738406],[-73.982375,40.73851]]}},{"type":"Feature","properties":{"lit":0.097},"geometry":{"type":"LineString","coordinates":[[-73.982375,40.73851],[-73.982618,40.738615]]}},{"type":"Feature","properties":{"lit":0.0509},"geometry":{"type":"LineString","coordinates":[[-73.983149,40.738838],[-73.983076,40.738937]]}},{"type":"Feature","properties":{"lit":0.0447},"geometry":{"type":"LineString","coordinates":[[-73.983076,40.738937],[-73.98304,40.738985]]}},{"type":"Feature","properties":{"lit":0.0317},"geometry":{"type":"LineString","coordinates":[[-73.98304,40.738985],[-73.982889,40.739194]]}},{"type":"Feature","properties":{"lit":0.0406},"geometry":{"type":"LineString","coordinates":[[-73.997089,40.725468],[-73.996936,40.725418]]}},{"type":"Feature","properties":{"lit":0.0806},"geometry":{"type":"LineString","coordinates":[[-73.996936,40.725418],[-73.996813,40.725384]]}},{"type":"Feature","properties":{"lit":0.0208},"geometry":{"type":"LineString","coordinates":[[-73.988115,40.732024],[-73.988083,40.732068]]}},{"type":"Feature","properties":{"lit":0.0367},"geometry":{"type":"LineString","coordinates":[[-73.988083,40.732068],[-73.987923,40.732288]]}},{"type":"Feature","properties":{"lit":0.0552},"geometry":{"type":"LineString","coordinates":[[-73.987923,40.732288],[-73.987762,40.732509]]}},{"type":"Feature","properties":{"lit":0.0512},"geometry":{"type":"LineString","coordinates":[[-73.987762,40.732509],[-73.987732,40.73255]]}},{"type":"Feature","properties":{"lit":0.0475},"geometry":{"type":"LineString","coordinates":[[-73.987732,40.73255],[-73.987683,40.732618]]}},{"type":"Feature","properties":{"lit":0.0417},"geometry":{"type":"LineString","coordinates":[[-73.987683,40.732618],[-73.987647,40.732668]]}},{"type":"Feature","properties":{"lit":0.037},"geometry":{"type":"LineString","coordinates":[[-73.987647,40.732668],[-73.987613,40.732714]]}},{"type":"Feature","properties":{"lit":0.0275},"geometry":{"type":"LineString","coordinates":[[-73.987613,40.732714],[-73.987448,40.732939]]}},{"type":"Feature","properties":{"lit":0.0359},"geometry":{"type":"LineString","coordinates":[[-73.987448,40.732939],[-73.987291,40.733152]]}},{"type":"Feature","properties":{"lit":0.0514},"geometry":{"type":"LineString","coordinates":[[-73.987291,40.733152],[-73.987254,40.733204]]}},{"type":"Feature","properties":{"lit":0.0584},"geometry":{"type":"LineString","coordinates":[[-73.987254,40.733204],[-73.987187,40.733298]]}},{"type":"Feature","properties":{"lit":0.0428},"geometry":{"type":"LineString","coordinates":[[-73.991632,40.725468],[-73.991389,40.725366]]}},{"type":"Feature","properties":{"lit":0.0604},"geometry":{"type":"LineString","coordinates":[[-73.991389,40.725366],[-73.991146,40.725265]]}},{"type":"Feature","properties":{"lit":0.0533},"geometry":{"type":"LineString","coordinates":[[-73.991146,40.725265],[-73.990904,40.725164]]}},{"type":"Feature","properties":{"lit":0.0306},"geometry":{"type":"LineString","coordinates":[[-73.990904,40.725164],[-73.990687,40.725074]]}},{"type":"Feature","properties":{"lit":0.7641},"geometry":{"type":"LineString","coordinates":[[-73.988446,40.723276],[-73.988409,40.723338]]}},{"type":"Feature","properties":{"lit":0.6872},"geometry":{"type":"LineString","coordinates":[[-73.988409,40.723338],[-73.988274,40.723518]]}},{"type":"Feature","properties":{"lit":0.5729},"geometry":{"type":"LineString","coordinates":[[-73.988274,40.723518],[-73.988141,40.723699]]}},{"type":"Feature","properties":{"lit":0.4525},"geometry":{"type":"LineString","coordinates":[[-73.988141,40.723699],[-73.988009,40.72388]]}},{"type":"Feature","properties":{"lit":0.3884},"geometry":{"type":"LineString","coordinates":[[-73.988009,40.72388],[-73.987968,40.72394]]}},{"type":"Feature","properties":{"lit":0.1014},"geometry":{"type":"LineString","coordinates":[[-73.991406,40.723843],[-73.991697,40.723935]]}},{"type":"Feature","properties":{"lit":0.1102},"geometry":{"type":"LineString","coordinates":[[-73.991697,40.723935],[-73.991989,40.724028]]}},{"type":"Feature","properties":{"lit":0.1719},"geometry":{"type":"LineString","coordinates":[[-73.991989,40.724028],[-73.992313,40.724129]]}},{"type":"Feature","properties":{"lit":0.208},"geometry":{"type":"LineString","coordinates":[[-73.992313,40.724129],[-73.992395,40.724154]]}},{"type":"Feature","properties":{"lit":0.2126},"geometry":{"type":"LineString","coordinates":[[-73.992395,40.724154],[-73.992531,40.724197]]}},{"type":"Feature","properties":{"lit":0.0997},"geometry":{"type":"LineString","coordinates":[[-73.991032,40.723727],[-73.991179,40.723774]]}},{"type":"Feature","properties":{"lit":0.1056},"geometry":{"type":"LineString","coordinates":[[-73.991179,40.723774],[-73.991241,40.723793]]}},{"type":"Feature","properties":{"lit":0.2127},"geometry":{"type":"LineString","coordinates":[[-73.992574,40.724055],[-73.992448,40.724015]]}},{"type":"Feature","properties":{"lit":0.1914},"geometry":{"type":"LineString","coordinates":[[-73.992448,40.724015],[-73.992184,40.723935]]}},{"type":"Feature","properties":{"lit":0.133},"geometry":{"type":"LineString","coordinates":[[-73.992184,40.723935],[-73.99192,40.723855]]}},{"type":"Feature","properties":{"lit":0.101},"geometry":{"type":"LineString","coordinates":[[-73.99192,40.723855],[-73.991655,40.723774]]}},{"type":"Feature","properties":{"lit":0.0342},"geometry":{"type":"LineString","coordinates":[[-73.994149,40.724764],[-73.994227,40.724792]]}},{"type":"Feature","properties":{"lit":0.0253},"geometry":{"type":"LineString","coordinates":[[-73.994227,40.724792],[-73.994519,40.724894]]}},{"type":"Feature","properties":{"lit":0.0369},"geometry":{"type":"LineString","coordinates":[[-73.994519,40.724894],[-73.99481,40.724997]]}},{"type":"Feature","properties":{"lit":0.0541},"geometry":{"type":"LineString","coordinates":[[-73.99481,40.724997],[-73.994887,40.725023]]}},{"type":"Feature","properties":{"lit":0.0602},"geometry":{"type":"LineString","coordinates":[[-73.994887,40.725023],[-73.994939,40.725043]]}},{"type":"Feature","properties":{"lit":0.0749},"geometry":{"type":"LineString","coordinates":[[-73.994939,40.725043],[-73.995158,40.72512]]}},{"type":"Feature","properties":{"lit":0.0915},"geometry":{"type":"LineString","coordinates":[[-73.995158,40.72512],[-73.995275,40.725152]]}},{"type":"Feature","properties":{"lit":0.2366},"geometry":{"type":"LineString","coordinates":[[-73.995785,40.725276],[-73.995739,40.725354]]}},{"type":"Feature","properties":{"lit":0.2148},"geometry":{"type":"LineString","coordinates":[[-73.995739,40.725354],[-73.99573,40.72537]]}},{"type":"Feature","properties":{"lit":0.1883},"geometry":{"type":"LineString","coordinates":[[-73.99573,40.72537],[-73.995669,40.72544]]}},{"type":"Feature","properties":{"lit":0.1201},"geometry":{"type":"LineString","coordinates":[[-73.995669,40.72544],[-73.995532,40.725599]]}},{"type":"Feature","properties":{"lit":0.0581},"geometry":{"type":"LineString","coordinates":[[-73.995532,40.725599],[-73.995395,40.725758]]}},{"type":"Feature","properties":{"lit":0.2713},"geometry":{"type":"LineString","coordinates":[[-73.995785,40.725276],[-73.995874,40.725297]]}},{"type":"Feature","properties":{"lit":0.3321},"geometry":{"type":"LineString","coordinates":[[-73.995874,40.725297],[-73.996114,40.725356]]}},{"type":"Feature","properties":{"lit":0.0206},"geometry":{"type":"LineString","coordinates":[[-73.928912,40.781701],[-73.928866,40.781667]]}},{"type":"Feature","properties":{"lit":0.0229},"geometry":{"type":"LineString","coordinates":[[-73.928866,40.781667],[-73.928818,40.781613]]}},{"type":"Feature","properties":{"lit":0.0249},"geometry":{"type":"LineString","coordinates":[[-73.928818,40.781613],[-73.928795,40.781573]]}},{"type":"Feature","properties":{"lit":0.0254},"geometry":{"type":"LineString","coordinates":[[-73.928795,40.781573],[-73.928754,40.78149]]}},{"type":"Feature","properties":{"lit":0.0244},"geometry":{"type":"LineString","coordinates":[[-73.928754,40.78149],[-73.928717,40.781424]]}},{"type":"Feature","properties":{"lit":0.023},"geometry":{"type":"LineString","coordinates":[[-73.928717,40.781424],[-73.928665,40.781362]]}},{"type":"Feature","properties":{"lit":0.0215},"geometry":{"type":"LineString","coordinates":[[-73.928665,40.781362],[-73.928601,40.781303]]}},{"type":"Feature","properties":{"lit":0.1596},"geometry":{"type":"LineString","coordinates":[[-73.989905,40.729568],[-73.989957,40.729497]]}},{"type":"Feature","properties":{"lit":0.1576},"geometry":{"type":"LineString","coordinates":[[-73.989957,40.729497],[-73.989989,40.729454]]}},{"type":"Feature","properties":{"lit":0.1391},"geometry":{"type":"LineString","coordinates":[[-73.989989,40.729454],[-73.990107,40.729291]]}},{"type":"Feature","properties":{"lit":0.0846},"geometry":{"type":"LineString","coordinates":[[-73.990107,40.729291],[-73.990224,40.729128]]}},{"type":"Feature","properties":{"lit":0.1866},"geometry":{"type":"LineString","coordinates":[[-73.982654,40.727273],[-73.982615,40.727328]]}},{"type":"Feature","properties":{"lit":0.168},"geometry":{"type":"LineString","coordinates":[[-73.982615,40.727328],[-73.982589,40.727363]]}},{"type":"Feature","properties":{"lit":0.1227},"geometry":{"type":"LineString","coordinates":[[-73.982589,40.727363],[-73.982445,40.727561]]}},{"type":"Feature","properties":{"lit":0.0722},"geometry":{"type":"LineString","coordinates":[[-73.982445,40.727561],[-73.982301,40.727759]]}},{"type":"Feature","properties":{"lit":0.0475},"geometry":{"type":"LineString","coordinates":[[-73.982301,40.727759],[-73.982274,40.727796]]}},{"type":"Feature","properties":{"lit":0.0399},"geometry":{"type":"LineString","coordinates":[[-73.982274,40.727796],[-73.982238,40.727845]]}},{"type":"Feature","properties":{"lit":0.0304},"geometry":{"type":"LineString","coordinates":[[-73.982238,40.727845],[-73.982186,40.727914]]}},{"type":"Feature","properties":{"lit":0.0236},"geometry":{"type":"LineString","coordinates":[[-73.982186,40.727914],[-73.982167,40.727942]]}},{"type":"Feature","properties":{"lit":0.0201},"geometry":{"type":"LineString","coordinates":[[-73.982167,40.727942],[-73.982147,40.727971]]}},{"type":"Feature","properties":{"lit":0.6057},"geometry":{"type":"LineString","coordinates":[[-73.98309,40.726666],[-73.983046,40.726727]]}},{"type":"Feature","properties":{"lit":0.4515},"geometry":{"type":"LineString","coordinates":[[-73.983046,40.726727],[-73.982892,40.726942]]}},{"type":"Feature","properties":{"lit":0.3336},"geometry":{"type":"LineString","coordinates":[[-73.982892,40.726942],[-73.982739,40.727157]]}},{"type":"Feature","properties":{"lit":0.2658},"geometry":{"type":"LineString","coordinates":[[-73.982739,40.727157],[-73.98272,40.727182]]}},{"type":"Feature","properties":{"lit":0.2517},"geometry":{"type":"LineString","coordinates":[[-73.98272,40.727182],[-73.982701,40.727209]]}},{"type":"Feature","properties":{"lit":0.2265},"geometry":{"type":"LineString","coordinates":[[-73.982701,40.727209],[-73.982654,40.727273]]}},{"type":"Feature","properties":{"lit":0.1044},"geometry":{"type":"LineString","coordinates":[[-73.926788,40.80455],[-73.926592,40.804664]]}},{"type":"Feature","properties":{"lit":0.0933},"geometry":{"type":"LineString","coordinates":[[-73.926592,40.804664],[-73.926395,40.804777]]}},{"type":"Feature","properties":{"lit":0.0865},"geometry":{"type":"LineString","coordinates":[[-73.926395,40.804777],[-73.926299,40.804825]]}},{"type":"Feature","properties":{"lit":0.2011},"geometry":{"type":"LineString","coordinates":[[-73.992531,40.724197],[-73.992645,40.724234]]}},{"type":"Feature","properties":{"lit":0.1803},"geometry":{"type":"LineString","coordinates":[[-73.992645,40.724234],[-73.992757,40.724271]]}},{"type":"Feature","properties":{"lit":0.1275},"geometry":{"type":"LineString","coordinates":[[-73.992757,40.724271],[-73.99306,40.724378]]}},{"type":"Feature","properties":{"lit":0.0737},"geometry":{"type":"LineString","coordinates":[[-73.99306,40.724378],[-73.993363,40.724485]]}},{"type":"Feature","properties":{"lit":0.0685},"geometry":{"type":"LineString","coordinates":[[-73.993363,40.724485],[-73.993428,40.724509]]}},{"type":"Feature","properties":{"lit":0.2733},"geometry":{"type":"LineString","coordinates":[[-73.995881,40.725162],[-73.995785,40.725276]]}},{"type":"Feature","properties":{"lit":0.1138},"geometry":{"type":"LineString","coordinates":[[-73.990879,40.729649],[-73.990904,40.729653]]}},{"type":"Feature","properties":{"lit":0.1115},"geometry":{"type":"LineString","coordinates":[[-73.990904,40.729653],[-73.990953,40.729661]]}},{"type":"Feature","properties":{"lit":0.1031},"geometry":{"type":"LineString","coordinates":[[-73.990953,40.729661],[-73.991356,40.729726]]}},{"type":"Feature","properties":{"lit":0.1001},"geometry":{"type":"LineString","coordinates":[[-73.991356,40.729726],[-73.991394,40.729742]]}},{"type":"Feature","properties":{"lit":0.0998},"geometry":{"type":"LineString","coordinates":[[-73.991394,40.729742],[-73.991425,40.729756]]}},{"type":"Feature","properties":{"lit":0.1007},"geometry":{"type":"LineString","coordinates":[[-73.991425,40.729756],[-73.99141,40.72977]]}},{"type":"Feature","properties":{"lit":0.1089},"geometry":{"type":"LineString","coordinates":[[-73.99141,40.72977],[-73.991289,40.729859]]}},{"type":"Feature","properties":{"lit":0.1166},"geometry":{"type":"LineString","coordinates":[[-73.991289,40.729859],[-73.991203,40.729915]]}},{"type":"Feature","properties":{"lit":0.1187},"geometry":{"type":"LineString","coordinates":[[-73.991203,40.729915],[-73.991121,40.729962]]}},{"type":"Feature","properties":{"lit":0.1183},"geometry":{"type":"LineString","coordinates":[[-73.991121,40.729962],[-73.991096,40.729975]]}},{"type":"Feature","properties":{"lit":0.1184},"geometry":{"type":"LineString","coordinates":[[-73.991096,40.729975],[-73.991067,40.729973]]}},{"type":"Feature","properties":{"lit":0.1236},"geometry":{"type":"LineString","coordinates":[[-73.991067,40.729973],[-73.990889,40.729901]]}},{"type":"Feature","properties":{"lit":0.1305},"geometry":{"type":"LineString","coordinates":[[-73.990889,40.729901],[-73.990867,40.729886]]}},{"type":"Feature","properties":{"lit":0.1325},"geometry":{"type":"LineString","coordinates":[[-73.990867,40.729886],[-73.990839,40.729864]]}},{"type":"Feature","properties":{"lit":0.1343},"geometry":{"type":"LineString","coordinates":[[-73.990839,40.729864],[-73.990829,40.729844]]}},{"type":"Feature","properties":{"lit":0.1352},"geometry":{"type":"LineString","coordinates":[[-73.990829,40.729844],[-73.990827,40.729817]]}},{"type":"Feature","properties":{"lit":0.129},"geometry":{"type":"LineString","coordinates":[[-73.990827,40.729817],[-73.990879,40.729649]]}},{"type":"Feature","properties":{"lit":0.0275},"geometry":{"type":"LineString","coordinates":[[-73.990551,40.730508],[-73.990654,40.730257]]}},{"type":"Feature","properties":{"lit":0.085},"geometry":{"type":"LineString","coordinates":[[-73.990654,40.730257],[-73.990757,40.730006]]}},{"type":"Feature","properties":{"lit":0.1182},"geometry":{"type":"LineString","coordinates":[[-73.990757,40.730006],[-73.990771,40.729992]]}},{"type":"Feature","properties":{"lit":0.1199},"geometry":{"type":"LineString","coordinates":[[-73.990771,40.729992],[-73.990785,40.729988]]}},{"type":"Feature","properties":{"lit":0.1204},"geometry":{"type":"LineString","coordinates":[[-73.990785,40.729988],[-73.990796,40.729986]]}},{"type":"Feature","properties":{"lit":0.1204},"geometry":{"type":"LineString","coordinates":[[-73.990796,40.729986],[-73.990829,40.729989]]}},{"type":"Feature","properties":{"lit":0.1154},"geometry":{"type":"LineString","coordinates":[[-73.990829,40.729989],[-73.990943,40.730033]]}},{"type":"Feature","properties":{"lit":0.1102},"geometry":{"type":"LineString","coordinates":[[-73.990943,40.730033],[-73.990991,40.730056]]}},{"type":"Feature","properties":{"lit":0.1061},"geometry":{"type":"LineString","coordinates":[[-73.990991,40.730056],[-73.991001,40.730082]]}},{"type":"Feature","properties":{"lit":0.0896},"geometry":{"type":"LineString","coordinates":[[-73.991001,40.730082],[-73.990875,40.730213]]}},{"type":"Feature","properties":{"lit":0.0729},"geometry":{"type":"LineString","coordinates":[[-73.990875,40.730213],[-73.990788,40.7302]]}},{"type":"Feature","properties":{"lit":0.0607},"geometry":{"type":"LineString","coordinates":[[-73.990788,40.7302],[-73.990755,40.730298]]}},{"type":"Feature","properties":{"lit":0.0377},"geometry":{"type":"LineString","coordinates":[[-73.990755,40.730298],[-73.990658,40.730401]]}},{"type":"Feature","properties":{"lit":0.0264},"geometry":{"type":"LineString","coordinates":[[-73.990658,40.730401],[-73.990711,40.73043]]}},{"type":"Feature","properties":{"lit":0.0602},"geometry":{"type":"LineString","coordinates":[[-73.985366,40.735799],[-73.985224,40.73574]]}},{"type":"Feature","properties":{"lit":0.0428},"geometry":{"type":"LineString","coordinates":[[-73.985224,40.73574],[-73.984895,40.7356]]}},{"type":"Feature","properties":{"lit":0.8387},"geometry":{"type":"LineString","coordinates":[[-73.988564,40.723064],[-73.988482,40.723215]]}},{"type":"Feature","properties":{"lit":0.7984},"geometry":{"type":"LineString","coordinates":[[-73.988482,40.723215],[-73.988446,40.723276]]}},{"type":"Feature","properties":{"lit":0.0322},"geometry":{"type":"LineString","coordinates":[[-73.985465,40.73852],[-73.985512,40.738449]]}},{"type":"Feature","properties":{"lit":0.0429},"geometry":{"type":"LineString","coordinates":[[-73.985512,40.738449],[-73.985556,40.738386]]}},{"type":"Feature","properties":{"lit":0.0543},"geometry":{"type":"LineString","coordinates":[[-73.985556,40.738386],[-73.985606,40.738318]]}},{"type":"Feature","properties":{"lit":0.0637},"geometry":{"type":"LineString","coordinates":[[-73.985606,40.738318],[-73.985633,40.738281]]}},{"type":"Feature","properties":{"lit":0.0717},"geometry":{"type":"LineString","coordinates":[[-73.985633,40.738281],[-73.985674,40.738228]]}},{"type":"Feature","properties":{"lit":0.0285},"geometry":{"type":"LineString","coordinates":[[-73.98647,40.737156],[-73.98633,40.73735]]}},{"type":"Feature","properties":{"lit":0.0757},"geometry":{"type":"LineString","coordinates":[[-73.98633,40.73735],[-73.986191,40.737544]]}},{"type":"Feature","properties":{"lit":0.1081},"geometry":{"type":"LineString","coordinates":[[-73.986191,40.737544],[-73.986158,40.737588]]}},{"type":"Feature","properties":{"lit":0.1188},"geometry":{"type":"LineString","coordinates":[[-73.986158,40.737588],[-73.98612,40.737639]]}},{"type":"Feature","properties":{"lit":0.0447},"geometry":{"type":"LineString","coordinates":[[-73.990224,40.729128],[-73.99029,40.729039]]}},{"type":"Feature","properties":{"lit":0.0295},"geometry":{"type":"LineString","coordinates":[[-73.99029,40.729039],[-73.990321,40.728997]]}},{"type":"Feature","properties":{"lit":0.0201},"geometry":{"type":"LineString","coordinates":[[-73.990321,40.728997],[-73.990365,40.728938]]}},{"type":"Feature","properties":{"lit":0.0309},"geometry":{"type":"LineString","coordinates":[[-73.987864,40.733584],[-73.987615,40.733479]]}},{"type":"Feature","properties":{"lit":0.0568},"geometry":{"type":"LineString","coordinates":[[-73.987615,40.733479],[-73.987382,40.733381]]}},{"type":"Feature","properties":{"lit":0.0654},"geometry":{"type":"LineString","coordinates":[[-73.987382,40.733381],[-73.987323,40.733356]]}},{"type":"Feature","properties":{"lit":0.0654},"geometry":{"type":"LineString","coordinates":[[-73.987323,40.733356],[-73.987187,40.733298]]}},{"type":"Feature","properties":{"lit":0.0371},"geometry":{"type":"LineString","coordinates":[[-73.990967,40.729221],[-73.99091,40.729397]]}},{"type":"Feature","properties":{"lit":0.079},"geometry":{"type":"LineString","coordinates":[[-73.99091,40.729397],[-73.990852,40.729574]]}},{"type":"Feature","properties":{"lit":0.1224},"geometry":{"type":"LineString","coordinates":[[-73.990852,40.729574],[-73.990795,40.729751]]}},{"type":"Feature","properties":{"lit":0.1371},"geometry":{"type":"LineString","coordinates":[[-73.990795,40.729751],[-73.990779,40.72979]]}},{"type":"Feature","properties":{"lit":0.1386},"geometry":{"type":"LineString","coordinates":[[-73.990779,40.72979],[-73.99074,40.729894]]}},{"type":"Feature","properties":{"lit":0.4929},"geometry":{"type":"LineString","coordinates":[[-73.986623,40.725796],[-73.98658,40.725856]]}},{"type":"Feature","properties":{"lit":0.4249},"geometry":{"type":"LineString","coordinates":[[-73.98658,40.725856],[-73.986458,40.726022]]}},{"type":"Feature","properties":{"lit":0.363},"geometry":{"type":"LineString","coordinates":[[-73.986458,40.726022],[-73.986337,40.726189]]}},{"type":"Feature","properties":{"lit":0.3857},"geometry":{"type":"LineString","coordinates":[[-73.986337,40.726189],[-73.986215,40.726355]]}},{"type":"Feature","properties":{"lit":0.4666},"geometry":{"type":"LineString","coordinates":[[-73.986215,40.726355],[-73.986176,40.726409]]}},{"type":"Feature","properties":{"lit":0.3199},"geometry":{"type":"LineString","coordinates":[[-73.987502,40.724584],[-73.98746,40.724642]]}},{"type":"Feature","properties":{"lit":0.396},"geometry":{"type":"LineString","coordinates":[[-73.98746,40.724642],[-73.987339,40.724808]]}},{"type":"Feature","properties":{"lit":0.523},"geometry":{"type":"LineString","coordinates":[[-73.987339,40.724808],[-73.987219,40.724974]]}},{"type":"Feature","properties":{"lit":0.6241},"geometry":{"type":"LineString","coordinates":[[-73.987219,40.724974],[-73.987098,40.725141]]}},{"type":"Feature","properties":{"lit":0.657},"geometry":{"type":"LineString","coordinates":[[-73.987098,40.725141],[-73.987053,40.725203]]}},{"type":"Feature","properties":{"lit":0.2566},"geometry":{"type":"LineString","coordinates":[[-73.987637,40.724398],[-73.987601,40.724447]]}},{"type":"Feature","properties":{"lit":0.2693},"geometry":{"type":"LineString","coordinates":[[-73.987601,40.724447],[-73.987542,40.724529]]}},{"type":"Feature","properties":{"lit":0.2923},"geometry":{"type":"LineString","coordinates":[[-73.987542,40.724529],[-73.987502,40.724584]]}},{"type":"Feature","properties":{"lit":0.572},"geometry":{"type":"LineString","coordinates":[[-73.986756,40.725613],[-73.986666,40.725736]]}},{"type":"Feature","properties":{"lit":0.5261},"geometry":{"type":"LineString","coordinates":[[-73.986666,40.725736],[-73.986623,40.725796]]}},{"type":"Feature","properties":{"lit":0.0471},"geometry":{"type":"LineString","coordinates":[[-73.930037,40.801895],[-73.930018,40.802212]]}},{"type":"Feature","properties":{"lit":0.0594},"geometry":{"type":"LineString","coordinates":[[-73.930018,40.802212],[-73.930025,40.80232]]}},{"type":"Feature","properties":{"lit":0.0555},"geometry":{"type":"LineString","coordinates":[[-73.930025,40.80232],[-73.930042,40.80245]]}},{"type":"Feature","properties":{"lit":0.0444},"geometry":{"type":"LineString","coordinates":[[-73.930042,40.80245],[-73.930062,40.802562]]}},{"type":"Feature","properties":{"lit":0.0301},"geometry":{"type":"LineString","coordinates":[[-73.930062,40.802562],[-73.930096,40.802698]]}},{"type":"Feature","properties":{"lit":0.0413},"geometry":{"type":"LineString","coordinates":[[-73.930037,40.801895],[-73.930081,40.802097]]}},{"type":"Feature","properties":{"lit":0.0597},"geometry":{"type":"LineString","coordinates":[[-73.930081,40.802097],[-73.930125,40.802298]]}},{"type":"Feature","properties":{"lit":0.0556},"geometry":{"type":"LineString","coordinates":[[-73.930125,40.802298],[-73.930169,40.802499]]}},{"type":"Feature","properties":{"lit":0.0362},"geometry":{"type":"LineString","coordinates":[[-73.930169,40.802499],[-73.930204,40.802653]]}},{"type":"Feature","properties":{"lit":0.0215},"geometry":{"type":"LineString","coordinates":[[-73.930204,40.802653],[-73.930226,40.802754]]}},{"type":"Feature","properties":{"lit":0.2705},"geometry":{"type":"LineString","coordinates":[[-73.995881,40.725162],[-73.995819,40.725147]]}},{"type":"Feature","properties":{"lit":0.0858},"geometry":{"type":"LineString","coordinates":[[-73.984831,40.724266],[-73.984729,40.724223]]}},{"type":"Feature","properties":{"lit":0.0699},"geometry":{"type":"LineString","coordinates":[[-73.984729,40.724223],[-73.984517,40.724132]]}},{"type":"Feature","properties":{"lit":0.0388},"geometry":{"type":"LineString","coordinates":[[-73.984517,40.724132],[-73.984304,40.724041]]}},{"type":"Feature","properties":{"lit":0.0621},"geometry":{"type":"LineString","coordinates":[[-73.988918,40.729915],[-73.988797,40.729925]]}},{"type":"Feature","properties":{"lit":0.0584},"geometry":{"type":"LineString","coordinates":[[-73.988797,40.729925],[-73.988603,40.729941]]}},{"type":"Feature","properties":{"lit":0.0557},"geometry":{"type":"LineString","coordinates":[[-73.988603,40.729941],[-73.988313,40.729957]]}},{"type":"Feature","properties":{"lit":0.0505},"geometry":{"type":"LineString","coordinates":[[-73.988313,40.729957],[-73.988023,40.729972]]}},{"type":"Feature","properties":{"lit":0.0337},"geometry":{"type":"LineString","coordinates":[[-73.988023,40.729972],[-73.987733,40.729988]]}},{"type":"Feature","properties":{"lit":0.0238},"geometry":{"type":"LineString","coordinates":[[-73.987733,40.729988],[-73.987707,40.72999]]}},{"type":"Feature","properties":{"lit":0.0219},"geometry":{"type":"LineString","coordinates":[[-73.987707,40.72999],[-73.987676,40.729996]]}},{"type":"Feature","properties":{"lit":0.0201},"geometry":{"type":"LineString","coordinates":[[-73.987676,40.729996],[-73.987651,40.730002]]}},{"type":"Feature","properties":{"lit":0.0454},"geometry":{"type":"LineString","coordinates":[[-73.989482,40.730148],[-73.989611,40.730205]]}},{"type":"Feature","properties":{"lit":0.0291},"geometry":{"type":"LineString","coordinates":[[-73.989611,40.730205],[-73.989835,40.7303]]}},{"type":"Feature","properties":{"lit":0.0566},"geometry":{"type":"LineString","coordinates":[[-73.988697,40.729826],[-73.988733,40.729841]]}},{"type":"Feature","properties":{"lit":0.0583},"geometry":{"type":"LineString","coordinates":[[-73.988733,40.729841],[-73.988819,40.729874]]}},{"type":"Feature","properties":{"lit":0.0614},"geometry":{"type":"LineString","coordinates":[[-73.988819,40.729874],[-73.988918,40.729915]]}},{"type":"Feature","properties":{"lit":0.0905},"geometry":{"type":"LineString","coordinates":[[-73.927899,40.803995],[-73.927677,40.804106]]}},{"type":"Feature","properties":{"lit":0.1323},"geometry":{"type":"LineString","coordinates":[[-73.927677,40.804106],[-73.927455,40.804217]]}},{"type":"Feature","properties":{"lit":0.1409},"geometry":{"type":"LineString","coordinates":[[-73.927455,40.804217],[-73.927233,40.804328]]}},{"type":"Feature","properties":{"lit":0.1261},"geometry":{"type":"LineString","coordinates":[[-73.927233,40.804328],[-73.92701,40.804439]]}},{"type":"Feature","properties":{"lit":0.1123},"geometry":{"type":"LineString","coordinates":[[-73.92701,40.804439],[-73.926788,40.80455]]}},{"type":"Feature","properties":{"lit":0.0825},"geometry":{"type":"LineString","coordinates":[[-73.926299,40.804825],[-73.926094,40.805005]]}},{"type":"Feature","properties":{"lit":0.0861},"geometry":{"type":"LineString","coordinates":[[-73.926094,40.805005],[-73.926025,40.805058]]}},{"type":"Feature","properties":{"lit":0.0889},"geometry":{"type":"LineString","coordinates":[[-73.926025,40.805058],[-73.925954,40.805112]]}},{"type":"Feature","properties":{"lit":0.0934},"geometry":{"type":"LineString","coordinates":[[-73.925954,40.805112],[-73.925863,40.805192]]}},{"type":"Feature","properties":{"lit":0.0968},"geometry":{"type":"LineString","coordinates":[[-73.925863,40.805192],[-73.925768,40.805289]]}},{"type":"Feature","properties":{"lit":0.0963},"geometry":{"type":"LineString","coordinates":[[-73.925768,40.805289],[-73.925688,40.805371]]}},{"type":"Feature","properties":{"lit":0.0913},"geometry":{"type":"LineString","coordinates":[[-73.925688,40.805371],[-73.925619,40.80545]]}},{"type":"Feature","properties":{"lit":0.0829},"geometry":{"type":"LineString","coordinates":[[-73.925619,40.80545],[-73.925551,40.805539]]}},{"type":"Feature","properties":{"lit":0.064},"geometry":{"type":"LineString","coordinates":[[-73.925551,40.805539],[-73.925428,40.805703]]}},{"type":"Feature","properties":{"lit":0.0357},"geometry":{"type":"LineString","coordinates":[[-73.925428,40.805703],[-73.925306,40.805867]]}},{"type":"Feature","properties":{"lit":0.0272},"geometry":{"type":"LineString","coordinates":[[-73.924959,40.806327],[-73.924905,40.806401]]}},{"type":"Feature","properties":{"lit":0.0364},"geometry":{"type":"LineString","coordinates":[[-73.924905,40.806401],[-73.924861,40.806467]]}},{"type":"Feature","properties":{"lit":0.0451},"geometry":{"type":"LineString","coordinates":[[-73.924861,40.806467],[-73.924822,40.806536]]}},{"type":"Feature","properties":{"lit":0.0523},"geometry":{"type":"LineString","coordinates":[[-73.924822,40.806536],[-73.924795,40.806595]]}},{"type":"Feature","properties":{"lit":0.0576},"geometry":{"type":"LineString","coordinates":[[-73.924795,40.806595],[-73.92477,40.806663]]}},{"type":"Feature","properties":{"lit":0.037},"geometry":{"type":"LineString","coordinates":[[-73.924825,40.806339],[-73.924696,40.806516]]}},{"type":"Feature","properties":{"lit":0.0526},"geometry":{"type":"LineString","coordinates":[[-73.924696,40.806516],[-73.924566,40.806693]]}},{"type":"Feature","properties":{"lit":0.0361},"geometry":{"type":"LineString","coordinates":[[-73.92818,40.803854],[-73.927899,40.803995]]}},{"type":"Feature","properties":{"lit":0.6043},"geometry":{"type":"LineString","coordinates":[[-73.988604,40.722751],[-73.988592,40.722846]]}},{"type":"Feature","properties":{"lit":0.0241},"geometry":{"type":"LineString","coordinates":[[-73.925237,40.805894],[-73.925312,40.805799]]}},{"type":"Feature","properties":{"lit":0.0531},"geometry":{"type":"LineString","coordinates":[[-73.925312,40.805799],[-73.925503,40.805529]]}},{"type":"Feature","properties":{"lit":0.0803},"geometry":{"type":"LineString","coordinates":[[-73.925503,40.805529],[-73.925566,40.805449]]}},{"type":"Feature","properties":{"lit":0.0896},"geometry":{"type":"LineString","coordinates":[[-73.925566,40.805449],[-73.925655,40.805352]]}},{"type":"Feature","properties":{"lit":0.0955},"geometry":{"type":"LineString","coordinates":[[-73.925655,40.805352],[-73.925745,40.805257]]}},{"type":"Feature","properties":{"lit":0.0685},"geometry":{"type":"LineString","coordinates":[[-73.929094,40.782938],[-73.929251,40.783147]]}},{"type":"Feature","properties":{"lit":0.057},"geometry":{"type":"LineString","coordinates":[[-73.929251,40.783147],[-73.929408,40.783356]]}},{"type":"Feature","properties":{"lit":0.0603},"geometry":{"type":"LineString","coordinates":[[-73.929556,40.783296],[-73.929395,40.783086]]}},{"type":"Feature","properties":{"lit":0.0726},"geometry":{"type":"LineString","coordinates":[[-73.929395,40.783086],[-73.929234,40.782876]]}},{"type":"Feature","properties":{"lit":0.0729},"geometry":{"type":"LineString","coordinates":[[-73.929234,40.782876],[-73.929114,40.782718]]}},{"type":"Feature","properties":{"lit":0.0722},"geometry":{"type":"LineString","coordinates":[[-73.929114,40.782718],[-73.928993,40.78256]]}},{"type":"Feature","properties":{"lit":0.0634},"geometry":{"type":"LineString","coordinates":[[-73.928993,40.78256],[-73.928873,40.782402]]}},{"type":"Feature","properties":{"lit":0.0463},"geometry":{"type":"LineString","coordinates":[[-73.928873,40.782402],[-73.928752,40.782244]]}},{"type":"Feature","properties":{"lit":0.0323},"geometry":{"type":"LineString","coordinates":[[-73.928752,40.782244],[-73.928632,40.782086]]}},{"type":"Feature","properties":{"lit":0.0351},"geometry":{"type":"LineString","coordinates":[[-73.928632,40.782086],[-73.928511,40.781928]]}},{"type":"Feature","properties":{"lit":0.0508},"geometry":{"type":"LineString","coordinates":[[-73.928511,40.781928],[-73.928391,40.78177]]}},{"type":"Feature","properties":{"lit":0.0608},"geometry":{"type":"LineString","coordinates":[[-73.928391,40.78177],[-73.92827,40.781611]]}},{"type":"Feature","properties":{"lit":0.053},"geometry":{"type":"LineString","coordinates":[[-73.92827,40.781611],[-73.92815,40.781453]]}},{"type":"Feature","properties":{"lit":0.0325},"geometry":{"type":"LineString","coordinates":[[-73.92815,40.781453],[-73.928029,40.781295]]}},{"type":"Feature","properties":{"lit":0.0223},"geometry":{"type":"LineString","coordinates":[[-73.92586,40.77845],[-73.92574,40.778291]]}},{"type":"Feature","properties":{"lit":0.0434},"geometry":{"type":"LineString","coordinates":[[-73.92574,40.778291],[-73.92562,40.778133]]}},{"type":"Feature","properties":{"lit":0.0594},"geometry":{"type":"LineString","coordinates":[[-73.92562,40.778133],[-73.925499,40.777975]]}},{"type":"Feature","properties":{"lit":0.0604},"geometry":{"type":"LineString","coordinates":[[-73.925499,40.777975],[-73.925379,40.777817]]}},{"type":"Feature","properties":{"lit":0.0503},"geometry":{"type":"LineString","coordinates":[[-73.925379,40.777817],[-73.925258,40.777659]]}},{"type":"Feature","properties":{"lit":0.0474},"geometry":{"type":"LineString","coordinates":[[-73.925258,40.777659],[-73.925138,40.777501]]}},{"type":"Feature","properties":{"lit":0.0564},"geometry":{"type":"LineString","coordinates":[[-73.925138,40.777501],[-73.925017,40.777343]]}},{"type":"Feature","properties":{"lit":0.0647},"geometry":{"type":"LineString","coordinates":[[-73.925017,40.777343],[-73.924897,40.777185]]}},{"type":"Feature","properties":{"lit":0.0605},"geometry":{"type":"LineString","coordinates":[[-73.924897,40.777185],[-73.924776,40.777027]]}},{"type":"Feature","properties":{"lit":0.0544},"geometry":{"type":"LineString","coordinates":[[-73.924776,40.777027],[-73.924656,40.776869]]}},{"type":"Feature","properties":{"lit":0.0577},"geometry":{"type":"LineString","coordinates":[[-73.924656,40.776869],[-73.924535,40.77671]]}},{"type":"Feature","properties":{"lit":0.0638},"geometry":{"type":"LineString","coordinates":[[-73.924535,40.77671],[-73.924415,40.776552]]}},{"type":"Feature","properties":{"lit":0.0572},"geometry":{"type":"LineString","coordinates":[[-73.924415,40.776552],[-73.924294,40.776394]]}},{"type":"Feature","properties":{"lit":0.054},"geometry":{"type":"LineString","coordinates":[[-73.924151,40.776455],[-73.924272,40.776614]]}},{"type":"Feature","properties":{"lit":0.0604},"geometry":{"type":"LineString","coordinates":[[-73.924272,40.776614],[-73.924392,40.776772]]}},{"type":"Feature","properties":{"lit":0.0548},"geometry":{"type":"LineString","coordinates":[[-73.924392,40.776772],[-73.924513,40.77693]]}},{"type":"Feature","properties":{"lit":0.0517},"geometry":{"type":"LineString","coordinates":[[-73.924513,40.77693],[-73.924634,40.777088]]}},{"type":"Feature","properties":{"lit":0.0575},"geometry":{"type":"LineString","coordinates":[[-73.924634,40.777088],[-73.924754,40.777246]]}},{"type":"Feature","properties":{"lit":0.0615},"geometry":{"type":"LineString","coordinates":[[-73.924754,40.777246],[-73.924875,40.777404]]}},{"type":"Feature","properties":{"lit":0.0538},"geometry":{"type":"LineString","coordinates":[[-73.924875,40.777404],[-73.924995,40.777562]]}},{"type":"Feature","properties":{"lit":0.0452},"geometry":{"type":"LineString","coordinates":[[-73.924995,40.777562],[-73.925116,40.77772]]}},{"type":"Feature","properties":{"lit":0.0481},"geometry":{"type":"LineString","coordinates":[[-73.925116,40.77772],[-73.925236,40.777878]]}},{"type":"Feature","properties":{"lit":0.0578},"geometry":{"type":"LineString","coordinates":[[-73.925236,40.777878],[-73.925357,40.778037]]}},{"type":"Feature","properties":{"lit":0.0569},"geometry":{"type":"LineString","coordinates":[[-73.925357,40.778037],[-73.925477,40.778195]]}},{"type":"Feature","properties":{"lit":0.0417},"geometry":{"type":"LineString","coordinates":[[-73.925477,40.778195],[-73.925598,40.778353]]}},{"type":"Feature","properties":{"lit":0.0215},"geometry":{"type":"LineString","coordinates":[[-73.925598,40.778353],[-73.925719,40.778511]]}},{"type":"Feature","properties":{"lit":0.0312},"geometry":{"type":"LineString","coordinates":[[-73.927889,40.781357],[-73.928009,40.781515]]}},{"type":"Feature","properties":{"lit":0.0509},"geometry":{"type":"LineString","coordinates":[[-73.928009,40.781515],[-73.92813,40.781673]]}},{"type":"Feature","properties":{"lit":0.0584},"geometry":{"type":"LineString","coordinates":[[-73.92813,40.781673],[-73.92825,40.781831]]}},{"type":"Feature","properties":{"lit":0.0488},"geometry":{"type":"LineString","coordinates":[[-73.92825,40.781831],[-73.928371,40.781989]]}},{"type":"Feature","properties":{"lit":0.0337},"geometry":{"type":"LineString","coordinates":[[-73.928371,40.781989],[-73.928492,40.782147]]}},{"type":"Feature","properties":{"lit":0.0308},"geometry":{"type":"LineString","coordinates":[[-73.928492,40.782147],[-73.928612,40.782305]]}},{"type":"Feature","properties":{"lit":0.044},"geometry":{"type":"LineString","coordinates":[[-73.928612,40.782305],[-73.928733,40.782463]]}},{"type":"Feature","properties":{"lit":0.0602},"geometry":{"type":"LineString","coordinates":[[-73.928733,40.782463],[-73.928853,40.782621]]}},{"type":"Feature","properties":{"lit":0.0685},"geometry":{"type":"LineString","coordinates":[[-73.928853,40.782621],[-73.928974,40.78278]]}},{"type":"Feature","properties":{"lit":0.069},"geometry":{"type":"LineString","coordinates":[[-73.928974,40.78278],[-73.929094,40.782938]]}},{"type":"Feature","properties":{"lit":0.4036},"geometry":{"type":"LineString","coordinates":[[-73.979913,40.726865],[-73.979874,40.726922]]}},{"type":"Feature","properties":{"lit":0.4856},"geometry":{"type":"LineString","coordinates":[[-73.979874,40.726922],[-73.97984,40.726968]]}},{"type":"Feature","properties":{"lit":0.6577},"geometry":{"type":"LineString","coordinates":[[-73.97984,40.726968],[-73.979689,40.72717]]}},{"type":"Feature","properties":{"lit":0.6734},"geometry":{"type":"LineString","coordinates":[[-73.979689,40.72717],[-73.979507,40.727416]]}},{"type":"Feature","properties":{"lit":0.4794},"geometry":{"type":"LineString","coordinates":[[-73.979507,40.727416],[-73.979469,40.727468]]}},{"type":"Feature","properties":{"lit":0.4017},"geometry":{"type":"LineString","coordinates":[[-73.979469,40.727468],[-73.97943,40.727521]]}},{"type":"Feature","properties":{"lit":0.2518},"geometry":{"type":"LineString","coordinates":[[-73.97943,40.727521],[-73.979298,40.7277]]}},{"type":"Feature","properties":{"lit":0.1167},"geometry":{"type":"LineString","coordinates":[[-73.979298,40.7277],[-73.979165,40.72788]]}},{"type":"Feature","properties":{"lit":0.0583},"geometry":{"type":"LineString","coordinates":[[-73.979165,40.72788],[-73.979032,40.72806]]}},{"type":"Feature","properties":{"lit":0.0334},"geometry":{"type":"LineString","coordinates":[[-73.979032,40.72806],[-73.978998,40.728106]]}},{"type":"Feature","properties":{"lit":0.0269},"geometry":{"type":"LineString","coordinates":[[-73.978998,40.728106],[-73.978961,40.728157]]}},{"type":"Feature","properties":{"lit":0.0404},"geometry":{"type":"LineString","coordinates":[[-73.978832,40.728335],[-73.978704,40.728514]]}},{"type":"Feature","properties":{"lit":0.1633},"geometry":{"type":"LineString","coordinates":[[-73.978704,40.728514],[-73.978575,40.728692]]}},{"type":"Feature","properties":{"lit":0.3413},"geometry":{"type":"LineString","coordinates":[[-73.978575,40.728692],[-73.978536,40.728746]]}},{"type":"Feature","properties":{"lit":0.1118},"geometry":{"type":"LineString","coordinates":[[-73.981637,40.724494],[-73.981554,40.724459]]}},{"type":"Feature","properties":{"lit":0.0883},"geometry":{"type":"LineString","coordinates":[[-73.981554,40.724459],[-73.981299,40.724352]]}},{"type":"Feature","properties":{"lit":0.0401},"geometry":{"type":"LineString","coordinates":[[-73.981299,40.724352],[-73.981044,40.724245]]}},{"type":"Feature","properties":{"lit":0.0213},"geometry":{"type":"LineString","coordinates":[[-73.986918,40.734921],[-73.986654,40.73481]]}},{"type":"Feature","properties":{"lit":0.0561},"geometry":{"type":"LineString","coordinates":[[-73.986654,40.73481],[-73.98639,40.734698]]}},{"type":"Feature","properties":{"lit":0.0747},"geometry":{"type":"LineString","coordinates":[[-73.98639,40.734698],[-73.986355,40.734683]]}},{"type":"Feature","properties":{"lit":0.081},"geometry":{"type":"LineString","coordinates":[[-73.986355,40.734683],[-73.986222,40.734623]]}},{"type":"Feature","properties":{"lit":0.0335},"geometry":{"type":"LineString","coordinates":[[-73.983859,40.737865],[-73.983706,40.738076]]}},{"type":"Feature","properties":{"lit":0.0492},"geometry":{"type":"LineString","coordinates":[[-73.983706,40.738076],[-73.983679,40.738113]]}},{"type":"Feature","properties":{"lit":0.0541},"geometry":{"type":"LineString","coordinates":[[-73.983679,40.738113],[-73.983636,40.738171]]}},{"type":"Feature","properties":{"lit":0.0582},"geometry":{"type":"LineString","coordinates":[[-73.983636,40.738171],[-73.983601,40.738221]]}},{"type":"Feature","properties":{"lit":0.0604},"geometry":{"type":"LineString","coordinates":[[-73.983601,40.738221],[-73.983566,40.73827]]}},{"type":"Feature","properties":{"lit":0.0603},"geometry":{"type":"LineString","coordinates":[[-73.983566,40.73827],[-73.983412,40.73848]]}},{"type":"Feature","properties":{"lit":0.0554},"geometry":{"type":"LineString","coordinates":[[-73.983412,40.73848],[-73.983258,40.73869]]}},{"type":"Feature","properties":{"lit":0.0548},"geometry":{"type":"LineString","coordinates":[[-73.983258,40.73869],[-73.983225,40.738735]]}},{"type":"Feature","properties":{"lit":0.0543},"geometry":{"type":"LineString","coordinates":[[-73.983225,40.738735],[-73.983149,40.738838]]}},{"type":"Feature","properties":{"lit":0.0816},"geometry":{"type":"LineString","coordinates":[[-73.986222,40.734623],[-73.986083,40.734563]]}},{"type":"Feature","properties":{"lit":0.0646},"geometry":{"type":"LineString","coordinates":[[-73.986083,40.734563],[-73.985845,40.734463]]}},{"type":"Feature","properties":{"lit":0.0317},"geometry":{"type":"LineString","coordinates":[[-73.985845,40.734463],[-73.985608,40.734363]]}},{"type":"Feature","properties":{"lit":0.8392},"geometry":{"type":"LineString","coordinates":[[-73.988627,40.722984],[-73.988564,40.723064]]}},{"type":"Feature","properties":{"lit":0.7487},"geometry":{"type":"LineString","coordinates":[[-73.988592,40.722846],[-73.988627,40.722984]]}},{"type":"Feature","properties":{"lit":0.0344},"geometry":{"type":"LineString","coordinates":[[-73.981916,40.724111],[-73.981794,40.724278]]}},{"type":"Feature","properties":{"lit":0.0735},"geometry":{"type":"LineString","coordinates":[[-73.981794,40.724278],[-73.981673,40.724445]]}},{"type":"Feature","properties":{"lit":0.1067},"geometry":{"type":"LineString","coordinates":[[-73.981673,40.724445],[-73.981637,40.724494]]}},{"type":"Feature","properties":{"lit":0.1247},"geometry":{"type":"LineString","coordinates":[[-73.981637,40.724494],[-73.981591,40.724556]]}},{"type":"Feature","properties":{"lit":0.174},"geometry":{"type":"LineString","coordinates":[[-73.981591,40.724556],[-73.981421,40.724787]]}},{"type":"Feature","properties":{"lit":0.2228},"geometry":{"type":"LineString","coordinates":[[-73.981421,40.724787],[-73.981251,40.725018]]}},{"type":"Feature","properties":{"lit":0.2107},"geometry":{"type":"LineString","coordinates":[[-73.981251,40.725018],[-73.981211,40.725073]]}},{"type":"Feature","properties":{"lit":0.0247},"geometry":{"type":"LineString","coordinates":[[-73.99568,40.723424],[-73.995591,40.72361]]}},{"type":"Feature","properties":{"lit":0.0645},"geometry":{"type":"LineString","coordinates":[[-73.995591,40.72361],[-73.995501,40.723796]]}},{"type":"Feature","properties":{"lit":0.1357},"geometry":{"type":"LineString","coordinates":[[-73.995501,40.723796],[-73.995356,40.724065]]}},{"type":"Feature","properties":{"lit":0.1645},"geometry":{"type":"LineString","coordinates":[[-73.995356,40.724065],[-73.995344,40.724088]]}},{"type":"Feature","properties":{"lit":0.1666},"geometry":{"type":"LineString","coordinates":[[-73.995344,40.724088],[-73.995325,40.724123]]}},{"type":"Feature","properties":{"lit":0.1625},"geometry":{"type":"LineString","coordinates":[[-73.995325,40.724123],[-73.995219,40.724336]]}},{"type":"Feature","properties":{"lit":0.1253},"geometry":{"type":"LineString","coordinates":[[-73.995219,40.724336],[-73.995113,40.72455]]}},{"type":"Feature","properties":{"lit":0.0945},"geometry":{"type":"LineString","coordinates":[[-73.995113,40.72455],[-73.995007,40.724763]]}},{"type":"Feature","properties":{"lit":0.081},"geometry":{"type":"LineString","coordinates":[[-73.995007,40.724763],[-73.994985,40.724811]]}},{"type":"Feature","properties":{"lit":0.033},"geometry":{"type":"LineString","coordinates":[[-73.993751,40.723719],[-73.993675,40.723907]]}},{"type":"Feature","properties":{"lit":0.0564},"geometry":{"type":"LineString","coordinates":[[-73.993675,40.723907],[-73.993599,40.724096]]}},{"type":"Feature","properties":{"lit":0.0758},"geometry":{"type":"LineString","coordinates":[[-73.993599,40.724096],[-73.993522,40.724285]]}},{"type":"Feature","properties":{"lit":0.0802},"geometry":{"type":"LineString","coordinates":[[-73.993522,40.724285],[-73.993486,40.724369]]}},{"type":"Feature","properties":{"lit":1.0},"geometry":{"type":"LineString","coordinates":[[-73.983531,40.726051],[-73.983637,40.726096]]}},{"type":"Feature","properties":{"lit":1.0},"geometry":{"type":"LineString","coordinates":[[-73.983637,40.726096],[-73.983867,40.726193]]}},{"type":"Feature","properties":{"lit":1.0},"geometry":{"type":"LineString","coordinates":[[-73.983867,40.726193],[-73.984096,40.72629]]}},{"type":"Feature","properties":{"lit":1.0},"geometry":{"type":"LineString","coordinates":[[-73.984096,40.72629],[-73.984326,40.726386]]}},{"type":"Feature","properties":{"lit":1.0},"geometry":{"type":"LineString","coordinates":[[-73.984326,40.726386],[-73.984555,40.726483]]}},{"type":"Feature","properties":{"lit":1.0},"geometry":{"type":"LineString","coordinates":[[-73.984555,40.726483],[-73.984785,40.72658]]}},{"type":"Feature","properties":{"lit":1.0},"geometry":{"type":"LineString","coordinates":[[-73.984785,40.72658],[-73.984994,40.726668]]}},{"type":"Feature","properties":{"lit":1.0},"geometry":{"type":"LineString","coordinates":[[-73.984994,40.726668],[-73.985203,40.726756]]}},{"type":"Feature","properties":{"lit":1.0},"geometry":{"type":"LineString","coordinates":[[-73.985203,40.726756],[-73.985412,40.726844]]}},{"type":"Feature","properties":{"lit":1.0},"geometry":{"type":"LineString","coordinates":[[-73.985412,40.726844],[-73.985621,40.726932]]}},{"type":"Feature","properties":{"lit":1.0},"geometry":{"type":"LineString","coordinates":[[-73.985621,40.726932],[-73.985753,40.726988]]}},{"type":"Feature","properties":{"lit":0.0236},"geometry":{"type":"LineString","coordinates":[[-73.987665,40.728604],[-73.987551,40.728556]]}},{"type":"Feature","properties":{"lit":0.021},"geometry":{"type":"LineString","coordinates":[[-73.98734,40.728466],[-73.987128,40.728376]]}},{"type":"Feature","properties":{"lit":0.0358},"geometry":{"type":"LineString","coordinates":[[-73.987128,40.728376],[-73.986917,40.728285]]}},{"type":"Feature","properties":{"lit":0.0567},"geometry":{"type":"LineString","coordinates":[[-73.986917,40.728285],[-73.986706,40.728195]]}},{"type":"Feature","properties":{"lit":0.0666},"geometry":{"type":"LineString","coordinates":[[-73.986706,40.728195],[-73.986495,40.728105]]}},{"type":"Feature","properties":{"lit":0.0601},"geometry":{"type":"LineString","coordinates":[[-73.986495,40.728105],[-73.986284,40.728015]]}},{"type":"Feature","properties":{"lit":0.0532},"geometry":{"type":"LineString","coordinates":[[-73.986284,40.728015],[-73.986073,40.727925]]}},{"type":"Feature","properties":{"lit":0.0705},"geometry":{"type":"LineString","coordinates":[[-73.986073,40.727925],[-73.985861,40.727835]]}},{"type":"Feature","properties":{"lit":0.1323},"geometry":{"type":"LineString","coordinates":[[-73.985861,40.727835],[-73.98565,40.727745]]}},{"type":"Feature","properties":{"lit":0.2213},"geometry":{"type":"LineString","coordinates":[[-73.98565,40.727745],[-73.985439,40.727655]]}},{"type":"Feature","properties":{"lit":0.2794},"geometry":{"type":"LineString","coordinates":[[-73.985439,40.727655],[-73.985307,40.727599]]}},{"type":"Feature","properties":{"lit":0.0385},"geometry":{"type":"LineString","coordinates":[[-73.987348,40.738157],[-73.987098,40.738051]]}},{"type":"Feature","properties":{"lit":0.0603},"geometry":{"type":"LineString","coordinates":[[-73.987098,40.738051],[-73.986847,40.737946]]}},{"type":"Feature","properties":{"lit":0.0826},"geometry":{"type":"LineString","coordinates":[[-73.981177,40.737524],[-73.981352,40.737282]]}},{"type":"Feature","properties":{"lit":0.0721},"geometry":{"type":"LineString","coordinates":[[-73.981352,40.737282],[-73.981398,40.737219]]}},{"type":"Feature","properties":{"lit":0.0683},"geometry":{"type":"LineString","coordinates":[[-73.981398,40.737219],[-73.981433,40.73717]]}},{"type":"Feature","properties":{"lit":0.0545},"geometry":{"type":"LineString","coordinates":[[-73.981433,40.73717],[-73.9816,40.736939]]}},{"type":"Feature","properties":{"lit":0.0234},"geometry":{"type":"LineString","coordinates":[[-73.9816,40.736939],[-73.981767,40.736709]]}},{"type":"Feature","properties":{"lit":0.024},"geometry":{"type":"LineString","coordinates":[[-73.930063,40.801811],[-73.930095,40.80188]]}},{"type":"Feature","properties":{"lit":0.032},"geometry":{"type":"LineString","coordinates":[[-73.930095,40.80188],[-73.930123,40.801949]]}},{"type":"Feature","properties":{"lit":0.0398},"geometry":{"type":"LineString","coordinates":[[-73.930123,40.801949],[-73.930144,40.802011]]}},{"type":"Feature","properties":{"lit":0.0474},"geometry":{"type":"LineString","coordinates":[[-73.930144,40.802011],[-73.930164,40.802082]]}},{"type":"Feature","properties":{"lit":0.0543},"geometry":{"type":"LineString","coordinates":[[-73.930164,40.802082],[-73.930181,40.802156]]}},{"type":"Feature","properties":{"lit":0.0599},"geometry":{"type":"LineString","coordinates":[[-73.930181,40.802156],[-73.930227,40.802386]]}},{"type":"Feature","properties":{"lit":0.0433},"geometry":{"type":"LineString","coordinates":[[-73.930227,40.802386],[-73.930273,40.802616]]}},{"type":"Feature","properties":{"lit":0.0243},"geometry":{"type":"LineString","coordinates":[[-73.930273,40.802616],[-73.930296,40.802712]]}},{"type":"Feature","properties":{"lit":1.0},"geometry":{"type":"LineString","coordinates":[[-73.982193,40.726162],[-73.982153,40.726178]]}},{"type":"Feature","properties":{"lit":1.0},"geometry":{"type":"LineString","coordinates":[[-73.982153,40.726178],[-73.98206,40.726189]]}},{"type":"Feature","properties":{"lit":1.0},"geometry":{"type":"LineString","coordinates":[[-73.98206,40.726189],[-73.981963,40.726188]]}},{"type":"Feature","properties":{"lit":1.0},"geometry":{"type":"LineString","coordinates":[[-73.981963,40.726188],[-73.981895,40.726166]]}},{"type":"Feature","properties":{"lit":1.0},"geometry":{"type":"LineString","coordinates":[[-73.981895,40.726166],[-73.981823,40.726116]]}},{"type":"Feature","properties":{"lit":1.0},"geometry":{"type":"LineString","coordinates":[[-73.981823,40.726116],[-73.981784,40.726045]]}},{"type":"Feature","properties":{"lit":1.0},"geometry":{"type":"LineString","coordinates":[[-73.981784,40.726045],[-73.981766,40.725991]]}},{"type":"Feature","properties":{"lit":1.0},"geometry":{"type":"LineString","coordinates":[[-73.981766,40.725991],[-73.981816,40.725965]]}},{"type":"Feature","properties":{"lit":1.0},"geometry":{"type":"LineString","coordinates":[[-73.981816,40.725965],[-73.981868,40.725947]]}},{"type":"Feature","properties":{"lit":1.0},"geometry":{"type":"LineString","coordinates":[[-73.981868,40.725947],[-73.98194,40.725937]]}},{"type":"Feature","properties":{"lit":1.0},"geometry":{"type":"LineString","coordinates":[[-73.98194,40.725937],[-73.982005,40.725943]]}},{"type":"Feature","properties":{"lit":1.0},"geometry":{"type":"LineString","coordinates":[[-73.982005,40.725943],[-73.982064,40.725958]]}},{"type":"Feature","properties":{"lit":1.0},"geometry":{"type":"LineString","coordinates":[[-73.982064,40.725958],[-73.982072,40.72596]]}},{"type":"Feature","properties":{"lit":1.0},"geometry":{"type":"LineString","coordinates":[[-73.982072,40.72596],[-73.98212,40.725989]]}},{"type":"Feature","properties":{"lit":1.0},"geometry":{"type":"LineString","coordinates":[[-73.98212,40.725989],[-73.982169,40.726033]]}},{"type":"Feature","properties":{"lit":1.0},"geometry":{"type":"LineString","coordinates":[[-73.982169,40.726033],[-73.982186,40.726062]]}},{"type":"Feature","properties":{"lit":1.0},"geometry":{"type":"LineString","coordinates":[[-73.982186,40.726062],[-73.982193,40.726092]]}},{"type":"Feature","properties":{"lit":1.0},"geometry":{"type":"LineString","coordinates":[[-73.982193,40.726092],[-73.982194,40.726123]]}},{"type":"Feature","properties":{"lit":1.0},"geometry":{"type":"LineString","coordinates":[[-73.982194,40.726123],[-73.982193,40.726162]]}},{"type":"Feature","properties":{"lit":0.1031},"geometry":{"type":"LineString","coordinates":[[-73.990243,40.723479],[-73.990364,40.723518]]}},{"type":"Feature","properties":{"lit":0.0794},"geometry":{"type":"LineString","coordinates":[[-73.990364,40.723518],[-73.990596,40.723591]]}},{"type":"Feature","properties":{"lit":0.0721},"geometry":{"type":"LineString","coordinates":[[-73.990596,40.723591],[-73.990827,40.723663]]}},{"type":"Feature","properties":{"lit":0.0805},"geometry":{"type":"LineString","coordinates":[[-73.990827,40.723663],[-73.99089,40.723682]]}},{"type":"Feature","properties":{"lit":0.0892},"geometry":{"type":"LineString","coordinates":[[-73.99089,40.723682],[-73.991032,40.723727]]}},{"type":"Feature","properties":{"lit":0.1128},"geometry":{"type":"LineString","coordinates":[[-73.991395,40.729856],[-73.991231,40.72996]]}},{"type":"Feature","properties":{"lit":0.1146},"geometry":{"type":"LineString","coordinates":[[-73.991231,40.72996],[-73.991178,40.729991]]}},{"type":"Feature","properties":{"lit":0.1134},"geometry":{"type":"LineString","coordinates":[[-73.991178,40.729991],[-73.991149,40.730015]]}},{"type":"Feature","properties":{"lit":0.1109},"geometry":{"type":"LineString","coordinates":[[-73.991149,40.730015],[-73.991111,40.730046]]}},{"type":"Feature","properties":{"lit":0.8943},"geometry":{"type":"LineString","coordinates":[[-73.988627,40.722984],[-73.988814,40.723039]]}},{"type":"Feature","properties":{"lit":0.9772},"geometry":{"type":"LineString","coordinates":[[-73.988814,40.723039],[-73.989081,40.723121]]}},{"type":"Feature","properties":{"lit":0.8282},"geometry":{"type":"LineString","coordinates":[[-73.989081,40.723121],[-73.989347,40.723202]]}},{"type":"Feature","properties":{"lit":0.0982},"geometry":{"type":"LineString","coordinates":[[-73.991032,40.723727],[-73.991075,40.723602]]}},{"type":"Feature","properties":{"lit":0.0632},"geometry":{"type":"LineString","coordinates":[[-73.989692,40.729861],[-73.989558,40.730041]]}},{"type":"Feature","properties":{"lit":0.0531},"geometry":{"type":"LineString","coordinates":[[-73.989558,40.730041],[-73.989526,40.730086]]}},{"type":"Feature","properties":{"lit":0.0513},"geometry":{"type":"LineString","coordinates":[[-73.989526,40.730086],[-73.989482,40.730148]]}},{"type":"Feature","properties":{"lit":0.0649},"geometry":{"type":"LineString","coordinates":[[-73.988918,40.729915],[-73.988999,40.729948]]}},{"type":"Feature","properties":{"lit":0.0697},"geometry":{"type":"LineString","coordinates":[[-73.988999,40.729948],[-73.989291,40.730067]]}},{"type":"Feature","properties":{"lit":0.0644},"geometry":{"type":"LineString","coordinates":[[-73.989291,40.730067],[-73.989345,40.730089]]}},{"type":"Feature","properties":{"lit":0.0576},"geometry":{"type":"LineString","coordinates":[[-73.989345,40.730089],[-73.989482,40.730148]]}},{"type":"Feature","properties":{"lit":0.1172},"geometry":{"type":"LineString","coordinates":[[-73.996715,40.725501],[-73.996813,40.725384]]}},{"type":"Feature","properties":{"lit":0.0578},"geometry":{"type":"LineString","coordinates":[[-73.926591,40.790027],[-73.926724,40.789877]]}},{"type":"Feature","properties":{"lit":0.0398},"geometry":{"type":"LineString","coordinates":[[-73.926724,40.789877],[-73.926857,40.789726]]}},{"type":"Feature","properties":{"lit":0.0215},"geometry":{"type":"LineString","coordinates":[[-73.927389,40.789123],[-73.927522,40.788973]]}},{"type":"Feature","properties":{"lit":0.0425},"geometry":{"type":"LineString","coordinates":[[-73.927522,40.788973],[-73.927655,40.788822]]}},{"type":"Feature","properties":{"lit":0.0591},"geometry":{"type":"LineString","coordinates":[[-73.927655,40.788822],[-73.927788,40.788671]]}},{"type":"Feature","properties":{"lit":0.058},"geometry":{"type":"LineString","coordinates":[[-73.927788,40.788671],[-73.927921,40.788521]]}},{"type":"Feature","properties":{"lit":0.0402},"geometry":{"type":"LineString","coordinates":[[-73.927921,40.788521],[-73.928054,40.78837]]}},{"type":"Feature","properties":{"lit":0.0293},"geometry":{"type":"LineString","coordinates":[[-73.928719,40.787617],[-73.928852,40.787466]]}},{"type":"Feature","properties":{"lit":0.0504},"geometry":{"type":"LineString","coordinates":[[-73.928852,40.787466],[-73.928985,40.787315]]}},{"type":"Feature","properties":{"lit":0.0612},"geometry":{"type":"LineString","coordinates":[[-73.928985,40.787315],[-73.929118,40.787165]]}},{"type":"Feature","properties":{"lit":0.0524},"geometry":{"type":"LineString","coordinates":[[-73.929118,40.787165],[-73.929251,40.787014]]}},{"type":"Feature","properties":{"lit":0.0337},"geometry":{"type":"LineString","coordinates":[[-73.929251,40.787014],[-73.929384,40.786864]]}},{"type":"Feature","properties":{"lit":0.0211},"geometry":{"type":"LineString","coordinates":[[-73.929384,40.786864],[-73.929541,40.786676]]}},{"type":"Feature","properties":{"lit":0.0281},"geometry":{"type":"LineString","coordinates":[[-73.929541,40.786676],[-73.929639,40.786545]]}},{"type":"Feature","properties":{"lit":0.0429},"geometry":{"type":"LineString","coordinates":[[-73.929639,40.786545],[-73.929724,40.786418]]}},{"type":"Feature","properties":{"lit":0.0585},"geometry":{"type":"LineString","coordinates":[[-73.929724,40.786418],[-73.929811,40.786268]]}},{"type":"Feature","properties":{"lit":0.0654},"geometry":{"type":"LineString","coordinates":[[-73.929811,40.786268],[-73.929881,40.786132]]}},{"type":"Feature","properties":{"lit":0.063},"geometry":{"type":"LineString","coordinates":[[-73.929881,40.786132],[-73.929951,40.785979]]}},{"type":"Feature","properties":{"lit":0.0597},"geometry":{"type":"LineString","coordinates":[[-73.929951,40.785979],[-73.930021,40.785793]]}},{"type":"Feature","properties":{"lit":0.0633},"geometry":{"type":"LineString","coordinates":[[-73.930021,40.785793],[-73.930074,40.785625]]}},{"type":"Feature","properties":{"lit":0.0651},"geometry":{"type":"LineString","coordinates":[[-73.930074,40.785625],[-73.93011,40.78547]]}},{"type":"Feature","properties":{"lit":0.0577},"geometry":{"type":"LineString","coordinates":[[-73.93011,40.78547],[-73.930134,40.785344]]}},{"type":"Feature","properties":{"lit":0.0415},"geometry":{"type":"LineString","coordinates":[[-73.930134,40.785344],[-73.930151,40.785177]]}},{"type":"Feature","properties":{"lit":0.0225},"geometry":{"type":"LineString","coordinates":[[-73.930151,40.785177],[-73.93016,40.785016]]}},{"type":"Feature","properties":{"lit":0.0204},"geometry":{"type":"LineString","coordinates":[[-73.93015,40.784701],[-73.930131,40.784565]]}},{"type":"Feature","properties":{"lit":0.0354},"geometry":{"type":"LineString","coordinates":[[-73.930131,40.784565],[-73.930101,40.784416]]}},{"type":"Feature","properties":{"lit":0.0533},"geometry":{"type":"LineString","coordinates":[[-73.930101,40.784416],[-73.930058,40.78425]]}},{"type":"Feature","properties":{"lit":0.0611},"geometry":{"type":"LineString","coordinates":[[-73.930058,40.78425],[-73.929999,40.78407]]}},{"type":"Feature","properties":{"lit":0.051},"geometry":{"type":"LineString","coordinates":[[-73.929999,40.78407],[-73.929938,40.78392]]}},{"type":"Feature","properties":{"lit":0.0335},"geometry":{"type":"LineString","coordinates":[[-73.929938,40.78392],[-73.929862,40.783758]]}},{"type":"Feature","properties":{"lit":0.0205},"geometry":{"type":"LineString","coordinates":[[-73.929862,40.783758],[-73.929772,40.78361]]}},{"type":"Feature","properties":{"lit":0.0204},"geometry":{"type":"LineString","coordinates":[[-73.929772,40.78361],[-73.929688,40.783479]]}},{"type":"Feature","properties":{"lit":0.0343},"geometry":{"type":"LineString","coordinates":[[-73.929688,40.783479],[-73.929556,40.783296]]}},{"type":"Feature","properties":{"lit":0.0361},"geometry":{"type":"LineString","coordinates":[[-73.927899,40.788276],[-73.927733,40.788462]]}},{"type":"Feature","properties":{"lit":0.0527},"geometry":{"type":"LineString","coordinates":[[-73.927733,40.788462],[-73.927568,40.788648]]}},{"type":"Feature","properties":{"lit":0.0451},"geometry":{"type":"LineString","coordinates":[[-73.927568,40.788648],[-73.927404,40.788834]]}},{"type":"Feature","properties":{"lit":0.0227},"geometry":{"type":"LineString","coordinates":[[-73.927404,40.788834],[-73.927239,40.78902]]}},{"type":"Feature","properties":{"lit":0.0385},"geometry":{"type":"LineString","coordinates":[[-73.926677,40.789657],[-73.926517,40.789839]]}},{"type":"Feature","properties":{"lit":0.053},"geometry":{"type":"LineString","coordinates":[[-73.926517,40.789839],[-73.926358,40.790021]]}},{"type":"Feature","properties":{"lit":0.044},"geometry":{"type":"LineString","coordinates":[[-73.926358,40.790021],[-73.926199,40.7902]]}},{"type":"Feature","properties":{"lit":0.0223},"geometry":{"type":"LineString","coordinates":[[-73.926199,40.7902],[-73.92604,40.790379]]}},{"type":"Feature","properties":{"lit":0.0201},"geometry":{"type":"LineString","coordinates":[[-73.924289,40.806686],[-73.924076,40.806601]]}},{"type":"Feature","properties":{"lit":0.0205},"geometry":{"type":"LineString","coordinates":[[-73.930705,40.802403],[-73.930623,40.802498]]}},{"type":"Feature","properties":{"lit":0.0213},"geometry":{"type":"LineString","coordinates":[[-73.930623,40.802498],[-73.930516,40.802606]]}},{"type":"Feature","properties":{"lit":0.0784},"geometry":{"type":"LineString","coordinates":[[-73.983064,40.730653],[-73.983021,40.730713]]}},{"type":"Feature","properties":{"lit":0.0891},"geometry":{"type":"LineString","coordinates":[[-73.983021,40.730713],[-73.982817,40.731001]]}},{"type":"Feature","properties":{"lit":0.0769},"geometry":{"type":"LineString","coordinates":[[-73.983207,40.730465],[-73.983102,40.730603]]}},{"type":"Feature","properties":{"lit":0.0775},"geometry":{"type":"LineString","coordinates":[[-73.983102,40.730603],[-73.983064,40.730653]]}},{"type":"Feature","properties":{"lit":0.0342},"geometry":{"type":"LineString","coordinates":[[-73.98379,40.729664],[-73.983577,40.729962]]}},{"type":"Feature","properties":{"lit":0.0537},"geometry":{"type":"LineString","coordinates":[[-73.983577,40.729962],[-73.983536,40.730019]]}},{"type":"Feature","properties":{"lit":0.0583},"geometry":{"type":"LineString","coordinates":[[-73.983536,40.730019],[-73.983498,40.73007]]}},{"type":"Feature","properties":{"lit":0.0661},"geometry":{"type":"LineString","coordinates":[[-73.983498,40.73007],[-73.983352,40.730268]]}},{"type":"Feature","properties":{"lit":0.074},"geometry":{"type":"LineString","coordinates":[[-73.983352,40.730268],[-73.983207,40.730465]]}},{"type":"Feature","properties":{"lit":0.0342},"geometry":{"type":"LineString","coordinates":[[-73.984195,40.72911],[-73.984034,40.729325]]}},{"type":"Feature","properties":{"lit":0.1332},"geometry":{"type":"LineString","coordinates":[[-73.984867,40.728205],[-73.984836,40.728247]]}},{"type":"Feature","properties":{"lit":0.1369},"geometry":{"type":"LineString","coordinates":[[-73.984836,40.728247],[-73.984672,40.728468]]}},{"type":"Feature","properties":{"lit":0.1552},"geometry":{"type":"LineString","coordinates":[[-73.984672,40.728468],[-73.984509,40.728689]]}},{"type":"Feature","properties":{"lit":0.1543},"geometry":{"type":"LineString","coordinates":[[-73.984509,40.728689],[-73.984477,40.728732]]}},{"type":"Feature","properties":{"lit":0.1496},"geometry":{"type":"LineString","coordinates":[[-73.984477,40.728732],[-73.984443,40.728779]]}},{"type":"Feature","properties":{"lit":0.1544},"geometry":{"type":"LineString","coordinates":[[-73.985046,40.727959],[-73.984942,40.728102]]}},{"type":"Feature","properties":{"lit":0.1412},"geometry":{"type":"LineString","coordinates":[[-73.984942,40.728102],[-73.984916,40.728138]]}},{"type":"Feature","properties":{"lit":0.1358},"geometry":{"type":"LineString","coordinates":[[-73.984916,40.728138],[-73.984867,40.728205]]}},{"type":"Feature","properties":{"lit":0.9524},"geometry":{"type":"LineString","coordinates":[[-73.985753,40.726988],[-73.985714,40.727041]]}},{"type":"Feature","properties":{"lit":0.8237},"geometry":{"type":"LineString","coordinates":[[-73.985714,40.727041],[-73.985591,40.72721]]}},{"type":"Feature","properties":{"lit":0.5804},"geometry":{"type":"LineString","coordinates":[[-73.985591,40.72721],[-73.985468,40.727379]]}},{"type":"Feature","properties":{"lit":0.3861},"geometry":{"type":"LineString","coordinates":[[-73.985468,40.727379],[-73.985345,40.727547]]}},{"type":"Feature","properties":{"lit":0.3048},"geometry":{"type":"LineString","coordinates":[[-73.985345,40.727547],[-73.985307,40.727599]]}},{"type":"Feature","properties":{"lit":0.9961},"geometry":{"type":"LineString","coordinates":[[-73.985942,40.726729],[-73.985793,40.726933]]}},{"type":"Feature","properties":{"lit":0.9907},"geometry":{"type":"LineString","coordinates":[[-73.985793,40.726933],[-73.985753,40.726988]]}},{"type":"Feature","properties":{"lit":0.0253},"geometry":{"type":"LineString","coordinates":[[-73.996215,40.726092],[-73.996371,40.725908]]}},{"type":"Feature","properties":{"lit":0.1416},"geometry":{"type":"LineString","coordinates":[[-73.990355,40.729835],[-73.99031,40.729822]]}},{"type":"Feature","properties":{"lit":0.1401},"geometry":{"type":"LineString","coordinates":[[-73.99031,40.729822],[-73.989985,40.729726]]}},{"type":"Feature","properties":{"lit":0.1111},"geometry":{"type":"LineString","coordinates":[[-73.989985,40.729726],[-73.989855,40.729903]]}},{"type":"Feature","properties":{"lit":0.0794},"geometry":{"type":"LineString","coordinates":[[-73.989855,40.729903],[-73.989837,40.729927]]}},{"type":"Feature","properties":{"lit":0.0912},"geometry":{"type":"LineString","coordinates":[[-73.989837,40.729927],[-73.990096,40.729881]]}},{"type":"Feature","properties":{"lit":0.1275},"geometry":{"type":"LineString","coordinates":[[-73.990096,40.729881],[-73.990355,40.729835]]}},{"type":"Feature","properties":{"lit":0.2957},"geometry":{"type":"LineString","coordinates":[[-73.987861,40.722758],[-73.987954,40.722785]]}},{"type":"Feature","properties":{"lit":0.3838},"geometry":{"type":"LineString","coordinates":[[-73.987954,40.722785],[-73.988159,40.722847]]}},{"type":"Feature","properties":{"lit":0.7293},"geometry":{"type":"LineString","coordinates":[[-73.988775,40.722904],[-73.988592,40.722846]]}},{"type":"Feature","properties":{"lit":0.1437},"geometry":{"type":"LineString","coordinates":[[-73.990079,40.723428],[-73.99015,40.72345]]}},{"type":"Feature","properties":{"lit":0.1241},"geometry":{"type":"LineString","coordinates":[[-73.99015,40.72345],[-73.990243,40.723479]]}},{"type":"Feature","properties":{"lit":0.7801},"geometry":{"type":"LineString","coordinates":[[-73.989434,40.723112],[-73.989037,40.722986]]}},{"type":"Feature","properties":{"lit":0.6157},"geometry":{"type":"LineString","coordinates":[[-73.988592,40.722846],[-73.988467,40.722808]]}},{"type":"Feature","properties":{"lit":0.4833},"geometry":{"type":"LineString","coordinates":[[-73.988467,40.722808],[-73.988205,40.722732]]}},{"type":"Feature","properties":{"lit":0.2742},"geometry":{"type":"LineString","coordinates":[[-73.989886,40.72325],[-73.98966,40.723181]]}},{"type":"Feature","properties":{"lit":0.4573},"geometry":{"type":"LineString","coordinates":[[-73.98966,40.723181],[-73.989434,40.723112]]}},{"type":"Feature","properties":{"lit":0.1847},"geometry":{"type":"LineString","coordinates":[[-73.98984,40.723353],[-73.990079,40.723428]]}},{"type":"Feature","properties":{"lit":0.0281},"geometry":{"type":"LineString","coordinates":[[-73.98533,40.729155],[-73.985104,40.72906]]}},{"type":"Feature","properties":{"lit":0.0592},"geometry":{"type":"LineString","coordinates":[[-73.985104,40.72906],[-73.984878,40.728965]]}},{"type":"Feature","properties":{"lit":0.1087},"geometry":{"type":"LineString","coordinates":[[-73.984878,40.728965],[-73.984652,40.72887]]}},{"type":"Feature","properties":{"lit":0.1359},"geometry":{"type":"LineString","coordinates":[[-73.984652,40.72887],[-73.984584,40.728841]]}},{"type":"Feature","properties":{"lit":0.1458},"geometry":{"type":"LineString","coordinates":[[-73.984584,40.728841],[-73.984443,40.728779]]}},{"type":"Feature","properties":{"lit":0.0615},"geometry":{"type":"LineString","coordinates":[[-73.987233,40.729202],[-73.987361,40.729259]]}},{"type":"Feature","properties":{"lit":0.068},"geometry":{"type":"LineString","coordinates":[[-73.987361,40.729259],[-73.987585,40.729354]]}},{"type":"Feature","properties":{"lit":0.0636},"geometry":{"type":"LineString","coordinates":[[-73.987585,40.729354],[-73.987809,40.729449]]}},{"type":"Feature","properties":{"lit":0.0608},"geometry":{"type":"LineString","coordinates":[[-73.987809,40.729449],[-73.988033,40.729544]]}},{"type":"Feature","properties":{"lit":0.0664},"geometry":{"type":"LineString","coordinates":[[-73.988033,40.729544],[-73.988257,40.729639]]}},{"type":"Feature","properties":{"lit":0.0667},"geometry":{"type":"LineString","coordinates":[[-73.988257,40.729639],[-73.988477,40.729732]]}},{"type":"Feature","properties":{"lit":0.0589},"geometry":{"type":"LineString","coordinates":[[-73.988477,40.729732],[-73.988697,40.729826]]}},{"type":"Feature","properties":{"lit":0.0441},"geometry":{"type":"LineString","coordinates":[[-73.987008,40.72951],[-73.987163,40.729296]]}},{"type":"Feature","properties":{"lit":0.0556},"geometry":{"type":"LineString","coordinates":[[-73.987163,40.729296],[-73.987191,40.729258]]}},{"type":"Feature","properties":{"lit":0.0571},"geometry":{"type":"LineString","coordinates":[[-73.987191,40.729258],[-73.987233,40.729202]]}},{"type":"Feature","properties":{"lit":0.0561},"geometry":{"type":"LineString","coordinates":[[-73.987233,40.729202],[-73.987281,40.729135]]}},{"type":"Feature","properties":{"lit":0.0487},"geometry":{"type":"LineString","coordinates":[[-73.987281,40.729135],[-73.987418,40.728945]]}},{"type":"Feature","properties":{"lit":0.033},"geometry":{"type":"LineString","coordinates":[[-73.987418,40.728945],[-73.987556,40.728755]]}},{"type":"Feature","properties":{"lit":0.0283},"geometry":{"type":"LineString","coordinates":[[-73.987556,40.728755],[-73.987628,40.728656]]}},{"type":"Feature","properties":{"lit":0.0273},"geometry":{"type":"LineString","coordinates":[[-73.987628,40.728656],[-73.987665,40.728604]]}},{"type":"Feature","properties":{"lit":0.0267},"geometry":{"type":"LineString","coordinates":[[-73.987665,40.728604],[-73.987709,40.728545]]}},{"type":"Feature","properties":{"lit":0.0289},"geometry":{"type":"LineString","coordinates":[[-73.987709,40.728545],[-73.987832,40.728377]]}},{"type":"Feature","properties":{"lit":0.0371},"geometry":{"type":"LineString","coordinates":[[-73.987832,40.728377],[-73.987954,40.72821]]}},{"type":"Feature","properties":{"lit":0.0467},"geometry":{"type":"LineString","coordinates":[[-73.987954,40.72821],[-73.988077,40.728043]]}},{"type":"Feature","properties":{"lit":0.048},"geometry":{"type":"LineString","coordinates":[[-73.988077,40.728043],[-73.98812,40.727985]]}},{"type":"Feature","properties":{"lit":0.0414},"geometry":{"type":"LineString","coordinates":[[-73.98812,40.727985],[-73.988242,40.728038]]}},{"type":"Feature","properties":{"lit":0.0245},"geometry":{"type":"LineString","coordinates":[[-73.988242,40.728038],[-73.988484,40.728141]]}},{"type":"Feature","properties":{"lit":0.0461},"geometry":{"type":"LineString","coordinates":[[-73.98812,40.727985],[-73.98816,40.72793]]}},{"type":"Feature","properties":{"lit":0.0343},"geometry":{"type":"LineString","coordinates":[[-73.98816,40.72793],[-73.988329,40.727694]]}},{"type":"Feature","properties":{"lit":0.022},"geometry":{"type":"LineString","coordinates":[[-73.9887,40.727181],[-73.988822,40.727013]]}},{"type":"Feature","properties":{"lit":0.043},"geometry":{"type":"LineString","coordinates":[[-73.988822,40.727013],[-73.988944,40.726846]]}},{"type":"Feature","properties":{"lit":0.0538},"geometry":{"type":"LineString","coordinates":[[-73.988944,40.726846],[-73.988978,40.7268]]}},{"type":"Feature","properties":{"lit":0.058},"geometry":{"type":"LineString","coordinates":[[-73.988978,40.7268],[-73.989098,40.72685]]}},{"type":"Feature","properties":{"lit":0.0561},"geometry":{"type":"LineString","coordinates":[[-73.989098,40.72685],[-73.989334,40.726948]]}},{"type":"Feature","properties":{"lit":0.0363},"geometry":{"type":"LineString","coordinates":[[-73.989334,40.726948],[-73.989569,40.727047]]}},{"type":"Feature","properties":{"lit":0.0569},"geometry":{"type":"LineString","coordinates":[[-73.988978,40.7268],[-73.98903,40.72673]]}},{"type":"Feature","properties":{"lit":0.0552},"geometry":{"type":"LineString","coordinates":[[-73.98903,40.72673],[-73.989151,40.726566]]}},{"type":"Feature","properties":{"lit":0.0384},"geometry":{"type":"LineString","coordinates":[[-73.989151,40.726566],[-73.989272,40.726402]]}},{"type":"Feature","properties":{"lit":0.0565},"geometry":{"type":"LineString","coordinates":[[-73.988041,40.725612],[-73.98783,40.725525]]}},{"type":"Feature","properties":{"lit":0.1721},"geometry":{"type":"LineString","coordinates":[[-73.98783,40.725525],[-73.987619,40.725438]]}},{"type":"Feature","properties":{"lit":0.3699},"geometry":{"type":"LineString","coordinates":[[-73.987619,40.725438],[-73.987408,40.72535]]}},{"type":"Feature","properties":{"lit":0.5816},"geometry":{"type":"LineString","coordinates":[[-73.987408,40.72535],[-73.987197,40.725263]]}},{"type":"Feature","properties":{"lit":0.6564},"geometry":{"type":"LineString","coordinates":[[-73.987197,40.725263],[-73.987157,40.725246]]}},{"type":"Feature","properties":{"lit":0.6684},"geometry":{"type":"LineString","coordinates":[[-73.987157,40.725246],[-73.987053,40.725203]]}},{"type":"Feature","properties":{"lit":0.032},"geometry":{"type":"LineString","coordinates":[[-73.978541,40.736896],[-73.97847,40.736993]]}},{"type":"Feature","properties":{"lit":0.0303},"geometry":{"type":"LineString","coordinates":[[-73.983891,40.730169],[-73.983681,40.73008]]}},{"type":"Feature","properties":{"lit":0.0433},"geometry":{"type":"LineString","coordinates":[[-73.983681,40.73008],[-73.983644,40.730065]]}},{"type":"Feature","properties":{"lit":0.051},"geometry":{"type":"LineString","coordinates":[[-73.983644,40.730065],[-73.983536,40.730019]]}},{"type":"Feature","properties":{"lit":0.0354},"geometry":{"type":"LineString","coordinates":[[-73.985863,40.736008],[-73.985562,40.73588]]}},{"type":"Feature","properties":{"lit":0.0534},"geometry":{"type":"LineString","coordinates":[[-73.985562,40.73588],[-73.985503,40.735855]]}},{"type":"Feature","properties":{"lit":0.0593},"geometry":{"type":"LineString","coordinates":[[-73.985503,40.735855],[-73.985366,40.735799]]}},{"type":"Feature","properties":{"lit":0.1076},"geometry":{"type":"LineString","coordinates":[[-73.995369,40.725034],[-73.995275,40.725152]]}},{"type":"Feature","properties":{"lit":0.1073},"geometry":{"type":"LineString","coordinates":[[-73.995275,40.725152],[-73.995393,40.725183]]}},{"type":"Feature","properties":{"lit":0.1593},"geometry":{"type":"LineString","coordinates":[[-73.995393,40.725183],[-73.995712,40.725259]]}},{"type":"Feature","properties":{"lit":0.2358},"geometry":{"type":"LineString","coordinates":[[-73.995712,40.725259],[-73.995785,40.725276]]}},{"type":"Feature","properties":{"lit":0.0323},"geometry":{"type":"LineString","coordinates":[[-73.980681,40.729969],[-73.980547,40.730152]]}},{"type":"Feature","properties":{"lit":0.0556},"geometry":{"type":"LineString","coordinates":[[-73.980547,40.730152],[-73.980413,40.730334]]}},{"type":"Feature","properties":{"lit":0.0623},"geometry":{"type":"LineString","coordinates":[[-73.980413,40.730334],[-73.98036,40.730414]]}},{"type":"Feature","properties":{"lit":0.5244},"geometry":{"type":"LineString","coordinates":[[-73.986176,40.726409],[-73.986136,40.726464]]}},{"type":"Feature","properties":{"lit":0.7408},"geometry":{"type":"LineString","coordinates":[[-73.986136,40.726464],[-73.985942,40.726729]]}},{"type":"Feature","properties":{"lit":0.2746},"geometry":{"type":"LineString","coordinates":[[-73.985307,40.727599],[-73.985267,40.727654]]}},{"type":"Feature","properties":{"lit":0.2091},"geometry":{"type":"LineString","coordinates":[[-73.985267,40.727654],[-73.985046,40.727959]]}},{"type":"Feature","properties":{"lit":0.1415},"geometry":{"type":"LineString","coordinates":[[-73.984443,40.728779],[-73.984401,40.728834]]}},{"type":"Feature","properties":{"lit":0.0991},"geometry":{"type":"LineString","coordinates":[[-73.984401,40.728834],[-73.984195,40.72911]]}},{"type":"Feature","properties":{"lit":0.0356},"geometry":{"type":"LineString","coordinates":[[-73.983125,40.731586],[-73.982911,40.731497]]}},{"type":"Feature","properties":{"lit":0.0737},"geometry":{"type":"LineString","coordinates":[[-73.982911,40.731497],[-73.982696,40.731407]]}},{"type":"Feature","properties":{"lit":0.1095},"geometry":{"type":"LineString","coordinates":[[-73.982696,40.731407],[-73.982561,40.731352]]}},{"type":"Feature","properties":{"lit":0.0509},"geometry":{"type":"LineString","coordinates":[[-73.924999,40.806653],[-73.924991,40.806633]]}},{"type":"Feature","properties":{"lit":0.0495},"geometry":{"type":"LineString","coordinates":[[-73.924991,40.806633],[-73.924989,40.806614]]}},{"type":"Feature","properties":{"lit":0.0483},"geometry":{"type":"LineString","coordinates":[[-73.924989,40.806614],[-73.924992,40.806597]]}},{"type":"Feature","properties":{"lit":0.0467},"geometry":{"type":"LineString","coordinates":[[-73.924992,40.806597],[-73.925002,40.806579]]}},{"type":"Feature","properties":{"lit":0.0435},"geometry":{"type":"LineString","coordinates":[[-73.925002,40.806579],[-73.925027,40.806543]]}},{"type":"Feature","properties":{"lit":0.0238},"geometry":{"type":"LineString","coordinates":[[-73.979188,40.737168],[-73.978965,40.737075]]}},{"type":"Feature","properties":{"lit":0.1064},"geometry":{"type":"LineString","coordinates":[[-73.980912,40.737889],[-73.980772,40.737832]]}},{"type":"Feature","properties":{"lit":0.0743},"geometry":{"type":"LineString","coordinates":[[-73.980772,40.737832],[-73.980549,40.73774]]}},{"type":"Feature","properties":{"lit":0.0321},"geometry":{"type":"LineString","coordinates":[[-73.980549,40.73774],[-73.980292,40.737633]]}},{"type":"Feature","properties":{"lit":0.1174},"geometry":{"type":"LineString","coordinates":[[-73.980912,40.737889],[-73.981044,40.737944]]}},{"type":"Feature","properties":{"lit":0.1157},"geometry":{"type":"LineString","coordinates":[[-73.981044,40.737944],[-73.981092,40.737964]]}},{"type":"Feature","properties":{"lit":0.0979},"geometry":{"type":"LineString","coordinates":[[-73.981092,40.737964],[-73.981404,40.738092]]}},{"type":"Feature","properties":{"lit":0.0813},"geometry":{"type":"LineString","coordinates":[[-73.982618,40.738615],[-73.982953,40.738755]]}},{"type":"Feature","properties":{"lit":0.0701},"geometry":{"type":"LineString","coordinates":[[-73.982953,40.738755],[-73.983004,40.738777]]}},{"type":"Feature","properties":{"lit":0.061},"geometry":{"type":"LineString","coordinates":[[-73.983004,40.738777],[-73.983149,40.738838]]}},{"type":"Feature","properties":{"lit":0.0442},"geometry":{"type":"LineString","coordinates":[[-73.983149,40.738838],[-73.983284,40.738894]]}},{"type":"Feature","properties":{"lit":0.0329},"geometry":{"type":"LineString","coordinates":[[-73.983284,40.738894],[-73.983351,40.738923]]}},{"type":"Feature","properties":{"lit":0.0204},"geometry":{"type":"LineString","coordinates":[[-73.983351,40.738923],[-73.983534,40.739001]]}},{"type":"Feature","properties":{"lit":0.0344},"geometry":{"type":"LineString","coordinates":[[-73.995395,40.725758],[-73.995308,40.725859]]}},{"type":"Feature","properties":{"lit":0.0695},"geometry":{"type":"LineString","coordinates":[[-73.993428,40.724509],[-73.993499,40.724535]]}},{"type":"Feature","properties":{"lit":0.0735},"geometry":{"type":"LineString","coordinates":[[-73.993499,40.724535],[-73.993885,40.72467]]}},{"type":"Feature","properties":{"lit":0.0551},"geometry":{"type":"LineString","coordinates":[[-73.993885,40.72467],[-73.994077,40.724738]]}},{"type":"Feature","properties":{"lit":0.0413},"geometry":{"type":"LineString","coordinates":[[-73.994077,40.724738],[-73.994149,40.724764]]}},{"type":"Feature","properties":{"lit":0.0663},"geometry":{"type":"LineString","coordinates":[[-73.988744,40.72426],[-73.988533,40.724171]]}},{"type":"Feature","properties":{"lit":0.1636},"geometry":{"type":"LineString","coordinates":[[-73.988533,40.724171],[-73.988322,40.724082]]}},{"type":"Feature","properties":{"lit":0.2912},"geometry":{"type":"LineString","coordinates":[[-73.988322,40.724082],[-73.988111,40.723993]]}},{"type":"Feature","properties":{"lit":0.3653},"geometry":{"type":"LineString","coordinates":[[-73.988111,40.723993],[-73.987968,40.72394]]}},{"type":"Feature","properties":{"lit":0.0544},"geometry":{"type":"LineString","coordinates":[[-73.991306,40.723129],[-73.991155,40.723425]]}},{"type":"Feature","properties":{"lit":0.0827},"geometry":{"type":"LineString","coordinates":[[-73.991155,40.723425],[-73.99113,40.723472]]}},{"type":"Feature","properties":{"lit":0.0886},"geometry":{"type":"LineString","coordinates":[[-73.99113,40.723472],[-73.991108,40.723516]]}},{"type":"Feature","properties":{"lit":0.0946},"geometry":{"type":"LineString","coordinates":[[-73.991108,40.723516],[-73.991075,40.723602]]}},{"type":"Feature","properties":{"lit":0.1073},"geometry":{"type":"LineString","coordinates":[[-73.991655,40.723774],[-73.991293,40.723664]]}},{"type":"Feature","properties":{"lit":0.1071},"geometry":{"type":"LineString","coordinates":[[-73.991293,40.723664],[-73.991242,40.723649]]}},{"type":"Feature","properties":{"lit":0.1019},"geometry":{"type":"LineString","coordinates":[[-73.991242,40.723649],[-73.991075,40.723602]]}},{"type":"Feature","properties":{"lit":0.664},"geometry":{"type":"LineString","coordinates":[[-73.987053,40.725203],[-73.987001,40.725275]]}},{"type":"Feature","properties":{"lit":0.6587},"geometry":{"type":"LineString","coordinates":[[-73.987001,40.725275],[-73.986887,40.725431]]}},{"type":"Feature","properties":{"lit":0.6262},"geometry":{"type":"LineString","coordinates":[[-73.986887,40.725431],[-73.986756,40.725613]]}},{"type":"Feature","properties":{"lit":0.0958},"geometry":{"type":"LineString","coordinates":[[-73.996813,40.725384],[-73.996871,40.725316]]}},{"type":"Feature","properties":{"lit":0.054},"geometry":{"type":"LineString","coordinates":[[-73.996871,40.725316],[-73.997061,40.725092]]}},{"type":"Feature","properties":{"lit":0.5255},"geometry":{"type":"LineString","coordinates":[[-73.989347,40.723202],[-73.989594,40.723278]]}},{"type":"Feature","properties":{"lit":0.2987},"geometry":{"type":"LineString","coordinates":[[-73.989594,40.723278],[-73.98984,40.723353]]}},{"type":"Feature","properties":{"lit":0.1236},"geometry":{"type":"LineString","coordinates":[[-73.990297,40.723372],[-73.990209,40.723346]]}},{"type":"Feature","properties":{"lit":0.1657},"geometry":{"type":"LineString","coordinates":[[-73.990209,40.723346],[-73.989886,40.72325]]}},{"type":"Feature","properties":{"lit":0.1958},"geometry":{"type":"LineString","coordinates":[[-73.981211,40.725073],[-73.981163,40.725139]]}},{"type":"Feature","properties":{"lit":0.1559},"geometry":{"type":"LineString","coordinates":[[-73.981163,40.725139],[-73.981043,40.725305]]}},{"type":"Feature","properties":{"lit":0.0971},"geometry":{"type":"LineString","coordinates":[[-73.981043,40.725305],[-73.980922,40.725472]]}},{"type":"Feature","properties":{"lit":0.0695},"geometry":{"type":"LineString","coordinates":[[-73.980922,40.725472],[-73.980802,40.725638]]}},{"type":"Feature","properties":{"lit":0.0693},"geometry":{"type":"LineString","coordinates":[[-73.980802,40.725638],[-73.980768,40.725685]]}},{"type":"Feature","properties":{"lit":0.073},"geometry":{"type":"LineString","coordinates":[[-73.980768,40.725685],[-73.980727,40.72574]]}},{"type":"Feature","properties":{"lit":0.0831},"geometry":{"type":"LineString","coordinates":[[-73.980727,40.72574],[-73.980608,40.725904]]}},{"type":"Feature","properties":{"lit":0.0959},"geometry":{"type":"LineString","coordinates":[[-73.980608,40.725904],[-73.980489,40.726068]]}},{"type":"Feature","properties":{"lit":0.0949},"geometry":{"type":"LineString","coordinates":[[-73.980489,40.726068],[-73.980369,40.726231]]}},{"type":"Feature","properties":{"lit":0.0841},"geometry":{"type":"LineString","coordinates":[[-73.980369,40.726231],[-73.980333,40.726281]]}},{"type":"Feature","properties":{"lit":0.0773},"geometry":{"type":"LineString","coordinates":[[-73.980333,40.726281],[-73.980296,40.72633]]}},{"type":"Feature","properties":{"lit":0.073},"geometry":{"type":"LineString","coordinates":[[-73.980296,40.72633],[-73.980291,40.726337]]}},{"type":"Feature","properties":{"lit":0.0699},"geometry":{"type":"LineString","coordinates":[[-73.980291,40.726337],[-73.980134,40.726557]]}},{"type":"Feature","properties":{"lit":0.1329},"geometry":{"type":"LineString","coordinates":[[-73.980134,40.726557],[-73.979977,40.726778]]}},{"type":"Feature","properties":{"lit":0.2654},"geometry":{"type":"LineString","coordinates":[[-73.979977,40.726778],[-73.979946,40.726821]]}},{"type":"Feature","properties":{"lit":0.3263},"geometry":{"type":"LineString","coordinates":[[-73.979946,40.726821],[-73.979913,40.726865]]}},{"type":"Feature","properties":{"lit":0.2148},"geometry":{"type":"LineString","coordinates":[[-73.981211,40.725073],[-73.981289,40.725106]]}},{"type":"Feature","properties":{"lit":0.2391},"geometry":{"type":"LineString","coordinates":[[-73.981289,40.725106],[-73.981503,40.725198]]}},{"type":"Feature","properties":{"lit":0.234},"geometry":{"type":"LineString","coordinates":[[-73.981503,40.725198],[-73.981717,40.72529]]}},{"type":"Feature","properties":{"lit":0.1987},"geometry":{"type":"LineString","coordinates":[[-73.981717,40.72529],[-73.981931,40.725381]]}},{"type":"Feature","properties":{"lit":0.1613},"geometry":{"type":"LineString","coordinates":[[-73.981931,40.725381],[-73.982145,40.725473]]}},{"type":"Feature","properties":{"lit":0.1467},"geometry":{"type":"LineString","coordinates":[[-73.982145,40.725473],[-73.982359,40.725565]]}},{"type":"Feature","properties":{"lit":0.1674},"geometry":{"type":"LineString","coordinates":[[-73.982359,40.725565],[-73.982572,40.725653]]}},{"type":"Feature","properties":{"lit":0.2765},"geometry":{"type":"LineString","coordinates":[[-73.982572,40.725653],[-73.982785,40.725741]]}},{"type":"Feature","properties":{"lit":0.5128},"geometry":{"type":"LineString","coordinates":[[-73.982785,40.725741],[-73.982999,40.72583]]}},{"type":"Feature","properties":{"lit":0.984},"geometry":{"type":"LineString","coordinates":[[-73.982999,40.72583],[-73.983212,40.725918]]}},{"type":"Feature","properties":{"lit":1.0},"geometry":{"type":"LineString","coordinates":[[-73.983212,40.725918],[-73.983425,40.726006]]}},{"type":"Feature","properties":{"lit":1.0},"geometry":{"type":"LineString","coordinates":[[-73.983425,40.726006],[-73.983531,40.726051]]}},{"type":"Feature","properties":{"lit":0.0472},"geometry":{"type":"LineString","coordinates":[[-73.987683,40.732618],[-73.987818,40.732676]]}},{"type":"Feature","properties":{"lit":0.0486},"geometry":{"type":"LineString","coordinates":[[-73.987818,40.732676],[-73.987849,40.73269]]}},{"type":"Feature","properties":{"lit":0.0456},"geometry":{"type":"LineString","coordinates":[[-73.987849,40.73269],[-73.988083,40.732787]]}},{"type":"Feature","properties":{"lit":0.0289},"geometry":{"type":"LineString","coordinates":[[-73.988083,40.732787],[-73.988317,40.732885]]}},{"type":"Feature","properties":{"lit":0.0205},"geometry":{"type":"LineString","coordinates":[[-73.987267,40.732443],[-73.987483,40.732534]]}},{"type":"Feature","properties":{"lit":0.032},"geometry":{"type":"LineString","coordinates":[[-73.987483,40.732534],[-73.987548,40.732561]]}},{"type":"Feature","properties":{"lit":0.0399},"geometry":{"type":"LineString","coordinates":[[-73.987548,40.732561],[-73.987683,40.732618]]}},{"type":"Feature","properties":{"lit":0.0616},"geometry":{"type":"LineString","coordinates":[[-73.985366,40.735799],[-73.985325,40.735856]]}},{"type":"Feature","properties":{"lit":0.0609},"geometry":{"type":"LineString","coordinates":[[-73.985325,40.735856],[-73.985292,40.735901]]}},{"type":"Feature","properties":{"lit":0.1081},"geometry":{"type":"LineString","coordinates":[[-73.991241,40.723793],[-73.991406,40.723843]]}},{"type":"Feature","properties":{"lit":0.0269},"geometry":{"type":"LineString","coordinates":[[-73.978989,40.736287],[-73.978917,40.736383]]}},{"type":"Feature","properties":{"lit":0.073},"geometry":{"type":"LineString","coordinates":[[-73.984399,40.724859],[-73.984367,40.724903]]}},{"type":"Feature","properties":{"lit":0.0913},"geometry":{"type":"LineString","coordinates":[[-73.984367,40.724903],[-73.984342,40.724937]]}},{"type":"Feature","properties":{"lit":0.124},"geometry":{"type":"LineString","coordinates":[[-73.984342,40.724937],[-73.984279,40.725025]]}},{"type":"Feature","properties":{"lit":0.2181},"geometry":{"type":"LineString","coordinates":[[-73.984279,40.725025],[-73.984136,40.72522]]}},{"type":"Feature","properties":{"lit":0.3756},"geometry":{"type":"LineString","coordinates":[[-73.984136,40.72522],[-73.983994,40.725416]]}},{"type":"Feature","properties":{"lit":0.5143},"geometry":{"type":"LineString","coordinates":[[-73.983994,40.725416],[-73.983953,40.725471]]}},{"type":"Feature","properties":{"lit":0.6055},"geometry":{"type":"LineString","coordinates":[[-73.983953,40.725471],[-73.98391,40.72553]]}},{"type":"Feature","properties":{"lit":1.0},"geometry":{"type":"LineString","coordinates":[[-73.98391,40.72553],[-73.983743,40.725761]]}},{"type":"Feature","properties":{"lit":1.0},"geometry":{"type":"LineString","coordinates":[[-73.983743,40.725761],[-73.983575,40.725991]]}},{"type":"Feature","properties":{"lit":1.0},"geometry":{"type":"LineString","coordinates":[[-73.983575,40.725991],[-73.983531,40.726051]]}},{"type":"Feature","properties":{"lit":1.0},"geometry":{"type":"LineString","coordinates":[[-73.983531,40.726051],[-73.98348,40.726121]]}},{"type":"Feature","properties":{"lit":1.0},"geometry":{"type":"LineString","coordinates":[[-73.98348,40.726121],[-73.983363,40.726284]]}},{"type":"Feature","properties":{"lit":1.0},"geometry":{"type":"LineString","coordinates":[[-73.983363,40.726284],[-73.983247,40.726448]]}},{"type":"Feature","properties":{"lit":1.0},"geometry":{"type":"LineString","coordinates":[[-73.983247,40.726448],[-73.98313,40.726611]]}},{"type":"Feature","properties":{"lit":0.7223},"geometry":{"type":"LineString","coordinates":[[-73.98313,40.726611],[-73.98309,40.726666]]}},{"type":"Feature","properties":{"lit":0.458},"geometry":{"type":"LineString","coordinates":[[-73.978536,40.728746],[-73.978493,40.728805]]}},{"type":"Feature","properties":{"lit":0.737},"geometry":{"type":"LineString","coordinates":[[-73.978493,40.728805],[-73.978361,40.728986]]}},{"type":"Feature","properties":{"lit":1.0},"geometry":{"type":"LineString","coordinates":[[-73.978361,40.728986],[-73.97823,40.729166]]}},{"type":"Feature","properties":{"lit":0.9378},"geometry":{"type":"LineString","coordinates":[[-73.97823,40.729166],[-73.978099,40.729347]]}},{"type":"Feature","properties":{"lit":0.6432},"geometry":{"type":"LineString","coordinates":[[-73.978099,40.729347],[-73.978029,40.72944]]}},{"type":"Feature","properties":{"lit":0.7309},"geometry":{"type":"LineString","coordinates":[[-73.988775,40.722904],[-73.988831,40.722812]]}},{"type":"Feature","properties":{"lit":0.0773},"geometry":{"type":"LineString","coordinates":[[-73.999838,40.733237],[-73.999712,40.733409]]}},{"type":"Feature","properties":{"lit":0.0351},"geometry":{"type":"LineString","coordinates":[[-73.999712,40.733409],[-73.999585,40.73358]]}},{"type":"Feature","properties":{"lit":0.0668},"geometry":{"type":"LineString","coordinates":[[-73.994948,40.72489],[-73.994877,40.724865]]}},{"type":"Feature","properties":{"lit":0.0484},"geometry":{"type":"LineString","coordinates":[[-73.994877,40.724865],[-73.99458,40.724759]]}},{"type":"Feature","properties":{"lit":0.0332},"geometry":{"type":"LineString","coordinates":[[-73.99458,40.724759],[-73.994283,40.724653]]}},{"type":"Feature","properties":{"lit":0.0465},"geometry":{"type":"LineString","coordinates":[[-73.994283,40.724653],[-73.994208,40.724627]]}},{"type":"Feature","properties":{"lit":0.1102},"geometry":{"type":"LineString","coordinates":[[-73.995369,40.725034],[-73.995258,40.725001]]}},{"type":"Feature","properties":{"lit":0.0906},"geometry":{"type":"LineString","coordinates":[[-73.995258,40.725001],[-73.995006,40.724911]]}},{"type":"Feature","properties":{"lit":0.0735},"geometry":{"type":"LineString","coordinates":[[-73.995006,40.724911],[-73.994948,40.72489]]}},{"type":"Feature","properties":{"lit":0.0643},"geometry":{"type":"LineString","coordinates":[[-73.994948,40.72489],[-73.994887,40.725023]]}},{"type":"Feature","properties":{"lit":0.0558},"geometry":{"type":"LineString","coordinates":[[-73.994887,40.725023],[-73.99485,40.7251]]}},{"type":"Feature","properties":{"lit":0.0535},"geometry":{"type":"LineString","coordinates":[[-73.99485,40.7251],[-73.99483,40.725144]]}},{"type":"Feature","properties":{"lit":0.0522},"geometry":{"type":"LineString","coordinates":[[-73.99483,40.725144],[-73.994749,40.725306]]}},{"type":"Feature","properties":{"lit":0.0519},"geometry":{"type":"LineString","coordinates":[[-73.994749,40.725306],[-73.994636,40.725531]]}},{"type":"Feature","properties":{"lit":0.0375},"geometry":{"type":"LineString","coordinates":[[-73.994636,40.725531],[-73.994524,40.725756]]}},{"type":"Feature","properties":{"lit":0.0244},"geometry":{"type":"LineString","coordinates":[[-73.994524,40.725756],[-73.994503,40.725794]]}},{"type":"Feature","properties":{"lit":0.0746},"geometry":{"type":"LineString","coordinates":[[-73.994985,40.724811],[-73.994948,40.72489]]}},{"type":"Feature","properties":{"lit":0.0273},"geometry":{"type":"LineString","coordinates":[[-73.991891,40.729337],[-73.991754,40.729497]]}},{"type":"Feature","properties":{"lit":0.0568},"geometry":{"type":"LineString","coordinates":[[-73.991754,40.729497],[-73.991617,40.729657]]}},{"type":"Feature","properties":{"lit":0.1883},"geometry":{"type":"LineString","coordinates":[[-73.992697,40.724094],[-73.992728,40.724007]]}},{"type":"Feature","properties":{"lit":0.0513},"geometry":{"type":"LineString","coordinates":[[-73.989482,40.730148],[-73.989447,40.730196]]}},{"type":"Feature","properties":{"lit":0.0523},"geometry":{"type":"LineString","coordinates":[[-73.989447,40.730196],[-73.989413,40.730245]]}},{"type":"Feature","properties":{"lit":0.0564},"geometry":{"type":"LineString","coordinates":[[-73.989413,40.730245],[-73.989285,40.730418]]}},{"type":"Feature","properties":{"lit":0.0652},"geometry":{"type":"LineString","coordinates":[[-73.989285,40.730418],[-73.989158,40.730592]]}},{"type":"Feature","properties":{"lit":0.0692},"geometry":{"type":"LineString","coordinates":[[-73.989158,40.730592],[-73.989129,40.730632]]}},{"type":"Feature","properties":{"lit":0.0701},"geometry":{"type":"LineString","coordinates":[[-73.989129,40.730632],[-73.9891,40.730672]]}},{"type":"Feature","properties":{"lit":0.0702},"geometry":{"type":"LineString","coordinates":[[-73.9891,40.730672],[-73.989061,40.730726]]}},{"type":"Feature","properties":{"lit":0.069},"geometry":{"type":"LineString","coordinates":[[-73.989061,40.730726],[-73.989018,40.730783]]}},{"type":"Feature","properties":{"lit":0.0664},"geometry":{"type":"LineString","coordinates":[[-73.989018,40.730783],[-73.988987,40.730828]]}},{"type":"Feature","properties":{"lit":0.054},"geometry":{"type":"LineString","coordinates":[[-73.988987,40.730828],[-73.988841,40.731028]]}},{"type":"Feature","properties":{"lit":0.0258},"geometry":{"type":"LineString","coordinates":[[-73.988841,40.731028],[-73.988695,40.731228]]}},{"type":"Feature","properties":{"lit":0.7985},"geometry":{"type":"LineString","coordinates":[[-73.988446,40.723276],[-73.988574,40.723329]]}},{"type":"Feature","properties":{"lit":0.7725},"geometry":{"type":"LineString","coordinates":[[-73.988574,40.723329],[-73.988795,40.723423]]}},{"type":"Feature","properties":{"lit":0.6109},"geometry":{"type":"LineString","coordinates":[[-73.988795,40.723423],[-73.989016,40.723516]]}},{"type":"Feature","properties":{"lit":0.3833},"geometry":{"type":"LineString","coordinates":[[-73.989016,40.723516],[-73.989238,40.723609]]}},{"type":"Feature","properties":{"lit":0.2008},"geometry":{"type":"LineString","coordinates":[[-73.989238,40.723609],[-73.989459,40.723702]]}},{"type":"Feature","properties":{"lit":0.1015},"geometry":{"type":"LineString","coordinates":[[-73.989459,40.723702],[-73.98968,40.723796]]}},{"type":"Feature","properties":{"lit":0.0554},"geometry":{"type":"LineString","coordinates":[[-73.98968,40.723796],[-73.989902,40.723889]]}},{"type":"Feature","properties":{"lit":0.0303},"geometry":{"type":"LineString","coordinates":[[-73.989902,40.723889],[-73.990123,40.723982]]}},{"type":"Feature","properties":{"lit":0.06},"geometry":{"type":"LineString","coordinates":[[-73.996301,40.724662],[-73.996284,40.724685]]}},{"type":"Feature","properties":{"lit":0.113},"geometry":{"type":"LineString","coordinates":[[-73.996284,40.724685],[-73.996116,40.724883]]}},{"type":"Feature","properties":{"lit":0.2343},"geometry":{"type":"LineString","coordinates":[[-73.996116,40.724883],[-73.995949,40.725081]]}},{"type":"Feature","properties":{"lit":0.2833},"geometry":{"type":"LineString","coordinates":[[-73.995949,40.725081],[-73.995881,40.725162]]}},{"type":"Feature","properties":{"lit":0.0713},"geometry":{"type":"LineString","coordinates":[[-73.981398,40.737219],[-73.981274,40.737164]]}},{"type":"Feature","properties":{"lit":0.0668},"geometry":{"type":"LineString","coordinates":[[-73.981274,40.737164],[-73.981063,40.737076]]}},{"type":"Feature","properties":{"lit":0.0504},"geometry":{"type":"LineString","coordinates":[[-73.981063,40.737076],[-73.980851,40.736988]]}},{"type":"Feature","properties":{"lit":0.0422},"geometry":{"type":"LineString","coordinates":[[-73.980851,40.736988],[-73.98064,40.736899]]}},{"type":"Feature","properties":{"lit":0.0501},"geometry":{"type":"LineString","coordinates":[[-73.98064,40.736899],[-73.980428,40.736811]]}},{"type":"Feature","properties":{"lit":0.0593},"geometry":{"type":"LineString","coordinates":[[-73.980428,40.736811],[-73.980216,40.736722]]}},{"type":"Feature","properties":{"lit":0.0529},"geometry":{"type":"LineString","coordinates":[[-73.980216,40.736722],[-73.980005,40.736634]]}},{"type":"Feature","properties":{"lit":0.0358},"geometry":{"type":"LineString","coordinates":[[-73.980005,40.736634],[-73.979793,40.736546]]}},{"type":"Feature","properties":{"lit":0.0208},"geometry":{"type":"LineString","coordinates":[[-73.979793,40.736546],[-73.979581,40.736457]]}},{"type":"Feature","properties":{"lit":0.0638},"geometry":{"type":"LineString","coordinates":[[-73.993428,40.724509],[-73.993396,40.724586]]}},{"type":"Feature","properties":{"lit":0.0443},"geometry":{"type":"LineString","coordinates":[[-73.993396,40.724586],[-73.993318,40.724779]]}},{"type":"Feature","properties":{"lit":0.0531},"geometry":{"type":"LineString","coordinates":[[-73.985292,40.735901],[-73.985154,40.736091]]}},{"type":"Feature","properties":{"lit":0.0284},"geometry":{"type":"LineString","coordinates":[[-73.985154,40.736091],[-73.985016,40.736281]]}},{"type":"Feature","properties":{"lit":0.0753},"geometry":{"type":"LineString","coordinates":[[-73.993486,40.724369],[-73.993428,40.724509]]}},{"type":"Feature","properties":{"lit":0.0786},"geometry":{"type":"LineString","coordinates":[[-73.993486,40.724369],[-73.993422,40.724346]]}},{"type":"Feature","properties":{"lit":0.0806},"geometry":{"type":"LineString","coordinates":[[-73.993422,40.724346],[-73.993134,40.724244]]}},{"type":"Feature","properties":{"lit":0.117},"geometry":{"type":"LineString","coordinates":[[-73.990297,40.723372],[-73.990243,40.723479]]}},{"type":"Feature","properties":{"lit":0.3381},"geometry":{"type":"LineString","coordinates":[[-73.979913,40.726865],[-73.97983,40.726831]]}},{"type":"Feature","properties":{"lit":0.3029},"geometry":{"type":"LineString","coordinates":[[-73.97983,40.726831],[-73.979795,40.726816]]}},{"type":"Feature","properties":{"lit":0.2207},"geometry":{"type":"LineString","coordinates":[[-73.979795,40.726816],[-73.979587,40.726728]]}},{"type":"Feature","properties":{"lit":0.098},"geometry":{"type":"LineString","coordinates":[[-73.979587,40.726728],[-73.979379,40.72664]]}},{"type":"Feature","properties":{"lit":0.0301},"geometry":{"type":"LineString","coordinates":[[-73.979379,40.72664],[-73.979171,40.726553]]}},{"type":"Feature","properties":{"lit":0.0539},"geometry":{"type":"LineString","coordinates":[[-73.994208,40.724627],[-73.994242,40.724548]]}},{"type":"Feature","properties":{"lit":0.0608},"geometry":{"type":"LineString","coordinates":[[-73.994242,40.724548],[-73.994322,40.724366]]}},{"type":"Feature","properties":{"lit":0.0656},"geometry":{"type":"LineString","coordinates":[[-73.994322,40.724366],[-73.994403,40.724184]]}},{"type":"Feature","properties":{"lit":0.0613},"geometry":{"type":"LineString","coordinates":[[-73.994403,40.724184],[-73.994483,40.724001]]}},{"type":"Feature","properties":{"lit":0.0581},"geometry":{"type":"LineString","coordinates":[[-73.994483,40.724001],[-73.994564,40.723819]]}},{"type":"Feature","properties":{"lit":0.0626},"geometry":{"type":"LineString","coordinates":[[-73.994564,40.723819],[-73.994645,40.723637]]}},{"type":"Feature","properties":{"lit":0.0649},"geometry":{"type":"LineString","coordinates":[[-73.994645,40.723637],[-73.994725,40.723455]]}},{"type":"Feature","properties":{"lit":0.0502},"geometry":{"type":"LineString","coordinates":[[-73.994725,40.723455],[-73.994806,40.723273]]}},{"type":"Feature","properties":{"lit":0.0294},"geometry":{"type":"LineString","coordinates":[[-73.994806,40.723273],[-73.994886,40.723091]]}},{"type":"Feature","properties":{"lit":0.0446},"geometry":{"type":"LineString","coordinates":[[-73.994149,40.724764],[-73.994208,40.724627]]}},{"type":"Feature","properties":{"lit":0.0221},"geometry":{"type":"LineString","coordinates":[[-73.994033,40.725026],[-73.994117,40.724839]]}},{"type":"Feature","properties":{"lit":0.0339},"geometry":{"type":"LineString","coordinates":[[-73.994117,40.724839],[-73.994149,40.724764]]}},{"type":"Feature","properties":{"lit":0.0423},"geometry":{"type":"LineString","coordinates":[[-73.989505,40.730911],[-73.989256,40.730806]]}},{"type":"Feature","properties":{"lit":0.0599},"geometry":{"type":"LineString","coordinates":[[-73.989256,40.730806],[-73.989184,40.730778]]}},{"type":"Feature","properties":{"lit":0.0673},"geometry":{"type":"LineString","coordinates":[[-73.989184,40.730778],[-73.989061,40.730726]]}},{"type":"Feature","properties":{"lit":0.0705},"geometry":{"type":"LineString","coordinates":[[-73.989061,40.730726],[-73.988917,40.730666]]}},{"type":"Feature","properties":{"lit":0.0604},"geometry":{"type":"LineString","coordinates":[[-73.988917,40.730666],[-73.988685,40.730567]]}},{"type":"Feature","properties":{"lit":0.037},"geometry":{"type":"LineString","coordinates":[[-73.988685,40.730567],[-73.988453,40.730469]]}},{"type":"Feature","properties":{"lit":0.1693},"geometry":{"type":"LineString","coordinates":[[-73.927271,40.865531],[-73.927211,40.865437]]}},{"type":"Feature","properties":{"lit":0.1266},"geometry":{"type":"LineString","coordinates":[[-73.927211,40.865437],[-73.927082,40.865236]]}},{"type":"Feature","properties":{"lit":0.0551},"geometry":{"type":"LineString","coordinates":[[-73.927082,40.865236],[-73.926953,40.865036]]}},{"type":"Feature","properties":{"lit":0.0682},"geometry":{"type":"LineString","coordinates":[[-73.92643,40.866625],[-73.926586,40.866793]]}},{"type":"Feature","properties":{"lit":0.1727},"geometry":{"type":"LineString","coordinates":[[-73.926586,40.866793],[-73.926741,40.86696]]}},{"type":"Feature","properties":{"lit":0.243},"geometry":{"type":"LineString","coordinates":[[-73.926741,40.86696],[-73.926769,40.86699]]}},{"type":"Feature","properties":{"lit":0.2787},"geometry":{"type":"LineString","coordinates":[[-73.926769,40.86699],[-73.926838,40.867064]]}},{"type":"Feature","properties":{"lit":0.032},"geometry":{"type":"LineString","coordinates":[[-73.928405,40.865631],[-73.928319,40.865598]]}},{"type":"Feature","properties":{"lit":0.0426},"geometry":{"type":"LineString","coordinates":[[-73.928319,40.865598],[-73.928253,40.865572]]}},{"type":"Feature","properties":{"lit":0.0572},"geometry":{"type":"LineString","coordinates":[[-73.928253,40.865572],[-73.928065,40.865555]]}},{"type":"Feature","properties":{"lit":0.0216},"geometry":{"type":"LineString","coordinates":[[-73.924691,40.865845],[-73.924818,40.866044]]}},{"type":"Feature","properties":{"lit":0.0446},"geometry":{"type":"LineString","coordinates":[[-73.924818,40.866044],[-73.924946,40.866243]]}},{"type":"Feature","properties":{"lit":0.0546},"geometry":{"type":"LineString","coordinates":[[-73.924946,40.866243],[-73.925005,40.866336]]}},{"type":"Feature","properties":{"lit":0.0204},"geometry":{"type":"LineString","coordinates":[[-73.925892,40.868587],[-73.926062,40.868535]]}},{"type":"Feature","properties":{"lit":0.0499},"geometry":{"type":"LineString","coordinates":[[-73.926062,40.868535],[-73.926239,40.868469]]}},{"type":"Feature","properties":{"lit":0.1592},"geometry":{"type":"LineString","coordinates":[[-73.926239,40.868469],[-73.926575,40.868264]]}},{"type":"Feature","properties":{"lit":0.3227},"geometry":{"type":"LineString","coordinates":[[-73.926575,40.868264],[-73.926799,40.868104]]}},{"type":"Feature","properties":{"lit":0.3447},"geometry":{"type":"LineString","coordinates":[[-73.926799,40.868104],[-73.926923,40.868006]]}},{"type":"Feature","properties":{"lit":0.3153},"geometry":{"type":"LineString","coordinates":[[-73.926923,40.868006],[-73.926985,40.867956]]}},{"type":"Feature","properties":{"lit":0.2804},"geometry":{"type":"LineString","coordinates":[[-73.926985,40.867956],[-73.927052,40.86791]]}},{"type":"Feature","properties":{"lit":0.1953},"geometry":{"type":"LineString","coordinates":[[-73.927052,40.86791],[-73.927251,40.867771]]}},{"type":"Feature","properties":{"lit":0.0891},"geometry":{"type":"LineString","coordinates":[[-73.927251,40.867771],[-73.927449,40.867632]]}},{"type":"Feature","properties":{"lit":0.0317},"geometry":{"type":"LineString","coordinates":[[-73.927449,40.867632],[-73.927648,40.867493]]}},{"type":"Feature","properties":{"lit":0.5886},"geometry":{"type":"LineString","coordinates":[[-73.926406,40.867384],[-73.926484,40.867461]]}},{"type":"Feature","properties":{"lit":0.6154},"geometry":{"type":"LineString","coordinates":[[-73.926484,40.867461],[-73.926512,40.867489]]}},{"type":"Feature","properties":{"lit":0.6265},"geometry":{"type":"LineString","coordinates":[[-73.926512,40.867489],[-73.926594,40.86757]]}},{"type":"Feature","properties":{"lit":0.5913},"geometry":{"type":"LineString","coordinates":[[-73.926594,40.86757],[-73.926774,40.867747]]}},{"type":"Feature","properties":{"lit":0.4386},"geometry":{"type":"LineString","coordinates":[[-73.926774,40.867747],[-73.926953,40.867924]]}},{"type":"Feature","properties":{"lit":0.3185},"geometry":{"type":"LineString","coordinates":[[-73.926953,40.867924],[-73.926985,40.867956]]}},{"type":"Feature","properties":{"lit":0.0503},"geometry":{"type":"LineString","coordinates":[[-73.930479,40.810531],[-73.930426,40.810573]]}},{"type":"Feature","properties":{"lit":0.0452},"geometry":{"type":"LineString","coordinates":[[-73.930426,40.810573],[-73.93038,40.810609]]}},{"type":"Feature","properties":{"lit":0.0256},"geometry":{"type":"LineString","coordinates":[[-73.93038,40.810609],[-73.930104,40.810829]]}},{"type":"Feature","properties":{"lit":0.094},"geometry":{"type":"LineString","coordinates":[[-73.92922,40.80955],[-73.929327,40.809631]]}},{"type":"Feature","properties":{"lit":0.0327},"geometry":{"type":"LineString","coordinates":[[-73.930095,40.810233],[-73.930039,40.810276]]}},{"type":"Feature","properties":{"lit":0.0297},"geometry":{"type":"LineString","coordinates":[[-73.930039,40.810276],[-73.930003,40.810304]]}},{"type":"Feature","properties":{"lit":0.0284},"geometry":{"type":"LineString","coordinates":[[-73.931081,40.810539],[-73.930878,40.810378]]}},{"type":"Feature","properties":{"lit":0.048},"geometry":{"type":"LineString","coordinates":[[-73.930878,40.810378],[-73.93064,40.810192]]}},{"type":"Feature","properties":{"lit":0.0451},"geometry":{"type":"LineString","coordinates":[[-73.93064,40.810192],[-73.930473,40.810061]]}},{"type":"Feature","properties":{"lit":0.029},"geometry":{"type":"LineString","coordinates":[[-73.930473,40.810061],[-73.930306,40.80993]]}},{"type":"Feature","properties":{"lit":0.0273},"geometry":{"type":"LineString","coordinates":[[-73.927622,40.807779],[-73.927405,40.807688]]}},{"type":"Feature","properties":{"lit":0.0292},"geometry":{"type":"LineString","coordinates":[[-73.927405,40.807688],[-73.927188,40.807596]]}},{"type":"Feature","properties":{"lit":0.0249},"geometry":{"type":"LineString","coordinates":[[-73.927188,40.807596],[-73.927125,40.807569]]}},{"type":"Feature","properties":{"lit":0.0207},"geometry":{"type":"LineString","coordinates":[[-73.927125,40.807569],[-73.927007,40.80752]]}},{"type":"Feature","properties":{"lit":0.1116},"geometry":{"type":"LineString","coordinates":[[-73.92922,40.80955],[-73.929498,40.809326]]}},{"type":"Feature","properties":{"lit":0.0271},"geometry":{"type":"LineString","coordinates":[[-73.930031,40.819565],[-73.930064,40.819481]]}},{"type":"Feature","properties":{"lit":0.1769},"geometry":{"type":"LineString","coordinates":[[-73.927271,40.865531],[-73.927335,40.865621]]}},{"type":"Feature","properties":{"lit":0.1555},"geometry":{"type":"LineString","coordinates":[[-73.927335,40.865621],[-73.92752,40.865761]]}},{"type":"Feature","properties":{"lit":0.0951},"geometry":{"type":"LineString","coordinates":[[-73.92752,40.865761],[-73.927704,40.865901]]}},{"type":"Feature","properties":{"lit":0.029},"geometry":{"type":"LineString","coordinates":[[-73.927704,40.865901],[-73.927992,40.866134]]}},{"type":"Feature","properties":{"lit":0.0746},"geometry":{"type":"LineString","coordinates":[[-73.928065,40.865555],[-73.927989,40.865512]]}},{"type":"Feature","properties":{"lit":0.0886},"geometry":{"type":"LineString","coordinates":[[-73.927989,40.865512],[-73.927895,40.865403]]}},{"type":"Feature","properties":{"lit":0.0939},"geometry":{"type":"LineString","coordinates":[[-73.927895,40.865403],[-73.927858,40.865359]]}},{"type":"Feature","properties":{"lit":0.0939},"geometry":{"type":"LineString","coordinates":[[-73.927858,40.865359],[-73.927846,40.865345]]}},{"type":"Feature","properties":{"lit":0.0911},"geometry":{"type":"LineString","coordinates":[[-73.927846,40.865345],[-73.927784,40.86526]]}},{"type":"Feature","properties":{"lit":0.5049},"geometry":{"type":"LineString","coordinates":[[-73.926406,40.867384],[-73.926204,40.867544]]}},{"type":"Feature","properties":{"lit":0.329},"geometry":{"type":"LineString","coordinates":[[-73.926204,40.867544],[-73.926002,40.867704]]}},{"type":"Feature","properties":{"lit":0.2069},"geometry":{"type":"LineString","coordinates":[[-73.926002,40.867704],[-73.925919,40.867769]]}},{"type":"Feature","properties":{"lit":0.1541},"geometry":{"type":"LineString","coordinates":[[-73.925919,40.867769],[-73.925854,40.867805]]}},{"type":"Feature","properties":{"lit":0.1177},"geometry":{"type":"LineString","coordinates":[[-73.925854,40.867805],[-73.925798,40.867838]]}},{"type":"Feature","properties":{"lit":0.0551},"geometry":{"type":"LineString","coordinates":[[-73.925798,40.867838],[-73.925557,40.867925]]}},{"type":"Feature","properties":{"lit":0.0354},"geometry":{"type":"LineString","coordinates":[[-73.929173,40.840305],[-73.929247,40.840117]]}},{"type":"Feature","properties":{"lit":0.0699},"geometry":{"type":"LineString","coordinates":[[-73.929247,40.840117],[-73.929322,40.839929]]}},{"type":"Feature","properties":{"lit":0.0983},"geometry":{"type":"LineString","coordinates":[[-73.929322,40.839929],[-73.929397,40.839741]]}},{"type":"Feature","properties":{"lit":0.0276},"geometry":{"type":"LineString","coordinates":[[-73.928651,40.83981],[-73.928662,40.839839]]}},{"type":"Feature","properties":{"lit":0.0278},"geometry":{"type":"LineString","coordinates":[[-73.928662,40.839839],[-73.92867,40.839862]]}},{"type":"Feature","properties":{"lit":0.0272},"geometry":{"type":"LineString","coordinates":[[-73.92867,40.839862],[-73.92867,40.839886]]}},{"type":"Feature","properties":{"lit":0.0255},"geometry":{"type":"LineString","coordinates":[[-73.92867,40.839886],[-73.928661,40.839919]]}},{"type":"Feature","properties":{"lit":0.0233},"geometry":{"type":"LineString","coordinates":[[-73.928661,40.839919],[-73.928651,40.839942]]}},{"type":"Feature","properties":{"lit":0.0201},"geometry":{"type":"LineString","coordinates":[[-73.929306,40.838972],[-73.92917,40.839142]]}},{"type":"Feature","properties":{"lit":0.0404},"geometry":{"type":"LineString","coordinates":[[-73.92917,40.839142],[-73.929034,40.839313]]}},{"type":"Feature","properties":{"lit":0.0552},"geometry":{"type":"LineString","coordinates":[[-73.929034,40.839313],[-73.928897,40.839483]]}},{"type":"Feature","properties":{"lit":0.0521},"geometry":{"type":"LineString","coordinates":[[-73.928897,40.839483],[-73.928761,40.839653]]}},{"type":"Feature","properties":{"lit":0.0424},"geometry":{"type":"LineString","coordinates":[[-73.928761,40.839653],[-73.928736,40.83969]]}},{"type":"Feature","properties":{"lit":0.0341},"geometry":{"type":"LineString","coordinates":[[-73.928736,40.83969],[-73.928651,40.83981]]}},{"type":"Feature","properties":{"lit":0.0435},"geometry":{"type":"LineString","coordinates":[[-73.930331,40.819315],[-73.930367,40.819174]]}},{"type":"Feature","properties":{"lit":0.0217},"geometry":{"type":"LineString","coordinates":[[-73.930367,40.819174],[-73.930403,40.81891]]}},{"type":"Feature","properties":{"lit":0.0264},"geometry":{"type":"LineString","coordinates":[[-73.928643,40.808976],[-73.928826,40.809115]]}},{"type":"Feature","properties":{"lit":0.0616},"geometry":{"type":"LineString","coordinates":[[-73.928826,40.809115],[-73.92901,40.809253]]}},{"type":"Feature","properties":{"lit":0.0991},"geometry":{"type":"LineString","coordinates":[[-73.92901,40.809253],[-73.929194,40.809392]]}},{"type":"Feature","properties":{"lit":0.111},"geometry":{"type":"LineString","coordinates":[[-73.929194,40.809392],[-73.929378,40.809531]]}},{"type":"Feature","properties":{"lit":0.0864},"geometry":{"type":"LineString","coordinates":[[-73.929378,40.809531],[-73.929561,40.809669]]}},{"type":"Feature","properties":{"lit":0.0501},"geometry":{"type":"LineString","coordinates":[[-73.927123,40.807838],[-73.927001,40.807778]]}},{"type":"Feature","properties":{"lit":0.0397},"geometry":{"type":"LineString","coordinates":[[-73.927001,40.807778],[-73.926879,40.807721]]}},{"type":"Feature","properties":{"lit":0.0276},"geometry":{"type":"LineString","coordinates":[[-73.926879,40.807721],[-73.926748,40.807664]]}},{"type":"Feature","properties":{"lit":0.047},"geometry":{"type":"LineString","coordinates":[[-73.929561,40.809669],[-73.92975,40.809812]]}},{"type":"Feature","properties":{"lit":0.0214},"geometry":{"type":"LineString","coordinates":[[-73.92975,40.809812],[-73.929939,40.809955]]}},{"type":"Feature","properties":{"lit":0.0209},"geometry":{"type":"LineString","coordinates":[[-73.929939,40.809955],[-73.930127,40.810098]]}},{"type":"Feature","properties":{"lit":0.0399},"geometry":{"type":"LineString","coordinates":[[-73.930127,40.810098],[-73.930316,40.810241]]}},{"type":"Feature","properties":{"lit":0.0591},"geometry":{"type":"LineString","coordinates":[[-73.930316,40.810241],[-73.930504,40.810384]]}},{"type":"Feature","properties":{"lit":0.0593},"geometry":{"type":"LineString","coordinates":[[-73.930504,40.810384],[-73.930606,40.810467]]}},{"type":"Feature","properties":{"lit":0.0508},"geometry":{"type":"LineString","coordinates":[[-73.930606,40.810467],[-73.930703,40.810545]]}},{"type":"Feature","properties":{"lit":0.0382},"geometry":{"type":"LineString","coordinates":[[-73.930703,40.810545],[-73.9308,40.810633]]}},{"type":"Feature","properties":{"lit":0.0241},"geometry":{"type":"LineString","coordinates":[[-73.9308,40.810633],[-73.930901,40.810733]]}},{"type":"Feature","properties":{"lit":0.0246},"geometry":{"type":"LineString","coordinates":[[-73.927704,40.808157],[-73.927596,40.808092]]}},{"type":"Feature","properties":{"lit":0.0364},"geometry":{"type":"LineString","coordinates":[[-73.927596,40.808092],[-73.927475,40.808022]]}},{"type":"Feature","properties":{"lit":0.0475},"geometry":{"type":"LineString","coordinates":[[-73.927475,40.808022],[-73.927364,40.80796]]}},{"type":"Feature","properties":{"lit":0.0549},"geometry":{"type":"LineString","coordinates":[[-73.927364,40.80796],[-73.927236,40.807895]]}},{"type":"Feature","properties":{"lit":0.0558},"geometry":{"type":"LineString","coordinates":[[-73.927236,40.807895],[-73.927123,40.807838]]}},{"type":"Feature","properties":{"lit":0.097},"geometry":{"type":"LineString","coordinates":[[-73.929327,40.809631],[-73.929623,40.80941]]}},{"type":"Feature","properties":{"lit":0.0867},"geometry":{"type":"LineString","coordinates":[[-73.929657,40.809587],[-73.929474,40.809448]]}},{"type":"Feature","properties":{"lit":0.1116},"geometry":{"type":"LineString","coordinates":[[-73.929474,40.809448],[-73.929291,40.809309]]}},{"type":"Feature","properties":{"lit":0.1},"geometry":{"type":"LineString","coordinates":[[-73.929291,40.809309],[-73.929108,40.809171]]}},{"type":"Feature","properties":{"lit":0.0624},"geometry":{"type":"LineString","coordinates":[[-73.929108,40.809171],[-73.928925,40.809032]]}},{"type":"Feature","properties":{"lit":0.0269},"geometry":{"type":"LineString","coordinates":[[-73.928925,40.809032],[-73.928742,40.808893]]}},{"type":"Feature","properties":{"lit":0.0286},"geometry":{"type":"LineString","coordinates":[[-73.92547,40.847227],[-73.925602,40.84703]]}},{"type":"Feature","properties":{"lit":0.0537},"geometry":{"type":"LineString","coordinates":[[-73.925602,40.84703],[-73.925732,40.846828]]}},{"type":"Feature","properties":{"lit":0.0597},"geometry":{"type":"LineString","coordinates":[[-73.925732,40.846828],[-73.925857,40.84663]]}},{"type":"Feature","properties":{"lit":0.0395},"geometry":{"type":"LineString","coordinates":[[-73.925857,40.84663],[-73.925977,40.846429]]}},{"type":"Feature","properties":{"lit":0.0226},"geometry":{"type":"LineString","coordinates":[[-73.927477,40.843569],[-73.927366,40.843763]]}},{"type":"Feature","properties":{"lit":0.0214},"geometry":{"type":"LineString","coordinates":[[-73.927366,40.843763],[-73.927263,40.84394]]}},{"type":"Feature","properties":{"lit":0.0253},"geometry":{"type":"LineString","coordinates":[[-73.925899,40.846291],[-73.925782,40.846491]]}},{"type":"Feature","properties":{"lit":0.0461},"geometry":{"type":"LineString","coordinates":[[-73.925782,40.846491],[-73.92569,40.846646]]}},{"type":"Feature","properties":{"lit":0.0561},"geometry":{"type":"LineString","coordinates":[[-73.92569,40.846646],[-73.925576,40.846828]]}},{"type":"Feature","properties":{"lit":0.0452},"geometry":{"type":"LineString","coordinates":[[-73.925576,40.846828],[-73.925451,40.84702]]}},{"type":"Feature","properties":{"lit":0.0218},"geometry":{"type":"LineString","coordinates":[[-73.925451,40.84702],[-73.925319,40.847221]]}},{"type":"Feature","properties":{"lit":0.0976},"geometry":{"type":"LineString","coordinates":[[-73.929397,40.839741],[-73.929516,40.839536]]}},{"type":"Feature","properties":{"lit":0.0645},"geometry":{"type":"LineString","coordinates":[[-73.929516,40.839536],[-73.929629,40.839345]]}},{"type":"Feature","properties":{"lit":0.0282},"geometry":{"type":"LineString","coordinates":[[-73.929629,40.839345],[-73.929743,40.839136]]}},{"type":"Feature","properties":{"lit":0.1743},"geometry":{"type":"LineString","coordinates":[[-73.927271,40.865531],[-73.927404,40.865581]]}},{"type":"Feature","properties":{"lit":0.166},"geometry":{"type":"LineString","coordinates":[[-73.927404,40.865581],[-73.927445,40.865596]]}},{"type":"Feature","properties":{"lit":0.122},"geometry":{"type":"LineString","coordinates":[[-73.927445,40.865596],[-73.927903,40.865635]]}},{"type":"Feature","properties":{"lit":0.0567},"geometry":{"type":"LineString","coordinates":[[-73.927903,40.865635],[-73.928236,40.865664]]}},{"type":"Feature","properties":{"lit":0.0362},"geometry":{"type":"LineString","coordinates":[[-73.928236,40.865664],[-73.928307,40.86565]]}},{"type":"Feature","properties":{"lit":0.0299},"geometry":{"type":"LineString","coordinates":[[-73.928307,40.86565],[-73.928405,40.865631]]}},{"type":"Feature","properties":{"lit":0.0228},"geometry":{"type":"LineString","coordinates":[[-73.928405,40.865631],[-73.928532,40.865643]]}},{"type":"Feature","properties":{"lit":0.0925},"geometry":{"type":"LineString","coordinates":[[-73.929498,40.809326],[-73.929572,40.809272]]}},{"type":"Feature","properties":{"lit":0.0637},"geometry":{"type":"LineString","coordinates":[[-73.929572,40.809272],[-73.929758,40.809133]]}},{"type":"Feature","properties":{"lit":0.0264},"geometry":{"type":"LineString","coordinates":[[-73.929758,40.809133],[-73.929945,40.808995]]}},{"type":"Feature","properties":{"lit":0.021},"geometry":{"type":"LineString","coordinates":[[-73.924181,40.866632],[-73.924423,40.866545]]}},{"type":"Feature","properties":{"lit":0.0445},"geometry":{"type":"LineString","coordinates":[[-73.924423,40.866545],[-73.924665,40.866458]]}},{"type":"Feature","properties":{"lit":0.0606},"geometry":{"type":"LineString","coordinates":[[-73.924665,40.866458],[-73.924907,40.866371]]}},{"type":"Feature","properties":{"lit":0.0579},"geometry":{"type":"LineString","coordinates":[[-73.924907,40.866371],[-73.925005,40.866336]]}},{"type":"Feature","properties":{"lit":0.0505},"geometry":{"type":"LineString","coordinates":[[-73.925005,40.866336],[-73.925117,40.866296]]}},{"type":"Feature","properties":{"lit":0.034},"geometry":{"type":"LineString","coordinates":[[-73.925117,40.866296],[-73.925344,40.866214]]}},{"type":"Feature","properties":{"lit":0.0213},"geometry":{"type":"LineString","coordinates":[[-73.92632,40.865867],[-73.926527,40.865794]]}},{"type":"Feature","properties":{"lit":0.0213},"geometry":{"type":"LineString","coordinates":[[-73.930091,40.809761],[-73.929903,40.809619]]}},{"type":"Feature","properties":{"lit":0.048},"geometry":{"type":"LineString","coordinates":[[-73.929903,40.809619],[-73.929716,40.809477]]}},{"type":"Feature","properties":{"lit":0.0692},"geometry":{"type":"LineString","coordinates":[[-73.929716,40.809477],[-73.929688,40.809456]]}},{"type":"Feature","properties":{"lit":0.078},"geometry":{"type":"LineString","coordinates":[[-73.929688,40.809456],[-73.929623,40.80941]]}},{"type":"Feature","properties":{"lit":0.0242},"geometry":{"type":"LineString","coordinates":[[-73.928628,40.809098],[-73.928683,40.80914]]}},{"type":"Feature","properties":{"lit":0.045},"geometry":{"type":"LineString","coordinates":[[-73.928683,40.80914],[-73.928883,40.80929]]}},{"type":"Feature","properties":{"lit":0.0835},"geometry":{"type":"LineString","coordinates":[[-73.928883,40.80929],[-73.929084,40.809441]]}},{"type":"Feature","properties":{"lit":0.0987},"geometry":{"type":"LineString","coordinates":[[-73.929084,40.809441],[-73.929141,40.809489]]}},{"type":"Feature","properties":{"lit":0.0694},"geometry":{"type":"LineString","coordinates":[[-73.931084,40.819392],[-73.930783,40.819362]]}},{"type":"Feature","properties":{"lit":0.077},"geometry":{"type":"LineString","coordinates":[[-73.930783,40.819362],[-73.930482,40.819332]]}},{"type":"Feature","properties":{"lit":0.0586},"geometry":{"type":"LineString","coordinates":[[-73.930482,40.819332],[-73.930331,40.819315]]}},{"type":"Feature","properties":{"lit":0.0621},"geometry":{"type":"LineString","coordinates":[[-73.930548,40.819865],[-73.930541,40.82]]}},{"type":"Feature","properties":{"lit":0.0334},"geometry":{"type":"LineString","coordinates":[[-73.930541,40.82],[-73.930619,40.82026]]}},{"type":"Feature","properties":{"lit":0.0431},"geometry":{"type":"LineString","coordinates":[[-73.929497,40.839137],[-73.929382,40.839342]]}},{"type":"Feature","properties":{"lit":0.0836},"geometry":{"type":"LineString","coordinates":[[-73.929382,40.839342],[-73.92926,40.83955]]}},{"type":"Feature","properties":{"lit":0.1033},"geometry":{"type":"LineString","coordinates":[[-73.92926,40.83955],[-73.929143,40.839756]]}},{"type":"Feature","properties":{"lit":0.0828},"geometry":{"type":"LineString","coordinates":[[-73.929143,40.839756],[-73.929021,40.839959]]}},{"type":"Feature","properties":{"lit":0.0445},"geometry":{"type":"LineString","coordinates":[[-73.929021,40.839959],[-73.928911,40.840147]]}},{"type":"Feature","properties":{"lit":0.0233},"geometry":{"type":"LineString","coordinates":[[-73.92997,40.819438],[-73.930064,40.819481]]}},{"type":"Feature","properties":{"lit":0.0305},"geometry":{"type":"LineString","coordinates":[[-73.929822,40.808927],[-73.929639,40.80907]]}},{"type":"Feature","properties":{"lit":0.0701},"geometry":{"type":"LineString","coordinates":[[-73.929639,40.80907],[-73.929456,40.809213]]}},{"type":"Feature","properties":{"lit":0.097},"geometry":{"type":"LineString","coordinates":[[-73.929456,40.809213],[-73.929394,40.809259]]}},{"type":"Feature","properties":{"lit":0.1013},"geometry":{"type":"LineString","coordinates":[[-73.929394,40.809259],[-73.929351,40.809226]]}},{"type":"Feature","properties":{"lit":0.0864},"geometry":{"type":"LineString","coordinates":[[-73.929351,40.809226],[-73.929138,40.809067]]}},{"type":"Feature","properties":{"lit":0.0448},"geometry":{"type":"LineString","coordinates":[[-73.929138,40.809067],[-73.928925,40.808907]]}},{"type":"Feature","properties":{"lit":0.0232},"geometry":{"type":"LineString","coordinates":[[-73.928925,40.808907],[-73.928873,40.808869]]}},{"type":"Feature","properties":{"lit":0.021},"geometry":{"type":"LineString","coordinates":[[-73.926538,40.808158],[-73.926662,40.808218]]}},{"type":"Feature","properties":{"lit":0.0243},"geometry":{"type":"LineString","coordinates":[[-73.926662,40.808218],[-73.926686,40.80823]]}},{"type":"Feature","properties":{"lit":0.0295},"geometry":{"type":"LineString","coordinates":[[-73.926686,40.80823],[-73.92708,40.808398]]}},{"type":"Feature","properties":{"lit":0.1},"geometry":{"type":"LineString","coordinates":[[-73.929141,40.809489],[-73.92922,40.80955]]}},{"type":"Feature","properties":{"lit":0.0253},"geometry":{"type":"LineString","coordinates":[[-73.928776,40.809884],[-73.928953,40.809755]]}},{"type":"Feature","properties":{"lit":0.0592},"geometry":{"type":"LineString","coordinates":[[-73.928953,40.809755],[-73.92913,40.809626]]}},{"type":"Feature","properties":{"lit":0.0895},"geometry":{"type":"LineString","coordinates":[[-73.92913,40.809626],[-73.92922,40.80955]]}},{"type":"Feature","properties":{"lit":0.0816},"geometry":{"type":"LineString","coordinates":[[-73.929327,40.809631],[-73.92939,40.809681]]}},{"type":"Feature","properties":{"lit":0.059},"geometry":{"type":"LineString","coordinates":[[-73.92939,40.809681],[-73.929558,40.809812]]}},{"type":"Feature","properties":{"lit":0.0292},"geometry":{"type":"LineString","coordinates":[[-73.929558,40.809812],[-73.929737,40.809953]]}},{"type":"Feature","properties":{"lit":0.0253},"geometry":{"type":"LineString","coordinates":[[-73.929916,40.810093],[-73.930095,40.810233]]}},{"type":"Feature","properties":{"lit":0.1091},"geometry":{"type":"LineString","coordinates":[[-73.927784,40.86526],[-73.927493,40.865418]]}},{"type":"Feature","properties":{"lit":0.1597},"geometry":{"type":"LineString","coordinates":[[-73.927493,40.865418],[-73.927295,40.865519]]}},{"type":"Feature","properties":{"lit":0.0722},"geometry":{"type":"LineString","coordinates":[[-73.928049,40.865118],[-73.927795,40.865254]]}},{"type":"Feature","properties":{"lit":0.0773},"geometry":{"type":"LineString","coordinates":[[-73.929623,40.80941],[-73.929698,40.809355]]}},{"type":"Feature","properties":{"lit":0.0526},"geometry":{"type":"LineString","coordinates":[[-73.929698,40.809355],[-73.929874,40.809218]]}},{"type":"Feature","properties":{"lit":0.0222},"geometry":{"type":"LineString","coordinates":[[-73.929874,40.809218],[-73.93005,40.809082]]}},{"type":"Feature","properties":{"lit":0.0233},"geometry":{"type":"LineString","coordinates":[[-73.930592,40.810619],[-73.930864,40.810883]]}},{"type":"Feature","properties":{"lit":0.0255},"geometry":{"type":"LineString","coordinates":[[-73.928776,40.809884],[-73.92892,40.809726]]}},{"type":"Feature","properties":{"lit":0.0605},"geometry":{"type":"LineString","coordinates":[[-73.92892,40.809726],[-73.929063,40.809568]]}},{"type":"Feature","properties":{"lit":0.0911},"geometry":{"type":"LineString","coordinates":[[-73.929063,40.809568],[-73.929141,40.809489]]}},{"type":"Feature","properties":{"lit":0.0535},"geometry":{"type":"LineString","coordinates":[[-73.925005,40.866336],[-73.925071,40.866439]]}},{"type":"Feature","properties":{"lit":0.0345},"geometry":{"type":"LineString","coordinates":[[-73.925071,40.866439],[-73.925262,40.866739]]}},{"type":"Feature","properties":{"lit":0.0222},"geometry":{"type":"LineString","coordinates":[[-73.925514,40.867133],[-73.925634,40.867322]]}},{"type":"Feature","properties":{"lit":0.0587},"geometry":{"type":"LineString","coordinates":[[-73.925634,40.867322],[-73.925753,40.86751]]}},{"type":"Feature","properties":{"lit":0.1126},"geometry":{"type":"LineString","coordinates":[[-73.925753,40.86751],[-73.925873,40.867699]]}},{"type":"Feature","properties":{"lit":0.1614},"geometry":{"type":"LineString","coordinates":[[-73.925873,40.867699],[-73.925919,40.867769]]}},{"type":"Feature","properties":{"lit":0.0953},"geometry":{"type":"LineString","coordinates":[[-73.929581,40.809382],[-73.929498,40.809326]]}},{"type":"Feature","properties":{"lit":0.0231},"geometry":{"type":"LineString","coordinates":[[-73.928871,40.80992],[-73.929013,40.809849]]}},{"type":"Feature","properties":{"lit":0.0386},"geometry":{"type":"LineString","coordinates":[[-73.929013,40.809849],[-73.929101,40.809791]]}},{"type":"Feature","properties":{"lit":0.0682},"geometry":{"type":"LineString","coordinates":[[-73.929101,40.809791],[-73.929327,40.809631]]}},{"type":"Feature","properties":{"lit":0.0452},"geometry":{"type":"LineString","coordinates":[[-73.930095,40.810233],[-73.930287,40.810382]]}},{"type":"Feature","properties":{"lit":0.0562},"geometry":{"type":"LineString","coordinates":[[-73.930287,40.810382],[-73.930479,40.810531]]}},{"type":"Feature","properties":{"lit":0.048},"geometry":{"type":"LineString","coordinates":[[-73.930479,40.810531],[-73.930592,40.810619]]}},{"type":"Feature","properties":{"lit":0.0248},"geometry":{"type":"LineString","coordinates":[[-73.930834,40.82032],[-73.93082,40.820128]]}},{"type":"Feature","properties":{"lit":0.0545},"geometry":{"type":"LineString","coordinates":[[-73.93082,40.820128],[-73.930807,40.819936]]}},{"type":"Feature","properties":{"lit":0.0866},"geometry":{"type":"LineString","coordinates":[[-73.930807,40.819936],[-73.930793,40.819745]]}},{"type":"Feature","properties":{"lit":0.1027},"geometry":{"type":"LineString","coordinates":[[-73.930793,40.819745],[-73.93078,40.819553]]}},{"type":"Feature","properties":{"lit":0.0928},"geometry":{"type":"LineString","coordinates":[[-73.93078,40.819553],[-73.930768,40.819369]]}},{"type":"Feature","properties":{"lit":0.0645},"geometry":{"type":"LineString","coordinates":[[-73.930768,40.819369],[-73.930756,40.819186]]}},{"type":"Feature","properties":{"lit":0.0339},"geometry":{"type":"LineString","coordinates":[[-73.930756,40.819186],[-73.930744,40.819002]]}},{"type":"Feature","properties":{"lit":0.0214},"geometry":{"type":"LineString","coordinates":[[-73.930248,40.819086],[-73.93024,40.819125]]}},{"type":"Feature","properties":{"lit":0.0401},"geometry":{"type":"LineString","coordinates":[[-73.930592,40.819037],[-73.930604,40.819229]]}},{"type":"Feature","properties":{"lit":0.0728},"geometry":{"type":"LineString","coordinates":[[-73.930604,40.819229],[-73.930617,40.81942]]}},{"type":"Feature","properties":{"lit":0.0973},"geometry":{"type":"LineString","coordinates":[[-73.930617,40.81942],[-73.93063,40.819612]]}},{"type":"Feature","properties":{"lit":0.098},"geometry":{"type":"LineString","coordinates":[[-73.93063,40.819612],[-73.930642,40.819803]]}},{"type":"Feature","properties":{"lit":0.0748},"geometry":{"type":"LineString","coordinates":[[-73.930642,40.819803],[-73.930655,40.819995]]}},{"type":"Feature","properties":{"lit":0.0425},"geometry":{"type":"LineString","coordinates":[[-73.930655,40.819995],[-73.930668,40.820186]]}},{"type":"Feature","properties":{"lit":0.0604},"geometry":{"type":"LineString","coordinates":[[-73.926979,40.807936],[-73.92717,40.808009]]}},{"type":"Feature","properties":{"lit":0.0604},"geometry":{"type":"LineString","coordinates":[[-73.926997,40.807911],[-73.92717,40.808009]]}},{"type":"Feature","properties":{"lit":0.0294},"geometry":{"type":"LineString","coordinates":[[-73.930064,40.819481],[-73.930093,40.819425]]}},{"type":"Feature","properties":{"lit":0.029},"geometry":{"type":"LineString","coordinates":[[-73.931535,40.819434],[-73.931084,40.819392]]}},{"type":"Feature","properties":{"lit":0.0548},"geometry":{"type":"LineString","coordinates":[[-73.92717,40.808009],[-73.927415,40.808138]]}},{"type":"Feature","properties":{"lit":0.0297},"geometry":{"type":"LineString","coordinates":[[-73.927415,40.808138],[-73.927647,40.808274]]}},{"type":"Feature","properties":{"lit":0.0587},"geometry":{"type":"LineString","coordinates":[[-73.930331,40.819315],[-73.930381,40.81943]]}},{"type":"Feature","properties":{"lit":0.0704},"geometry":{"type":"LineString","coordinates":[[-73.930381,40.81943],[-73.930402,40.819485]]}},{"type":"Feature","properties":{"lit":0.0762},"geometry":{"type":"LineString","coordinates":[[-73.930402,40.819485],[-73.930421,40.819537]]}},{"type":"Feature","properties":{"lit":0.0805},"geometry":{"type":"LineString","coordinates":[[-73.930421,40.819537],[-73.930442,40.81959]]}},{"type":"Feature","properties":{"lit":0.0697},"geometry":{"type":"LineString","coordinates":[[-73.926527,40.865794],[-73.926844,40.865681]]}},{"type":"Feature","properties":{"lit":0.1528},"geometry":{"type":"LineString","coordinates":[[-73.926844,40.865681],[-73.927162,40.865569]]}},{"type":"Feature","properties":{"lit":0.1767},"geometry":{"type":"LineString","coordinates":[[-73.927162,40.865569],[-73.927247,40.865539]]}},{"type":"Feature","properties":{"lit":0.039},"geometry":{"type":"LineString","coordinates":[[-73.927318,40.866724],[-73.927078,40.866894]]}},{"type":"Feature","properties":{"lit":0.1747},"geometry":{"type":"LineString","coordinates":[[-73.927078,40.866894],[-73.926838,40.867064]]}},{"type":"Feature","properties":{"lit":0.4168},"geometry":{"type":"LineString","coordinates":[[-73.926838,40.867064],[-73.926622,40.867224]]}},{"type":"Feature","properties":{"lit":0.5676},"geometry":{"type":"LineString","coordinates":[[-73.926622,40.867224],[-73.926406,40.867384]]}},{"type":"Feature","properties":{"lit":0.0322},"geometry":{"type":"LineString","coordinates":[[-73.928415,40.864923],[-73.928203,40.865036]]}},{"type":"Feature","properties":{"lit":0.0453},"geometry":{"type":"LineString","coordinates":[[-73.928203,40.865036],[-73.928177,40.86505]]}},{"type":"Feature","properties":{"lit":0.0486},"geometry":{"type":"LineString","coordinates":[[-73.928177,40.86505],[-73.928133,40.865071]]}},{"type":"Feature","properties":{"lit":0.029},"geometry":{"type":"LineString","coordinates":[[-73.92794,40.864821],[-73.928045,40.864985]]}},{"type":"Feature","properties":{"lit":0.0481},"geometry":{"type":"LineString","coordinates":[[-73.928045,40.864985],[-73.928113,40.865081]]}},{"type":"Feature","properties":{"lit":0.0475},"geometry":{"type":"LineString","coordinates":[[-73.928397,40.863902],[-73.928206,40.863614]]}},{"type":"Feature","properties":{"lit":0.0588},"geometry":{"type":"LineString","coordinates":[[-73.928206,40.863614],[-73.928082,40.863421]]}},{"type":"Feature","properties":{"lit":0.0403},"geometry":{"type":"LineString","coordinates":[[-73.928082,40.863421],[-73.927959,40.863227]]}},{"type":"Feature","properties":{"lit":0.0368},"geometry":{"type":"LineString","coordinates":[[-73.925494,40.863766],[-73.925247,40.863857]]}},{"type":"Feature","properties":{"lit":0.0572},"geometry":{"type":"LineString","coordinates":[[-73.925247,40.863857],[-73.925,40.863948]]}},{"type":"Feature","properties":{"lit":0.0559},"geometry":{"type":"LineString","coordinates":[[-73.925,40.863948],[-73.924753,40.864039]]}},{"type":"Feature","properties":{"lit":0.0344},"geometry":{"type":"LineString","coordinates":[[-73.924753,40.864039],[-73.924506,40.86413]]}},{"type":"Feature","properties":{"lit":0.0869},"geometry":{"type":"LineString","coordinates":[[-73.929623,40.80941],[-73.929581,40.809382]]}},{"type":"Feature","properties":{"lit":0.102},"geometry":{"type":"LineString","coordinates":[[-73.929498,40.809326],[-73.929394,40.809259]]}},{"type":"Feature","properties":{"lit":0.0339},"geometry":{"type":"LineString","coordinates":[[-73.930064,40.819481],[-73.930156,40.819508]]}},{"type":"Feature","properties":{"lit":0.0467},"geometry":{"type":"LineString","coordinates":[[-73.930156,40.819508],[-73.930253,40.819536]]}},{"type":"Feature","properties":{"lit":0.0564},"geometry":{"type":"LineString","coordinates":[[-73.930253,40.819536],[-73.930286,40.819545]]}},{"type":"Feature","properties":{"lit":0.0709},"geometry":{"type":"LineString","coordinates":[[-73.930286,40.819545],[-73.930442,40.81959]]}},{"type":"Feature","properties":{"lit":0.0252},"geometry":{"type":"LineString","coordinates":[[-73.93024,40.819125],[-73.930206,40.819203]]}},{"type":"Feature","properties":{"lit":0.0284},"geometry":{"type":"LineString","coordinates":[[-73.930206,40.819203],[-73.930144,40.819289]]}},{"type":"Feature","properties":{"lit":0.0268},"geometry":{"type":"LineString","coordinates":[[-73.93024,40.819125],[-73.93027,40.819192]]}},{"type":"Feature","properties":{"lit":0.0402},"geometry":{"type":"LineString","coordinates":[[-73.93027,40.819192],[-73.930331,40.819315]]}},{"type":"Feature","properties":{"lit":0.0389},"geometry":{"type":"LineString","coordinates":[[-73.930331,40.819315],[-73.930144,40.819289]]}},{"type":"Feature","properties":{"lit":0.0831},"geometry":{"type":"LineString","coordinates":[[-73.930442,40.81959],[-73.930548,40.819865]]}},{"type":"Feature","properties":{"lit":0.0241},"geometry":{"type":"LineString","coordinates":[[-73.930024,40.819316],[-73.930144,40.819289]]}},{"type":"Feature","properties":{"lit":0.0231},"geometry":{"type":"LineString","coordinates":[[-73.930144,40.819289],[-73.930058,40.81923]]}},{"type":"Feature","properties":{"lit":0.0202},"geometry":{"type":"LineString","coordinates":[[-73.930152,40.819108],[-73.930151,40.819213]]}},{"type":"Feature","properties":{"lit":0.0264},"geometry":{"type":"LineString","coordinates":[[-73.930151,40.819213],[-73.930144,40.819289]]}},{"type":"Feature","properties":{"lit":0.176},"geometry":{"type":"LineString","coordinates":[[-73.927247,40.865539],[-73.927271,40.865531]]}},{"type":"Feature","properties":{"lit":0.1746},"geometry":{"type":"LineString","coordinates":[[-73.927295,40.865519],[-73.927271,40.865531]]}},{"type":"Feature","properties":{"lit":0.0857},"geometry":{"type":"LineString","coordinates":[[-73.927795,40.865254],[-73.927784,40.86526]]}},{"type":"Feature","properties":{"lit":0.0573},"geometry":{"type":"LineString","coordinates":[[-73.928113,40.865081],[-73.928049,40.865118]]}},{"type":"Feature","properties":{"lit":0.0529},"geometry":{"type":"LineString","coordinates":[[-73.928133,40.865071],[-73.928113,40.865081]]}},{"type":"Feature","properties":{"lit":0.1133},"geometry":{"type":"LineString","coordinates":[[-73.929141,40.809489],[-73.929394,40.809259]]}},{"type":"Feature","properties":{"lit":0.0434},"geometry":{"type":"LineString","coordinates":[[-73.929585,40.839167],[-73.929466,40.839375]]}},{"type":"Feature","properties":{"lit":0.0853},"geometry":{"type":"LineString","coordinates":[[-73.929466,40.839375],[-73.929345,40.839582]]}},{"type":"Feature","properties":{"lit":0.1068},"geometry":{"type":"LineString","coordinates":[[-73.929345,40.839582],[-73.92923,40.839779]]}},{"type":"Feature","properties":{"lit":0.0885},"geometry":{"type":"LineString","coordinates":[[-73.92923,40.839779],[-73.929112,40.83998]]}},{"type":"Feature","properties":{"lit":0.0481},"geometry":{"type":"LineString","coordinates":[[-73.929112,40.83998],[-73.928995,40.840182]]}},{"type":"Feature","properties":{"lit":0.0239},"geometry":{"type":"LineString","coordinates":[[-73.928578,40.839675],[-73.928625,40.839762]]}},{"type":"Feature","properties":{"lit":0.0267},"geometry":{"type":"LineString","coordinates":[[-73.928625,40.839762],[-73.928651,40.83981]]}},{"type":"Feature","properties":{"lit":0.0354},"geometry":{"type":"LineString","coordinates":[[-73.930093,40.819425],[-73.930203,40.819374]]}},{"type":"Feature","properties":{"lit":0.0457},"geometry":{"type":"LineString","coordinates":[[-73.930203,40.819374],[-73.930331,40.819315]]}},{"type":"Feature","properties":{"lit":0.0303},"geometry":{"type":"LineString","coordinates":[[-73.930093,40.819425],[-73.930122,40.819348]]}},{"type":"Feature","properties":{"lit":0.0295},"geometry":{"type":"LineString","coordinates":[[-73.930122,40.819348],[-73.930144,40.819289]]}},{"type":"Feature","properties":{"lit":0.0421},"geometry":{"type":"LineString","coordinates":[[-73.930665,40.820182],[-73.930612,40.819994]]}},{"type":"Feature","properties":{"lit":0.0653},"geometry":{"type":"LineString","coordinates":[[-73.930612,40.819994],[-73.930548,40.819865]]}},{"type":"Feature","properties":{"lit":0.0237},"geometry":{"type":"LineString","coordinates":[[-73.928386,40.865732],[-73.928405,40.865631]]}},{"type":"Feature","properties":{"lit":0.0855},"geometry":{"type":"LineString","coordinates":[[-73.928065,40.865555],[-73.927798,40.86553]]}},{"type":"Feature","properties":{"lit":0.1266},"geometry":{"type":"LineString","coordinates":[[-73.927798,40.86553],[-73.927532,40.865506]]}},{"type":"Feature","properties":{"lit":0.1486},"geometry":{"type":"LineString","coordinates":[[-73.927532,40.865506],[-73.927516,40.865505]]}},{"type":"Feature","properties":{"lit":0.1666},"geometry":{"type":"LineString","coordinates":[[-73.927516,40.865505],[-73.927271,40.865531]]}},{"type":"Feature","properties":{"lit":0.0514},"geometry":{"type":"LineString","coordinates":[[-73.930528,40.810252],[-73.930354,40.810119]]}},{"type":"Feature","properties":{"lit":0.0323},"geometry":{"type":"LineString","coordinates":[[-73.930354,40.810119],[-73.93018,40.809986]]}},{"type":"Feature","properties":{"lit":0.0227},"geometry":{"type":"LineString","coordinates":[[-73.930006,40.809853],[-73.929832,40.80972]]}},{"type":"Feature","properties":{"lit":0.0484},"geometry":{"type":"LineString","coordinates":[[-73.929832,40.80972],[-73.929657,40.809587]]}},{"type":"Feature","properties":{"lit":0.0331},"geometry":{"type":"LineString","coordinates":[[-73.930934,40.810568],[-73.930838,40.810489]]}},{"type":"Feature","properties":{"lit":0.0455},"geometry":{"type":"LineString","coordinates":[[-73.930838,40.810489],[-73.930734,40.810407]]}},{"type":"Feature","properties":{"lit":0.0576},"geometry":{"type":"LineString","coordinates":[[-73.930734,40.810407],[-73.930528,40.810252]]}},{"type":"Feature","properties":{"lit":0.0274},"geometry":{"type":"LineString","coordinates":[[-73.929044,40.840345],[-73.929162,40.840144]]}},{"type":"Feature","properties":{"lit":0.0646},"geometry":{"type":"LineString","coordinates":[[-73.929162,40.840144],[-73.929279,40.839942]]}},{"type":"Feature","properties":{"lit":0.0981},"geometry":{"type":"LineString","coordinates":[[-73.929279,40.839942],[-73.929397,40.839741]]}}]}