{"type":"FeatureCollection","features":[{"type":"Feature","properties":{},"geometry":{"type":"LineString","coordinates":[[-73.991888,40.692679],[-73.992229,40.69273],[-73.99257,40.692781],[-73.99291,40.692833],[-73.993251,40.692884],[-73.993592,40.692935],[-73.993899,40.692988],[-73.994206,40.693041],[-73.994513,40.693094],[-73.99482,40.693146],[-73.995127,40.693199],[-73.995434,40.693252],[-73.995741,40.693305],[-73.996048,40.693357],[-73.996355,40.69341],[-73.996662,40.693463],[-73.996969,40.693516],[-73.997276,40.693568],[-73.997584,40.693621],[-73.997891,40.693674],[-73.99825,40.693738],[-73.998609,40.693802],[-73.998968,40.693867],[-73.999328,40.693931],[-73.999639,40.694001],[-73.999978,40.694092],[-74.000412,40.694225],[-74.000922,40.694389],[-74.001406,40.694557],[-74.001737,40.694683],[-74.002069,40.694808],[-74.002419,40.694944]]}},{"type":"Feature","properties":{},"geometry":{"type":"LineString","coordinates":[[-73.983242,40.693629],[-73.983338,40.693848],[-73.983433,40.694066],[-73.983529,40.694285],[-73.983666,40.694561],[-73.983804,40.694836],[-73.983959,40.695145],[-73.984114,40.695454],[-73.984248,40.695729],[-73.984383,40.696004],[-73.98451,40.696268],[-73.984637,40.696532],[-73.984764,40.696795],[-73.984891,40.697059],[-73.98502,40.697308],[-73.985149,40.697558],[-73.985278,40.697807]]}},{"type":"Feature","properties":{},"geometry":{"type":"LineString","coordinates":[[-73.942859,40.701274],[-73.942535,40.701063],[-73.942211,40.700852],[-73.941976,40.700708],[-73.941707,40.700557],[-73.941437,40.700406],[-73.941167,40.700256],[-73.940897,40.700105],[-73.940628,40.699954],[-73.940358,40.699803],[-73.940093,40.699654],[-73.939829,40.699504],[-73.939565,40.699354],[-73.939301,40.699204],[-73.939036,40.699055],[-73.938772,40.698905],[-73.938508,40.698755],[-73.938243,40.698606],[-73.937969,40.698455],[-73.937695,40.698304],[-73.937421,40.698153],[-73.937147,40.698002],[-73.936873,40.697851],[-73.936777,40.697797],[-73.936669,40.697727],[-73.936601,40.697681],[-73.936512,40.697619],[-73.93643,40.697562],[-73.936362,40.697518],[-73.936196,40.697415],[-73.935888,40.697242],[-73.935581,40.69707],[-73.935273,40.696897],[-73.935156,40.696835],[-73.935003,40.696766]]}},{"type":"Feature","properties":{},"geometry":{"type":"LineString","coordinates":[[-73.980386,40.689013],[-73.980527,40.689095],[-73.98066,40.689184],[-73.980784,40.689281],[-73.980898,40.689383],[-73.981003,40.689492],[-73.981097,40.689606],[-73.98118,40.689725],[-73.981252,40.689848],[-73.981363,40.690072],[-73.981474,40.690295],[-73.981586,40.690519],[-73.981697,40.690742],[-73.981808,40.690966],[-73.981919,40.691189],[-73.98203,40.691412],[-73.982185,40.691726],[-73.982328,40.691947],[-73.982471,40.692167],[-73.982671,40.69249],[-73.982838,40.692824],[-73.982972,40.693092],[-73.983107,40.69336]]}},{"type":"Feature","properties":{},"geometry":{"type":"LineString","coordinates":[[-73.983931,40.688063],[-73.984147,40.68814],[-73.984672,40.688345],[-73.984958,40.688458],[-73.985244,40.68857],[-73.98553,40.688682],[-73.985817,40.688794],[-73.986103,40.688906],[-73.986464,40.68905],[-73.986747,40.68916],[-73.987029,40.689271],[-73.987355,40.689399],[-73.987503,40.689433],[-73.987655,40.689455],[-73.987808,40.689462],[-73.987962,40.689456],[-73.988114,40.689436],[-73.988262,40.689404]]}},{"type":"Feature","properties":{},"geometry":{"type":"LineString","coordinates":[[-73.986412,40.689129],[-73.986851,40.689302],[-73.986975,40.68935],[-73.987301,40.689478],[-73.987441,40.689569],[-73.987559,40.689663],[-73.987659,40.689769],[-73.98774,40.689883],[-73.9878,40.690005],[-73.987838,40.690132],[-73.987854,40.690261],[-73.987847,40.690391],[-73.987817,40.690519],[-73.987763,40.69064],[-73.987617,40.690942]]}},{"type":"Feature","properties":{},"geometry":{"type":"LineString","coordinates":[[-73.983948,40.688032],[-73.98365,40.687934],[-73.983353,40.687836],[-73.983056,40.687738],[-73.982758,40.687641],[-73.982461,40.687543],[-73.982163,40.687445],[-73.981866,40.687347],[-73.98162,40.687274],[-73.981371,40.687213],[-73.980975,40.687139],[-73.980578,40.687064],[-73.980115,40.686979],[-73.979789,40.68692],[-73.979509,40.686869],[-73.979225,40.686829],[-73.978919,40.68682]]}},{"type":"Feature","properties":{},"geometry":{"type":"LineString","coordinates":[[-73.983269,40.689806],[-73.982987,40.689695],[-73.982706,40.689584],[-73.982425,40.689473],[-73.982144,40.689362],[-73.981862,40.689251],[-73.981581,40.68914],[-73.9813,40.689028],[-73.981212,40.68899],[-73.981128,40.688939],[-73.981055,40.688894],[-73.980983,40.688842],[-73.980892,40.688763],[-73.980841,40.688711],[-73.980692,40.688504],[-73.980543,40.688297],[-73.980393,40.68809],[-73.980244,40.687884],[-73.980095,40.687677],[-73.979945,40.68747],[-73.979697,40.687126]]}},{"type":"Feature","properties":{},"geometry":{"type":"LineString","coordinates":[[-73.975998,40.652397],[-73.976042,40.652629],[-73.976085,40.65286],[-73.976129,40.653091],[-73.976172,40.653323],[-73.976215,40.653554],[-73.976259,40.653785],[-73.976303,40.654017],[-73.976346,40.654248],[-73.976389,40.654479],[-73.976433,40.654711],[-73.976494,40.655032],[-73.976554,40.655354],[-73.976594,40.655522],[-73.976674,40.655681],[-73.976792,40.655826],[-73.976942,40.655953],[-73.977184,40.6561],[-73.977426,40.656246],[-73.977668,40.656393],[-73.977909,40.65654],[-73.978151,40.656687],[-73.978393,40.656833],[-73.978635,40.65698],[-73.978877,40.657127],[-73.979119,40.657274],[-73.979361,40.65742],[-73.979603,40.657567],[-73.979845,40.657714],[-73.980002,40.657834],[-73.980134,40.657971],[-73.980237,40.658121],[-73.98031,40.658281],[-73.980351,40.658448],[-73.980358,40.658617],[-73.980332,40.658785],[-73.980245,40.659014],[-73.980158,40.659243],[-73.980051,40.65946],[-73.97991,40.659683],[-73.979752,40.659895],[-73.979594,40.660107],[-73.979437,40.660319],[-73.979272,40.660525],[-73.979107,40.66073],[-73.978942,40.660936],[-73.978778,40.661136],[-73.978615,40.661337],[-73.978451,40.661537],[-73.978288,40.661737],[-73.978124,40.661938],[-73.977961,40.662138],[-73.977798,40.662338],[-73.977634,40.662539],[-73.977471,40.662739],[-73.977307,40.66294],[-73.977144,40.66314],[-73.97698,40.66334],[-73.976817,40.663541],[-73.976653,40.663741],[-73.976573,40.663864],[-73.976526,40.663997],[-73.976514,40.664133],[-73.976538,40.66427],[-73.976595,40.6644],[-73.976685,40.664519],[-73.976804,40.664622]]}},{"type":"Feature","properties":{},"geometry":{"type":"LineString","coordinates":[[-73.998791,40.723031],[-73.998613,40.723242],[-73.998434,40.723453],[-73.998256,40.723664],[-73.998077,40.723875],[-73.997899,40.724085],[-73.99772,40.724296],[-73.997671,40.724355],[-73.997502,40.724554],[-73.997334,40.724753],[-73.997171,40.724945],[-73.997009,40.725137],[-73.996846,40.725329],[-73.996684,40.725521],[-73.996521,40.725713],[-73.996359,40.725904],[-73.996196,40.726096],[-73.996034,40.726288],[-73.995871,40.72648],[-73.995709,40.726672],[-73.995546,40.726864],[-73.995384,40.727056],[-73.995221,40.727248],[-73.99504,40.727463],[-73.994859,40.727677],[-73.994677,40.727891],[-73.994496,40.728106],[-73.994314,40.72832],[-73.994133,40.728534],[-73.993951,40.728749],[-73.993783,40.728948],[-73.993614,40.729147],[-73.993445,40.729347],[-73.993276,40.729546],[-73.993108,40.729745],[-73.992939,40.729945],[-73.99277,40.730144],[-73.992534,40.730423],[-73.992369,40.730618],[-73.992204,40.730812],[-73.99204,40.731007],[-73.991875,40.731202],[-73.991711,40.731396],[-73.991546,40.731591],[-73.991472,40.731686],[-73.991419,40.731788],[-73.991388,40.731896],[-73.991335,40.732133],[-73.991283,40.73237],[-73.99123,40.732608],[-73.991177,40.732845]]}},{"type":"Feature","properties":{},"geometry":{"type":"LineString","coordinates":[[-73.990417,40.707102],[-73.990533,40.707311],[-73.990649,40.707519],[-73.990765,40.707728],[-73.990881,40.707936],[-73.990997,40.708145],[-73.991113,40.708354],[-73.991229,40.708562],[-73.991345,40.708771],[-73.991461,40.70898],[-73.991577,40.709188],[-73.991693,40.709397],[-73.991809,40.709606],[-73.991925,40.709814],[-73.992041,40.710023],[-73.992157,40.710232],[-73.992273,40.71044],[-73.992389,40.710649],[-73.992504,40.710858],[-73.99262,40.711066],[-73.992736,40.711275],[-73.992852,40.711483],[-73.992968,40.711692],[-73.993084,40.711901],[-73.9932,40.712109],[-73.993316,40.712318],[-73.993432,40.712527],[-73.993548,40.712735],[-73.993664,40.712944],[-73.99378,40.713153],[-73.993896,40.713361],[-73.994012,40.71357],[-73.994128,40.713779],[-73.994244,40.713987],[-73.99436,40.714196]]}},{"type":"Feature","properties":{},"geometry":{"type":"LineString","coordinates":[[-73.986516,40.699724],[-73.986386,40.69949],[-73.986255,40.699257],[-73.986125,40.699024],[-73.985994,40.698791],[-73.985864,40.698557],[-73.985734,40.698324],[-73.985572,40.698004],[-73.985426,40.697691]]}},{"type":"Feature","properties":{},"geometry":{"type":"LineString","coordinates":[[-73.986507,40.704468],[-73.986504,40.704583],[-73.986503,40.704604],[-73.986497,40.704833],[-73.98654,40.705226],[-73.986613,40.705602],[-73.98673,40.705973],[-73.986919,40.70637],[-73.987177,40.706756],[-73.987337,40.706966],[-73.987497,40.707177],[-73.987657,40.707387]]}},{"type":"Feature","properties":{},"geometry":{"type":"LineString","coordinates":[[-73.994645,40.714348],[-73.99477,40.714578],[-73.994896,40.714807],[-73.995022,40.715037],[-73.995074,40.715118],[-73.995127,40.715195],[-73.995193,40.715284],[-73.995263,40.715369],[-73.995324,40.715437],[-73.995484,40.715596],[-73.995504,40.715615],[-73.995685,40.715795],[-73.995866,40.715974],[-73.996046,40.716153],[-73.996099,40.716203],[-73.996163,40.716256],[-73.996231,40.716303],[-73.996299,40.716344],[-73.996373,40.716382],[-73.996454,40.716417],[-73.996533,40.716445],[-73.99683,40.71655],[-73.997127,40.716654],[-73.997425,40.716759],[-73.997722,40.716864],[-73.998019,40.716969],[-73.998316,40.717073],[-73.998614,40.717178],[-73.998786,40.717246],[-73.998949,40.717327]]}},{"type":"Feature","properties":{},"geometry":{"type":"LineString","coordinates":[[-73.922454,40.808916],[-73.922189,40.808805],[-73.921924,40.808694],[-73.92166,40.808583],[-73.921395,40.808472],[-73.92113,40.80836],[-73.920865,40.808249],[-73.9206,40.808138],[-73.920336,40.808027],[-73.920071,40.807916],[-73.919806,40.807805],[-73.919541,40.807694],[-73.919276,40.807583],[-73.919193,40.807548],[-73.91892,40.807433],[-73.918648,40.807318],[-73.918375,40.807204],[-73.918103,40.807089],[-73.91783,40.806974],[-73.917558,40.80686],[-73.917285,40.806745],[-73.917013,40.806631],[-73.91674,40.806516],[-73.916468,40.806401],[-73.916195,40.806287],[-73.915927,40.806173],[-73.915659,40.80606],[-73.915391,40.805947],[-73.915123,40.805833],[-73.914855,40.80572],[-73.914587,40.805606],[-73.914319,40.805493],[-73.914051,40.80538],[-73.913782,40.805266],[-73.913514,40.805153],[-73.913497,40.805146],[-73.913069,40.804987],[-73.912847,40.804931],[-73.912639,40.804895],[-73.912459,40.804891],[-73.912334,40.804895],[-73.912237,40.804897],[-73.912094,40.804917],[-73.911997,40.804942],[-73.911905,40.804968],[-73.911817,40.805],[-73.911541,40.805125],[-73.911266,40.80525],[-73.91099,40.805375],[-73.910715,40.8055],[-73.910439,40.805625],[-73.910164,40.80575]]}},{"type":"Feature","properties":{},"geometry":{"type":"LineString","coordinates":[[-73.934949,40.822064],[-73.935172,40.821766],[-73.93528,40.82165],[-73.935385,40.821551],[-73.935518,40.821434],[-73.935582,40.821369],[-73.935654,40.821283],[-73.935941,40.820898],[-73.936091,40.820693],[-73.936241,40.820487],[-73.936392,40.820282],[-73.936542,40.820077],[-73.936687,40.819877],[-73.936832,40.819676],[-73.936976,40.819476],[-73.937121,40.819276],[-73.937266,40.819075],[-73.93741,40.818875],[-73.937555,40.818674]]}},{"type":"Feature","properties":{},"geometry":{"type":"LineString","coordinates":[[-73.937661,40.818458],[-73.937506,40.818619],[-73.93729,40.818801],[-73.937072,40.818905],[-73.936803,40.818988],[-73.936479,40.819054],[-73.936115,40.819086],[-73.935812,40.819094],[-73.935509,40.819103],[-73.935206,40.819112],[-73.934904,40.819121]]}},{"type":"Feature","properties":{},"geometry":{"type":"LineString","coordinates":[[-73.92791,40.816967],[-73.927899,40.81704],[-73.927901,40.817131],[-73.927925,40.817212],[-73.927992,40.817329],[-73.928095,40.817441],[-73.928201,40.817566],[-73.928279,40.817642],[-73.928358,40.817714],[-73.928422,40.817776],[-73.928462,40.817834],[-73.928491,40.817902],[-73.928501,40.817989],[-73.928481,40.818127],[-73.928448,40.818247],[-73.928417,40.818338],[-73.92839,40.818401],[-73.92836,40.818457],[-73.928287,40.818543],[-73.928198,40.818591],[-73.928116,40.818626],[-73.927985,40.818654]]}},{"type":"Feature","properties":{},"geometry":{"type":"LineString","coordinates":[[-73.926337,40.820625],[-73.926219,40.820958],[-73.92617,40.821254],[-73.926159,40.821531],[-73.926208,40.821827],[-73.926282,40.822053],[-73.926356,40.822279],[-73.926431,40.822505],[-73.926505,40.822732],[-73.926579,40.822958],[-73.926654,40.823184],[-73.926728,40.82341],[-73.926802,40.823637],[-73.926877,40.823863],[-73.926951,40.824089]]}},{"type":"Feature","properties":{},"geometry":{"type":"LineString","coordinates":[[-73.930266,40.812683],[-73.930205,40.812761],[-73.930061,40.812983],[-73.929916,40.813205],[-73.929771,40.813426],[-73.929627,40.813648],[-73.929482,40.81387],[-73.929338,40.814092],[-73.929193,40.814313],[-73.929048,40.814535],[-73.928904,40.814757],[-73.928812,40.814995],[-73.92872,40.815234],[-73.928628,40.815472],[-73.928535,40.81571],[-73.928443,40.815949],[-73.928351,40.816187],[-73.928259,40.816426],[-73.928167,40.816664],[-73.928075,40.816902],[-73.927983,40.817141],[-73.927929,40.817254],[-73.927816,40.817497],[-73.927703,40.81774],[-73.92769,40.81777],[-73.927589,40.817984],[-73.927487,40.818198],[-73.927386,40.818412],[-73.927285,40.818626],[-73.927183,40.81884],[-73.927082,40.819054],[-73.926889,40.81946]]}},{"type":"Feature","properties":{},"geometry":{"type":"LineString","coordinates":[[-73.961889,40.663379],[-73.961972,40.663247],[-73.962127,40.663064],[-73.962254,40.662883],[-73.962354,40.662721],[-73.962408,40.662556],[-73.96245,40.662349],[-73.962459,40.662147]]}},{"type":"Feature","properties":{},"geometry":{"type":"LineString","coordinates":[[-73.995319,40.700269],[-73.995021,40.700185],[-73.994723,40.700101],[-73.994425,40.700018],[-73.994127,40.699934],[-73.993829,40.69985],[-73.993531,40.699767],[-73.993233,40.699683],[-73.992935,40.699599],[-73.992728,40.69955],[-73.992549,40.699511],[-73.992384,40.699483],[-73.992275,40.699468],[-73.992198,40.699458],[-73.991792,40.699415],[-73.991386,40.699372],[-73.991216,40.699359],[-73.991058,40.699348],[-73.990755,40.699335],[-73.990452,40.699322],[-73.990149,40.69931],[-73.989845,40.699297],[-73.989573,40.699283],[-73.989328,40.699269],[-73.988971,40.699245]]}},{"type":"Feature","properties":{},"geometry":{"type":"LineString","coordinates":[[-73.988242,40.689993],[-73.988388,40.689785],[-73.988534,40.689578],[-73.988708,40.689332],[-73.988882,40.689086],[-73.989055,40.68884],[-73.989205,40.688619],[-73.989355,40.688398],[-73.989505,40.688178],[-73.989655,40.687957],[-73.989805,40.687737],[-73.989955,40.687516],[-73.990104,40.687296],[-73.990254,40.687075],[-73.990404,40.686855],[-73.99055,40.686639],[-73.990696,40.686424],[-73.990842,40.686209],[-73.990988,40.685994],[-73.991134,40.685778],[-73.99128,40.685563],[-73.991426,40.685348],[-73.991578,40.685125],[-73.99173,40.684902],[-73.991882,40.684679],[-73.992034,40.684456],[-73.992173,40.684251],[-73.992311,40.684047],[-73.99245,40.683842],[-73.992589,40.683638],[-73.992727,40.683434],[-73.992866,40.683229],[-73.993004,40.683025],[-73.993143,40.68282],[-73.993281,40.682616],[-73.99342,40.682412],[-73.993558,40.682207],[-73.993828,40.681813],[-73.994076,40.681446],[-73.994319,40.681088],[-73.994524,40.680826],[-73.994686,40.680631],[-73.994849,40.680436],[-73.995011,40.680242],[-73.995174,40.680047],[-73.995336,40.679852],[-73.995499,40.679658],[-73.995661,40.679463],[-73.995803,40.679281],[-73.995939,40.679087]]}},{"type":"Feature","properties":{},"geometry":{"type":"LineString","coordinates":[[-73.903076,40.678069],[-73.903034,40.677912],[-73.902932,40.677492],[-73.902891,40.677219],[-73.902881,40.677099],[-73.902875,40.676982],[-73.90289,40.6767],[-73.90291,40.676452],[-73.902925,40.676272],[-73.90294,40.676155],[-73.902958,40.676066],[-73.903035,40.675774],[-73.903113,40.675482],[-73.90319,40.67519],[-73.903297,40.674803],[-73.903318,40.67472],[-73.90333,40.674657],[-73.90335,40.674537],[-73.903354,40.674426],[-73.903347,40.674298],[-73.903332,40.674206],[-73.903305,40.674087],[-73.903229,40.673793],[-73.903153,40.673498],[-73.903077,40.673204],[-73.903002,40.672913],[-73.902927,40.672623],[-73.902852,40.672332],[-73.902791,40.672098],[-73.90273,40.671863],[-73.902669,40.671629],[-73.902634,40.671483],[-73.902605,40.671382]]}},{"type":"Feature","properties":{},"geometry":{"type":"LineString","coordinates":[[-73.901213,40.691907],[-73.901347,40.691731],[-73.901499,40.69156],[-73.901715,40.691338],[-73.901931,40.691115],[-73.902147,40.690893],[-73.902363,40.69067],[-73.902554,40.690477],[-73.902745,40.690284],[-73.902936,40.690091],[-73.903086,40.689935],[-73.903365,40.689603],[-73.90354,40.689395],[-73.903714,40.689187],[-73.903889,40.688979],[-73.904063,40.688771],[-73.904237,40.688564],[-73.904412,40.688356],[-73.904586,40.688148],[-73.904706,40.688005]]}},{"type":"Feature","properties":{},"geometry":{"type":"LineString","coordinates":[[-73.921692,40.817093],[-73.921399,40.817017],[-73.921106,40.816941],[-73.920812,40.816865],[-73.920519,40.816789],[-73.920226,40.816713],[-73.919933,40.816637],[-73.91964,40.816562],[-73.919346,40.816486],[-73.919053,40.81641],[-73.91876,40.816334],[-73.918467,40.816258],[-73.918082,40.816158],[-73.917697,40.816058],[-73.917368,40.815958],[-73.917038,40.815857],[-73.916709,40.815756]]}},{"type":"Feature","properties":{},"geometry":{"type":"LineString","coordinates":[[-73.93485,40.82312],[-73.934789,40.823079],[-73.934733,40.823033],[-73.93469,40.822978],[-73.934636,40.822897],[-73.934596,40.822805],[-73.934582,40.822698],[-73.934591,40.822602],[-73.934619,40.822527],[-73.934665,40.822443]]}},{"type":"Feature","properties":{},"geometry":{"type":"LineString","coordinates":[[-73.994688,40.714336],[-73.994571,40.714128],[-73.994454,40.713919],[-73.994337,40.71371],[-73.994221,40.713501],[-73.994104,40.713293],[-73.993987,40.713084],[-73.993871,40.712875],[-73.993754,40.712666],[-73.993637,40.712458],[-73.99352,40.712249],[-73.993404,40.71204],[-73.993287,40.711831],[-73.99317,40.711623],[-73.993053,40.711414],[-73.992937,40.711205],[-73.99282,40.710996],[-73.992703,40.710788],[-73.992586,40.710579],[-73.99247,40.71037],[-73.992353,40.710161],[-73.992236,40.709953],[-73.992119,40.709744],[-73.992003,40.709535],[-73.991886,40.709326],[-73.991769,40.709118],[-73.991652,40.708909],[-73.991536,40.7087],[-73.991419,40.708491],[-73.991302,40.708283],[-73.991186,40.708074],[-73.991069,40.707865],[-73.990952,40.707656],[-73.990835,40.707448],[-73.990719,40.707239],[-73.990602,40.70703],[-73.990485,40.706821],[-73.990368,40.706613],[-73.990252,40.706404],[-73.990135,40.706195],[-73.990018,40.705986],[-73.989901,40.705778],[-73.989785,40.705569],[-73.989668,40.70536],[-73.989551,40.705151],[-73.989434,40.704943],[-73.989318,40.704734],[-73.989201,40.704525],[-73.989084,40.704316],[-73.988968,40.704108],[-73.988851,40.703899],[-73.988734,40.70369],[-73.988617,40.703481],[-73.988501,40.703272],[-73.988384,40.703064],[-73.988267,40.702855],[-73.98815,40.702646],[-73.988034,40.702437],[-73.987917,40.702229],[-73.9878,40.70202],[-73.987683,40.701811],[-73.987567,40.701602],[-73.98745,40.701394],[-73.987333,40.701185],[-73.987216,40.700976],[-73.9871,40.700767],[-73.986983,40.700559],[-73.986866,40.70035],[-73.986749,40.700141],[-73.986633,40.699932]]}},{"type":"Feature","properties":{},"geometry":{"type":"LineString","coordinates":[[-73.988558,40.723015],[-73.988984,40.723145],[-73.989277,40.723234],[-73.989569,40.723323],[-73.989862,40.723412],[-73.990154,40.723501],[-73.990446,40.723591],[-73.990739,40.72368],[-73.991031,40.723769],[-73.991336,40.723862],[-73.991642,40.723956],[-73.991764,40.723993],[-73.992046,40.724077],[-73.992328,40.724162],[-73.992658,40.724264],[-73.992976,40.724377],[-73.993294,40.72449],[-73.993612,40.724604]]}},{"type":"Feature","properties":{},"geometry":{"type":"LineString","coordinates":[[-73.997691,40.720787],[-73.99759,40.720889],[-73.99747,40.720979],[-73.997333,40.721054],[-73.997183,40.721113],[-73.997023,40.721154],[-73.996857,40.721177],[-73.996688,40.72118],[-73.996521,40.721165],[-73.996358,40.72113],[-73.99603,40.721019],[-73.995702,40.720909],[-73.995375,40.720798],[-73.995047,40.720688],[-73.994762,40.720597],[-73.994476,40.720505],[-73.994191,40.720414],[-73.993906,40.720323],[-73.99362,40.720232],[-73.993335,40.720141]]}},{"type":"Feature","properties":{},"geometry":{"type":"LineString","coordinates":[[-73.987653,40.669353],[-73.987308,40.669276],[-73.986962,40.6692],[-73.986617,40.669123],[-73.986272,40.669047],[-73.986059,40.66899],[-73.985857,40.668921],[-73.985728,40.668871],[-73.985561,40.668795],[-73.985306,40.668671],[-73.98505,40.668548],[-73.984795,40.668424],[-73.984539,40.6683],[-73.984284,40.668177],[-73.984029,40.668053],[-73.983773,40.667929],[-73.983518,40.667805],[-73.983262,40.667682],[-73.983007,40.667558],[-73.982752,40.667434],[-73.982496,40.667311],[-73.982241,40.667187],[-73.981986,40.667063],[-73.98173,40.66694],[-73.981475,40.666816],[-73.981219,40.666692],[-73.980964,40.666568],[-73.98065,40.666417],[-73.980337,40.666265],[-73.980036,40.666119],[-73.979735,40.665973],[-73.979434,40.665828],[-73.979133,40.665682],[-73.978866,40.665553],[-73.978599,40.665423],[-73.978332,40.665294],[-73.978065,40.665165],[-73.977798,40.665035],[-73.977531,40.664906],[-73.977264,40.664776],[-73.976997,40.664647],[-73.976684,40.664492],[-73.976371,40.664338],[-73.976058,40.664183],[-73.975881,40.664081],[-73.975736,40.663957],[-73.975624,40.663815],[-73.97555,40.663658],[-73.975517,40.663494],[-73.975526,40.663326],[-73.975552,40.663095],[-73.975578,40.662865],[-73.975604,40.662635],[-73.97563,40.662405],[-73.975656,40.662175],[-73.975682,40.661944],[-73.975708,40.661714],[-73.975733,40.661484],[-73.975759,40.661254],[-73.975785,40.661023],[-73.975811,40.660793],[-73.975837,40.660563],[-73.975863,40.660333],[-73.975889,40.660102],[-73.975915,40.659872],[-73.975941,40.659642],[-73.975967,40.659412],[-73.975993,40.659181],[-73.976018,40.658951],[-73.976046,40.658719],[-73.976074,40.658487],[-73.976127,40.658193],[-73.976184,40.657934],[-73.976241,40.657676],[-73.976299,40.657417],[-73.976356,40.657158],[-73.976414,40.6569],[-73.976471,40.656641],[-73.976504,40.656395],[-73.976524,40.656164],[-73.976526,40.655933],[-73.976528,40.655702],[-73.976529,40.655471],[-73.976531,40.655241],[-73.97652,40.654975],[-73.976479,40.654706],[-73.976437,40.654481],[-73.976394,40.654256],[-73.976352,40.654031],[-73.97631,40.653806],[-73.976267,40.653581],[-73.976225,40.653356],[-73.976183,40.653131],[-73.97614,40.652906],[-73.976098,40.652681],[-73.976056,40.652456]]}},{"type":"Feature","properties":{},"geometry":{"type":"LineString","coordinates":[[-73.90283,40.67619],[-73.90274,40.676461],[-73.902643,40.676779],[-73.902605,40.676904],[-73.902577,40.677043],[-73.902561,40.67715],[-73.902553,40.677266],[-73.902523,40.677563],[-73.902524,40.677652],[-73.90254,40.67774],[-73.902587,40.677852],[-73.90264,40.677952],[-73.902771,40.678144],[-73.902947,40.678426],[-73.90302,40.678543],[-73.903068,40.678633],[-73.90318,40.678877],[-73.903291,40.67912],[-73.903356,40.679298],[-73.903435,40.679525],[-73.903445,40.679559],[-73.903538,40.679864]]}},{"type":"Feature","properties":{},"geometry":{"type":"LineString","coordinates":[[-73.902553,40.677266],[-73.902531,40.677372],[-73.902503,40.677452],[-73.902459,40.677526],[-73.902385,40.677634],[-73.902311,40.677743],[-73.902268,40.677812],[-73.902238,40.677894],[-73.902233,40.677938],[-73.902235,40.67799],[-73.902245,40.678065],[-73.902267,40.678147],[-73.90232,40.678255],[-73.902383,40.678326],[-73.902455,40.678386]]}},{"type":"Feature","properties":{},"geometry":{"type":"LineString","coordinates":[[-73.979608,40.682458],[-73.979461,40.682657],[-73.979314,40.682857],[-73.979202,40.68302],[-73.979064,40.683223],[-73.978907,40.683455],[-73.97875,40.683687],[-73.978594,40.683919],[-73.978437,40.684151],[-73.97828,40.684383],[-73.978174,40.684556],[-73.978086,40.684736],[-73.978023,40.684921],[-73.977987,40.685111],[-73.977976,40.685302],[-73.977994,40.685493],[-73.978028,40.685719],[-73.978062,40.685945],[-73.978097,40.686171],[-73.978131,40.686396],[-73.978165,40.686622],[-73.9782,40.686848],[-73.978234,40.687073],[-73.978268,40.687299],[-73.978291,40.687399],[-73.978325,40.687496],[-73.978369,40.687592],[-73.978424,40.687684],[-73.978489,40.687772],[-73.978563,40.687856],[-73.978646,40.687935],[-73.978737,40.688009],[-73.978836,40.688076]]}},{"type":"Feature","properties":{},"geometry":{"type":"LineString","coordinates":[[-74.003141,40.706189],[-74.002991,40.706014],[-74.002827,40.70583],[-74.002651,40.70564],[-74.002477,40.705453],[-74.002303,40.705265],[-74.002129,40.705078],[-74.001955,40.704891],[-74.001781,40.704704],[-74.001608,40.704516],[-74.001434,40.704329],[-74.00126,40.704142],[-74.001086,40.703954],[-74.000912,40.703767],[-74.000738,40.70358],[-74.000564,40.703392],[-74.00039,40.703205],[-74.000216,40.703018],[-74.000042,40.702831],[-73.999868,40.702643],[-73.999694,40.702456],[-73.99952,40.702269],[-73.999318,40.702069],[-73.999116,40.701881],[-73.99892,40.701725],[-73.998749,40.701601],[-73.998488,40.701433],[-73.998188,40.701265],[-73.997833,40.701099],[-73.997419,40.700917],[-73.996939,40.700738],[-73.996391,40.700568],[-73.996034,40.700468],[-73.995676,40.700369]]}},{"type":"Feature","properties":{},"geometry":{"type":"LineString","coordinates":[[-73.934571,40.696596],[-73.934514,40.696575],[-73.934471,40.69656],[-73.934435,40.69655],[-73.934384,40.696538],[-73.934339,40.69653],[-73.934295,40.696525],[-73.934257,40.696522],[-73.934213,40.696523],[-73.93417,40.696526],[-73.934125,40.696532],[-73.934076,40.696541],[-73.934032,40.696553],[-73.933986,40.696569],[-73.933945,40.696586],[-73.933903,40.69661],[-73.933865,40.696635],[-73.93383,40.696658],[-73.933801,40.696682],[-73.933772,40.696709],[-73.933743,40.696738],[-73.933532,40.696959],[-73.933495,40.696996],[-73.933457,40.697028],[-73.933422,40.697055],[-73.933389,40.697077],[-73.933352,40.6971],[-73.933322,40.697117],[-73.933287,40.697135],[-73.933249,40.697153],[-73.933206,40.697169],[-73.933168,40.697182],[-73.933122,40.697196],[-73.933078,40.697206],[-73.933035,40.697214],[-73.932976,40.697222],[-73.932925,40.697228],[-73.932544,40.697271],[-73.932162,40.697313],[-73.931781,40.697355],[-73.931696,40.697364],[-73.931629,40.69737],[-73.931568,40.697373],[-73.931464,40.697379],[-73.931403,40.697383],[-73.931357,40.697387]]}},{"type":"Feature","properties":{},"geometry":{"type":"LineString","coordinates":[[-73.903617,40.678987],[-73.903891,40.679146],[-73.904166,40.679304],[-73.90444,40.679462],[-73.904715,40.67962],[-73.90499,40.679778],[-73.905264,40.679936],[-73.905708,40.680197],[-73.906063,40.680397],[-73.906419,40.680598]]}},{"type":"Feature","properties":{},"geometry":{"type":"LineString","coordinates":[[-73.936468,40.697664],[-73.936872,40.697893],[-73.937141,40.698041],[-73.93741,40.69819],[-73.937679,40.698338],[-73.937948,40.698487],[-73.938217,40.698635],[-73.938464,40.698775],[-73.93871,40.698914],[-73.938957,40.699054],[-73.939203,40.699193],[-73.939449,40.699333],[-73.939696,40.699472],[-73.939942,40.699612],[-73.940189,40.699752],[-73.940435,40.699891],[-73.940682,40.700031],[-73.940928,40.70017],[-73.941175,40.70031],[-73.941421,40.700449],[-73.941668,40.700589],[-73.941914,40.700728],[-73.942218,40.700918],[-73.942522,40.701107],[-73.942825,40.701296],[-73.943156,40.701494]]}},{"type":"Feature","properties":{},"geometry":{"type":"LineString","coordinates":[[-73.968113,40.712381],[-73.968391,40.712465],[-73.96867,40.71255],[-73.968948,40.712634],[-73.969227,40.712719],[-73.969506,40.712803],[-73.969784,40.712888],[-73.970063,40.712972],[-73.970342,40.713057],[-73.97062,40.713141],[-73.970899,40.713226],[-73.971177,40.71331],[-73.971456,40.713394],[-73.971735,40.713479],[-73.972013,40.713563],[-73.972292,40.713648],[-73.972571,40.713732],[-73.972849,40.713817],[-73.973128,40.713901],[-73.973407,40.713986],[-73.973685,40.71407],[-73.973964,40.714155],[-73.974242,40.714239],[-73.974521,40.714324],[-73.9748,40.714408],[-73.975078,40.714492],[-73.975357,40.714577],[-73.975636,40.714661],[-73.975914,40.714746],[-73.976193,40.71483],[-73.976472,40.714915],[-73.97675,40.714999],[-73.977029,40.715084],[-73.977307,40.715168],[-73.977586,40.715253],[-73.977865,40.715337],[-73.978143,40.715422]]}},{"type":"Feature","properties":{},"geometry":{"type":"LineString","coordinates":[[-73.962286,40.661959],[-73.962323,40.66219],[-73.96236,40.662421],[-73.962396,40.662653],[-73.962408,40.662764],[-73.962432,40.66295],[-73.962502,40.663209],[-73.96266,40.66358],[-73.962802,40.663783],[-73.962944,40.663987],[-73.963086,40.66419],[-73.963228,40.664393],[-73.96337,40.664596],[-73.963512,40.664799],[-73.963654,40.665002],[-73.963796,40.665205],[-73.963938,40.665409],[-73.964081,40.665612],[-73.964223,40.665815],[-73.964365,40.666018],[-73.964507,40.666221],[-73.964649,40.666424],[-73.964791,40.666627],[-73.964933,40.666831],[-73.965075,40.667034],[-73.965217,40.667237],[-73.965359,40.66744],[-73.965501,40.667643],[-73.965643,40.667846],[-73.965786,40.668049],[-73.965928,40.668252],[-73.96607,40.668456],[-73.966212,40.668659],[-73.966354,40.668862],[-73.966496,40.669065],[-73.966638,40.669268],[-73.96678,40.669471],[-73.966922,40.669674],[-73.967064,40.669878],[-73.967206,40.670081],[-73.967348,40.670284],[-73.96749,40.670487],[-73.967633,40.67069],[-73.967775,40.670893],[-73.967917,40.671096],[-73.968059,40.6713],[-73.968201,40.671503],[-73.968343,40.671706],[-73.968485,40.671909],[-73.968627,40.672112],[-73.968769,40.672315],[-73.968911,40.672518]]}},{"type":"Feature","properties":{},"geometry":{"type":"LineString","coordinates":[[-74.005768,40.717731],[-74.005509,40.718059],[-74.005382,40.718231],[-74.005329,40.718324],[-74.005257,40.718469],[-74.00522,40.718568],[-74.005176,40.718721],[-74.00515,40.718822],[-74.005135,40.718923]]}},{"type":"Feature","properties":{},"geometry":{"type":"LineString","coordinates":[[-73.934546,40.696628],[-73.934715,40.696724],[-73.934796,40.696779],[-73.934865,40.696828],[-73.934926,40.69687],[-73.935005,40.69693],[-73.935143,40.697009],[-73.935408,40.697159],[-73.935672,40.69731],[-73.93609,40.697541],[-73.93625,40.697625],[-73.93644,40.697712],[-73.936529,40.697752],[-73.936677,40.697826],[-73.936982,40.697994],[-73.937286,40.698163],[-73.937588,40.69833],[-73.93789,40.698497],[-73.938191,40.698664],[-73.938456,40.698814],[-73.93872,40.698964],[-73.938985,40.699114],[-73.93925,40.699264],[-73.939514,40.699414],[-73.939779,40.699563],[-73.940043,40.699713],[-73.940308,40.699863],[-73.940571,40.700012],[-73.940834,40.700161],[-73.941096,40.700309],[-73.941359,40.700458],[-73.941622,40.700607],[-73.941885,40.700756],[-73.942158,40.700919],[-73.942475,40.701119],[-73.942791,40.701319],[-73.943127,40.701519]]}},{"type":"Feature","properties":{},"geometry":{"type":"LineString","coordinates":[[-73.978438,40.715474],[-73.97816,40.71539],[-73.977881,40.715305],[-73.977603,40.715221],[-73.977324,40.715136],[-73.977045,40.715052],[-73.976767,40.714967],[-73.976488,40.714883],[-73.97621,40.714798],[-73.975931,40.714713],[-73.975652,40.714629],[-73.975374,40.714544],[-73.975095,40.71446],[-73.974817,40.714375],[-73.974538,40.714291],[-73.974259,40.714206],[-73.973981,40.714122],[-73.973702,40.714037],[-73.973424,40.713953],[-73.973145,40.713868],[-73.972867,40.713784],[-73.972588,40.713699],[-73.972309,40.713614],[-73.972031,40.71353],[-73.971752,40.713445],[-73.971474,40.713361],[-73.971195,40.713276],[-73.970916,40.713192],[-73.970638,40.713107],[-73.970359,40.713023],[-73.970081,40.712938],[-73.969802,40.712854],[-73.969523,40.712769],[-73.969245,40.712685],[-73.968966,40.7126],[-73.968688,40.712515],[-73.968409,40.712431],[-73.968131,40.712346]]}},{"type":"Feature","properties":{},"geometry":{"type":"LineString","coordinates":[[-73.931442,40.697444],[-73.931507,40.697432],[-73.9316,40.697414],[-73.931668,40.697404],[-73.931739,40.697395],[-73.932063,40.697359],[-73.932387,40.697323],[-73.932711,40.697287],[-73.933035,40.697251],[-73.933085,40.697246],[-73.93313,40.69724],[-73.93317,40.697232],[-73.933209,40.697222],[-73.933247,40.697212],[-73.933285,40.697198],[-73.933324,40.697181],[-73.933359,40.697162],[-73.933396,40.69714],[-73.933425,40.697121],[-73.933453,40.697099],[-73.933487,40.697069],[-73.933516,40.697041],[-73.933764,40.696779],[-73.933793,40.696748],[-73.933822,40.69672],[-73.933858,40.696692],[-73.933896,40.696666],[-73.933937,40.696642],[-73.933987,40.696617],[-73.934023,40.696604],[-73.934062,40.696592],[-73.934097,40.696582],[-73.934141,40.696574],[-73.934185,40.696568],[-73.934225,40.696565],[-73.934269,40.696565],[-73.934307,40.696567],[-73.934348,40.696572],[-73.934389,40.696579],[-73.934433,40.696591],[-73.934481,40.696605]]}},{"type":"Feature","properties":{},"geometry":{"type":"LineString","coordinates":[[-73.931297,40.697393],[-73.931229,40.697401],[-73.930935,40.697434],[-73.930641,40.697467],[-73.930347,40.6975],[-73.930053,40.697533],[-73.929759,40.697566],[-73.929466,40.697599],[-73.929172,40.697633],[-73.928878,40.697666],[-73.928584,40.697699],[-73.92849,40.697709],[-73.928195,40.697741],[-73.927901,40.697774],[-73.927607,40.697806],[-73.927312,40.697839],[-73.927018,40.697872],[-73.926724,40.697904],[-73.926429,40.697937],[-73.926414,40.697939],[-73.926012,40.697982],[-73.925709,40.698016],[-73.925407,40.69805],[-73.925104,40.698084],[-73.924796,40.698113],[-73.924488,40.698142],[-73.924002,40.698192],[-73.923662,40.698227],[-73.923322,40.698262],[-73.922982,40.698296],[-73.922641,40.698331],[-73.922321,40.698366],[-73.922014,40.698398],[-73.921707,40.698431],[-73.921399,40.698463],[-73.921092,40.698496],[-73.920678,40.698536],[-73.920665,40.698538],[-73.92064,40.69854],[-73.920325,40.698573],[-73.92001,40.698606],[-73.919695,40.698639],[-73.91938,40.698672],[-73.919065,40.698705],[-73.918751,40.698738],[-73.918534,40.698763],[-73.918238,40.698793],[-73.917941,40.698824],[-73.917645,40.698855],[-73.917349,40.698886],[-73.917053,40.698917],[-73.916757,40.698948],[-73.916328,40.698992],[-73.9159,40.699036],[-73.915477,40.699083],[-73.915055,40.699131],[-73.914726,40.699162],[-73.914398,40.699194],[-73.914271,40.699207],[-73.914124,40.699218],[-73.91402,40.699224],[-73.913913,40.69923],[-73.913757,40.699233],[-73.91362,40.699242],[-73.913467,40.699257],[-73.913339,40.699271],[-73.913016,40.699305],[-73.912694,40.699338],[-73.912371,40.699371],[-73.912048,40.699405],[-73.911726,40.699438]]}},{"type":"Feature","properties":{},"geometry":{"type":"LineString","coordinates":[[-73.911422,40.6996],[-73.911746,40.699566],[-73.91207,40.699532],[-73.912395,40.699498],[-73.912719,40.699464],[-73.913043,40.69943],[-73.913368,40.699396],[-73.913509,40.699381],[-73.913639,40.699366],[-73.91375,40.69935],[-73.913863,40.699333],[-73.913973,40.699316],[-73.91413,40.699288],[-73.914255,40.69927],[-73.914369,40.699258],[-73.914666,40.699228],[-73.914964,40.699197],[-73.915271,40.699165],[-73.915578,40.699133],[-73.915885,40.699101],[-73.916214,40.699066],[-73.916542,40.699031],[-73.916871,40.698996],[-73.917292,40.698954],[-73.917714,40.698911],[-73.918156,40.698864],[-73.918553,40.698822],[-73.918667,40.698812],[-73.918764,40.698802],[-73.919079,40.698769],[-73.919395,40.698736],[-73.91971,40.698703],[-73.920025,40.698671],[-73.920341,40.698638],[-73.920656,40.698605],[-73.921004,40.698567],[-73.921352,40.69853],[-73.921668,40.698497],[-73.921985,40.698464],[-73.922301,40.698432],[-73.922657,40.698393],[-73.922984,40.698359],[-73.923312,40.698325],[-73.923639,40.698292],[-73.923967,40.698258],[-73.924501,40.6982],[-73.924829,40.698168],[-73.925156,40.698135],[-73.925547,40.698094],[-73.925938,40.698052],[-73.926242,40.698021],[-73.926322,40.698013],[-73.926429,40.698002],[-73.926747,40.697967],[-73.927064,40.697932],[-73.927382,40.697897],[-73.9277,40.697862],[-73.928017,40.697826],[-73.928335,40.697791],[-73.928518,40.697772],[-73.928824,40.697738],[-73.92913,40.697704],[-73.929437,40.697669],[-73.929743,40.697635],[-73.930049,40.697601],[-73.930356,40.697566],[-73.930662,40.697532],[-73.930968,40.697498],[-73.931275,40.697463],[-73.931329,40.697458],[-73.931389,40.697451]]}},{"type":"Feature","properties":{},"geometry":{"type":"LineString","coordinates":[[-73.904046,40.704129],[-73.903989,40.704139],[-73.903896,40.704161],[-73.903847,40.704175],[-73.903526,40.704253],[-73.903206,40.704332],[-73.902885,40.704411],[-73.902564,40.70449],[-73.902244,40.704569],[-73.90216,40.704589],[-73.902076,40.704616],[-73.901998,40.704648],[-73.901912,40.704684],[-73.901843,40.704709],[-73.901775,40.704731]]}},{"type":"Feature","properties":{},"geometry":{"type":"LineString","coordinates":[[-74.00238,40.716319],[-74.002191,40.716527],[-74.002001,40.716735],[-74.001811,40.716944],[-74.001621,40.717152],[-74.001431,40.71736],[-74.001242,40.717568],[-74.001052,40.717777],[-74.000737,40.718122],[-74.000562,40.718314],[-74.000388,40.718506],[-74.000213,40.718698],[-74.000038,40.71889],[-73.999863,40.719082],[-73.999688,40.719274],[-73.999494,40.719487],[-73.9993,40.7197],[-73.999106,40.719913],[-73.998939,40.720109],[-73.998772,40.720306],[-73.998605,40.720502],[-73.998438,40.720698],[-73.998271,40.720895],[-73.998103,40.721091],[-73.997936,40.721288],[-73.997769,40.721484],[-73.997609,40.721678],[-73.997448,40.721872],[-73.997288,40.722066],[-73.997162,40.722218],[-73.997043,40.7224],[-73.996943,40.722597],[-73.996845,40.72284],[-73.996747,40.723084],[-73.996648,40.723328],[-73.996589,40.723448],[-73.996515,40.723555],[-73.996347,40.723762],[-73.996179,40.723968],[-73.996011,40.724174],[-73.995843,40.724381],[-73.995675,40.724587],[-73.995507,40.724794],[-73.995339,40.725],[-73.995167,40.725212],[-73.994994,40.725424],[-73.994822,40.725636],[-73.994649,40.725848],[-73.994416,40.726166],[-73.994264,40.726371],[-73.994113,40.726575],[-73.993962,40.72678],[-73.993811,40.726985],[-73.99366,40.72719],[-73.993488,40.727393],[-73.993315,40.727597],[-73.993143,40.7278],[-73.99297,40.728004],[-73.992798,40.728207],[-73.992625,40.728411],[-73.992453,40.728614],[-73.99228,40.728818],[-73.992108,40.729021],[-73.991935,40.729225],[-73.991746,40.729445],[-73.991557,40.729665],[-73.991422,40.729787],[-73.991007,40.73006],[-73.990876,40.730168],[-73.990768,40.730292],[-73.990551,40.730587],[-73.99047,40.730729],[-73.990415,40.730885],[-73.990403,40.730931],[-73.990344,40.731168],[-73.990285,40.731404],[-73.990227,40.731641],[-73.990168,40.731878],[-73.990109,40.732115],[-73.99005,40.732352]]}},{"type":"Feature","properties":{},"geometry":{"type":"LineString","coordinates":[[-73.911547,40.873324],[-73.911876,40.873088],[-73.912111,40.872905],[-73.912359,40.872703],[-73.912606,40.8725],[-73.912853,40.872297],[-73.9131,40.872095],[-73.913372,40.871855],[-73.913644,40.871615],[-73.91382,40.871427],[-73.913997,40.871239],[-73.914156,40.871041],[-73.914315,40.870843],[-73.914463,40.870642],[-73.914612,40.870442],[-73.91476,40.870241]]}},{"type":"Feature","properties":{},"geometry":{"type":"LineString","coordinates":[[-73.914749,40.816027],[-73.914932,40.815952],[-73.915196,40.815852],[-73.915357,40.815798],[-73.915537,40.815756],[-73.91575,40.815728],[-73.916009,40.815708],[-73.91611,40.815709]]}},{"type":"Feature","properties":{},"geometry":{"type":"LineString","coordinates":[[-73.988956,40.692346],[-73.989097,40.692358],[-73.989232,40.692391],[-73.989357,40.692442],[-73.989467,40.692511],[-73.989557,40.692595],[-73.989624,40.69269],[-73.989771,40.69295],[-73.989918,40.693211],[-73.990064,40.693471],[-73.990137,40.693562],[-73.990227,40.693644],[-73.990332,40.693715],[-73.990449,40.693774],[-73.990577,40.693818],[-73.990891,40.693905],[-73.991211,40.693993],[-73.991531,40.69408],[-73.991851,40.694167],[-73.992171,40.694255],[-73.992491,40.694342]]}},{"type":"Feature","properties":{},"geometry":{"type":"LineString","coordinates":[[-73.961147,40.665057],[-73.961065,40.665278],[-73.960982,40.665499],[-73.9609,40.66572],[-73.960818,40.665942],[-73.960736,40.666163],[-73.960657,40.666386],[-73.960577,40.666609],[-73.960498,40.666833],[-73.960419,40.667056]]}},{"type":"Feature","properties":{},"geometry":{"type":"LineString","coordinates":[[-73.958945,40.671126],[-73.958862,40.671352],[-73.958778,40.671579],[-73.958695,40.671806],[-73.958612,40.672032],[-73.958529,40.672259],[-73.958446,40.672486],[-73.958345,40.672768],[-73.958245,40.67305]]}},{"type":"Feature","properties":{},"geometry":{"type":"LineString","coordinates":[[-73.934149,40.808746],[-73.93401,40.80892],[-73.933839,40.809109],[-73.933669,40.809298],[-73.933499,40.809487],[-73.933328,40.809676],[-73.933158,40.809864],[-73.932987,40.810053],[-73.932817,40.810242],[-73.932648,40.810395],[-73.93246,40.810528],[-73.932247,40.810696],[-73.932034,40.810864],[-73.931821,40.811032],[-73.931609,40.8112],[-73.931396,40.811368],[-73.931183,40.811536]]}},{"type":"Feature","properties":{},"geometry":{"type":"LineString","coordinates":[[-73.992577,40.720595],[-73.992462,40.72082],[-73.992347,40.721044],[-73.992232,40.721269],[-73.992117,40.721494],[-73.992002,40.721719],[-73.991887,40.721943],[-73.991771,40.722168],[-73.991656,40.722393]]}},{"type":"Feature","properties":{},"geometry":{"type":"LineString","coordinates":[[-73.909262,40.69855],[-73.90953,40.698705],[-73.909799,40.69886],[-73.910067,40.699015],[-73.910336,40.69917],[-73.910615,40.699327],[-73.910894,40.699485],[-73.911174,40.699643],[-73.911453,40.6998],[-73.911733,40.699958],[-73.911999,40.700101],[-73.912266,40.700244],[-73.912533,40.700387],[-73.9128,40.70053],[-73.913067,40.700673],[-73.913334,40.700816],[-73.913582,40.700952],[-73.91383,40.701088],[-73.914077,40.701223],[-73.914325,40.701359],[-73.914573,40.701495],[-73.914821,40.701631],[-73.915079,40.701775],[-73.915337,40.70192],[-73.915595,40.702064],[-73.915841,40.702219],[-73.916086,40.702374],[-73.916331,40.702529],[-73.916577,40.702683],[-73.916822,40.702838],[-73.917067,40.702993],[-73.917312,40.703148],[-73.917558,40.703303],[-73.917803,40.703457],[-73.918073,40.703626],[-73.918344,40.703795],[-73.918614,40.703963],[-73.918884,40.704132],[-73.919154,40.7043],[-73.91939,40.704447],[-73.919625,40.704594],[-73.91986,40.704741],[-73.920096,40.704888],[-73.920331,40.705035],[-73.920566,40.705182],[-73.920802,40.705329],[-73.921037,40.705476],[-73.921272,40.705622],[-73.921523,40.705777],[-73.921846,40.705978],[-73.922169,40.706179],[-73.922439,40.706347],[-73.92271,40.706516],[-73.92298,40.706684],[-73.92325,40.706852],[-73.92352,40.70702],[-73.923842,40.707221],[-73.924141,40.707363],[-73.924473,40.707453],[-73.924823,40.707488],[-73.925174,40.707465],[-73.925469,40.707417],[-73.925764,40.70737],[-73.926058,40.707323],[-73.926353,40.707276],[-73.926648,40.707228],[-73.926942,40.707181],[-73.927237,40.707134],[-73.927532,40.707087],[-73.927826,40.70704],[-73.928121,40.706992],[-73.928415,40.706945],[-73.92871,40.706898],[-73.929005,40.706851],[-73.929299,40.706803],[-73.929594,40.706756],[-73.929889,40.706709],[-73.930183,40.706662],[-73.930478,40.706614],[-73.930773,40.706567],[-73.931067,40.70652],[-73.931362,40.706473],[-73.931671,40.706422],[-73.93198,40.706372],[-73.93227,40.706324],[-73.932561,40.706277],[-73.932851,40.706229],[-73.933141,40.706182],[-73.933431,40.706134],[-73.933722,40.706087],[-73.933899,40.706064],[-73.934087,40.706043],[-73.934386,40.706016],[-73.934684,40.705988],[-73.934983,40.70596],[-73.935281,40.705932],[-73.93558,40.705905],[-73.935879,40.705877],[-73.936177,40.705849],[-73.936476,40.705821],[-73.936724,40.705792],[-73.936971,40.705753],[-73.937319,40.705687],[-73.937667,40.705621],[-73.938016,40.705555],[-73.938364,40.705489],[-73.938508,40.705474],[-73.93866,40.705484],[-73.938827,40.705532],[-73.93896,40.705584],[-73.939152,40.705683],[-73.939289,40.705773],[-73.939388,40.705869],[-73.939464,40.705975],[-73.939509,40.706065],[-73.939545,40.706162],[-73.939575,40.706275],[-73.939623,40.706566],[-73.939671,40.706857],[-73.93972,40.707149],[-73.939764,40.707416],[-73.939808,40.707683],[-73.939853,40.707951],[-73.939897,40.708218],[-73.939941,40.708485],[-73.939966,40.708636],[-73.940005,40.708871],[-73.940043,40.709105],[-73.940082,40.70934],[-73.94012,40.709575]]}},{"type":"Feature","properties":{},"geometry":{"type":"LineString","coordinates":[[-73.96814,40.724339],[-73.96837,40.724482],[-73.9686,40.724625],[-73.968829,40.724767],[-73.969059,40.72491],[-73.969289,40.725053],[-73.969519,40.725196],[-73.969749,40.725338],[-73.969979,40.725481],[-73.970209,40.725624],[-73.970439,40.725767],[-73.970669,40.725909],[-73.970899,40.726052],[-73.971129,40.726195],[-73.971359,40.726337],[-73.971589,40.72648],[-73.971819,40.726623],[-73.972049,40.726766],[-73.972278,40.726908],[-73.972508,40.727051],[-73.972842,40.72724]]}},{"type":"Feature","properties":{},"geometry":{"type":"LineString","coordinates":[[-73.973208,40.727367],[-73.972875,40.727207],[-73.972542,40.727018],[-73.972312,40.726875],[-73.972082,40.726732],[-73.971852,40.72659],[-73.971622,40.726447],[-73.971393,40.726304],[-73.971163,40.726161],[-73.970933,40.726019],[-73.970703,40.725876],[-73.970473,40.725733],[-73.970243,40.725591],[-73.970013,40.725448],[-73.969783,40.725305],[-73.969554,40.725162],[-73.969324,40.72502],[-73.969094,40.724877],[-73.968864,40.724734],[-73.968634,40.724592],[-73.968404,40.724449],[-73.968174,40.724306]]}},{"type":"Feature","properties":{},"geometry":{"type":"LineString","coordinates":[[-73.937661,40.818458],[-73.937539,40.818627],[-73.937507,40.818669],[-73.937328,40.818914],[-73.937148,40.819159],[-73.936968,40.819404],[-73.936789,40.819648],[-73.936504,40.820037],[-73.936356,40.82024],[-73.936209,40.820443],[-73.936062,40.820646],[-73.935915,40.82085],[-73.935766,40.821056],[-73.935616,40.821263],[-73.935547,40.821346],[-73.935481,40.821415],[-73.935348,40.82153],[-73.935243,40.82163],[-73.935131,40.821752]]}},{"type":"Feature","properties":{},"geometry":{"type":"LineString","coordinates":[[-73.934657,40.822385],[-73.934623,40.822431],[-73.934567,40.822512],[-73.934528,40.822592],[-73.934502,40.822699],[-73.934492,40.822786],[-73.934509,40.822882],[-73.934546,40.82298],[-73.934591,40.823045]]}},{"type":"Feature","properties":{},"geometry":{"type":"LineString","coordinates":[[-73.960375,40.667289],[-73.960451,40.667079],[-73.960532,40.666855],[-73.960613,40.666631],[-73.960694,40.666407],[-73.960775,40.666183],[-73.960856,40.665959],[-73.960937,40.665735],[-73.961018,40.665511],[-73.961099,40.665287]]}},{"type":"Feature","properties":{},"geometry":{"type":"LineString","coordinates":[[-73.958144,40.673333],[-73.958224,40.673147],[-73.95832,40.672962],[-73.958373,40.672826],[-73.958464,40.672577],[-73.958555,40.672329],[-73.958671,40.672011],[-73.958787,40.671693],[-73.958888,40.671414]]}},{"type":"Feature","properties":{},"geometry":{"type":"LineString","coordinates":[[-73.987656,40.669316],[-73.987313,40.66924],[-73.986971,40.669164],[-73.986629,40.669089],[-73.986287,40.669013],[-73.986077,40.668956],[-73.985877,40.668889],[-73.985751,40.66884],[-73.985586,40.668765],[-73.985332,40.668639],[-73.985079,40.668514],[-73.984825,40.668388],[-73.984571,40.668263],[-73.984318,40.668137],[-73.984064,40.668011],[-73.983811,40.667886],[-73.983557,40.66776],[-73.983304,40.667635],[-73.98305,40.667509],[-73.982796,40.667384],[-73.982543,40.667258],[-73.982289,40.667132],[-73.982036,40.667007],[-73.981782,40.666881],[-73.981529,40.666756],[-73.981275,40.66663],[-73.981021,40.666505],[-73.980712,40.666351],[-73.980402,40.666198],[-73.980097,40.666055],[-73.979792,40.665912],[-73.979487,40.66577],[-73.979182,40.665627],[-73.978912,40.665501],[-73.978642,40.665374],[-73.978372,40.665248],[-73.978102,40.665122],[-73.977832,40.664996],[-73.977562,40.66487],[-73.977292,40.664744]]}},{"type":"Feature","properties":{},"geometry":{"type":"LineString","coordinates":[[-73.976947,40.664706],[-73.977212,40.664839],[-73.977476,40.664971],[-73.97774,40.665104],[-73.978005,40.665237],[-73.978269,40.665369],[-73.978533,40.665502],[-73.978798,40.665634],[-73.979062,40.665767],[-73.979358,40.665915],[-73.979654,40.666064],[-73.97995,40.666212],[-73.980246,40.66636],[-73.980563,40.666512],[-73.98088,40.666665],[-73.981137,40.666786],[-73.981395,40.666908],[-73.981652,40.66703],[-73.981909,40.667152],[-73.982167,40.667273],[-73.982424,40.667395],[-73.982681,40.667517],[-73.982939,40.667638],[-73.983196,40.66776],[-73.983453,40.667882],[-73.983711,40.668004],[-73.983968,40.668125],[-73.984225,40.668247],[-73.984483,40.668369],[-73.98474,40.668491],[-73.984997,40.668612],[-73.985254,40.668734],[-73.985512,40.668856],[-73.985683,40.668933],[-73.985816,40.668986],[-73.986025,40.669056],[-73.986244,40.669115],[-73.986589,40.669191],[-73.986933,40.669268],[-73.987278,40.669344]]}},{"type":"Feature","properties":{},"geometry":{"type":"LineString","coordinates":[[-73.9377,40.818474],[-73.937822,40.818308],[-73.938014,40.818049],[-73.938166,40.817843],[-73.938319,40.817637],[-73.938471,40.817432],[-73.938624,40.817226],[-73.938776,40.81702],[-73.938929,40.816814],[-73.939081,40.816609],[-73.939234,40.816403],[-73.939386,40.816197],[-73.939539,40.815991],[-73.939691,40.815786],[-73.939844,40.81558],[-73.939996,40.815374],[-73.940149,40.815169],[-73.940301,40.814963],[-73.940454,40.814757],[-73.940605,40.814552],[-73.940755,40.814347],[-73.940906,40.814142],[-73.941057,40.813937],[-73.941208,40.813732],[-73.941359,40.813527],[-73.941508,40.813322],[-73.941657,40.813118],[-73.941806,40.812914],[-73.941955,40.812709],[-73.942104,40.812505],[-73.942254,40.812301],[-73.942403,40.812096],[-73.942552,40.811892],[-73.942701,40.811688],[-73.94285,40.811483],[-73.942999,40.811279],[-73.943149,40.811075]]}},{"type":"Feature","properties":{},"geometry":{"type":"LineString","coordinates":[[-73.943105,40.811057],[-73.942956,40.811261],[-73.942806,40.811465],[-73.942657,40.81167],[-73.942507,40.811874],[-73.942358,40.812078],[-73.942208,40.812282],[-73.942059,40.812487],[-73.941909,40.812691],[-73.94176,40.812895],[-73.94161,40.813099],[-73.941461,40.813304],[-73.941311,40.813508],[-73.941161,40.813713],[-73.941011,40.813919],[-73.940861,40.814124],[-73.94071,40.814329],[-73.94056,40.814535]]}},{"type":"Feature","properties":{},"geometry":{"type":"LineString","coordinates":[[-74.000852,40.736942],[-74.00113,40.736548],[-74.00126,40.736325],[-74.001389,40.736103],[-74.001519,40.73588],[-74.001648,40.735658],[-74.001778,40.735435],[-74.001908,40.735213],[-74.002037,40.73499],[-74.002171,40.734759],[-74.002306,40.734528],[-74.00244,40.734296],[-74.002575,40.734065],[-74.002709,40.733834],[-74.002843,40.733603],[-74.002991,40.733349],[-74.003139,40.733095],[-74.003287,40.732842],[-74.003434,40.732588],[-74.003555,40.732373],[-74.003675,40.732158],[-74.003796,40.731943],[-74.003916,40.731728],[-74.004036,40.731513],[-74.004157,40.731298],[-74.004277,40.731083],[-74.004398,40.730868],[-74.004518,40.730653],[-74.004639,40.730438],[-74.004759,40.730223],[-74.004915,40.729909],[-74.005071,40.729594],[-74.005157,40.729358],[-74.005243,40.729123],[-74.005279,40.728898],[-74.005315,40.728672],[-74.005351,40.728447],[-74.005387,40.728222],[-74.005423,40.727997],[-74.005459,40.727771],[-74.005495,40.727546],[-74.005531,40.727321],[-74.005566,40.727095],[-74.005602,40.72687],[-74.005638,40.726645],[-74.005674,40.72642],[-74.00571,40.726194],[-74.005746,40.725969],[-74.005782,40.725744],[-74.005818,40.725518],[-74.005854,40.725293],[-74.00589,40.725068],[-74.005926,40.724843],[-74.005962,40.724617],[-74.006001,40.724389],[-74.006041,40.72416],[-74.00608,40.723932],[-74.00612,40.723704],[-74.006159,40.723475],[-74.006199,40.723247],[-74.006238,40.723018],[-74.006278,40.72279],[-74.006317,40.722561],[-74.006355,40.722313],[-74.006392,40.722065],[-74.00643,40.721817],[-74.006475,40.72159],[-74.006521,40.721362],[-74.006566,40.721135],[-74.006612,40.720907],[-74.006657,40.72068],[-74.006703,40.720452],[-74.006748,40.720225],[-74.006794,40.719998],[-74.006839,40.71977],[-74.006885,40.719543],[-74.00693,40.719315],[-74.006976,40.719088],[-74.007021,40.71886],[-74.007067,40.718633],[-74.007114,40.718346],[-74.007159,40.718225]]}},{"type":"Feature","properties":{},"geometry":{"type":"LineString","coordinates":[[-74.007287,40.717875],[-74.007077,40.718201],[-74.007027,40.718332],[-74.00698,40.718623],[-74.006932,40.718854],[-74.006884,40.719085],[-74.006836,40.719316],[-74.006788,40.719547],[-74.00674,40.719778],[-74.006692,40.720009],[-74.006648,40.720234],[-74.006605,40.720459],[-74.006561,40.720684],[-74.006517,40.720909],[-74.006473,40.721134],[-74.00643,40.721359],[-74.006386,40.721584],[-74.006342,40.721808],[-74.006276,40.722246],[-74.006237,40.722478],[-74.006198,40.72271],[-74.006159,40.722942],[-74.00612,40.723174],[-74.006081,40.723407],[-74.006042,40.723639],[-74.006,40.723881],[-74.005958,40.724124],[-74.005916,40.724366],[-74.005875,40.724609],[-74.005836,40.724847],[-74.005798,40.725085],[-74.00576,40.725324],[-74.005722,40.725562],[-74.005684,40.7258],[-74.005646,40.726038],[-74.005608,40.726277],[-74.00557,40.726515],[-74.005532,40.726753],[-74.005494,40.726991],[-74.005456,40.727229],[-74.005418,40.727468],[-74.00538,40.727706],[-74.005343,40.72794],[-74.005306,40.728174],[-74.005268,40.728408],[-74.005231,40.728642],[-74.005193,40.728876],[-74.005156,40.72911],[-74.005071,40.729342],[-74.004987,40.729573],[-74.004832,40.729886],[-74.004677,40.730198],[-74.004557,40.730413],[-74.004436,40.730628],[-74.004316,40.730843],[-74.004196,40.731058],[-74.004075,40.731273],[-74.003955,40.731487],[-74.003835,40.731702],[-74.003714,40.731917],[-74.003594,40.732132],[-74.003474,40.732347],[-74.003354,40.732562],[-74.003137,40.732934],[-74.003012,40.733147],[-74.002888,40.733361],[-74.002764,40.733575],[-74.002639,40.733789],[-74.002515,40.734002],[-74.00239,40.734216],[-74.002246,40.734465],[-74.002101,40.734714],[-74.001956,40.734963],[-74.001827,40.735186],[-74.001698,40.735408],[-74.001568,40.73563],[-74.001439,40.735852],[-74.00131,40.736074],[-74.00118,40.736296],[-74.001051,40.736519]]}},{"type":"Feature","properties":{},"geometry":{"type":"LineString","coordinates":[[-74.000891,40.736957],[-74.00117,40.736562],[-74.001299,40.73634],[-74.001429,40.736117],[-74.001559,40.735894],[-74.001688,40.735672],[-74.001818,40.735449],[-74.001948,40.735226],[-74.002077,40.735004],[-74.002223,40.734754],[-74.002368,40.734504],[-74.002513,40.734254],[-74.002637,40.73404],[-74.002762,40.733827],[-74.002886,40.733613],[-74.00301,40.733399],[-74.003134,40.733186],[-74.003259,40.732972],[-74.003475,40.732601],[-74.003595,40.732386],[-74.003716,40.732171],[-74.003836,40.731956],[-74.003957,40.731741],[-74.004077,40.731526],[-74.004198,40.731311],[-74.004318,40.731096],[-74.004438,40.730881],[-74.004559,40.730666],[-74.004679,40.730451],[-74.0048,40.730236],[-74.004956,40.72992],[-74.005112,40.729604],[-74.005199,40.729367],[-74.005286,40.729129],[-74.005288,40.729121],[-74.005325,40.728887],[-74.005362,40.728653],[-74.0054,40.728419],[-74.005437,40.728185],[-74.005474,40.727951],[-74.005512,40.727717],[-74.00555,40.727479],[-74.005588,40.72724],[-74.005626,40.727002],[-74.005664,40.726764],[-74.005702,40.726526],[-74.00574,40.726288],[-74.005778,40.72605],[-74.005816,40.725812],[-74.005854,40.725574],[-74.005892,40.725336],[-74.00593,40.725098],[-74.005968,40.72486],[-74.006006,40.724621],[-74.006047,40.724379],[-74.006089,40.724136],[-74.006131,40.723894],[-74.006173,40.723651],[-74.006212,40.723419],[-74.006251,40.723187],[-74.00629,40.722954],[-74.006329,40.722722],[-74.006368,40.72249],[-74.006407,40.722257],[-74.006473,40.721821],[-74.006517,40.721597],[-74.006561,40.721372],[-74.006604,40.721147],[-74.006648,40.720922],[-74.006692,40.720698],[-74.006736,40.720473],[-74.006779,40.720248],[-74.006823,40.720023],[-74.006871,40.719792],[-74.006919,40.719561],[-74.006967,40.71933],[-74.007015,40.7191],[-74.007063,40.718869],[-74.00711,40.718638],[-74.007157,40.718352],[-74.0072,40.718237]]}},{"type":"Feature","properties":{},"geometry":{"type":"LineString","coordinates":[[-74.007326,40.717891],[-74.007118,40.718213],[-74.00707,40.718339],[-74.007023,40.718628],[-74.006978,40.718856],[-74.006932,40.719083],[-74.006887,40.719311],[-74.006841,40.719538],[-74.006796,40.719766],[-74.00675,40.719993],[-74.006705,40.720221],[-74.006659,40.720448],[-74.006614,40.720675],[-74.006568,40.720903],[-74.006523,40.72113],[-74.006477,40.721358],[-74.006432,40.721585],[-74.006386,40.721813],[-74.006348,40.722061],[-74.006311,40.722309],[-74.006273,40.722557],[-74.006234,40.722786],[-74.006194,40.723014],[-74.006155,40.723243],[-74.006116,40.723471],[-74.006076,40.723699],[-74.006037,40.723928],[-74.005997,40.724156],[-74.005958,40.724385],[-74.005918,40.724613],[-74.005882,40.724838],[-74.005846,40.725064],[-74.00581,40.725289],[-74.005775,40.725514],[-74.005739,40.725739],[-74.005703,40.725964],[-74.005667,40.726189],[-74.005631,40.726414],[-74.005595,40.72664],[-74.005559,40.726865],[-74.005523,40.72709],[-74.005487,40.727315],[-74.005451,40.72754],[-74.005415,40.727765],[-74.005379,40.727991],[-74.005343,40.728216],[-74.005307,40.728441],[-74.005271,40.728666],[-74.005236,40.728891],[-74.0052,40.729116],[-74.005114,40.72935],[-74.005028,40.729584],[-74.004873,40.729897],[-74.004718,40.730211],[-74.004598,40.730426],[-74.004477,40.730641],[-74.004357,40.730856],[-74.004237,40.731071],[-74.004116,40.731285],[-74.003996,40.7315],[-74.003875,40.731715],[-74.003755,40.73193],[-74.003635,40.732145],[-74.003514,40.73236],[-74.003394,40.732575],[-74.003246,40.732828],[-74.003099,40.733082],[-74.002951,40.733336],[-74.002803,40.733589],[-74.002669,40.73382],[-74.002534,40.734052],[-74.0024,40.734283],[-74.002266,40.734514],[-74.002131,40.734746],[-74.001997,40.734977],[-74.001867,40.735199],[-74.001738,40.735422],[-74.001608,40.735644],[-74.001479,40.735866],[-74.00135,40.736089],[-74.00122,40.736311],[-74.001091,40.736533]]}},{"type":"Feature","properties":{},"geometry":{"type":"LineString","coordinates":[[-74.008207,40.71268],[-74.007989,40.712578],[-74.007731,40.712444],[-74.00748,40.712259],[-74.007289,40.712022],[-74.007097,40.711785],[-74.006877,40.711579],[-74.006658,40.711372],[-74.006438,40.711166],[-74.006219,40.710959]]}},{"type":"Feature","properties":{},"geometry":{"type":"LineString","coordinates":[[-73.989072,40.736598],[-73.989237,40.736373],[-73.989402,40.736147],[-73.989627,40.73592],[-73.989819,40.735667],[-73.990012,40.735413],[-73.99007,40.73532],[-73.990106,40.735221],[-73.99013,40.735106],[-73.990139,40.734965],[-73.990117,40.734748],[-73.990092,40.734617],[-73.990057,40.734502],[-73.990006,40.734387],[-73.989982,40.734314],[-73.989949,40.734157],[-73.989936,40.734024],[-73.989929,40.733915],[-73.989933,40.7338],[-73.989938,40.733692],[-73.989945,40.733601],[-73.989956,40.73348],[-73.989985,40.733257],[-73.990042,40.732972]]}},{"type":"Feature","properties":{},"geometry":{"type":"LineString","coordinates":[[-73.928446,40.818894],[-73.928723,40.818947],[-73.92889,40.818959],[-73.929027,40.818957],[-73.92916,40.818922],[-73.929267,40.818858],[-73.929344,40.818791],[-73.929408,40.818708],[-73.929444,40.818621],[-73.929466,40.818522],[-73.929468,40.8184],[-73.929429,40.818308],[-73.929338,40.818205],[-73.929208,40.818092],[-73.929108,40.81804],[-73.928943,40.817958],[-73.92878,40.817885],[-73.928672,40.817833],[-73.928525,40.817762],[-73.928421,40.817704],[-73.928329,40.817646],[-73.928229,40.817568],[-73.928116,40.817446],[-73.928061,40.817362],[-73.928041,40.817291],[-73.928045,40.817236],[-73.928057,40.817179],[-73.928076,40.81713]]}},{"type":"Feature","properties":{},"geometry":{"type":"LineString","coordinates":[[-73.928165,40.816786],[-73.928252,40.816562],[-73.928339,40.816338],[-73.928425,40.816114],[-73.928512,40.81589],[-73.928599,40.815666],[-73.928685,40.815441],[-73.928772,40.815217],[-73.928858,40.814993],[-73.928945,40.814769],[-73.929104,40.814525],[-73.929263,40.814281],[-73.929422,40.814037],[-73.929559,40.813828],[-73.929696,40.813618],[-73.929832,40.813408],[-73.929969,40.813198],[-73.930106,40.812988],[-73.930243,40.812778],[-73.930299,40.812705]]}},{"type":"Feature","properties":{},"geometry":{"type":"LineString","coordinates":[[-73.929341,40.814011],[-73.929182,40.814255],[-73.929022,40.8145],[-73.928863,40.814745],[-73.928776,40.814969],[-73.928689,40.815193],[-73.928603,40.815417],[-73.928516,40.815641],[-73.92843,40.815866],[-73.928343,40.81609]]}},{"type":"Feature","properties":{},"geometry":{"type":"LineString","coordinates":[[-73.927066,40.824308],[-73.926992,40.824082],[-73.926918,40.823855],[-73.926844,40.823629],[-73.92677,40.823403],[-73.926696,40.823177],[-73.926621,40.822951],[-73.926547,40.822725],[-73.926473,40.822499],[-73.926399,40.822273],[-73.926325,40.822047],[-73.926251,40.821821],[-73.926203,40.821529],[-73.926214,40.821257],[-73.926262,40.820965]]}},{"type":"Feature","properties":{},"geometry":{"type":"LineString","coordinates":[[-73.926295,40.820615],[-73.926175,40.820952],[-73.926126,40.821252],[-73.926115,40.821532],[-73.926164,40.821833],[-73.926239,40.822059],[-73.926313,40.822286],[-73.926388,40.822512],[-73.926462,40.822738],[-73.926536,40.822965],[-73.926611,40.823191],[-73.926685,40.823418],[-73.92676,40.823644],[-73.926834,40.82387],[-73.926908,40.824097]]}},{"type":"Feature","properties":{},"geometry":{"type":"LineString","coordinates":[[-73.91472,40.815999],[-73.914553,40.81606],[-73.914415,40.816103],[-73.914207,40.816151],[-73.91402,40.816172],[-73.913815,40.816172],[-73.913571,40.816154],[-73.913244,40.816123],[-73.912918,40.816093],[-73.912595,40.81606],[-73.912272,40.816028],[-73.911913,40.816012],[-73.911784,40.816006]]}},{"type":"Feature","properties":{},"geometry":{"type":"LineString","coordinates":[[-73.934605,40.819164],[-73.934908,40.819155],[-73.935212,40.819146],[-73.935516,40.819137],[-73.935819,40.819128],[-73.936123,40.81912],[-73.936488,40.819088],[-73.936819,40.819021],[-73.937096,40.818935],[-73.937318,40.81883],[-73.937507,40.818669],[-73.937534,40.818647]]}},{"type":"Feature","properties":{},"geometry":{"type":"LineString","coordinates":[[-74.00641,40.711913],[-74.006743,40.711831],[-74.007076,40.711748],[-74.007408,40.711666],[-74.007741,40.711584],[-74.008156,40.711476],[-74.008572,40.711369],[-74.008757,40.71129],[-74.008887,40.711198],[-74.009035,40.71103],[-74.009207,40.710824],[-74.009379,40.710618]]}},{"type":"Feature","properties":{},"geometry":{"type":"LineString","coordinates":[[-73.974795,40.680236],[-73.974516,40.679851],[-73.974361,40.679637],[-73.974206,40.679423],[-73.974051,40.679209],[-73.973895,40.678995],[-73.97374,40.678781],[-73.973585,40.678568],[-73.97343,40.678354],[-73.973275,40.67814],[-73.973106,40.677906],[-73.972936,40.677671],[-73.972755,40.677425],[-73.972575,40.677179],[-73.972394,40.676934],[-73.972213,40.676688],[-73.972002,40.676422],[-73.971791,40.676156],[-73.971552,40.675828],[-73.971276,40.675448],[-73.971075,40.675172],[-73.970874,40.674896],[-73.970698,40.674703],[-73.970522,40.67451],[-73.970346,40.674317],[-73.97017,40.674124],[-73.969993,40.673931],[-73.969817,40.673738],[-73.969552,40.67349],[-73.969286,40.673243],[-73.968941,40.673022],[-73.968599,40.672863],[-73.96821,40.672758],[-73.967821,40.672653],[-73.96751,40.672589],[-73.967199,40.672525],[-73.966889,40.672461],[-73.966578,40.672397],[-73.966268,40.672333],[-73.965957,40.672269],[-73.965647,40.672204],[-73.965347,40.672143],[-73.965046,40.672082],[-73.964746,40.67202],[-73.964446,40.671959],[-73.964145,40.671897],[-73.963845,40.671836],[-73.963522,40.671771],[-73.963198,40.671706],[-73.962875,40.671641],[-73.962552,40.671577],[-73.962143,40.671495],[-73.961803,40.671427],[-73.961463,40.671359],[-73.961123,40.671291],[-73.960761,40.671202]]}},{"type":"Feature","properties":{},"geometry":{"type":"LineString","coordinates":[[-73.979827,40.68752],[-73.979976,40.687727],[-73.980125,40.687934],[-73.980275,40.688142],[-73.980424,40.688349],[-73.980574,40.688556],[-73.980723,40.688763],[-73.980835,40.688865],[-73.980936,40.688929],[-73.981047,40.688988],[-73.981162,40.689045],[-73.981258,40.689087],[-73.98154,40.689198],[-73.981821,40.689309],[-73.982103,40.68942],[-73.982384,40.689531],[-73.982666,40.689643],[-73.982947,40.689754]]}},{"type":"Feature","properties":{},"geometry":{"type":"LineString","coordinates":[[-73.979908,40.687486],[-73.980057,40.687693],[-73.980206,40.6879],[-73.980356,40.688107],[-73.980505,40.688314],[-73.980654,40.688521],[-73.980804,40.688728],[-73.980875,40.688807],[-73.980948,40.688872],[-73.981023,40.688926],[-73.9811,40.688972],[-73.981187,40.689018],[-73.981279,40.689058],[-73.98156,40.689169],[-73.981842,40.68928],[-73.982123,40.689391],[-73.982405,40.689502],[-73.982686,40.689613],[-73.982967,40.689724]]}},{"type":"Feature","properties":{},"geometry":{"type":"LineString","coordinates":[[-73.99065,40.69455],[-73.990552,40.694303],[-73.990387,40.693996],[-73.990257,40.693768],[-73.990128,40.693541],[-73.989998,40.693313],[-73.989868,40.693086],[-73.989739,40.692858],[-73.989609,40.692631],[-73.989582,40.692572],[-73.989508,40.692466]]}},{"type":"Feature","properties":{},"geometry":{"type":"LineString","coordinates":[[-73.969092,40.672706],[-73.968949,40.672503],[-73.968807,40.6723],[-73.968665,40.672097],[-73.968523,40.671893],[-73.968381,40.67169],[-73.968239,40.671487],[-73.968097,40.671284],[-73.967955,40.671081],[-73.967813,40.670878],[-73.967671,40.670675],[-73.967529,40.670472],[-73.967387,40.670269],[-73.967245,40.670066],[-73.967103,40.669863],[-73.966961,40.66966],[-73.966819,40.669457],[-73.966677,40.669254],[-73.966535,40.669051],[-73.966393,40.668847],[-73.966251,40.668644],[-73.966109,40.668441],[-73.965967,40.668238],[-73.965825,40.668035],[-73.965683,40.667832],[-73.965541,40.667629],[-73.965399,40.667426],[-73.965257,40.667223],[-73.965115,40.66702],[-73.964973,40.666817],[-73.964831,40.666614],[-73.964689,40.666411],[-73.964547,40.666208],[-73.964405,40.666004],[-73.964263,40.665801],[-73.964121,40.665598],[-73.963979,40.665395],[-73.963837,40.665192],[-73.963694,40.664989],[-73.963552,40.664786],[-73.96341,40.664583],[-73.963268,40.66438],[-73.963126,40.664177],[-73.962984,40.663974],[-73.962842,40.663771],[-73.9627,40.663568],[-73.962544,40.663201],[-73.962475,40.662944],[-73.962451,40.66276],[-73.962436,40.662645],[-73.9624,40.662415],[-73.962364,40.662186]]}},{"type":"Feature","properties":{},"geometry":{"type":"LineString","coordinates":[[-73.954183,40.67006],[-73.954093,40.670062],[-73.953959,40.670071],[-73.953858,40.670072],[-73.953527,40.670053],[-73.953195,40.670034],[-73.952852,40.670016],[-73.95251,40.669999],[-73.952167,40.669982],[-73.951825,40.669965],[-73.951497,40.669946],[-73.95117,40.669928],[-73.950843,40.669909],[-73.950515,40.669891],[-73.950218,40.669874],[-73.94992,40.669858],[-73.949622,40.669841],[-73.949325,40.669825],[-73.949027,40.669809],[-73.94873,40.669792],[-73.948432,40.669776],[-73.948135,40.669759],[-73.947837,40.669743],[-73.94754,40.669726],[-73.947242,40.66971],[-73.946944,40.669693],[-73.946647,40.669677],[-73.946349,40.66966],[-73.946052,40.669644],[-73.945754,40.669627],[-73.945457,40.669611],[-73.945159,40.669594],[-73.944861,40.669578],[-73.944564,40.669561],[-73.944266,40.669545],[-73.943969,40.669528],[-73.943671,40.669512],[-73.943374,40.669496],[-73.943076,40.669479],[-73.942778,40.669463],[-73.942481,40.669446],[-73.942183,40.66943],[-73.941833,40.669413],[-73.941482,40.669397],[-73.941132,40.66938],[-73.940835,40.669364],[-73.940539,40.669348],[-73.940242,40.669332],[-73.939946,40.669316],[-73.93965,40.6693],[-73.939353,40.669284],[-73.939057,40.669268],[-73.93876,40.669252],[-73.938464,40.669236],[-73.938167,40.669219],[-73.937871,40.669203],[-73.937575,40.669187],[-73.937278,40.669171],[-73.936982,40.669155],[-73.936685,40.669139],[-73.936389,40.669123],[-73.936092,40.669107],[-73.935796,40.669091],[-73.9355,40.669075],[-73.935203,40.669059]]}},{"type":"Feature","properties":{},"geometry":{"type":"LineString","coordinates":[[-73.969053,40.672722],[-73.969217,40.672992],[-73.969381,40.673262],[-73.969562,40.673519],[-73.969744,40.673776],[-73.96992,40.673968],[-73.970095,40.674161],[-73.970271,40.674354],[-73.970447,40.674546],[-73.970622,40.674739],[-73.970798,40.674932],[-73.970998,40.675205],[-73.971197,40.675479]]}},{"type":"Feature","properties":{},"geometry":{"type":"LineString","coordinates":[[-73.902548,40.67136],[-73.902572,40.671435],[-73.902593,40.671515],[-73.902623,40.671629],[-73.902687,40.671878],[-73.90275,40.672126],[-73.902814,40.672374],[-73.902878,40.672623],[-73.902942,40.672871],[-73.903005,40.67312],[-73.903069,40.673368],[-73.903133,40.673616],[-73.903225,40.673987],[-73.90325,40.674094],[-73.903269,40.674208],[-73.903274,40.674302],[-73.903272,40.674424],[-73.903263,40.674521],[-73.903239,40.674651],[-73.903207,40.674781],[-73.903142,40.675025],[-73.903077,40.675269],[-73.903011,40.675513],[-73.902946,40.675757],[-73.902881,40.676001],[-73.902868,40.676054]]}},{"type":"Feature","properties":{},"geometry":{"type":"LineString","coordinates":[[-73.905996,40.680314],[-73.905753,40.680178],[-73.90563,40.680098],[-73.905315,40.679879],[-73.905055,40.679726],[-73.904795,40.679572],[-73.904534,40.679418],[-73.904274,40.679265],[-73.90398,40.679098],[-73.903685,40.678931]]}},{"type":"Feature","properties":{},"geometry":{"type":"LineString","coordinates":[[-73.907042,40.680955],[-73.907501,40.681217],[-73.907754,40.68136],[-73.908007,40.681503],[-73.90826,40.681647],[-73.908512,40.68179],[-73.908765,40.681933],[-73.909018,40.682076],[-73.909271,40.68222],[-73.909523,40.682363],[-73.909776,40.682506],[-73.910029,40.68265],[-73.910281,40.682793],[-73.910534,40.682936],[-73.910777,40.683075],[-73.911021,40.683214],[-73.911264,40.683352],[-73.911507,40.683491],[-73.911751,40.68363],[-73.911994,40.683769],[-73.912234,40.683905],[-73.912473,40.684041],[-73.912713,40.684177],[-73.912952,40.684313],[-73.913192,40.684449],[-73.913432,40.684585],[-73.913671,40.684721],[-73.913911,40.684856],[-73.91415,40.684992],[-73.91439,40.685128],[-73.91463,40.685264],[-73.914869,40.6854],[-73.915109,40.685536],[-73.915349,40.685672],[-73.915588,40.685808],[-73.915828,40.685944],[-73.916067,40.68608],[-73.916307,40.686216],[-73.916547,40.686352],[-73.916858,40.686531],[-73.917126,40.686683],[-73.917394,40.686836],[-73.917662,40.686989],[-73.917929,40.687141],[-73.918197,40.687294],[-73.918465,40.687447],[-73.918733,40.6876],[-73.918944,40.68772],[-73.919195,40.687864],[-73.919446,40.688007],[-73.919696,40.68815],[-73.919947,40.688293],[-73.920197,40.688436],[-73.920448,40.68858],[-73.920699,40.688723],[-73.920949,40.688866],[-73.9212,40.689009],[-73.921451,40.689152],[-73.921701,40.689296],[-73.921952,40.689439],[-73.922202,40.689582],[-73.922474,40.689736],[-73.922745,40.68989],[-73.923017,40.690045],[-73.923288,40.690199],[-73.923559,40.690353],[-73.923831,40.690508],[-73.924102,40.690662],[-73.924345,40.690799],[-73.924587,40.690937],[-73.92483,40.691075],[-73.925072,40.691212],[-73.925315,40.69135],[-73.925557,40.691487],[-73.9258,40.691625],[-73.926042,40.691763],[-73.926285,40.6919],[-73.926527,40.692038],[-73.92677,40.692175],[-73.927012,40.692313],[-73.927255,40.692451],[-73.927497,40.692588],[-73.92774,40.692726],[-73.927982,40.692863],[-73.928225,40.693001],[-73.928467,40.693139],[-73.92871,40.693276],[-73.928952,40.693414],[-73.929202,40.693556],[-73.929452,40.693698],[-73.929702,40.69384],[-73.929952,40.693982],[-73.930202,40.694124],[-73.930452,40.694266],[-73.930702,40.694408],[-73.930952,40.69455],[-73.931202,40.694692],[-73.931452,40.694834],[-73.931702,40.694976],[-73.931952,40.695118],[-73.932202,40.69526],[-73.932452,40.695402],[-73.932702,40.695544],[-73.932952,40.695686],[-73.933202,40.695828],[-73.933452,40.69597]]}},{"type":"Feature","properties":{},"geometry":{"type":"LineString","coordinates":[[-73.933936,40.696193],[-73.933877,40.696159],[-73.933626,40.696017],[-73.933375,40.695874],[-73.933124,40.695732],[-73.932873,40.69559],[-73.932621,40.695448],[-73.93237,40.695306],[-73.932119,40.695164],[-73.931868,40.695022],[-73.931617,40.69488],[-73.931366,40.694738],[-73.931115,40.694596],[-73.930864,40.694454],[-73.930612,40.694312],[-73.930361,40.694169],[-73.93011,40.694027],[-73.929859,40.693885],[-73.929608,40.693743],[-73.929293,40.693565],[-73.928978,40.693387],[-73.928677,40.693216],[-73.928375,40.693045],[-73.928073,40.692874],[-73.927827,40.692734],[-73.92758,40.692594],[-73.927334,40.692454],[-73.927087,40.692314],[-73.926841,40.692174],[-73.926594,40.692034],[-73.926348,40.691894],[-73.926101,40.691754],[-73.925854,40.691615],[-73.925608,40.691475],[-73.925361,40.691335],[-73.925115,40.691195],[-73.924868,40.691055],[-73.924622,40.690915],[-73.924375,40.690775],[-73.924128,40.690635],[-73.923855,40.690479],[-73.923581,40.690324],[-73.923307,40.690168],[-73.923034,40.690013],[-73.922765,40.68986],[-73.922497,40.689708],[-73.922229,40.689555],[-73.921989,40.689418],[-73.921749,40.689282],[-73.921509,40.689145],[-73.921265,40.689006],[-73.921022,40.688867],[-73.920779,40.688728],[-73.920535,40.688589],[-73.920292,40.68845],[-73.920048,40.688311],[-73.919805,40.688172],[-73.919562,40.688033],[-73.919318,40.687894],[-73.919075,40.687755],[-73.918831,40.687616],[-73.918588,40.687477],[-73.918345,40.687338],[-73.918101,40.687199],[-73.917858,40.687059],[-73.917614,40.68692],[-73.917371,40.686781],[-73.917105,40.686629],[-73.916839,40.686477],[-73.916573,40.686326],[-73.916333,40.68619],[-73.916092,40.686055],[-73.915852,40.685919],[-73.915613,40.685783],[-73.915373,40.685647],[-73.915134,40.685511],[-73.914894,40.685375],[-73.914655,40.685239],[-73.914415,40.685103],[-73.914176,40.684967],[-73.913936,40.684831],[-73.913697,40.684695],[-73.913457,40.684558],[-73.913218,40.684422],[-73.912978,40.684286],[-73.912739,40.68415],[-73.912499,40.684014],[-73.91226,40.683878],[-73.91202,40.683742],[-73.911761,40.683594],[-73.911501,40.683446],[-73.911242,40.683298],[-73.910992,40.683157],[-73.910743,40.683016],[-73.910494,40.682874],[-73.910244,40.682733],[-73.909995,40.682592],[-73.909745,40.682451],[-73.909501,40.682311],[-73.909257,40.682172],[-73.909013,40.682032],[-73.908769,40.681892],[-73.908525,40.681753],[-73.908281,40.681613],[-73.908037,40.681474],[-73.907793,40.681334]]}},{"type":"Feature","properties":{},"geometry":{"type":"LineString","coordinates":[[-74.002815,40.695011],[-74.002463,40.694873],[-74.002112,40.694734],[-74.001778,40.694608],[-74.001445,40.694482],[-74.00096,40.694313],[-74.000448,40.694152],[-74.00009,40.694057],[-73.999711,40.693968],[-73.99934,40.693899],[-73.99898,40.693835],[-73.99862,40.693771],[-73.99826,40.693706],[-73.9979,40.693642],[-73.997593,40.693589],[-73.997286,40.693536],[-73.996979,40.693484],[-73.996672,40.693431],[-73.996365,40.693378],[-73.996057,40.693325],[-73.99575,40.693273],[-73.995443,40.69322],[-73.995136,40.693167],[-73.994829,40.693114],[-73.994522,40.693061],[-73.994215,40.693009],[-73.993907,40.692956],[-73.9936,40.692903],[-73.993259,40.692851],[-73.992919,40.692799],[-73.992578,40.692747],[-73.992237,40.692695]]}},{"type":"Feature","properties":{},"geometry":{"type":"LineString","coordinates":[[-74.007046,40.732933],[-74.006934,40.73295],[-74.006639,40.732994],[-74.006344,40.733039],[-74.006048,40.733083],[-74.005753,40.733127],[-74.005458,40.733171],[-74.005141,40.733219],[-74.004824,40.733266],[-74.004507,40.733313],[-74.00419,40.733361],[-74.003873,40.733408],[-74.003556,40.733456],[-74.003239,40.733503],[-74.002922,40.733551],[-74.002605,40.733598],[-74.002288,40.733646]]}},{"type":"Feature","properties":{},"geometry":{"type":"LineString","coordinates":[[-74.001114,40.739133],[-74.000832,40.739013],[-74.00055,40.738892],[-74.000268,40.738772],[-73.999986,40.738651],[-73.999704,40.738531],[-73.999422,40.738411],[-73.99914,40.73829],[-73.998858,40.73817],[-73.998576,40.738049],[-73.998294,40.737929],[-73.997941,40.737782],[-73.997589,40.737635],[-73.997283,40.737507],[-73.996977,40.737379],[-73.99667,40.737251],[-73.996364,40.737124],[-73.996058,40.736996],[-73.995766,40.73687],[-73.995475,40.736744],[-73.995199,40.736626],[-73.994924,40.736507],[-73.994648,40.736388],[-73.994373,40.73627],[-73.994097,40.736151],[-73.993825,40.736037],[-73.993553,40.735922],[-73.993281,40.735807],[-73.993009,40.735692],[-73.992737,40.735577],[-73.992465,40.735462],[-73.992193,40.735347],[-73.99192,40.735233],[-73.991648,40.735118],[-73.991365,40.734998],[-73.991083,40.734879],[-73.9908,40.73476],[-73.990517,40.73464],[-73.990234,40.734521],[-73.989951,40.734401],[-73.989686,40.734294],[-73.98942,40.734187],[-73.989154,40.73408],[-73.988888,40.733973],[-73.988622,40.733866]]}},{"type":"Feature","properties":{},"geometry":{"type":"LineString","coordinates":[[-73.995451,40.739305],[-73.995613,40.739083],[-73.995774,40.738861],[-73.995936,40.73864],[-73.996097,40.738418],[-73.996259,40.738196],[-73.99642,40.737974],[-73.996582,40.737753],[-73.996743,40.737531],[-73.996922,40.737285],[-73.997101,40.73704],[-73.99728,40.736795]]}},{"type":"Feature","properties":{},"geometry":{"type":"LineString","coordinates":[[-73.997,40.725525],[-73.997055,40.725545],[-73.997198,40.72561],[-73.997587,40.725804],[-73.998028,40.726023],[-73.998285,40.726151],[-73.998542,40.726279],[-73.998799,40.726406],[-73.999057,40.726534],[-73.999314,40.726662],[-73.999571,40.72679],[-73.999828,40.726918],[-74.000085,40.727045],[-74.000343,40.727173],[-74.0006,40.727301],[-74.000857,40.727429],[-74.001114,40.727557],[-74.001371,40.727685],[-74.001655,40.727823],[-74.001833,40.727921],[-74.001995,40.728032],[-74.002136,40.728158],[-74.002253,40.728297],[-74.002346,40.728447],[-74.002412,40.728605],[-74.002449,40.728768],[-74.002459,40.728933],[-74.002439,40.729098],[-74.002391,40.729259],[-74.002315,40.729415],[-74.002149,40.72971],[-74.001983,40.730005],[-74.001804,40.73032]]}},{"type":"Feature","properties":{},"geometry":{"type":"LineString","coordinates":[[-73.989645,40.747287],[-73.989791,40.747088],[-73.989937,40.74689],[-73.990083,40.746691],[-73.990267,40.746447],[-73.99045,40.746204],[-73.990615,40.745981],[-73.990779,40.745758],[-73.990943,40.745535],[-73.991107,40.745312],[-73.991272,40.745089],[-73.991436,40.744866],[-73.991586,40.744659],[-73.991736,40.744453],[-73.991887,40.744247],[-73.992037,40.74404],[-73.992187,40.743833],[-73.992338,40.743627],[-73.992464,40.743453],[-73.992529,40.743364],[-73.992688,40.743145],[-73.992848,40.742926],[-73.993009,40.742705],[-73.99317,40.742484],[-73.993227,40.742407],[-73.9934,40.74217],[-73.993548,40.741966],[-73.993696,40.741762],[-73.993845,40.741558],[-73.993993,40.741354],[-73.994141,40.74115],[-73.99429,40.740946],[-73.994438,40.740743],[-73.994586,40.740539],[-73.994735,40.740335],[-73.994883,40.740131],[-73.995031,40.739927],[-73.99518,40.739723],[-73.995328,40.73952]]}},{"type":"Feature","properties":{},"geometry":{"type":"LineString","coordinates":[[-73.999681,40.733446],[-73.999747,40.733343],[-73.999895,40.73314],[-74.000006,40.73299],[-74.000161,40.732774],[-74.000316,40.732557],[-74.000471,40.732341],[-74.000626,40.732124],[-74.000782,40.731908],[-74.000937,40.731692],[-74.001092,40.731475],[-74.001127,40.731422],[-74.001341,40.731116],[-74.001474,40.730913]]}},{"type":"Feature","properties":{},"geometry":{"type":"LineString","coordinates":[[-73.980655,40.730518],[-73.98039,40.730406],[-73.980124,40.730293],[-73.979858,40.730181],[-73.979592,40.730068],[-73.979326,40.729956],[-73.97906,40.729843],[-73.978794,40.729731],[-73.978528,40.729618],[-73.978262,40.729505],[-73.977996,40.729393],[-73.97773,40.72928],[-73.977464,40.729168],[-73.977198,40.729055],[-73.976932,40.728943],[-73.976666,40.72883],[-73.9764,40.728718],[-73.976134,40.728605],[-73.975868,40.728493],[-73.975602,40.72838],[-73.975336,40.728268],[-73.97507,40.728155],[-73.974804,40.728043],[-73.974538,40.72793],[-73.974272,40.727817],[-73.974006,40.727705],[-73.97374,40.727592],[-73.973474,40.72748]]}},{"type":"Feature","properties":{},"geometry":{"type":"LineString","coordinates":[[-74.002441,40.738887],[-74.002503,40.739002],[-74.002547,40.739122],[-74.002572,40.739245],[-74.002579,40.739369],[-74.002566,40.739493],[-74.002534,40.739615],[-74.002484,40.739733],[-74.002416,40.739846],[-74.002253,40.740071],[-74.00209,40.740296],[-74.001927,40.74052],[-74.001764,40.740745],[-74.001601,40.74097]]}},{"type":"Feature","properties":{},"geometry":{"type":"LineString","coordinates":[[-74.001435,40.73065],[-74.001171,40.731053],[-74.000999,40.731375],[-74.000968,40.731423],[-74.000812,40.73164],[-74.000657,40.731856],[-74.000502,40.732073],[-74.000347,40.732289],[-74.000192,40.732505],[-74.000036,40.732722],[-73.999881,40.732938],[-73.999781,40.733092],[-73.999731,40.733161],[-73.999633,40.733296],[-73.999567,40.733398],[-73.999428,40.733607],[-73.999279,40.733828],[-73.999129,40.734049],[-73.998985,40.734248],[-73.998841,40.734446],[-73.998697,40.734645],[-73.998553,40.734843]]}},{"type":"Feature","properties":{},"geometry":{"type":"LineString","coordinates":[[-73.998595,40.73512],[-73.998739,40.734922],[-73.998883,40.734723],[-73.999027,40.734525],[-73.999171,40.734327],[-73.999316,40.734128],[-73.999466,40.733906],[-73.999617,40.733684],[-73.999753,40.733476],[-73.999819,40.733374],[-73.999968,40.733171],[-74.000089,40.733025],[-74.000244,40.732808],[-74.0004,40.732592],[-74.000555,40.732375],[-74.00071,40.732159],[-74.000866,40.731942],[-74.001021,40.731726],[-74.001176,40.731509]]}},{"type":"Feature","properties":{},"geometry":{"type":"LineString","coordinates":[[-73.998408,40.735042],[-73.998252,40.735256],[-73.998095,40.73547],[-73.997939,40.735685],[-73.997782,40.735899],[-73.997625,40.736113],[-73.997469,40.736328],[-73.997312,40.736542],[-73.997156,40.736756],[-73.996999,40.736971],[-73.996843,40.737185],[-73.996686,40.737399],[-73.996531,40.737612],[-73.996376,40.737825],[-73.996221,40.738037],[-73.996066,40.73825],[-73.99591,40.738463],[-73.995755,40.738676],[-73.9956,40.738888]]}},{"type":"Feature","properties":{},"geometry":{"type":"LineString","coordinates":[[-73.990151,40.746719],[-73.9903,40.746515],[-73.990448,40.746311],[-73.990597,40.746108],[-73.990745,40.745904],[-73.990893,40.7457],[-73.991042,40.745496],[-73.99119,40.745293],[-73.991339,40.745089],[-73.991487,40.744885],[-73.991635,40.744682],[-73.991784,40.744478],[-73.991932,40.744274],[-73.992081,40.74407],[-73.992229,40.743867],[-73.992378,40.743663],[-73.992528,40.743457],[-73.992678,40.743251],[-73.992828,40.743045],[-73.992978,40.742839],[-73.993128,40.742634],[-73.993278,40.742428],[-73.993428,40.742222],[-73.993578,40.742016],[-73.993728,40.74181],[-73.993878,40.741604],[-73.994028,40.741398],[-73.994178,40.741192],[-73.994328,40.740986],[-73.994478,40.74078],[-73.994628,40.740574],[-73.994778,40.740368],[-73.994928,40.740162],[-73.995078,40.739956],[-73.995228,40.73975],[-73.995378,40.739544]]}},{"type":"Feature","properties":{},"geometry":{"type":"LineString","coordinates":[[-74.001065,40.7392],[-74.001327,40.739312],[-74.001485,40.739379],[-74.001712,40.739476],[-74.002017,40.739607],[-74.002323,40.739737],[-74.002628,40.739868],[-74.002933,40.739998]]}},{"type":"Feature","properties":{},"geometry":{"type":"LineString","coordinates":[[-73.998995,40.734369],[-73.998823,40.734603],[-73.998652,40.734838],[-73.998481,40.735072],[-73.998329,40.735281],[-73.998177,40.735489],[-73.998025,40.735698],[-73.997873,40.735906],[-73.997722,40.736115],[-73.99757,40.736323],[-73.997418,40.736532],[-73.997373,40.736593],[-73.997205,40.736824],[-73.997037,40.737054],[-73.99687,40.737285],[-73.996702,40.737515],[-73.99654,40.737737],[-73.996379,40.737958],[-73.996218,40.73818],[-73.996056,40.738401],[-73.995895,40.738623],[-73.995733,40.738845],[-73.995572,40.739066]]}},{"type":"Feature","properties":{},"geometry":{"type":"LineString","coordinates":[[-74.001991,40.733755],[-74.002308,40.733708],[-74.002624,40.73366],[-74.002941,40.733613],[-74.003258,40.733566],[-74.003575,40.733518],[-74.003892,40.733471],[-74.004208,40.733423],[-74.004525,40.733376],[-74.004842,40.733328],[-74.005159,40.733281],[-74.005476,40.733234],[-74.00577,40.733189],[-74.006065,40.733145],[-74.00636,40.733101],[-74.006655,40.733057],[-74.00695,40.733013]]}},{"type":"Feature","properties":{},"geometry":{"type":"LineString","coordinates":[[-73.992609,40.720602],[-73.992718,40.720389],[-73.992826,40.720176],[-73.992935,40.719963],[-73.993043,40.71975],[-73.993151,40.719537],[-73.993359,40.719134],[-73.993474,40.71891],[-73.993589,40.718687],[-73.993704,40.718463],[-73.993819,40.718239],[-73.993934,40.718015],[-73.994049,40.717791],[-73.994164,40.717568],[-73.994297,40.717308],[-73.994412,40.717084],[-73.994527,40.716861],[-73.994642,40.716637],[-73.994757,40.716414],[-73.99483,40.716245],[-73.994886,40.716084],[-73.99491,40.715911],[-73.994917,40.715605],[-73.994887,40.715223],[-73.994851,40.715033],[-73.994791,40.714866],[-73.994661,40.714626]]}},{"type":"Feature","properties":{},"geometry":{"type":"LineString","coordinates":[[-73.990468,40.707087],[-73.990315,40.70681],[-73.990162,40.706533],[-73.990032,40.706299],[-73.989901,40.706066],[-73.989771,40.705832],[-73.98964,40.705598],[-73.98951,40.705365],[-73.989379,40.705131],[-73.989249,40.704897],[-73.989134,40.704689],[-73.989018,40.70448],[-73.988903,40.704272],[-73.988788,40.704064],[-73.988673,40.703855],[-73.988558,40.703647],[-73.988442,40.703438],[-73.988327,40.70323],[-73.988189,40.702993],[-73.988051,40.702757],[-73.987912,40.70252],[-73.987774,40.702283],[-73.987656,40.702068],[-73.987537,40.701853],[-73.987419,40.701638],[-73.9873,40.701423],[-73.987182,40.701208],[-73.987063,40.700993],[-73.986945,40.700778],[-73.986806,40.700524],[-73.986667,40.700271],[-73.986528,40.700017]]}},{"type":"Feature","properties":{},"geometry":{"type":"LineString","coordinates":[[-73.986389,40.699763],[-73.986258,40.69953],[-73.986128,40.699296],[-73.985997,40.699063],[-73.985866,40.698829],[-73.985736,40.698596],[-73.985605,40.698363],[-73.985448,40.698042],[-73.985319,40.697723],[-73.985189,40.697404],[-73.985018,40.697023],[-73.984891,40.696759],[-73.984764,40.696495],[-73.984637,40.696231],[-73.98451,40.695968],[-73.984375,40.695693],[-73.98424,40.695418],[-73.984086,40.695109],[-73.983931,40.6948],[-73.983793,40.694524]]}},{"type":"Feature","properties":{},"geometry":{"type":"LineString","coordinates":[[-73.919066,40.868349],[-73.919108,40.868339],[-73.919436,40.868252],[-73.919764,40.868166],[-73.920092,40.868079],[-73.920419,40.867993],[-73.920747,40.867906],[-73.921126,40.867781]]}},{"type":"Feature","properties":{},"geometry":{"type":"LineString","coordinates":[[-73.92121,40.867659],[-73.921084,40.867709],[-73.920703,40.867829],[-73.920377,40.867914],[-73.92005,40.868],[-73.919724,40.868085],[-73.919397,40.86817],[-73.919071,40.868256]]}},{"type":"Feature","properties":{},"geometry":{"type":"LineString","coordinates":[[-73.928256,40.816314],[-73.928151,40.816586],[-73.928046,40.816858],[-73.927941,40.817131],[-73.927887,40.817242],[-73.927751,40.817481],[-73.927615,40.81772],[-73.9276,40.817746],[-73.927499,40.81796],[-73.927398,40.818174],[-73.927297,40.818388],[-73.927195,40.818603],[-73.927094,40.818817]]}},{"type":"Feature","properties":{},"geometry":{"type":"LineString","coordinates":[[-73.926897,40.819545],[-73.92693,40.819471],[-73.927042,40.819291],[-73.927173,40.819077],[-73.927275,40.818863],[-73.927376,40.818648],[-73.927477,40.818433],[-73.927578,40.818219],[-73.927679,40.818004]]}},{"type":"Feature","properties":{},"geometry":{"type":"LineString","coordinates":[[-73.921339,40.829319],[-73.921481,40.829063],[-73.921623,40.828807],[-73.921747,40.828568],[-73.92187,40.828328],[-73.921928,40.828204],[-73.922037,40.828004],[-73.922158,40.827829],[-73.922273,40.827718],[-73.92244,40.827598],[-73.922644,40.827484],[-73.922874,40.827409],[-73.923191,40.827353],[-73.923543,40.827331],[-73.923911,40.827341],[-73.924262,40.827374],[-73.924433,40.827407],[-73.924591,40.827437],[-73.925041,40.827541],[-73.925392,40.827645],[-73.925734,40.82775],[-73.926076,40.827856],[-73.926425,40.827959],[-73.926655,40.828032],[-73.926747,40.828061],[-73.927098,40.828191],[-73.927393,40.828341],[-73.927431,40.828364],[-73.92764,40.828491],[-73.927865,40.828629],[-73.928144,40.828802],[-73.928512,40.829025],[-73.928843,40.829235],[-73.929217,40.829469]]}},{"type":"Feature","properties":{},"geometry":{"type":"LineString","coordinates":[[-73.929251,40.829438],[-73.928877,40.829204],[-73.928545,40.828994],[-73.928178,40.82877],[-73.927899,40.828598],[-73.927673,40.82846],[-73.927425,40.828308],[-73.927125,40.828156],[-73.926769,40.828024],[-73.926675,40.827995],[-73.926445,40.827922],[-73.926096,40.827818],[-73.925749,40.827713],[-73.925402,40.827607],[-73.925055,40.827502],[-73.924606,40.827397],[-73.924446,40.827367],[-73.924272,40.827334],[-73.923915,40.827301],[-73.923542,40.827291],[-73.923182,40.827312],[-73.922857,40.827371],[-73.922617,40.827449],[-73.922405,40.827567],[-73.922234,40.827691],[-73.922113,40.827807],[-73.921989,40.827987],[-73.921878,40.828189],[-73.921819,40.828315],[-73.921697,40.828553],[-73.921574,40.828792],[-73.921432,40.829048],[-73.921289,40.829303]]}},{"type":"Feature","properties":{},"geometry":{"type":"LineString","coordinates":[[-73.921388,40.829334],[-73.92153,40.829078],[-73.921673,40.828822],[-73.921796,40.828582],[-73.92192,40.828342],[-73.921978,40.828218],[-73.922086,40.828021],[-73.922203,40.827852],[-73.922313,40.827745],[-73.922474,40.827629],[-73.92267,40.82752],[-73.922891,40.827448],[-73.923199,40.827393],[-73.923545,40.827372],[-73.923907,40.827382],[-73.924252,40.827414],[-73.924422,40.827446],[-73.924576,40.827476],[-73.925023,40.827579],[-73.925345,40.827677],[-73.925668,40.827775],[-73.92599,40.827873],[-73.926312,40.827971],[-73.926634,40.828069],[-73.926725,40.828098],[-73.927071,40.828226],[-73.927361,40.828373],[-73.927606,40.828522],[-73.927831,40.82866],[-73.928111,40.828833],[-73.928478,40.829056],[-73.928809,40.829266],[-73.929183,40.8295]]}},{"type":"Feature","properties":{},"geometry":{"type":"LineString","coordinates":[[-73.943042,40.826303],[-73.94289,40.826514],[-73.942738,40.826724],[-73.942586,40.826935],[-73.942434,40.827146],[-73.942283,40.827357],[-73.942131,40.827567],[-73.941979,40.827778]]}},{"type":"Feature","properties":{},"geometry":{"type":"LineString","coordinates":[[-73.94192,40.828029],[-73.942072,40.827818],[-73.942224,40.827607],[-73.942376,40.827396],[-73.942528,40.827185],[-73.94268,40.826975],[-73.942832,40.826764],[-73.942984,40.826553],[-73.943136,40.826342]]}},{"type":"Feature","properties":{},"geometry":{"type":"LineString","coordinates":[[-73.941941,40.829517],[-73.942028,40.829294],[-73.942114,40.829072],[-73.942201,40.82885],[-73.942295,40.828623],[-73.942388,40.828395],[-73.942482,40.828168],[-73.942587,40.827925],[-73.942692,40.827682],[-73.942797,40.827439],[-73.942903,40.827196],[-73.943008,40.826953],[-73.943147,40.826625]]}},{"type":"Feature","properties":{},"geometry":{"type":"LineString","coordinates":[[-73.943171,40.826157],[-73.943106,40.826349],[-73.943047,40.826511],[-73.943007,40.826604],[-73.942872,40.826921],[-73.942787,40.827163],[-73.942701,40.827405],[-73.942616,40.827647],[-73.942531,40.82789],[-73.942446,40.828132],[-73.942437,40.828158],[-73.94231,40.828464],[-73.942184,40.828769],[-73.942155,40.82884],[-73.942067,40.829065],[-73.941979,40.829291],[-73.941891,40.829517]]}},{"type":"Feature","properties":{},"geometry":{"type":"LineString","coordinates":[[-73.952751,40.669981],[-73.95305,40.669997],[-73.953348,40.670014],[-73.953646,40.670031],[-73.953945,40.670048],[-73.954243,40.670064],[-73.954415,40.670081],[-73.954567,40.670105],[-73.954749,40.670138],[-73.954897,40.670163],[-73.955286,40.670217]]}},{"type":"Feature","properties":{},"geometry":{"type":"LineString","coordinates":[[-73.911604,40.816058],[-73.911772,40.816072],[-73.912092,40.816111],[-73.912343,40.816138],[-73.912704,40.816174],[-73.913064,40.81621],[-73.91351,40.81625],[-73.9137,40.816264],[-73.913943,40.816252],[-73.914154,40.81623],[-73.914394,40.816164]]}},{"type":"Feature","properties":{},"geometry":{"type":"LineString","coordinates":[[-73.994476,40.714405],[-73.994612,40.714641],[-73.994749,40.714878],[-73.994807,40.715038],[-73.994842,40.715227],[-73.994872,40.715606],[-73.994865,40.715909],[-73.994842,40.716077],[-73.994786,40.716235],[-73.994714,40.716402],[-73.994596,40.716633],[-73.994477,40.716863],[-73.994359,40.717094],[-73.99424,40.717325],[-73.994122,40.717555],[-73.994007,40.717779],[-73.993892,40.718003],[-73.993776,40.718227],[-73.993661,40.718451],[-73.993546,40.718675],[-73.993431,40.718899],[-73.993316,40.719123],[-73.993109,40.719525],[-73.993003,40.719739],[-73.992896,40.719953],[-73.99279,40.720167],[-73.992683,40.720381]]}},{"type":"Feature","properties":{},"geometry":{"type":"LineString","coordinates":[[-74.001564,40.730695],[-74.001431,40.730898],[-74.001299,40.7311],[-74.001084,40.731406],[-74.001051,40.731458],[-74.000896,40.731674],[-74.00074,40.731891],[-74.000585,40.732107],[-74.00043,40.732323],[-74.000275,40.73254],[-74.00012,40.732756],[-73.999964,40.732973],[-73.999854,40.733123],[-73.999705,40.733326]]}},{"type":"Feature","properties":{},"geometry":{"type":"LineString","coordinates":[[-73.930402,40.86375],[-73.930791,40.863459],[-73.931094,40.863201],[-73.931395,40.862913],[-73.931716,40.862589],[-73.931905,40.862384],[-73.932093,40.86218],[-73.932271,40.86195],[-73.93245,40.861721],[-73.932625,40.861451],[-73.932799,40.861181],[-73.932974,40.86091],[-73.933138,40.860671],[-73.933303,40.860431],[-73.933468,40.860192],[-73.933651,40.859901],[-73.933834,40.85961],[-73.934004,40.859367],[-73.934174,40.859124],[-73.934345,40.858874],[-73.934515,40.858624],[-73.934683,40.858378],[-73.93485,40.858133],[-73.935008,40.857915],[-73.935167,40.857697],[-73.93538,40.857421],[-73.935593,40.857144],[-73.935779,40.856912],[-73.935965,40.85668],[-73.936151,40.856448],[-73.936336,40.856216],[-73.93648,40.856034],[-73.93659,40.855883],[-73.936677,40.855744],[-73.936742,40.855617],[-73.936802,40.855466],[-73.936887,40.855215]]}},{"type":"Feature","properties":{},"geometry":{"type":"LineString","coordinates":[[-73.936841,40.855207],[-73.936759,40.855445],[-73.936697,40.855605],[-73.936633,40.85573],[-73.936548,40.855866],[-73.936439,40.856016],[-73.936296,40.856198],[-73.93611,40.85643],[-73.935924,40.856662],[-73.935738,40.856894],[-73.935552,40.857126],[-73.935339,40.857402],[-73.935125,40.857679],[-73.934967,40.857897],[-73.934808,40.858116],[-73.934641,40.858361],[-73.934474,40.858607],[-73.934303,40.858856],[-73.934132,40.859106],[-73.933962,40.85935],[-73.933792,40.859594],[-73.933609,40.859884],[-73.933426,40.860174],[-73.93328,40.860393],[-73.933135,40.860612],[-73.932989,40.860831],[-73.932843,40.86105],[-73.932697,40.861269],[-73.932552,40.861488],[-73.932406,40.861707],[-73.932229,40.861935],[-73.932052,40.862162],[-73.931864,40.862366],[-73.931676,40.86257],[-73.931355,40.862893],[-73.931056,40.863179],[-73.930755,40.863436]]}},{"type":"Feature","properties":{},"geometry":{"type":"LineString","coordinates":[[-73.941941,40.829517],[-73.942028,40.829294],[-73.942114,40.829072],[-73.942201,40.82885],[-73.942295,40.828623],[-73.942388,40.828395],[-73.942482,40.828168],[-73.942582,40.827905],[-73.942681,40.827642],[-73.942775,40.827409],[-73.942868,40.827176]]}},{"type":"Feature","properties":{},"geometry":{"type":"LineString","coordinates":[[-73.942917,40.826932],[-73.942823,40.827165],[-73.942729,40.827399],[-73.942635,40.827632],[-73.942536,40.827895],[-73.942437,40.828158],[-73.942343,40.828385],[-73.942249,40.828612],[-73.942155,40.82884],[-73.942069,40.829062],[-73.941982,40.829284],[-73.941896,40.829506]]}},{"type":"Feature","properties":{},"geometry":{"type":"LineString","coordinates":[[-74.001891,40.740798],[-74.002054,40.740573],[-74.002217,40.740349],[-74.00238,40.740124],[-74.002544,40.7399],[-74.002609,40.739775],[-74.002656,40.739645],[-74.002684,40.739512],[-74.002691,40.739378],[-74.002679,40.739244],[-74.002647,40.739112],[-74.002595,40.738983]]}},{"type":"Feature","properties":{},"geometry":{"type":"LineString","coordinates":[[-74.001805,40.740762],[-74.001967,40.740537],[-74.00213,40.740312],[-74.002293,40.740088],[-74.002455,40.739863],[-74.002526,40.739746],[-74.002578,40.739624],[-74.002611,40.739499],[-74.002624,40.739371],[-74.002618,40.739243],[-74.002592,40.739116],[-74.002547,40.738992]]}},{"type":"Feature","properties":{},"geometry":{"type":"LineString","coordinates":[[-74.002399,40.738901],[-74.002451,40.739012],[-74.002487,40.739127],[-74.002505,40.739244],[-74.002505,40.739362],[-74.002488,40.739479],[-74.002453,40.739594],[-74.002401,40.739706],[-74.002333,40.739812],[-74.00217,40.740036],[-74.002007,40.740261],[-74.001844,40.740485],[-74.00168,40.74071],[-74.001517,40.740935]]}},{"type":"Feature","properties":{},"geometry":{"type":"LineString","coordinates":[[-74.001077,40.741692],[-74.000918,40.74191],[-74.000759,40.742128],[-74.0006,40.742347],[-74.000441,40.742565],[-74.000282,40.742784],[-74.000123,40.743002],[-73.999964,40.743221],[-73.999819,40.743421],[-73.999673,40.743621],[-73.999527,40.743821],[-73.999382,40.744021],[-73.999236,40.744221],[-73.999091,40.744421],[-73.998945,40.744621],[-73.9988,40.744821],[-73.998654,40.745021],[-73.99849,40.745246],[-73.998326,40.745471],[-73.998163,40.745696],[-73.997999,40.745921],[-73.997835,40.746146],[-73.997671,40.746371],[-73.997507,40.746597],[-73.997437,40.746693],[-73.997342,40.746806],[-73.997246,40.746918],[-73.997096,40.747125]]}},{"type":"Feature","properties":{},"geometry":{"type":"LineString","coordinates":[[-74.001025,40.74167],[-74.000968,40.741766],[-74.000819,40.741971],[-74.00067,40.742177],[-74.00052,40.742382],[-74.000371,40.742587],[-74.000221,40.742793],[-74.000072,40.742998],[-73.999923,40.743203],[-73.999777,40.743403],[-73.999631,40.743603],[-73.999486,40.743803],[-73.99934,40.744003],[-73.999195,40.744203],[-73.999049,40.744403],[-73.998904,40.744603],[-73.998758,40.744803],[-73.998612,40.745004],[-73.998449,40.745229],[-73.998285,40.745454],[-73.998121,40.745679],[-73.997957,40.745904],[-73.997793,40.746129],[-73.997629,40.746354],[-73.997466,40.746579],[-73.997395,40.746676],[-73.9973,40.746788],[-73.997204,40.746901],[-73.997054,40.747107]]}},{"type":"Feature","properties":{},"geometry":{"type":"LineString","coordinates":[[-73.99722,40.747177],[-73.997371,40.74697],[-73.997445,40.746849],[-73.99752,40.746728],[-73.99759,40.746631],[-73.997754,40.746406],[-73.997918,40.746181],[-73.998082,40.745956],[-73.998246,40.745731],[-73.998409,40.745506],[-73.998573,40.745281],[-73.998737,40.745055],[-73.998883,40.744855],[-73.999028,40.744655],[-73.999174,40.744455],[-73.999319,40.744255],[-73.999465,40.744055],[-73.999611,40.743855],[-73.999756,40.743655],[-73.999902,40.743455],[-74.000047,40.743255],[-74.000197,40.74305],[-74.000346,40.742845],[-74.000495,40.742639],[-74.000645,40.742434],[-74.000794,40.742229],[-74.000944,40.742023],[-74.001093,40.741818]]}},{"type":"Feature","properties":{},"geometry":{"type":"LineString","coordinates":[[-74.002525,40.73886],[-74.002397,40.738638],[-74.002268,40.738415],[-74.002139,40.738193],[-74.002011,40.737971],[-74.001882,40.737749],[-74.001753,40.737526],[-74.001629,40.737319],[-74.001505,40.737112],[-74.001381,40.736905],[-74.001257,40.736698],[-74.001133,40.736491],[-74.001009,40.736284],[-74.000885,40.736077],[-74.00075,40.735851],[-74.000616,40.735626],[-74.000481,40.7354],[-74.000346,40.735175],[-74.000211,40.734949],[-74.000077,40.734724],[-73.999942,40.734499],[-73.999845,40.734336],[-73.999799,40.734234],[-73.999764,40.734129],[-73.999743,40.734022],[-73.999733,40.733915],[-73.999737,40.733807],[-73.999752,40.733699],[-73.999781,40.733593],[-73.999821,40.73349]]}},{"type":"Feature","properties":{},"geometry":{"type":"LineString","coordinates":[[-74.002483,40.738874],[-74.002354,40.738652],[-74.002225,40.73843],[-74.002096,40.738207],[-74.001968,40.737985],[-74.001839,40.737763],[-74.00171,40.737541],[-74.001586,40.737334],[-74.001462,40.737127],[-74.001338,40.73692],[-74.001214,40.736713],[-74.00109,40.736506],[-74.000966,40.736299],[-74.000842,40.736092],[-74.000711,40.735874],[-74.000581,40.735657],[-74.000451,40.735439],[-74.00032,40.735222],[-74.00019,40.735004],[-74.00006,40.734787],[-73.999929,40.734569],[-73.999799,40.734352],[-73.999755,40.734246],[-73.999722,40.734137],[-73.9997,40.734027],[-73.999689,40.733917],[-73.99969,40.733805],[-73.999702,40.733695],[-73.999725,40.733585],[-73.999759,40.733477]]}},{"type":"Feature","properties":{},"geometry":{"type":"LineString","coordinates":[[-73.999761,40.733357],[-73.999714,40.733466],[-73.999679,40.733577],[-73.999655,40.73369],[-73.999643,40.733804],[-73.999642,40.733919],[-73.999653,40.734033],[-73.999676,40.734146],[-73.99971,40.734257],[-73.999756,40.734366],[-73.999886,40.734584],[-74.000016,40.734801],[-74.000147,40.735019],[-74.000277,40.735236],[-74.000407,40.735454],[-74.000538,40.735671],[-74.000668,40.735889],[-74.000798,40.736106],[-74.000922,40.736313],[-74.001046,40.73652],[-74.00117,40.736727],[-74.001295,40.736935],[-74.001419,40.737142],[-74.001543,40.737349],[-74.001667,40.737556],[-74.001796,40.737778],[-74.001925,40.738],[-74.002054,40.738222],[-74.002183,40.738444],[-74.002312,40.738666]]}},{"type":"Feature","properties":{},"geometry":{"type":"LineString","coordinates":[[-73.999704,40.73334],[-73.99966,40.733453],[-73.999628,40.733568],[-73.999606,40.733684],[-73.999596,40.733802],[-73.999598,40.733919],[-73.99961,40.734037],[-73.999634,40.734153],[-73.999669,40.734268],[-73.999715,40.73438],[-73.999845,40.734598],[-73.999975,40.734815],[-74.000105,40.735033],[-74.000235,40.735251],[-74.000365,40.735468],[-74.000495,40.735686],[-74.000625,40.735903],[-74.000755,40.736121],[-74.000879,40.736328],[-74.001003,40.736535],[-74.001127,40.736742],[-74.001251,40.736948],[-74.001375,40.737155],[-74.001499,40.737362],[-74.001623,40.737569],[-74.001752,40.737791],[-74.001881,40.738013],[-74.002011,40.738235],[-74.00214,40.738457],[-74.002269,40.738679]]}},{"type":"Feature","properties":{},"geometry":{"type":"LineString","coordinates":[[-74.003426,40.726908],[-74.003327,40.727152],[-74.003227,40.727397],[-74.003128,40.727641],[-74.003029,40.727886],[-74.00293,40.72813],[-74.002831,40.728375],[-74.002732,40.728619],[-74.002577,40.728924],[-74.002422,40.729228],[-74.002317,40.729415],[-74.00215,40.72971],[-74.001983,40.730005],[-74.001804,40.73032],[-74.001564,40.730695],[-74.001431,40.730898],[-74.001299,40.7311],[-74.001084,40.731406],[-74.001051,40.731458],[-74.000896,40.731674],[-74.000741,40.731891],[-74.000586,40.732107],[-74.000431,40.732324],[-74.000276,40.73254],[-74.00012,40.732757],[-73.999965,40.732973],[-73.999865,40.733133]]}},{"type":"Feature","properties":{},"geometry":{"type":"LineString","coordinates":[[-74.003381,40.726897],[-74.003281,40.727141],[-74.003182,40.727386],[-74.003083,40.72763],[-74.002984,40.727874],[-74.002885,40.728119],[-74.002786,40.728363],[-74.002687,40.728608],[-74.002533,40.728911],[-74.002379,40.729214]]}},{"type":"Feature","properties":{},"geometry":{"type":"LineString","coordinates":[[-73.999805,40.733371],[-73.999906,40.733151],[-74.000006,40.73299],[-74.000161,40.732774],[-74.000316,40.732557],[-74.000472,40.732341],[-74.000627,40.732124],[-74.000782,40.731908],[-74.000937,40.731691],[-74.001093,40.731475],[-74.001127,40.731422],[-74.001341,40.731116],[-74.001474,40.730913],[-74.001607,40.73071],[-74.001848,40.730335],[-74.002026,40.730019],[-74.002193,40.729724],[-74.00236,40.729429],[-74.002466,40.729241],[-74.002622,40.728936],[-74.002776,40.728631],[-74.002876,40.728386],[-74.002975,40.728142],[-74.003074,40.727897],[-74.003173,40.727652],[-74.003273,40.727408],[-74.003372,40.727163]]}},{"type":"Feature","properties":{},"geometry":{"type":"LineString","coordinates":[[-74.002491,40.729472],[-74.002598,40.729282],[-74.002706,40.72897],[-74.002821,40.728643],[-74.002921,40.728398],[-74.00302,40.728153],[-74.003119,40.727908],[-74.003219,40.727663],[-74.003318,40.727418],[-74.003417,40.727174]]}},{"type":"Feature","properties":{},"geometry":{"type":"LineString","coordinates":[[-74.003517,40.726929],[-74.00363,40.726654],[-74.003743,40.72638],[-74.003839,40.726145],[-74.003936,40.725909],[-74.004033,40.725674],[-74.00413,40.725438],[-74.004227,40.725203],[-74.004324,40.724967],[-74.004421,40.724732],[-74.004512,40.724509],[-74.004604,40.724287],[-74.004695,40.724065],[-74.004787,40.723842],[-74.004878,40.72362],[-74.00497,40.723398],[-74.005061,40.723175],[-74.005153,40.722953],[-74.005244,40.72273]]}},{"type":"Feature","properties":{},"geometry":{"type":"LineString","coordinates":[[-74.003471,40.726918],[-74.003584,40.726644],[-74.003697,40.726369],[-74.003794,40.726134],[-74.003891,40.725898],[-74.003988,40.725663],[-74.004085,40.725428],[-74.004182,40.725192],[-74.004279,40.724957],[-74.004375,40.724721],[-74.004467,40.724499],[-74.004559,40.724276],[-74.00465,40.724054],[-74.004742,40.723831],[-74.004833,40.723609],[-74.004925,40.723386],[-74.005016,40.723164],[-74.005108,40.722942],[-74.005199,40.722719]]}},{"type":"Feature","properties":{},"geometry":{"type":"LineString","coordinates":[[-74.005245,40.722487],[-74.005153,40.72271],[-74.005062,40.722932],[-74.00497,40.723154],[-74.004879,40.723377],[-74.004787,40.723599],[-74.004696,40.723821],[-74.004605,40.724043],[-74.004513,40.724266],[-74.004422,40.724488],[-74.00433,40.72471],[-74.004233,40.724946],[-74.004136,40.725181],[-74.00404,40.725417],[-74.003943,40.725652],[-74.003846,40.725888],[-74.003749,40.726123],[-74.003652,40.726359],[-74.003539,40.726633]]}},{"type":"Feature","properties":{},"geometry":{"type":"LineString","coordinates":[[-74.005146,40.722497],[-74.005119,40.72262],[-74.005061,40.722813],[-74.004964,40.723049],[-74.004867,40.723285],[-74.00477,40.723521],[-74.004673,40.723756],[-74.004576,40.723992],[-74.004479,40.724228],[-74.004382,40.724464],[-74.004285,40.7247],[-74.004188,40.724935],[-74.004091,40.725171],[-74.003994,40.725406],[-74.003897,40.725642],[-74.0038,40.725877],[-74.003704,40.726113],[-74.003607,40.726348],[-74.003494,40.726623]]}},{"type":"Feature","properties":{},"geometry":{"type":"LineString","coordinates":[[-74.008705,40.713823],[-74.0085,40.714103],[-74.008296,40.714382],[-74.008091,40.714643],[-74.007887,40.714904],[-74.007717,40.715122],[-74.007547,40.71534],[-74.007246,40.715714],[-74.007064,40.715945],[-74.006883,40.716176],[-74.006701,40.716406],[-74.006497,40.716664],[-74.006294,40.716922],[-74.006091,40.71718],[-74.005917,40.717401],[-74.005753,40.717609],[-74.00559,40.717816],[-74.005427,40.718023],[-74.005296,40.718198],[-74.005236,40.718295],[-74.005159,40.718445],[-74.005121,40.718553],[-74.005083,40.718713],[-74.005062,40.718817],[-74.005042,40.71892],[-74.005028,40.719072],[-74.005045,40.719469],[-74.005039,40.719629],[-74.005041,40.719729],[-74.005047,40.719839],[-74.005059,40.720053],[-74.005064,40.720151],[-74.005078,40.720411],[-74.005093,40.720671],[-74.005107,40.720931],[-74.005122,40.721191],[-74.005136,40.721451],[-74.005144,40.721591]]}},{"type":"Feature","properties":{},"geometry":{"type":"LineString","coordinates":[[-74.005847,40.71777],[-74.00608,40.717475],[-74.006254,40.717254],[-74.006457,40.716996],[-74.00666,40.716738],[-74.006863,40.71648],[-74.007045,40.71625],[-74.007227,40.716019],[-74.007409,40.715788],[-74.00771,40.715414],[-74.00785,40.715235],[-74.008051,40.714978],[-74.008255,40.714716],[-74.008459,40.714455],[-74.008673,40.714181],[-74.008888,40.713907],[-74.009015,40.713744],[-74.009237,40.71346],[-74.009289,40.713393],[-74.009501,40.713122]]}},{"type":"Feature","properties":{},"geometry":{"type":"LineString","coordinates":[[-74.005336,40.722508],[-74.00539,40.722346],[-74.005419,40.7222],[-74.00544,40.721983],[-74.005444,40.721903],[-74.005444,40.72187],[-74.00544,40.721804],[-74.005428,40.721582],[-74.00542,40.721441],[-74.005406,40.721182],[-74.005391,40.720922],[-74.005377,40.720662],[-74.005363,40.720402],[-74.005348,40.720142]]}},{"type":"Feature","properties":{},"geometry":{"type":"LineString","coordinates":[[-74.005291,40.722497],[-74.005317,40.722423],[-74.00533,40.722364],[-74.005334,40.722299],[-74.005337,40.72222],[-74.005335,40.722113],[-74.005329,40.721932],[-74.005325,40.721874],[-74.005322,40.721808],[-74.00531,40.721585],[-74.005302,40.721445],[-74.005287,40.721185],[-74.005273,40.720925],[-74.005259,40.720666],[-74.005244,40.720406],[-74.00523,40.720146],[-74.005224,40.720048]]}},{"type":"Feature","properties":{},"geometry":{"type":"LineString","coordinates":[[-74.005262,40.721587],[-74.005274,40.72181],[-74.005278,40.721875],[-74.005281,40.721934],[-74.005288,40.722113],[-74.005289,40.722219],[-74.005287,40.722298],[-74.005283,40.72236],[-74.005271,40.722415]]}},{"type":"Feature","properties":{},"geometry":{"type":"LineString","coordinates":[[-74.009247,40.710937],[-74.008999,40.71081],[-74.008751,40.710684],[-74.008472,40.710542],[-74.008193,40.710401],[-74.007914,40.710259],[-74.007635,40.710117],[-74.007356,40.709975],[-74.007077,40.709833],[-74.006799,40.709692],[-74.006562,40.709572],[-74.006207,40.709417],[-74.005855,40.709264],[-74.005641,40.709155],[-74.005628,40.709148],[-74.00559,40.709127],[-74.005532,40.709093],[-74.005458,40.709046],[-74.005371,40.708987],[-74.005275,40.708917],[-74.005175,40.708836],[-74.005075,40.708745],[-74.004979,40.708644],[-74.00489,40.708533],[-74.004729,40.708313],[-74.004569,40.708093],[-74.004408,40.707873],[-74.004248,40.707654],[-74.004087,40.707434],[-74.003927,40.707214],[-74.003766,40.706994],[-74.003606,40.706774],[-74.003591,40.706754],[-74.003548,40.706697],[-74.003479,40.706607],[-74.003387,40.70649],[-74.003274,40.706349]]}},{"type":"Feature","properties":{},"geometry":{"type":"LineString","coordinates":[[-74.005343,40.720045],[-74.005331,40.71983],[-74.005325,40.71972],[-74.00531,40.71946],[-74.005289,40.719069],[-74.005291,40.718928],[-74.005294,40.718831],[-74.005298,40.718731],[-74.005311,40.718581],[-74.005323,40.718484],[-74.005334,40.718407],[-74.005348,40.718329],[-74.00536,40.718279],[-74.005375,40.718228],[-74.00539,40.718178],[-74.005416,40.718129],[-74.005444,40.718078],[-74.005468,40.718041],[-74.005631,40.717834],[-74.005794,40.717627],[-74.005957,40.71742],[-74.006132,40.717199],[-74.006335,40.716941],[-74.006538,40.716683],[-74.006741,40.716425],[-74.006923,40.716194],[-74.007105,40.715963],[-74.007287,40.715733],[-74.007588,40.715358],[-74.007727,40.71518],[-74.007928,40.714923],[-74.008132,40.714661],[-74.008336,40.7144],[-74.008551,40.714126]]}},{"type":"Feature","properties":{},"geometry":{"type":"LineString","coordinates":[[-73.997339,40.695679],[-73.997666,40.695768],[-73.997994,40.695856],[-73.998321,40.695945],[-73.998649,40.696034],[-73.998976,40.696123],[-73.999349,40.696225],[-73.999722,40.696327],[-74.000021,40.696419],[-74.000321,40.696511],[-74.000604,40.696611],[-74.000887,40.69671],[-74.001188,40.696828]]}},{"type":"Feature","properties":{},"geometry":{"type":"LineString","coordinates":[[-73.983289,40.689776],[-73.983007,40.689665],[-73.982726,40.689554],[-73.982445,40.689443],[-73.982164,40.689332],[-73.981883,40.689221],[-73.981602,40.68911],[-73.981321,40.688999],[-73.981236,40.688963],[-73.981156,40.688913],[-73.981069,40.688845],[-73.980992,40.688766],[-73.980921,40.688676],[-73.980772,40.688469],[-73.980623,40.688262],[-73.980474,40.688056],[-73.980324,40.687849],[-73.980175,40.687642],[-73.980026,40.687435],[-73.979736,40.68711]]}},{"type":"Feature","properties":{},"geometry":{"type":"LineString","coordinates":[[-74.005951,40.710755],[-74.006186,40.71098],[-74.006405,40.711186],[-74.006624,40.711392],[-74.006843,40.711598],[-74.007062,40.711804],[-74.007254,40.712042],[-74.007447,40.71228],[-74.00768,40.712483],[-74.007953,40.712645]]}},{"type":"Feature","properties":{},"geometry":{"type":"LineString","coordinates":[[-73.987817,40.707597],[-73.987988,40.707813],[-73.98816,40.708029],[-73.988332,40.708245],[-73.988503,40.708461],[-73.988675,40.708677],[-73.988846,40.708893],[-73.989018,40.709109],[-73.989258,40.709489],[-73.989415,40.70987]]}},{"type":"Feature","properties":{},"geometry":{"type":"LineString","coordinates":[[-73.988602,40.699237],[-73.98896,40.699306],[-73.989328,40.699331],[-73.989576,40.699346],[-73.98984,40.699359],[-73.990347,40.69938],[-73.990878,40.699402],[-73.991047,40.699411],[-73.991201,40.699421],[-73.991368,40.699433],[-73.991773,40.699476],[-73.992178,40.699519],[-73.992252,40.699529],[-73.992359,40.699543],[-73.992523,40.699571],[-73.9927,40.699609],[-73.992908,40.699657],[-73.993206,40.69974],[-73.993504,40.699822],[-73.993803,40.699905],[-73.994101,40.699988],[-73.994399,40.700071],[-73.994698,40.700154],[-73.994996,40.700236]]}},{"type":"Feature","properties":{},"geometry":{"type":"LineString","coordinates":[[-73.995294,40.700319],[-73.995652,40.700419],[-73.996009,40.700519],[-73.996366,40.700618],[-73.99691,40.700787],[-73.997385,40.700964],[-73.997796,40.701145],[-73.998146,40.701309],[-73.998443,40.701475],[-73.998701,40.701641],[-73.998869,40.701763],[-73.999063,40.701917],[-73.999262,40.702103],[-73.999463,40.7023],[-73.999636,40.702488],[-73.99981,40.702675],[-73.999984,40.702862],[-74.000158,40.703049],[-74.000332,40.703237],[-74.000506,40.703424],[-74.00068,40.703611],[-74.000854,40.703799],[-74.001028,40.703986],[-74.001202,40.704173],[-74.001376,40.70436],[-74.00155,40.704548],[-74.001724,40.704735],[-74.001898,40.704922],[-74.002072,40.70511],[-74.002246,40.705297],[-74.00242,40.705484],[-74.002594,40.705672],[-74.002769,40.70586],[-74.002902,40.70601],[-74.002932,40.706044]]}},{"type":"Feature","properties":{},"geometry":{"type":"LineString","coordinates":[[-73.993787,40.697646],[-73.993499,40.697566],[-73.993212,40.697486],[-73.992924,40.697406],[-73.992636,40.697325],[-73.992348,40.697245],[-73.99206,40.697165],[-73.991802,40.697094],[-73.991635,40.697033],[-73.991495,40.696957],[-73.991387,40.696845],[-73.991316,40.696709],[-73.991242,40.696469],[-73.991168,40.696229],[-73.991094,40.695989],[-73.99102,40.695749],[-73.990946,40.69551],[-73.990872,40.69527],[-73.990798,40.69503],[-73.990724,40.69479]]}},{"type":"Feature","properties":{},"geometry":{"type":"LineString","coordinates":[[-74.000992,40.699878],[-74.000712,40.699785],[-74.000432,40.699693],[-74.000152,40.6996],[-73.999871,40.699508],[-73.999592,40.699411],[-73.999312,40.699315],[-73.999032,40.699218],[-73.998753,40.699122],[-73.998473,40.699025],[-73.998193,40.698929]]}},{"type":"Feature","properties":{},"geometry":{"type":"LineString","coordinates":[[-73.99787,40.698907],[-73.99815,40.699004],[-73.998429,40.6991],[-73.998709,40.699197],[-73.998988,40.699293],[-73.999268,40.69939],[-73.999547,40.699486],[-73.999827,40.699583],[-74.000105,40.699678],[-74.000383,40.699774],[-74.000661,40.699869],[-74.000939,40.699965],[-74.001217,40.70006]]}},{"type":"Feature","properties":{},"geometry":{"type":"LineString","coordinates":[[-73.99038,40.693997],[-73.99053,40.694312],[-73.990605,40.694553],[-73.990679,40.694793],[-73.990754,40.695034],[-73.990828,40.695275],[-73.990903,40.695515],[-73.990977,40.695756],[-73.991052,40.695997],[-73.991126,40.696237],[-73.991201,40.696478],[-73.991275,40.696719],[-73.991346,40.696861],[-73.991461,40.696981],[-73.991605,40.697071],[-73.99178,40.697133],[-73.992041,40.697207],[-73.992328,40.697287],[-73.992616,40.697367],[-73.992904,40.697447],[-73.993191,40.697527],[-73.993479,40.697607]]}},{"type":"Feature","properties":{},"geometry":{"type":"LineString","coordinates":[[-74.002769,40.69508],[-74.003044,40.695195],[-74.003318,40.69531],[-74.003593,40.695425],[-74.003868,40.69554],[-74.004354,40.695763],[-74.004607,40.695906],[-74.004861,40.696049],[-74.005084,40.696202],[-74.005306,40.696355],[-74.005529,40.696508]]}},{"type":"Feature","properties":{},"geometry":{"type":"LineString","coordinates":[[-74.005827,40.696599],[-74.005605,40.696446],[-74.005382,40.696293],[-74.005159,40.69614],[-74.004936,40.695987],[-74.004682,40.695844],[-74.004427,40.695701],[-74.003936,40.695474],[-74.003655,40.695358],[-74.003375,40.695243],[-74.003095,40.695127]]}},{"type":"Feature","properties":{},"geometry":{"type":"LineString","coordinates":[[-74.003081,40.706218],[-74.003213,40.706377],[-74.003326,40.706518],[-74.003418,40.706635],[-74.003486,40.706724],[-74.003529,40.706781],[-74.003544,40.7068],[-74.003704,40.70702],[-74.003865,40.70724],[-74.004026,40.70746],[-74.004186,40.70768],[-74.004347,40.7079],[-74.004507,40.70812],[-74.004668,40.70834],[-74.004829,40.70856],[-74.00492,40.708673],[-74.005019,40.708777],[-74.005122,40.708872],[-74.005224,40.708955],[-74.005322,40.709027],[-74.005411,40.709087],[-74.005488,40.709135],[-74.005548,40.70917],[-74.005587,40.709192],[-74.005601,40.709199],[-74.005741,40.70927],[-74.005988,40.709395],[-74.006235,40.709521],[-74.006481,40.709646],[-74.006728,40.709771],[-74.007007,40.709913],[-74.007286,40.710055],[-74.007565,40.710197],[-74.007844,40.710338],[-74.008123,40.71048],[-74.008402,40.710622],[-74.00868,40.710764],[-74.008941,40.710885],[-74.009201,40.711006],[-74.00948,40.711155]]}},{"type":"Feature","properties":{},"geometry":{"type":"LineString","coordinates":[[-73.914715,40.870162],[-73.914557,40.870373],[-73.9144,40.870584],[-73.914242,40.870795],[-73.913984,40.871129],[-73.91395,40.871174],[-73.913716,40.871422],[-73.913478,40.871654],[-73.913192,40.871912],[-73.912939,40.872121],[-73.912686,40.87233],[-73.912418,40.872549],[-73.912151,40.872767],[-73.911813,40.873041],[-73.911723,40.873114]]}},{"type":"Feature","properties":{},"geometry":{"type":"LineString","coordinates":[[-73.911518,40.873304],[-73.911742,40.873141],[-73.911845,40.87306],[-73.912127,40.872835],[-73.91241,40.87261],[-73.912635,40.872424],[-73.91286,40.872239],[-73.913085,40.872053],[-73.913311,40.871867],[-73.913499,40.871692],[-73.913732,40.871469],[-73.913956,40.871226],[-73.914134,40.871008],[-73.914276,40.87082]]}},{"type":"Feature","properties":{},"geometry":{"type":"LineString","coordinates":[[-73.897098,40.67675],[-73.897185,40.67695],[-73.89731,40.677138],[-73.897469,40.67731],[-73.897661,40.677463],[-73.897879,40.677593],[-73.898121,40.677696],[-73.89838,40.677772],[-73.89865,40.677818],[-73.898978,40.677837],[-73.899306,40.677856],[-73.899633,40.677874],[-73.899961,40.677893],[-73.900289,40.677912],[-73.900621,40.677949],[-73.900951,40.677999],[-73.901462,40.678086],[-73.901712,40.678129],[-73.902011,40.67817],[-73.90231,40.67821],[-73.902609,40.678251],[-73.903194,40.678307],[-73.903627,40.678317],[-73.90394,40.678312],[-73.904253,40.678307],[-73.904567,40.678302],[-73.90488,40.678297],[-73.905194,40.678291],[-73.905507,40.678286],[-73.905821,40.678281],[-73.906064,40.678272],[-73.906298,40.678257],[-73.906631,40.678229],[-73.906965,40.678201],[-73.906989,40.678199],[-73.907506,40.678155],[-73.907773,40.678142]]}},{"type":"Feature","properties":{},"geometry":{"type":"LineString","coordinates":[[-73.929511,40.855069],[-73.929356,40.85528],[-73.929201,40.855491],[-73.929046,40.855702],[-73.928891,40.855913],[-73.928736,40.856124],[-73.928588,40.856327],[-73.92844,40.85653],[-73.928293,40.856733],[-73.928145,40.856936],[-73.927997,40.857139],[-73.92785,40.857341],[-73.927702,40.857544],[-73.927554,40.857747],[-73.927407,40.85795],[-73.927259,40.858153],[-73.927112,40.858356],[-73.926964,40.858559],[-73.926816,40.858762],[-73.926669,40.858965],[-73.926521,40.859168],[-73.926373,40.859371],[-73.926226,40.859574]]}},{"type":"Feature","properties":{},"geometry":{"type":"LineString","coordinates":[[-73.926108,40.859795],[-73.926256,40.859592],[-73.926404,40.859389],[-73.926553,40.859186],[-73.926701,40.858982],[-73.926849,40.858779],[-73.926998,40.858576],[-73.927146,40.858373],[-73.927294,40.85817],[-73.927443,40.857967],[-73.927591,40.857764],[-73.927739,40.857561],[-73.927888,40.857357],[-73.928036,40.857154],[-73.928184,40.856951],[-73.928333,40.856748],[-73.928481,40.856545],[-73.928629,40.856342],[-73.928777,40.856139],[-73.928932,40.855927],[-73.929087,40.855716],[-73.929241,40.855504],[-73.929396,40.855293],[-73.92955,40.855082]]}},{"type":"Feature","properties":{},"geometry":{"type":"LineString","coordinates":[[-73.974607,40.680321],[-73.974755,40.680527],[-73.974904,40.680733],[-73.975053,40.680938],[-73.975201,40.681144],[-73.97535,40.68135],[-73.975498,40.681556],[-73.975666,40.681789],[-73.975833,40.682023],[-73.976001,40.682257],[-73.976169,40.68249],[-73.976336,40.682724],[-73.976512,40.682967],[-73.976687,40.68321],[-73.976866,40.683421],[-73.977044,40.683631],[-73.977222,40.683842],[-73.977363,40.684046],[-73.977505,40.684251],[-73.977646,40.684455],[-73.977788,40.684659],[-73.977929,40.684863],[-73.978071,40.685067],[-73.978276,40.685319],[-73.978481,40.68557],[-73.978627,40.685774],[-73.978773,40.685978],[-73.978936,40.686204],[-73.979098,40.686431],[-73.979261,40.686657],[-73.979424,40.686884]]}},{"type":"Feature","properties":{},"geometry":{"type":"LineString","coordinates":[[-73.974644,40.680304],[-73.974825,40.680555],[-73.975005,40.680806],[-73.975157,40.681017],[-73.975309,40.681228],[-73.975461,40.68144],[-73.975613,40.681651],[-73.975765,40.681862],[-73.975917,40.682073],[-73.976069,40.682284],[-73.976221,40.682495],[-73.976373,40.682706],[-73.976549,40.68295],[-73.976725,40.683194],[-73.976903,40.683404],[-73.977081,40.683615],[-73.97726,40.683826],[-73.977401,40.68403],[-73.977543,40.684235],[-73.977684,40.684439],[-73.977826,40.684643],[-73.977967,40.684847],[-73.978109,40.685052],[-73.978313,40.685302],[-73.978518,40.685552],[-73.978664,40.685756],[-73.978811,40.685961],[-73.978974,40.686188],[-73.979137,40.686415],[-73.9793,40.686642],[-73.979462,40.686868]]}},{"type":"Feature","properties":{},"geometry":{"type":"LineString","coordinates":[[-73.978555,40.685534],[-73.978376,40.685277],[-73.978197,40.685019],[-73.978055,40.684814],[-73.977913,40.684609],[-73.977771,40.684404],[-73.977629,40.684198],[-73.977487,40.683993],[-73.977345,40.683788],[-73.977176,40.683575],[-73.977008,40.683361],[-73.97684,40.683148],[-73.976662,40.6829],[-73.976484,40.682652],[-73.976334,40.682444],[-73.976185,40.682236],[-73.976036,40.682028],[-73.975887,40.68182],[-73.975738,40.681612],[-73.975589,40.681404],[-73.97544,40.681196],[-73.97529,40.680988],[-73.975141,40.68078],[-73.974949,40.680517]]}},{"type":"Feature","properties":{},"geometry":{"type":"LineString","coordinates":[[-73.978591,40.685516],[-73.978414,40.68526],[-73.978236,40.685003],[-73.978094,40.684798],[-73.977951,40.684593],[-73.977809,40.684387],[-73.977667,40.684182],[-73.977525,40.683977],[-73.977383,40.683771],[-73.977215,40.683558],[-73.977046,40.683345],[-73.976878,40.683132],[-73.976699,40.682883],[-73.976521,40.682634],[-73.976354,40.682403],[-73.976188,40.682171],[-73.976021,40.68194],[-73.975855,40.681709],[-73.975689,40.681478],[-73.97554,40.681271],[-73.975391,40.681064],[-73.975242,40.680857],[-73.975093,40.68065],[-73.974944,40.680443]]}},{"type":"Feature","properties":{},"geometry":{"type":"LineString","coordinates":[[-74.000585,40.657981],[-74.0004,40.658159],[-74.000215,40.658336],[-74.000031,40.658513],[-73.999846,40.658691],[-73.999661,40.658868],[-73.999477,40.659046],[-73.999292,40.659223],[-73.999107,40.6594],[-73.998923,40.659578],[-73.998738,40.659755],[-73.998553,40.659933],[-73.998369,40.66011],[-73.998184,40.660287],[-73.997987,40.660477],[-73.9978,40.660657],[-73.997613,40.660837],[-73.997425,40.661017],[-73.997238,40.661197],[-73.997051,40.661377],[-73.996864,40.661557],[-73.996677,40.661737],[-73.99649,40.661917],[-73.996302,40.662097],[-73.996115,40.662277],[-73.995928,40.662457],[-73.995741,40.662637],[-73.995554,40.662817],[-73.995367,40.662997],[-73.99518,40.663177],[-73.994992,40.663357],[-73.994805,40.663537],[-73.994618,40.663717],[-73.994431,40.663897],[-73.994244,40.664077],[-73.994057,40.664257],[-73.993869,40.664437],[-73.993682,40.664617],[-73.993495,40.664797],[-73.993308,40.664977],[-73.993121,40.665157],[-73.992934,40.665337],[-73.992882,40.665386],[-73.992686,40.665592],[-73.992383,40.665933],[-73.992223,40.666125],[-73.992062,40.666317],[-73.991902,40.666509],[-73.991742,40.666701],[-73.991582,40.666893],[-73.991422,40.667085],[-73.991261,40.667276],[-73.991101,40.667468],[-73.990941,40.66766],[-73.990781,40.667852],[-73.99062,40.668044],[-73.99046,40.668236],[-73.9903,40.668428],[-73.99014,40.66862],[-73.98998,40.668812],[-73.989819,40.669004],[-73.989659,40.669196],[-73.989499,40.669388],[-73.989339,40.66958],[-73.989179,40.669772],[-73.989018,40.669964],[-73.988858,40.670156],[-73.98869,40.670358],[-73.988522,40.67056],[-73.988354,40.670761],[-73.988186,40.670963],[-73.988018,40.671165],[-73.98785,40.671367],[-73.987682,40.671569],[-73.987522,40.671762],[-73.987361,40.671955],[-73.9872,40.672147],[-73.98704,40.67234],[-73.986879,40.672533],[-73.986718,40.672726],[-73.986558,40.672919],[-73.986397,40.673112],[-73.986237,40.673305],[-73.986076,40.673498],[-73.985915,40.673691],[-73.985755,40.673883],[-73.985594,40.674076],[-73.985433,40.674269],[-73.985273,40.674462],[-73.985112,40.674655],[-73.984952,40.674848],[-73.984791,40.675041],[-73.98463,40.675234],[-73.98447,40.675427],[-73.984309,40.675619],[-73.984148,40.675812],[-73.983988,40.676005],[-73.983827,40.676223],[-73.98366,40.676472],[-73.983493,40.676721],[-73.983326,40.676971],[-73.983159,40.67722],[-73.983035,40.677403],[-73.982898,40.677605],[-73.982761,40.677807],[-73.982624,40.678009],[-73.982487,40.678211],[-73.98235,40.678414],[-73.982213,40.678616],[-73.982076,40.678818],[-73.981939,40.67902],[-73.981802,40.679222],[-73.981664,40.679425],[-73.981527,40.679627],[-73.98139,40.679829],[-73.981253,40.680031],[-73.981116,40.680233],[-73.980979,40.680436],[-73.980842,40.680638],[-73.980705,40.68084],[-73.980568,40.681042],[-73.980431,40.681244],[-73.980294,40.681447],[-73.980157,40.681649],[-73.98002,40.681851],[-73.979882,40.682053],[-73.979745,40.682255]]}},{"type":"Feature","properties":{},"geometry":{"type":"LineString","coordinates":[[-73.971511,40.675844],[-73.971235,40.675462],[-73.971035,40.675188],[-73.970836,40.674914],[-73.97066,40.674721],[-73.970484,40.674528],[-73.970307,40.674335],[-73.970131,40.674142],[-73.969955,40.673949],[-73.969779,40.673756],[-73.9696,40.673503],[-73.969421,40.67325],[-73.969256,40.672978]]}},{"type":"Feature","properties":{},"geometry":{"type":"LineString","coordinates":[[-73.988641,40.669798],[-73.988775,40.669863],[-73.989027,40.669985],[-73.98928,40.670107],[-73.989532,40.670229],[-73.989784,40.670351],[-73.990037,40.670473],[-73.990289,40.670595],[-73.990541,40.670717],[-73.990702,40.670794]]}},{"type":"Feature","properties":{},"geometry":{"type":"LineString","coordinates":[[-73.98867,40.669764],[-73.988803,40.66983],[-73.989064,40.669957],[-73.989326,40.670083],[-73.989587,40.670209],[-73.989849,40.670336],[-73.99011,40.670462],[-73.990372,40.670588]]}},{"type":"Feature","properties":{},"geometry":{"type":"LineString","coordinates":[[-73.990966,40.670775],[-73.990883,40.670738],[-73.990557,40.67058],[-73.990231,40.670423],[-73.989867,40.670248],[-73.989582,40.67011],[-73.989297,40.669973],[-73.989012,40.669835]]}},{"type":"Feature","properties":{},"geometry":{"type":"LineString","coordinates":[[-73.997179,40.747159],[-73.997329,40.746953],[-73.997404,40.746832],[-73.997479,40.74671],[-73.997549,40.746614],[-73.997713,40.746389],[-73.997876,40.746164],[-73.99804,40.745939],[-73.998204,40.745714],[-73.998368,40.745488],[-73.998532,40.745263],[-73.998695,40.745038],[-73.998841,40.744838],[-73.998987,40.744638],[-73.999132,40.744438],[-73.999278,40.744238],[-73.999423,40.744038],[-73.999569,40.743838],[-73.999714,40.743638],[-73.99986,40.743438],[-74.000006,40.743238],[-74.000165,40.743019],[-74.000323,40.742801],[-74.000482,40.742583],[-74.000641,40.742364],[-74.0008,40.742146],[-74.000959,40.741928]]}},{"type":"Feature","properties":{},"geometry":{"type":"LineString","coordinates":[[-73.998199,40.740471],[-73.99805,40.740675],[-73.997901,40.740879],[-73.997751,40.741083],[-73.997602,40.741287],[-73.997452,40.741491],[-73.997303,40.741695],[-73.997077,40.742007],[-73.996926,40.742212],[-73.996776,40.742418],[-73.996625,40.742623],[-73.996475,40.742829],[-73.996325,40.743034],[-73.996174,40.74324],[-73.996024,40.743445],[-73.995851,40.743681],[-73.995678,40.743918],[-73.995505,40.744154],[-73.995332,40.74439],[-73.995159,40.744627],[-73.994971,40.744884],[-73.994783,40.74514],[-73.994595,40.745397],[-73.994392,40.745676],[-73.994248,40.745875],[-73.994105,40.746075],[-73.993962,40.746274],[-73.993819,40.746474],[-73.993675,40.746674],[-73.993528,40.746878],[-73.993382,40.747083],[-73.993235,40.747288]]}},{"type":"Feature","properties":{},"geometry":{"type":"LineString","coordinates":[[-73.998238,40.740487],[-73.998078,40.740707],[-73.997917,40.740926],[-73.997757,40.741145],[-73.997596,40.741365],[-73.997436,40.741584],[-73.997276,40.741803],[-73.997115,40.742023],[-73.996969,40.742222],[-73.996823,40.742422],[-73.996677,40.742621],[-73.996531,40.742821],[-73.996385,40.74302],[-73.99624,40.743219],[-73.996094,40.743419],[-73.995948,40.743618],[-73.995802,40.743818],[-73.995656,40.744017],[-73.99551,40.744217],[-73.995364,40.744416],[-73.995218,40.744616],[-73.995072,40.744815],[-73.994926,40.745015],[-73.99478,40.745214],[-73.994634,40.745413],[-73.99443,40.745692],[-73.994281,40.745899],[-73.994132,40.746107],[-73.993983,40.746314],[-73.993834,40.746522],[-73.993686,40.74673],[-73.993537,40.746937],[-73.993388,40.747145]]}},{"type":"Feature","properties":{},"geometry":{"type":"LineString","coordinates":[[-73.993391,40.74721],[-73.993545,40.746995],[-73.993699,40.746781],[-73.993853,40.746566],[-73.994007,40.746351],[-73.994161,40.746137],[-73.994315,40.745922],[-73.994469,40.745708],[-73.994672,40.74543],[-73.994818,40.745232],[-73.994963,40.745033],[-73.995108,40.744835],[-73.995201,40.744707],[-73.995349,40.744505],[-73.995496,40.744303],[-73.995643,40.7441],[-73.995791,40.743898],[-73.995938,40.743695],[-73.996085,40.743493],[-73.996238,40.743285],[-73.996391,40.743078],[-73.996543,40.74287],[-73.996696,40.742662],[-73.996849,40.742454],[-73.997001,40.742247],[-73.997154,40.742039],[-73.997314,40.74182],[-73.997475,40.7416],[-73.997635,40.741381],[-73.997795,40.741162],[-73.997956,40.740942],[-73.998116,40.740723]]}},{"type":"Feature","properties":{},"geometry":{"type":"LineString","coordinates":[[-73.993499,40.747129],[-73.993646,40.746924],[-73.993793,40.746719],[-73.993936,40.74652],[-73.994079,40.746321],[-73.994222,40.746122],[-73.994365,40.745923],[-73.994507,40.745724],[-73.994711,40.745446],[-73.994899,40.745189],[-73.995087,40.744931],[-73.995275,40.744674],[-73.995448,40.744438],[-73.995621,40.744202],[-73.995794,40.743966],[-73.995967,40.743729],[-73.99614,40.743493],[-73.99629,40.743288],[-73.99644,40.743082],[-73.996591,40.742877],[-73.996741,40.742671],[-73.996892,40.742466],[-73.997042,40.74226],[-73.997192,40.742055],[-73.997419,40.741743],[-73.997568,40.741539],[-73.997717,40.741336],[-73.997867,40.741132],[-73.998016,40.740928],[-73.998165,40.740724]]}},{"type":"Feature","properties":{},"geometry":{"type":"LineString","coordinates":[[-73.988953,40.736548],[-73.988806,40.73675],[-73.988659,40.736951],[-73.988511,40.737153],[-73.988364,40.737354],[-73.988217,40.737556],[-73.98807,40.737757],[-73.987922,40.737959],[-73.987775,40.73816],[-73.987628,40.738362],[-73.98748,40.738563],[-73.987333,40.738765],[-73.987186,40.738966],[-73.987039,40.739167],[-73.986891,40.739369],[-73.986744,40.73957],[-73.986659,40.739687],[-73.986496,40.73991],[-73.986333,40.740133],[-73.986171,40.740356],[-73.986008,40.740579],[-73.985845,40.740802],[-73.985693,40.741011],[-73.985541,40.74122],[-73.985388,40.741428],[-73.985236,40.741637],[-73.985084,40.741846],[-73.984931,40.742055],[-73.984779,40.742263],[-73.984627,40.742472],[-73.984475,40.742681],[-73.984266,40.742967],[-73.984057,40.743253],[-73.983897,40.743473],[-73.983737,40.743694],[-73.983576,40.743915],[-73.983413,40.744133],[-73.983251,40.744351],[-73.983088,40.744569],[-73.982925,40.744787],[-73.982762,40.745005],[-73.9826,40.745223],[-73.982438,40.745461],[-73.982291,40.745668],[-73.982144,40.745875],[-73.981997,40.746081],[-73.98185,40.746288],[-73.981703,40.746494],[-73.981556,40.746701],[-73.981363,40.746924],[-73.981171,40.747148]]}},{"type":"Feature","properties":{},"geometry":{"type":"LineString","coordinates":[[-73.988326,40.733802],[-73.988587,40.733917],[-73.988848,40.734031],[-73.989109,40.734145],[-73.98937,40.734259],[-73.989631,40.734373],[-73.989892,40.734488],[-73.990175,40.734607],[-73.990457,40.734726],[-73.99074,40.734846],[-73.991023,40.734965],[-73.991305,40.735085],[-73.991588,40.735204],[-73.991862,40.735317],[-73.992136,40.73543],[-73.99241,40.735543],[-73.992684,40.735655],[-73.992958,40.735768],[-73.993232,40.735881],[-73.993506,40.735994],[-73.993779,40.736107],[-73.994053,40.73622],[-73.994329,40.736338],[-73.994604,40.736457],[-73.99488,40.736575],[-73.995155,40.736694],[-73.99543,40.736812],[-73.99572,40.736935],[-73.99601,40.737058],[-73.996317,40.737186],[-73.996623,40.737314],[-73.996929,40.737442],[-73.997236,40.73757],[-73.997542,40.737698],[-73.997893,40.737847],[-73.998244,40.737996],[-73.998526,40.738116],[-73.998808,40.738237],[-73.99909,40.738357],[-73.999372,40.738477],[-73.999654,40.738598],[-73.999936,40.738718],[-74.000219,40.738839],[-74.000501,40.738959],[-74.000783,40.739079]]}},{"type":"Feature","properties":{},"geometry":{"type":"LineString","coordinates":[[-74.000774,40.73691],[-74.00061,40.737102],[-74.000445,40.737294],[-74.000299,40.737499],[-74.000152,40.737705],[-74.000005,40.73791],[-73.999859,40.738115],[-73.999712,40.73832],[-73.999565,40.738526],[-73.999406,40.738819],[-73.999246,40.739038],[-73.999097,40.739243],[-73.998947,40.739447],[-73.998798,40.739652],[-73.998648,40.739857],[-73.998498,40.740061],[-73.998349,40.740266]]}},{"type":"Feature","properties":{},"geometry":{"type":"LineString","coordinates":[[-74.000813,40.736926],[-74.000671,40.737126],[-74.000528,40.737327],[-74.000381,40.737532],[-74.000235,40.737738],[-74.000088,40.737943],[-73.999941,40.738149],[-73.999794,40.738354],[-73.999647,40.73856],[-73.999396,40.738903],[-73.999328,40.738997],[-73.999172,40.73921],[-73.999016,40.739423],[-73.998861,40.739636],[-73.998705,40.739849],[-73.998549,40.740061],[-73.998394,40.740274]]}},{"type":"Feature","properties":{},"geometry":{"type":"LineString","coordinates":[[-73.998276,40.740504],[-73.998432,40.74029],[-73.998588,40.740077],[-73.998745,40.739863],[-73.998901,40.73965],[-73.999057,40.739436],[-73.999213,40.739223],[-73.999369,40.739009],[-73.999485,40.738851],[-73.999686,40.738575],[-73.999833,40.73837],[-73.99998,40.738164],[-74.000127,40.737959],[-74.000274,40.737753],[-74.000421,40.737548],[-74.000568,40.737342],[-74.00071,40.737142]]}},{"type":"Feature","properties":{},"geometry":{"type":"LineString","coordinates":[[-73.998315,40.74052],[-73.998465,40.740314],[-73.998616,40.740107],[-73.998767,40.739901],[-73.998917,40.739695],[-73.999068,40.739489],[-73.999219,40.739282],[-73.99937,40.739076],[-73.999523,40.738866],[-73.999769,40.738609],[-73.999916,40.738403],[-74.000063,40.738197],[-74.00021,40.737991],[-74.000357,40.737785],[-74.000504,40.737579],[-74.000651,40.737374],[-74.000771,40.737166]]}},{"type":"Feature","properties":{},"geometry":{"type":"LineString","coordinates":[[-74.008549,40.716342],[-74.008339,40.716607],[-74.008263,40.716703],[-74.008107,40.716901],[-74.007951,40.717099],[-74.007795,40.717297],[-74.007639,40.717495],[-74.007483,40.717693]]}},{"type":"Feature","properties":{},"geometry":{"type":"LineString","coordinates":[[-73.936863,40.823973],[-73.936794,40.823945],[-73.936535,40.823835],[-73.936276,40.823725],[-73.936017,40.823615],[-73.935758,40.823505],[-73.935498,40.823395],[-73.935239,40.823285],[-73.934939,40.823157]]}},{"type":"Feature","properties":{},"geometry":{"type":"LineString","coordinates":[[-73.934654,40.823105],[-73.934731,40.823163],[-73.934818,40.823205],[-73.935183,40.823361],[-73.935443,40.823471],[-73.935702,40.823581],[-73.935961,40.823692],[-73.936221,40.823802],[-73.93648,40.823912],[-73.93674,40.824023]]}},{"type":"Feature","properties":{},"geometry":{"type":"LineString","coordinates":[[-73.907964,40.681526],[-73.908208,40.681665],[-73.908453,40.681803],[-73.908697,40.681942],[-73.908941,40.682081],[-73.909186,40.68222],[-73.90943,40.682359],[-73.909674,40.682498],[-73.909952,40.682653],[-73.91023,40.682808],[-73.910508,40.682963],[-73.910851,40.68316],[-73.911194,40.683356],[-73.911452,40.683503],[-73.91171,40.683649],[-73.911968,40.683795],[-73.912207,40.683931],[-73.912446,40.684067],[-73.912686,40.684203],[-73.912925,40.684339],[-73.913164,40.684475],[-73.913404,40.68461],[-73.913643,40.684746],[-73.913883,40.684882],[-73.914122,40.685018],[-73.914361,40.685154],[-73.914601,40.68529],[-73.91484,40.685425],[-73.915079,40.685561],[-73.915319,40.685697],[-73.915558,40.685833],[-73.915797,40.685969],[-73.916038,40.686105],[-73.916279,40.686242],[-73.91652,40.686379],[-73.916785,40.68653],[-73.917049,40.686682],[-73.917314,40.686833],[-73.917557,40.686972],[-73.917801,40.687111],[-73.918044,40.68725],[-73.918288,40.687389],[-73.918531,40.687528],[-73.918775,40.687667],[-73.919019,40.687806],[-73.919262,40.687945],[-73.919506,40.688084],[-73.919749,40.688223],[-73.919993,40.688362],[-73.920236,40.688501],[-73.92048,40.688641],[-73.920724,40.68878],[-73.920967,40.688919],[-73.921211,40.689058],[-73.921454,40.689197],[-73.921695,40.689334],[-73.921935,40.689471],[-73.922176,40.689609],[-73.922449,40.689764],[-73.922722,40.689919],[-73.922995,40.690074],[-73.923265,40.690228],[-73.923535,40.690381],[-73.923805,40.690535],[-73.924076,40.690689],[-73.924322,40.690828],[-73.924569,40.690968],[-73.924815,40.691108],[-73.925062,40.691248],[-73.925308,40.691388],[-73.925555,40.691528],[-73.925802,40.691668],[-73.926048,40.691808],[-73.926295,40.691948],[-73.926541,40.692087],[-73.926788,40.692227],[-73.927034,40.692367],[-73.927281,40.692507],[-73.927527,40.692647],[-73.927774,40.692787],[-73.928021,40.692927],[-73.928322,40.693098],[-73.928624,40.693269],[-73.928926,40.69344],[-73.929235,40.693617],[-73.929545,40.693794],[-73.929787,40.693932],[-73.930029,40.69407],[-73.930271,40.694208],[-73.930513,40.694346],[-73.930756,40.694484],[-73.930998,40.694621],[-73.93124,40.694759],[-73.931482,40.694897],[-73.931724,40.695035],[-73.931966,40.695173],[-73.932209,40.695311],[-73.932451,40.695449],[-73.932693,40.695587],[-73.932935,40.695725],[-73.933177,40.695862]]}},{"type":"Feature","properties":{},"geometry":{"type":"LineString","coordinates":[[-73.914673,40.870289],[-73.91486,40.870034],[-73.915046,40.869779],[-73.915233,40.869524],[-73.915396,40.869303],[-73.915558,40.869082],[-73.91572,40.868861],[-73.915909,40.868605],[-73.916097,40.868349]]}},{"type":"Feature","properties":{},"geometry":{"type":"LineString","coordinates":[[-73.917837,40.865899],[-73.917682,40.866112],[-73.917527,40.866323],[-73.917372,40.866534],[-73.917217,40.866746],[-73.917062,40.866957],[-73.916907,40.867168],[-73.916753,40.867379],[-73.916598,40.86759],[-73.916443,40.867802],[-73.916288,40.868013],[-73.916133,40.868224],[-73.915978,40.868435],[-73.915822,40.868646],[-73.915703,40.868811],[-73.915556,40.869011],[-73.91541,40.869212],[-73.915263,40.869412],[-73.915117,40.869613],[-73.91497,40.869813],[-73.914824,40.870014]]}},{"type":"Feature","properties":{},"geometry":{"type":"LineString","coordinates":[[-73.914908,40.870041],[-73.91496,40.869969],[-73.91511,40.869762],[-73.915261,40.869556],[-73.915412,40.869349],[-73.915562,40.869142],[-73.915713,40.868935],[-73.915864,40.868728],[-73.916091,40.868424]]}},{"type":"Feature","properties":{},"geometry":{"type":"LineString","coordinates":[[-73.916099,40.868412],[-73.916253,40.868201],[-73.916407,40.867991],[-73.916561,40.867781],[-73.916715,40.86757],[-73.916869,40.86736],[-73.917023,40.867149],[-73.917177,40.866939],[-73.917331,40.866729],[-73.917485,40.866518],[-73.917639,40.866308],[-73.917793,40.866097],[-73.917946,40.865887],[-73.918136,40.865629],[-73.918415,40.865244],[-73.918563,40.865041],[-73.918711,40.864837],[-73.91886,40.864633],[-73.919008,40.86443],[-73.919156,40.864226],[-73.919304,40.864023],[-73.919465,40.863832],[-73.919649,40.863654],[-73.919857,40.863505],[-73.920053,40.863392],[-73.920281,40.863292],[-73.920563,40.863188],[-73.920845,40.863084],[-73.921126,40.86298],[-73.921408,40.862876],[-73.92169,40.862772],[-73.921971,40.862668],[-73.922253,40.862564],[-73.922534,40.86246],[-73.922816,40.862356]]}},{"type":"Feature","properties":{},"geometry":{"type":"LineString","coordinates":[[-73.916286,40.868093],[-73.91643,40.867893],[-73.916573,40.867694],[-73.916738,40.867468],[-73.916902,40.867243],[-73.917067,40.867018],[-73.917231,40.866793],[-73.917396,40.866568],[-73.91756,40.866342]]}},{"type":"Feature","properties":{},"geometry":{"type":"LineString","coordinates":[[-73.91765,40.86622],[-73.917867,40.865924],[-73.918085,40.865629],[-73.918269,40.865374],[-73.918454,40.865119],[-73.918642,40.864867],[-73.918831,40.864615],[-73.918977,40.864415],[-73.919123,40.864214],[-73.919268,40.864013],[-73.919378,40.863875],[-73.919526,40.863718],[-73.919699,40.863571],[-73.919855,40.863468],[-73.920079,40.86335],[-73.920263,40.86327],[-73.920532,40.863169],[-73.9208,40.863068],[-73.92116,40.862935],[-73.921519,40.862801],[-73.921857,40.862677],[-73.922195,40.862553],[-73.922534,40.862428]]}},{"type":"Feature","properties":{},"geometry":{"type":"LineString","coordinates":[[-73.923372,40.862084],[-73.923073,40.862194],[-73.922774,40.862305],[-73.922475,40.862415],[-73.922176,40.862526],[-73.921885,40.862632],[-73.921594,40.862738],[-73.921303,40.862844],[-73.921012,40.86295],[-73.920721,40.863056],[-73.920263,40.863227],[-73.920078,40.863306],[-73.919824,40.86344],[-73.919583,40.863616],[-73.919393,40.863793],[-73.919229,40.864009],[-73.91914,40.864128],[-73.918915,40.864438],[-73.918722,40.864696],[-73.91853,40.864954],[-73.918338,40.865213],[-73.918157,40.865459],[-73.917976,40.865706]]}},{"type":"Feature","properties":{},"geometry":{"type":"LineString","coordinates":[[-73.925014,40.829471],[-73.92515,40.829242],[-73.925286,40.829013],[-73.925421,40.828784],[-73.925555,40.828556],[-73.925688,40.828329],[-73.925822,40.828101],[-73.925955,40.827874],[-73.926088,40.827646],[-73.926222,40.827419]]}},{"type":"Feature","properties":{},"geometry":{"type":"LineString","coordinates":[[-73.927151,40.82523],[-73.927139,40.825408],[-73.927112,40.825558],[-73.927072,40.825691],[-73.927028,40.825822],[-73.926962,40.825989],[-73.926884,40.82613],[-73.926813,40.826248],[-73.926682,40.82647],[-73.926551,40.826692],[-73.92642,40.826914],[-73.926289,40.827136],[-73.926158,40.827358],[-73.926023,40.827591],[-73.925887,40.827825],[-73.925751,40.828058],[-73.925615,40.828292],[-73.925479,40.828525],[-73.925343,40.828759],[-73.925207,40.828987],[-73.925071,40.829216],[-73.924935,40.829445]]}},{"type":"Feature","properties":{},"geometry":{"type":"LineString","coordinates":[[-73.926855,40.82626],[-73.926721,40.826489],[-73.926587,40.826717],[-73.926453,40.826945],[-73.926319,40.827173],[-73.926185,40.827401],[-73.926051,40.827629],[-73.925916,40.827858],[-73.925787,40.828078],[-73.925657,40.828299],[-73.925527,40.82852],[-73.925397,40.828741],[-73.925267,40.828962],[-73.925138,40.829183],[-73.925008,40.829404],[-73.924878,40.829625]]}},{"type":"Feature","properties":{},"geometry":{"type":"LineString","coordinates":[[-73.936513,40.80569],[-73.936361,40.805899],[-73.936208,40.806107],[-73.936055,40.806316],[-73.935905,40.806521],[-73.935756,40.806726],[-73.935606,40.80693],[-73.935426,40.807129],[-73.935247,40.807328]]}},{"type":"Feature","properties":{},"geometry":{"type":"LineString","coordinates":[[-73.943133,40.796489],[-73.942966,40.796753],[-73.942813,40.796962],[-73.942661,40.797171],[-73.942508,40.79738],[-73.942355,40.797589],[-73.942203,40.797798],[-73.94205,40.798007],[-73.941901,40.798212],[-73.941751,40.798417],[-73.941602,40.798622],[-73.941452,40.798827],[-73.941303,40.799032],[-73.941153,40.799237],[-73.940988,40.799465],[-73.940822,40.799692],[-73.940656,40.79992],[-73.940502,40.800131],[-73.940348,40.800343],[-73.940193,40.800554],[-73.940013,40.800837]]}},{"type":"Feature","properties":{},"geometry":{"type":"LineString","coordinates":[[-73.921679,40.817126],[-73.921977,40.817203],[-73.922274,40.81728],[-73.922572,40.817357],[-73.92287,40.817434],[-73.923167,40.817511],[-73.923465,40.817588],[-73.923763,40.817665],[-73.92406,40.817742],[-73.924358,40.817819],[-73.924656,40.817897],[-73.924954,40.817974],[-73.925226,40.818044],[-73.925662,40.818157],[-73.925812,40.818196],[-73.926115,40.818274],[-73.926418,40.818351],[-73.926721,40.818429],[-73.927024,40.818507],[-73.927327,40.818585],[-73.92763,40.818663]]}},{"type":"Feature","properties":{},"geometry":{"type":"LineString","coordinates":[[-73.982269,40.691702],[-73.98232,40.691788],[-73.98239,40.69187],[-73.982476,40.691942],[-73.982575,40.692005],[-73.982685,40.692055],[-73.982804,40.692092],[-73.982928,40.692116],[-73.983057,40.692125],[-73.983371,40.692137],[-73.983686,40.692149],[-73.984001,40.692161],[-73.984316,40.692173],[-73.984631,40.692186],[-73.984946,40.692198],[-73.985199,40.692207],[-73.985518,40.69222],[-73.985837,40.692232],[-73.986156,40.692244],[-73.986475,40.692256],[-73.986794,40.692268],[-73.987113,40.69228],[-73.98742,40.692291],[-73.987727,40.692302],[-73.988034,40.692313],[-73.988341,40.692324],[-73.988648,40.692335]]}},{"type":"Feature","properties":{},"geometry":{"type":"LineString","coordinates":[[-73.999639,40.733428],[-73.9995,40.733637],[-73.99934,40.733854],[-73.999181,40.734071],[-73.999037,40.73427],[-73.998893,40.734468],[-73.998749,40.734667],[-73.998604,40.734865],[-73.99846,40.735063],[-73.998282,40.735288],[-73.99813,40.735497],[-73.997978,40.735707],[-73.997826,40.735916],[-73.997675,40.736125],[-73.997523,40.736334],[-73.997371,40.736544],[-73.997219,40.736753],[-73.997067,40.736962],[-73.996915,40.737171],[-73.996763,40.73738],[-73.996611,40.73759],[-73.996459,40.737799],[-73.996307,40.738008],[-73.996155,40.738217],[-73.996003,40.738426],[-73.995851,40.738636],[-73.995695,40.738849],[-73.995538,40.739062]]}},{"type":"Feature","properties":{},"geometry":{"type":"LineString","coordinates":[[-73.995476,40.739316],[-73.995634,40.7391],[-73.995792,40.738883],[-73.99595,40.738667],[-73.996102,40.738458],[-73.996254,40.738249],[-73.996406,40.738041],[-73.996558,40.737832],[-73.996711,40.737623],[-73.996863,40.737414],[-73.997015,40.737205],[-73.997167,40.736996],[-73.997319,40.736788],[-73.997471,40.736579],[-73.997623,40.73637],[-73.997775,40.736161],[-73.997927,40.735952],[-73.998079,40.735743],[-73.998231,40.735535],[-73.998384,40.735326],[-73.998543,40.735098],[-73.998687,40.7349],[-73.998831,40.734701],[-73.998976,40.734503],[-73.99912,40.734305],[-73.999264,40.734106],[-73.999405,40.73388],[-73.999546,40.733654]]}},{"type":"Feature","properties":{},"geometry":{"type":"LineString","coordinates":[[-73.995529,40.739338],[-73.995802,40.738962],[-73.995957,40.73875],[-73.996111,40.738539],[-73.996265,40.738327],[-73.996419,40.738115],[-73.996573,40.737904],[-73.996727,40.737692],[-73.996881,40.737481],[-73.997037,40.737266],[-73.997193,40.737052],[-73.997349,40.736837],[-73.997504,40.736622],[-73.99766,40.736408],[-73.997816,40.736193],[-73.997972,40.735978],[-73.998128,40.735764],[-73.998283,40.735549],[-73.998439,40.735335]]}},{"type":"Feature","properties":{},"geometry":{"type":"LineString","coordinates":[[-73.990072,40.746687],[-73.990222,40.746482],[-73.990371,40.746277],[-73.99052,40.746072],[-73.99067,40.745867],[-73.990819,40.745662],[-73.990968,40.745457],[-73.991118,40.745252],[-73.991267,40.745047],[-73.991417,40.744842],[-73.991566,40.744637],[-73.991715,40.744432],[-73.991865,40.744227],[-73.992014,40.744022],[-73.992163,40.743817],[-73.992313,40.743612],[-73.992462,40.743407],[-73.992642,40.74316],[-73.992822,40.742914],[-73.993001,40.742667],[-73.993181,40.74242],[-73.993333,40.742212],[-73.993484,40.742005],[-73.993635,40.741797],[-73.993787,40.741589],[-73.993938,40.741382],[-73.994089,40.741174],[-73.99424,40.740966],[-73.994392,40.740759],[-73.994543,40.740551],[-73.994694,40.740343],[-73.994846,40.740136],[-73.994997,40.739928],[-73.995148,40.73972],[-73.9953,40.739513]]}},{"type":"Feature","properties":{},"geometry":{"type":"LineString","coordinates":[[-73.995411,40.739288],[-73.995259,40.739496],[-73.995108,40.739703],[-73.994957,40.739911],[-73.994805,40.740119],[-73.994654,40.740326],[-73.994503,40.740534],[-73.994352,40.740742],[-73.9942,40.74095],[-73.994049,40.741157],[-73.993898,40.741365],[-73.993746,40.741573],[-73.993595,40.74178],[-73.993444,40.741988],[-73.993293,40.742196],[-73.993141,40.742404],[-73.992962,40.74265],[-73.992783,40.742896],[-73.992603,40.743142],[-73.992424,40.743389],[-73.992274,40.743594],[-73.992125,40.743799],[-73.991975,40.744004],[-73.991826,40.744209],[-73.991677,40.744414],[-73.991527,40.744619],[-73.991378,40.744825],[-73.991228,40.74503],[-73.991079,40.745235],[-73.990929,40.74544],[-73.99078,40.745645],[-73.99063,40.74585],[-73.990481,40.746055],[-73.990331,40.746261],[-73.990182,40.746466]]}},{"type":"Feature","properties":{},"geometry":{"type":"LineString","coordinates":[[-73.995333,40.739255],[-73.995183,40.739461],[-73.995032,40.739667],[-73.994882,40.739873],[-73.994732,40.740079],[-73.994582,40.740285],[-73.994432,40.740491],[-73.994281,40.740696],[-73.994131,40.740902],[-73.993981,40.741108],[-73.993831,40.741314],[-73.993681,40.74152],[-73.99353,40.741726],[-73.99338,40.741932],[-73.99323,40.742138],[-73.993079,40.742345],[-73.992929,40.742551],[-73.992778,40.742758],[-73.992627,40.742964],[-73.992477,40.743171],[-73.992326,40.743378],[-73.992176,40.743584],[-73.992027,40.743788],[-73.991878,40.743991],[-73.99173,40.744195],[-73.991581,40.744398],[-73.991433,40.744602],[-73.991284,40.744805],[-73.991136,40.745009],[-73.990987,40.745212],[-73.990839,40.745416],[-73.99069,40.745619],[-73.990542,40.745823],[-73.990393,40.746026],[-73.990245,40.74623],[-73.990096,40.746433]]}},{"type":"Feature","properties":{},"geometry":{"type":"LineString","coordinates":[[-73.971473,40.675861],[-73.971705,40.676181],[-73.971904,40.676456],[-73.972104,40.67673],[-73.972255,40.676939],[-73.972405,40.677147],[-73.972556,40.677355],[-73.972707,40.677563],[-73.972858,40.677771],[-73.973009,40.677979],[-73.97316,40.678187],[-73.973315,40.678401],[-73.97347,40.678615],[-73.973625,40.678829],[-73.973781,40.679044],[-73.973936,40.679258],[-73.974091,40.679472],[-73.974246,40.679686],[-73.974401,40.6799]]}},{"type":"Feature","properties":{},"geometry":{"type":"LineString","coordinates":[[-73.974719,40.68027],[-73.974439,40.679884],[-73.974284,40.67967],[-73.974129,40.679456],[-73.973974,40.679242],[-73.973819,40.679028],[-73.973664,40.678813],[-73.973509,40.678599],[-73.973354,40.678385],[-73.973198,40.678171],[-73.973048,40.677963],[-73.972897,40.677755],[-73.972746,40.677547],[-73.972595,40.677339],[-73.972444,40.677131],[-73.972293,40.676923],[-73.972142,40.676715],[-73.971943,40.67644],[-73.971743,40.676164]]}},{"type":"Feature","properties":{},"geometry":{"type":"LineString","coordinates":[[-73.974682,40.680287],[-73.974865,40.680543],[-73.975048,40.680799],[-73.9752,40.681009],[-73.975351,40.681218],[-73.975502,40.681428],[-73.975654,40.681638],[-73.975805,40.681848],[-73.975956,40.682058],[-73.976107,40.682268],[-73.976259,40.682478]]}},{"type":"Feature","properties":{},"geometry":{"type":"LineString","coordinates":[[-73.976447,40.68267],[-73.976297,40.682461],[-73.976146,40.682252],[-73.975996,40.682043],[-73.975846,40.681834],[-73.975696,40.681625],[-73.975545,40.681416],[-73.975395,40.681207],[-73.975245,40.680998],[-73.975095,40.680788],[-73.974907,40.680529]]}},{"type":"Feature","properties":{},"geometry":{"type":"LineString","coordinates":[[-73.974757,40.680253],[-73.974439,40.679883],[-73.974296,40.679685],[-73.974152,40.679487],[-73.974008,40.679288],[-73.973865,40.67909],[-73.973721,40.678892],[-73.973578,40.678694],[-73.973434,40.678496],[-73.97329,40.678298],[-73.973147,40.678099],[-73.973003,40.677901],[-73.972859,40.677703],[-73.9727,40.677483],[-73.97254,40.677263],[-73.972381,40.677043],[-73.972222,40.676823],[-73.972062,40.676603],[-73.971902,40.676384],[-73.971743,40.676164],[-73.971549,40.675827],[-73.971275,40.675449],[-73.971074,40.675172],[-73.970874,40.674895],[-73.970698,40.674703],[-73.970521,40.67451],[-73.970345,40.674317],[-73.970169,40.674124],[-73.969993,40.673931],[-73.969816,40.673738],[-73.969551,40.673491],[-73.969285,40.673244],[-73.968941,40.673023],[-73.968598,40.672864],[-73.968209,40.672759],[-73.96782,40.672654],[-73.967523,40.672593],[-73.967226,40.672531],[-73.966928,40.67247],[-73.966631,40.672409],[-73.966334,40.672347],[-73.966037,40.672286],[-73.965739,40.672225],[-73.965442,40.672163],[-73.965145,40.672102],[-73.964848,40.672041],[-73.96455,40.67198],[-73.964253,40.671918],[-73.963955,40.671859],[-73.963658,40.671799],[-73.96336,40.67174],[-73.963063,40.67168],[-73.962765,40.671621],[-73.962468,40.671561],[-73.96217,40.671501],[-73.961872,40.671442],[-73.961575,40.671382],[-73.961277,40.671323],[-73.960979,40.671263],[-73.960682,40.671204],[-73.960384,40.671144],[-73.960052,40.671078],[-73.95972,40.671011],[-73.959389,40.670945],[-73.959057,40.670879],[-73.958879,40.670843],[-73.958577,40.670783],[-73.958275,40.670723],[-73.957974,40.670662],[-73.957672,40.670602],[-73.95737,40.670541],[-73.957068,40.670481],[-73.956724,40.670412],[-73.95638,40.670344],[-73.956037,40.670275]]}},{"type":"Feature","properties":{},"geometry":{"type":"LineString","coordinates":[[-73.954238,40.670096],[-73.95456,40.670115],[-73.954883,40.670133],[-73.955283,40.670186],[-73.955684,40.670239],[-73.956027,40.670307],[-73.95637,40.670376],[-73.956713,40.670444],[-73.957056,40.670513],[-73.957357,40.670573],[-73.957659,40.670634],[-73.957961,40.670694],[-73.958262,40.670754],[-73.958564,40.670815],[-73.958866,40.670875],[-73.959046,40.670911],[-73.959376,40.670977],[-73.959707,40.671043],[-73.960038,40.671109],[-73.960369,40.671175],[-73.960667,40.671235],[-73.960965,40.671295],[-73.961263,40.671354],[-73.961561,40.671414],[-73.961859,40.671474],[-73.962157,40.671533],[-73.962454,40.671593],[-73.962752,40.671652],[-73.96305,40.671712],[-73.963348,40.671772],[-73.963646,40.671831],[-73.963944,40.671891],[-73.964242,40.67195],[-73.964539,40.672012],[-73.964836,40.672073],[-73.965133,40.672134],[-73.96543,40.672196],[-73.965727,40.672257],[-73.966024,40.672318],[-73.966321,40.672379],[-73.966618,40.672441],[-73.966916,40.672502],[-73.967213,40.672563],[-73.96751,40.672625],[-73.967807,40.672686],[-73.968193,40.67279],[-73.968579,40.672894],[-73.968905,40.673067],[-73.969218,40.673302],[-73.969464,40.673549],[-73.969709,40.673796],[-73.969885,40.673988],[-73.97006,40.674181],[-73.970235,40.674373],[-73.97041,40.674565],[-73.970585,40.674757],[-73.97076,40.67495],[-73.97096,40.675223],[-73.971159,40.675496],[-73.971435,40.675877],[-73.971705,40.676181],[-73.971864,40.6764],[-73.972024,40.67662],[-73.972183,40.67684],[-73.972342,40.67706],[-73.972502,40.677279],[-73.972661,40.677499],[-73.97282,40.677719],[-73.972964,40.677917],[-73.973108,40.678115],[-73.973252,40.678314],[-73.973395,40.678512],[-73.973539,40.67871],[-73.973683,40.678908],[-73.973826,40.679107],[-73.97397,40.679305],[-73.974114,40.679503],[-73.974257,40.679701],[-73.974401,40.6799]]}},{"type":"Feature","properties":{},"geometry":{"type":"LineString","coordinates":[[-73.960354,40.671207],[-73.960733,40.671266],[-73.961112,40.671326],[-73.961452,40.671394],[-73.961792,40.671462],[-73.962132,40.67153],[-73.962543,40.671612],[-73.962866,40.671676],[-73.963188,40.671741],[-73.963511,40.671805],[-73.963834,40.67187],[-73.964134,40.671931],[-73.964434,40.671993],[-73.964734,40.672054],[-73.965034,40.672116],[-73.965334,40.672177],[-73.965634,40.672239],[-73.965944,40.672303],[-73.966255,40.672367],[-73.966565,40.672431],[-73.966875,40.672495],[-73.967186,40.672559],[-73.967496,40.672623],[-73.967806,40.672687],[-73.968192,40.672791],[-73.968578,40.672895],[-73.968904,40.673068],[-73.969217,40.673303],[-73.969463,40.67355],[-73.969708,40.673797],[-73.969884,40.673989],[-73.970059,40.674181],[-73.970234,40.674373],[-73.97041,40.674565],[-73.970585,40.674757],[-73.97076,40.674949],[-73.970959,40.675222],[-73.971158,40.675496],[-73.971434,40.675878],[-73.971671,40.676201],[-73.971852,40.67648],[-73.972033,40.676759],[-73.972175,40.676957],[-73.972317,40.677156],[-73.97246,40.677354],[-73.972602,40.677553],[-73.972744,40.677751],[-73.972917,40.677984],[-73.97309,40.678217],[-73.973244,40.678431],[-73.973399,40.678646],[-73.973553,40.67886],[-73.973708,40.679075],[-73.973862,40.679289],[-73.974016,40.679504],[-73.974171,40.679718],[-73.974325,40.679933]]}},{"type":"Feature","properties":{},"geometry":{"type":"LineString","coordinates":[[-73.950632,40.668824],[-73.950653,40.66859],[-73.950675,40.668355],[-73.950696,40.668121],[-73.950717,40.667887],[-73.950739,40.667653],[-73.95076,40.667418],[-73.950783,40.667184],[-73.950805,40.666949],[-73.950827,40.666714],[-73.950849,40.66648],[-73.950871,40.666245],[-73.950893,40.66601],[-73.950915,40.665776],[-73.950937,40.665541],[-73.95096,40.665306],[-73.950982,40.665072],[-73.951004,40.664837],[-73.951026,40.664603],[-73.951036,40.664377],[-73.951027,40.664166],[-73.950999,40.663905],[-73.950971,40.663643],[-73.950943,40.663381],[-73.950919,40.663147],[-73.950894,40.662914],[-73.950869,40.662681],[-73.950844,40.662448],[-73.950819,40.662214],[-73.950794,40.661981],[-73.950768,40.661738],[-73.950742,40.661495],[-73.950715,40.661253],[-73.950689,40.66101],[-73.950663,40.660767],[-73.950637,40.660524],[-73.950611,40.660281]]}},{"type":"Feature","properties":{},"geometry":{"type":"LineString","coordinates":[[-73.955702,40.670173],[-73.955298,40.67012],[-73.954894,40.670067],[-73.954558,40.670048],[-73.954222,40.67003],[-73.953886,40.670011],[-73.953551,40.669993],[-73.953421,40.669992],[-73.953292,40.669999]]}},{"type":"Feature","properties":{},"geometry":{"type":"LineString","coordinates":[[-73.935203,40.669062],[-73.935499,40.669078],[-73.935795,40.669095],[-73.936092,40.669111],[-73.936388,40.669127],[-73.936685,40.669143],[-73.936981,40.669159],[-73.937277,40.669175],[-73.937574,40.669191],[-73.93787,40.669207],[-73.938167,40.669224],[-73.938463,40.66924],[-73.93876,40.669256],[-73.939056,40.669272],[-73.939352,40.669288],[-73.939649,40.669304],[-73.939945,40.66932],[-73.940242,40.669337],[-73.940538,40.669353],[-73.940835,40.669369],[-73.941131,40.669385],[-73.941481,40.669401],[-73.941832,40.669417],[-73.942182,40.669434],[-73.94248,40.66945],[-73.942778,40.669467],[-73.943075,40.669483],[-73.943373,40.6695],[-73.94367,40.669516],[-73.943968,40.669533],[-73.944266,40.669549],[-73.944563,40.669566],[-73.944861,40.669582],[-73.945158,40.669599],[-73.945456,40.669615],[-73.945753,40.669632],[-73.946051,40.669648],[-73.946349,40.669665],[-73.946646,40.669681],[-73.946944,40.669698],[-73.947241,40.669714],[-73.947539,40.669731],[-73.947837,40.669747],[-73.948134,40.669763],[-73.948432,40.66978],[-73.948729,40.669796],[-73.949027,40.669813],[-73.949324,40.669829],[-73.949622,40.669846],[-73.94992,40.669862],[-73.950217,40.669879],[-73.950515,40.669895],[-73.950842,40.669914],[-73.95117,40.669932],[-73.951497,40.66995],[-73.951825,40.669969],[-73.952167,40.669986],[-73.952509,40.670003],[-73.952852,40.67002]]}},{"type":"Feature","properties":{},"geometry":{"type":"LineString","coordinates":[[-73.935205,40.669031],[-73.935502,40.669047],[-73.935798,40.669063],[-73.936094,40.669079],[-73.936391,40.669095],[-73.936687,40.669112],[-73.936984,40.669128],[-73.93728,40.669144],[-73.937577,40.66916],[-73.937873,40.669176],[-73.938169,40.669192],[-73.938466,40.669208],[-73.938762,40.669224],[-73.939059,40.669241],[-73.939355,40.669257],[-73.939651,40.669273],[-73.939948,40.669289],[-73.940244,40.669305],[-73.940541,40.669321],[-73.940837,40.669337],[-73.941134,40.669353],[-73.941271,40.66936],[-73.941579,40.669375],[-73.941886,40.669391],[-73.942193,40.669407],[-73.9425,40.669422],[-73.942808,40.669438],[-73.943115,40.669454],[-73.943419,40.66947],[-73.943723,40.669487],[-73.944027,40.669504],[-73.94433,40.669521],[-73.944634,40.669538],[-73.944938,40.669554],[-73.945242,40.669571],[-73.945546,40.669588],[-73.94585,40.669605],[-73.946154,40.669622],[-73.946458,40.669638],[-73.946762,40.669655],[-73.947066,40.669672],[-73.94737,40.669689],[-73.947673,40.669706],[-73.947977,40.669722],[-73.948281,40.669739],[-73.948585,40.669756],[-73.948889,40.669773],[-73.949193,40.66979],[-73.949497,40.669806],[-73.949805,40.669823],[-73.950114,40.66984],[-73.950422,40.669857],[-73.95073,40.669874],[-73.951039,40.669891],[-73.951347,40.669908]]}},{"type":"Feature","properties":{},"geometry":{"type":"LineString","coordinates":[[-73.951829,40.66993],[-73.951349,40.669905],[-73.951041,40.669889],[-73.950732,40.669872],[-73.950424,40.669855],[-73.950115,40.669839],[-73.949807,40.669822],[-73.949498,40.669806],[-73.949194,40.669789],[-73.948891,40.669772],[-73.948587,40.669755],[-73.948283,40.669738],[-73.947979,40.669721],[-73.947675,40.669705],[-73.947371,40.669688],[-73.947068,40.669671],[-73.946764,40.669654],[-73.94646,40.669637],[-73.946156,40.66962],[-73.945852,40.669604],[-73.945548,40.669587],[-73.945245,40.66957],[-73.944941,40.669553],[-73.944637,40.669536],[-73.944333,40.669519],[-73.944029,40.669503],[-73.943725,40.669486],[-73.943421,40.669469],[-73.943118,40.669452],[-73.94281,40.669436],[-73.942503,40.669421],[-73.942196,40.669405],[-73.941889,40.669389],[-73.941582,40.669374],[-73.941275,40.669358],[-73.941134,40.669352],[-73.940838,40.669335],[-73.940541,40.669319],[-73.940245,40.669303],[-73.939948,40.669287],[-73.939652,40.669271],[-73.939356,40.669255],[-73.939059,40.669239],[-73.938763,40.669223],[-73.938466,40.669206],[-73.93817,40.66919],[-73.937874,40.669174],[-73.937577,40.669158],[-73.937281,40.669142],[-73.936984,40.669126],[-73.936688,40.66911],[-73.936392,40.669094],[-73.936095,40.669077],[-73.935799,40.669061],[-73.935502,40.669045],[-73.935206,40.669029]]}},{"type":"Feature","properties":{},"geometry":{"type":"LineString","coordinates":[[-73.950541,40.660041],[-73.950567,40.660284],[-73.950593,40.660527],[-73.950619,40.660769],[-73.950646,40.661012],[-73.950672,40.661255],[-73.950698,40.661498],[-73.950724,40.66174],[-73.95075,40.661983],[-73.950775,40.662216],[-73.9508,40.66245],[-73.950825,40.662683],[-73.95085,40.662916],[-73.950875,40.66315],[-73.9509,40.663383],[-73.950928,40.663645],[-73.950955,40.663907],[-73.950983,40.664168],[-73.950992,40.664377],[-73.950982,40.6646],[-73.95096,40.664835],[-73.950938,40.66507],[-73.950916,40.665304],[-73.950893,40.665539],[-73.950871,40.665774],[-73.950849,40.666009],[-73.950827,40.666243],[-73.950805,40.666478],[-73.950783,40.666713],[-73.950761,40.666947],[-73.950739,40.667182],[-73.950716,40.667417],[-73.950695,40.667651],[-73.950673,40.667885],[-73.950651,40.668119],[-73.950629,40.668353],[-73.950607,40.668588],[-73.950585,40.668822],[-73.950604,40.669052],[-73.950687,40.669272],[-73.950829,40.669473],[-73.951023,40.669647],[-73.951263,40.669786],[-73.951535,40.669883]]}},{"type":"Feature","properties":{},"geometry":{"type":"LineString","coordinates":[[-73.955674,40.670271],[-73.956165,40.670369],[-73.956491,40.67045],[-73.956817,40.67053],[-73.957033,40.670573],[-73.957335,40.670634],[-73.957637,40.670694],[-73.957938,40.670754],[-73.95824,40.670815],[-73.958542,40.670875],[-73.958843,40.670936],[-73.959025,40.670972],[-73.959328,40.671002],[-73.95967,40.67107],[-73.960012,40.671138]]}},{"type":"Feature","properties":{},"geometry":{"type":"LineString","coordinates":[[-73.960399,40.671113],[-73.960059,40.671045],[-73.959718,40.670977],[-73.959378,40.670908],[-73.959078,40.670819],[-73.958904,40.670783],[-73.958602,40.670723],[-73.958299,40.670662],[-73.957997,40.670602],[-73.957695,40.670541],[-73.957392,40.670481],[-73.95709,40.67042],[-73.956878,40.670378],[-73.956584,40.670327],[-73.95629,40.670276],[-73.955996,40.670224]]}},{"type":"Feature","properties":{},"geometry":{"type":"LineString","coordinates":[[-73.988357,40.733758],[-73.988044,40.733632],[-73.987731,40.733506],[-73.987416,40.733375],[-73.987101,40.733244],[-73.986905,40.733161],[-73.986645,40.733051],[-73.986385,40.73294],[-73.986124,40.73283],[-73.985864,40.73272],[-73.985603,40.73261]]}},{"type":"Feature","properties":{},"geometry":{"type":"LineString","coordinates":[[-73.983229,40.689865],[-73.98351,40.689976],[-73.983791,40.690087],[-73.984072,40.690198],[-73.98427,40.690276],[-73.984558,40.690392],[-73.984846,40.690507],[-73.985134,40.690623],[-73.985422,40.690739],[-73.98571,40.690855],[-73.985982,40.690964],[-73.986254,40.691073],[-73.986527,40.691183],[-73.986799,40.691292],[-73.987071,40.691402],[-73.987343,40.691511],[-73.987616,40.691621],[-73.987888,40.69173]]}},{"type":"Feature","properties":{},"geometry":{"type":"LineString","coordinates":[[-73.983249,40.689835],[-73.983523,40.689945],[-73.983796,40.690055],[-73.98407,40.690164],[-73.984344,40.690274],[-73.984618,40.690384],[-73.984892,40.690493],[-73.985166,40.690603],[-73.98544,40.690713],[-73.985713,40.690823],[-73.985987,40.690932],[-73.986261,40.691042],[-73.986535,40.691152],[-73.986809,40.691261],[-73.987083,40.691371],[-73.987356,40.691481],[-73.98763,40.69159],[-73.987904,40.6917]]}},{"type":"Feature","properties":{},"geometry":{"type":"LineString","coordinates":[[-73.988196,40.691779],[-73.987918,40.691668],[-73.987641,40.691556],[-73.987363,40.691444],[-73.987086,40.691333],[-73.986808,40.691221],[-73.986531,40.69111],[-73.986253,40.690998],[-73.985976,40.690887],[-73.985698,40.690775],[-73.985421,40.690664],[-73.985143,40.690552],[-73.984866,40.69044],[-73.984588,40.690329],[-73.984311,40.690217],[-73.983963,40.69008],[-73.983616,40.689943]]}},{"type":"Feature","properties":{},"geometry":{"type":"LineString","coordinates":[[-73.988213,40.69175],[-73.987942,40.691641],[-73.987671,40.691532],[-73.987399,40.691423],[-73.987128,40.691313],[-73.986857,40.691204],[-73.986586,40.691095],[-73.986315,40.690986],[-73.986044,40.690877],[-73.985773,40.690768],[-73.9855,40.690658],[-73.985227,40.690549],[-73.984954,40.690439],[-73.984682,40.690329],[-73.984409,40.69022],[-73.984136,40.69011],[-73.983854,40.689999],[-73.983571,40.689887]]}},{"type":"Feature","properties":{},"geometry":{"type":"LineString","coordinates":[[-73.900825,40.693105],[-73.900884,40.69333],[-73.900984,40.693546],[-73.901124,40.693749],[-73.9013,40.693935],[-73.90151,40.6941],[-73.901794,40.694277],[-73.902078,40.694455],[-73.902362,40.694632],[-73.902646,40.694809],[-73.902853,40.69493],[-73.903198,40.695127],[-73.903542,40.695323],[-73.903825,40.695484],[-73.904108,40.695645],[-73.904391,40.695807],[-73.904674,40.695968],[-73.904957,40.696129],[-73.905236,40.696285],[-73.905487,40.696427],[-73.905739,40.696568],[-73.905991,40.69671],[-73.906242,40.696851],[-73.906494,40.696993],[-73.906746,40.697134],[-73.906997,40.697276],[-73.907249,40.697418],[-73.9075,40.697559],[-73.907752,40.697701],[-73.908004,40.697842],[-73.908255,40.697984],[-73.908507,40.698125],[-73.908759,40.698267],[-73.90901,40.698408]]}},{"type":"Feature","properties":{},"geometry":{"type":"LineString","coordinates":[[-73.953576,40.680718],[-73.953898,40.680785],[-73.95422,40.680853],[-73.954542,40.68092],[-73.954864,40.680987],[-73.955186,40.681054],[-73.955508,40.681122],[-73.95583,40.681189],[-73.956117,40.681249],[-73.956405,40.681309],[-73.956693,40.681369],[-73.956981,40.68143],[-73.957269,40.68149],[-73.957556,40.68155],[-73.957844,40.68161],[-73.958132,40.68167],[-73.95842,40.681731],[-73.958708,40.681791],[-73.958996,40.681851],[-73.959283,40.681911],[-73.959571,40.681972],[-73.959859,40.682032],[-73.960147,40.682092],[-73.960435,40.682152],[-73.960722,40.682212],[-73.96101,40.682273],[-73.961298,40.682333],[-73.961586,40.682393],[-73.961874,40.682453],[-73.962162,40.682514],[-73.962449,40.682574],[-73.962737,40.682634],[-73.963025,40.682694],[-73.963313,40.682755],[-73.963601,40.682815],[-73.963888,40.682875],[-73.964176,40.682935],[-73.964464,40.682995],[-73.964777,40.683061],[-73.965091,40.683126],[-73.965404,40.683192],[-73.965717,40.683257],[-73.96603,40.683323],[-73.966344,40.683388],[-73.966657,40.683453],[-73.96697,40.683519],[-73.967283,40.683584],[-73.967596,40.68365],[-73.967876,40.68372]]}},{"type":"Feature","properties":{},"geometry":{"type":"LineString","coordinates":[[-73.935335,40.679639],[-73.935638,40.679655],[-73.93594,40.679672],[-73.936243,40.679688],[-73.936546,40.679705],[-73.936848,40.679721],[-73.937151,40.679738],[-73.937453,40.679754],[-73.937756,40.679771],[-73.938059,40.679787],[-73.938361,40.679804],[-73.938664,40.67982],[-73.938983,40.679838],[-73.939302,40.679855],[-73.939621,40.679873],[-73.93994,40.67989],[-73.940259,40.679907],[-73.940579,40.679925],[-73.940892,40.679942],[-73.941192,40.679958],[-73.941492,40.679975],[-73.941792,40.679991],[-73.942092,40.680007],[-73.942392,40.680024],[-73.942692,40.68004],[-73.942992,40.680056],[-73.943292,40.680073],[-73.943592,40.680089],[-73.943892,40.680106],[-73.944192,40.680122],[-73.944491,40.680138]]}},{"type":"Feature","properties":{},"geometry":{"type":"LineString","coordinates":[[-73.92582,40.679121],[-73.926123,40.679137],[-73.926427,40.679154],[-73.92673,40.67917],[-73.927034,40.679187],[-73.927338,40.679203],[-73.927641,40.67922],[-73.927945,40.679236],[-73.928249,40.679253],[-73.928552,40.679269],[-73.929091,40.679306],[-73.92963,40.679343],[-73.929941,40.67936],[-73.930251,40.679376],[-73.930561,40.679393],[-73.930872,40.679409],[-73.931182,40.679426],[-73.931493,40.679442],[-73.931803,40.679459],[-73.932073,40.679469],[-73.93238,40.679482],[-73.932688,40.679495],[-73.933105,40.679517],[-73.933523,40.67954],[-73.933825,40.679557],[-73.934127,40.679573],[-73.934429,40.67959],[-73.934731,40.679606],[-73.935033,40.679622]]}},{"type":"Feature","properties":{},"geometry":{"type":"LineString","coordinates":[[-73.930971,40.811704],[-73.930736,40.811899],[-73.930473,40.812043],[-73.930205,40.812162],[-73.929928,40.812235],[-73.929664,40.812258],[-73.929421,40.812258],[-73.929189,40.812248],[-73.928929,40.812192],[-73.928706,40.812108]]}},{"type":"Feature","properties":{},"geometry":{"type":"LineString","coordinates":[[-73.990251,40.737099],[-73.990229,40.737219],[-73.990211,40.737317],[-73.990192,40.737417],[-73.990132,40.73765],[-73.990072,40.737883],[-73.990012,40.738115],[-73.989951,40.738348],[-73.989891,40.73858],[-73.989831,40.738813],[-73.989771,40.739045],[-73.989711,40.739278],[-73.98965,40.73951],[-73.989602,40.739732],[-73.989562,40.739966],[-73.989531,40.740193],[-73.9895,40.74042],[-73.989469,40.740647],[-73.989438,40.740873],[-73.989407,40.7411],[-73.989376,40.741327],[-73.989345,40.741554],[-73.989314,40.741781],[-73.989282,40.742008],[-73.989251,40.742235],[-73.989219,40.742474],[-73.989186,40.742713],[-73.989153,40.742953],[-73.989123,40.74313],[-73.989078,40.743364],[-73.989034,40.743597],[-73.988989,40.74383],[-73.988945,40.744063],[-73.9889,40.744297],[-73.988856,40.74453],[-73.988811,40.744763],[-73.988767,40.744997],[-73.988722,40.74523],[-73.988678,40.745463],[-73.988667,40.745521],[-73.988624,40.745749],[-73.988581,40.745976],[-73.988538,40.746204],[-73.988495,40.746432]]}},{"type":"Feature","properties":{},"geometry":{"type":"LineString","coordinates":[[-74.004531,40.716205],[-74.004353,40.716415],[-74.004175,40.716624],[-74.003997,40.716834],[-74.003819,40.717044],[-74.003641,40.717254],[-74.003462,40.717464],[-74.00325,40.717714],[-74.003038,40.717964],[-74.002974,40.718039],[-74.002742,40.718312],[-74.00251,40.718585],[-74.002197,40.718953],[-74.002029,40.71915],[-74.00186,40.719348],[-74.001692,40.719545],[-74.001523,40.719743],[-74.001355,40.71994],[-74.001186,40.720138],[-74.001018,40.720335],[-74.000781,40.720616]]}},{"type":"Feature","properties":{},"geometry":{"type":"LineString","coordinates":[[-73.990094,40.714734],[-73.989982,40.714951],[-73.989869,40.715168],[-73.989756,40.715386],[-73.989643,40.715603],[-73.98953,40.71582],[-73.989417,40.716037],[-73.989304,40.716254],[-73.989191,40.716471],[-73.989078,40.716688],[-73.988965,40.716905],[-73.988852,40.717122],[-73.988739,40.71734],[-73.988626,40.717557],[-73.988513,40.717774],[-73.988391,40.718004],[-73.988269,40.718235],[-73.988147,40.718465],[-73.988025,40.718696],[-73.987903,40.718927],[-73.987782,40.719157],[-73.98766,40.719388],[-73.987547,40.719611],[-73.987434,40.719835],[-73.987321,40.720059],[-73.987208,40.720283],[-73.987095,40.720506],[-73.986983,40.72073],[-73.98687,40.720954],[-73.986792,40.721216],[-73.986774,40.721485],[-73.986818,40.721752],[-73.986922,40.722009],[-73.987082,40.722249],[-73.987295,40.722465],[-73.987554,40.722649],[-73.98785,40.722797],[-73.988204,40.722906]]}},{"type":"Feature","properties":{},"geometry":{"type":"LineString","coordinates":[[-73.999651,40.718529],[-73.999532,40.718664],[-73.999314,40.71888],[-73.999174,40.719032],[-73.999012,40.719233],[-73.99885,40.719434],[-73.998688,40.719634],[-73.998526,40.719835],[-73.998359,40.720025],[-73.998192,40.720216],[-73.998025,40.720406],[-73.997858,40.720596]]}},{"type":"Feature","properties":{},"geometry":{"type":"LineString","coordinates":[[-74.004927,40.712298],[-74.00479,40.712393],[-74.004739,40.712431],[-74.004614,40.712517],[-74.004433,40.712654],[-74.00429,40.712771],[-74.004133,40.712921],[-74.003963,40.713107],[-74.003707,40.713417],[-74.003592,40.713573],[-74.003535,40.71369],[-74.003474,40.713824],[-74.003359,40.714105],[-74.003244,40.714387],[-74.003129,40.714669],[-74.003071,40.714883],[-74.003028,40.71516],[-74.002986,40.715436],[-74.002957,40.715559],[-74.002906,40.715675]]}},{"type":"Feature","properties":{},"geometry":{"type":"LineString","coordinates":[[-74.002077,40.715249],[-74.002191,40.715087],[-74.002279,40.71493],[-74.002386,40.714719],[-74.002435,40.714623],[-74.002525,40.714469],[-74.00263,40.714318],[-74.002737,40.714182],[-74.002974,40.713928],[-74.003212,40.713675],[-74.003418,40.713455],[-74.003622,40.713245],[-74.003826,40.713035],[-74.004029,40.712825]]}},{"type":"Feature","properties":{},"geometry":{"type":"LineString","coordinates":[[-73.989991,40.732589],[-73.989909,40.732956],[-73.989851,40.733241],[-73.989801,40.733379],[-73.989777,40.733453],[-73.989757,40.733599],[-73.989744,40.733746],[-73.989745,40.733882],[-73.989746,40.734006],[-73.98976,40.734141],[-73.989775,40.734284],[-73.989784,40.734361],[-73.989805,40.734506],[-73.989823,40.734635],[-73.989844,40.73479],[-73.989865,40.734955],[-73.989887,40.735093],[-73.989882,40.735186],[-73.989858,40.735281],[-73.989796,40.735393],[-73.989631,40.735622],[-73.989465,40.73585],[-73.989284,40.736097],[-73.989119,40.736323]]}},{"type":"Feature","properties":{},"geometry":{"type":"LineString","coordinates":[[-73.991124,40.733082],[-73.991072,40.733329],[-73.99102,40.733576],[-73.990968,40.733823],[-73.990915,40.734069],[-73.990818,40.734515],[-73.990726,40.734913],[-73.99072,40.734941],[-73.990668,40.735169],[-73.990616,40.735396],[-73.990564,40.735624],[-73.990511,40.735852],[-73.990459,40.73608],[-73.990407,40.736308],[-73.990355,40.736536],[-73.990333,40.736647],[-73.990315,40.736747],[-73.990299,40.736835]]}},{"type":"Feature","properties":{},"geometry":{"type":"LineString","coordinates":[[-73.908043,40.678146],[-73.908346,40.678163],[-73.908648,40.67818],[-73.90895,40.678197],[-73.909253,40.678214],[-73.909562,40.678231],[-73.90987,40.678248],[-73.910179,40.678265],[-73.910488,40.678282],[-73.910797,40.678299],[-73.911105,40.678315],[-73.911414,40.678332],[-73.911723,40.678349],[-73.912032,40.678366],[-73.91234,40.678383],[-73.912649,40.6784],[-73.912958,40.678417],[-73.913267,40.678434],[-73.913575,40.678451],[-73.913884,40.678468],[-73.914193,40.678485],[-73.914502,40.678502],[-73.915046,40.678532],[-73.915353,40.678549],[-73.915661,40.678566],[-73.915969,40.678583],[-73.916276,40.6786],[-73.916584,40.678616],[-73.916892,40.678633],[-73.9172,40.67865],[-73.917507,40.678667],[-73.917815,40.678684],[-73.918123,40.678701],[-73.91843,40.678718],[-73.918738,40.678735],[-73.919046,40.678752],[-73.919353,40.678768],[-73.919661,40.678785],[-73.919969,40.678802],[-73.920277,40.678819],[-73.920585,40.678836],[-73.920892,40.678853],[-73.9212,40.678869],[-73.921508,40.678886],[-73.921816,40.678903],[-73.922124,40.67892],[-73.922432,40.678936],[-73.92274,40.678953],[-73.923048,40.67897],[-73.923356,40.678987],[-73.923664,40.679003],[-73.923972,40.67902],[-73.92428,40.679037],[-73.924588,40.679054],[-73.924896,40.67907],[-73.925204,40.679087],[-73.925512,40.679104]]}},{"type":"Feature","properties":{},"geometry":{"type":"LineString","coordinates":[[-73.928848,40.864624],[-73.928777,40.864663],[-73.928493,40.86482],[-73.928263,40.86495],[-73.927988,40.865102],[-73.927714,40.865254],[-73.92755,40.865341],[-73.927367,40.865432],[-73.9272,40.865498],[-73.926957,40.865589]]}},{"type":"Feature","properties":{},"geometry":{"type":"LineString","coordinates":[[-73.926787,40.865768],[-73.927019,40.865686],[-73.92726,40.865596],[-73.927436,40.865526],[-73.927627,40.865432],[-73.927795,40.865343],[-73.928062,40.865195],[-73.928328,40.865046],[-73.928595,40.864898],[-73.928861,40.86475]]}},{"type":"Feature","properties":{},"geometry":{"type":"LineString","coordinates":[[-73.926726,40.86567],[-73.926403,40.865787],[-73.92608,40.865905],[-73.925757,40.866022],[-73.925434,40.866139],[-73.925136,40.866245],[-73.924838,40.866351],[-73.92454,40.866458],[-73.924242,40.866564],[-73.923944,40.866671],[-73.923646,40.866777],[-73.923366,40.866877],[-73.923086,40.866976],[-73.922806,40.867076],[-73.922526,40.867175],[-73.922247,40.867275],[-73.921967,40.867375]]}},{"type":"Feature","properties":{},"geometry":{"type":"LineString","coordinates":[[-73.921621,40.867602],[-73.922028,40.867472],[-73.922307,40.867373],[-73.922587,40.867273],[-73.922867,40.867173],[-73.923147,40.867074],[-73.923427,40.866974],[-73.923706,40.866874],[-73.924005,40.866768],[-73.924303,40.866662],[-73.924601,40.866555],[-73.924899,40.866449],[-73.925197,40.866342],[-73.925495,40.866236],[-73.925818,40.866119],[-73.926141,40.866002],[-73.926464,40.865885]]}},{"type":"Feature","properties":{},"geometry":{"type":"LineString","coordinates":[[-73.927773,40.818664],[-73.927644,40.818632],[-73.92734,40.818553],[-73.927037,40.818475],[-73.926734,40.818397],[-73.926431,40.818319],[-73.926128,40.818241],[-73.925825,40.818163],[-73.925674,40.818124],[-73.925308,40.818029],[-73.924941,40.817934],[-73.924575,40.817839],[-73.924287,40.817765],[-73.923998,40.81769],[-73.92371,40.817615],[-73.923422,40.817541],[-73.923134,40.817466],[-73.922845,40.817391],[-73.922557,40.817317],[-73.922269,40.817242],[-73.92198,40.817168]]}},{"type":"Feature","properties":{},"geometry":{"type":"LineString","coordinates":[[-73.916283,40.815723],[-73.916692,40.815788],[-73.917021,40.815888],[-73.91735,40.815989],[-73.917679,40.81609],[-73.918065,40.81619],[-73.918451,40.81629],[-73.918744,40.816366],[-73.919038,40.816442],[-73.919331,40.816518],[-73.919625,40.816594],[-73.919918,40.81667],[-73.920212,40.816746],[-73.920505,40.816822],[-73.920799,40.816898],[-73.921092,40.816974],[-73.921385,40.81705]]}},{"type":"Feature","properties":{},"geometry":{"type":"LineString","coordinates":[[-73.976009,40.65246],[-73.976051,40.652685],[-73.976094,40.65291],[-73.976136,40.653135],[-73.976179,40.65336],[-73.976221,40.653585],[-73.976263,40.653811],[-73.976306,40.654036],[-73.976348,40.654261],[-73.97639,40.654486],[-73.976433,40.654711],[-73.976473,40.654977],[-73.976484,40.65524],[-73.976482,40.655471],[-73.976481,40.655701],[-73.976479,40.655932],[-73.976477,40.656162],[-73.976457,40.656392],[-73.976424,40.656636],[-73.976367,40.656895],[-73.97631,40.657153],[-73.976252,40.657412],[-73.976195,40.657671],[-73.976138,40.657929],[-73.97608,40.658188],[-73.976027,40.658483],[-73.976,40.658715],[-73.975972,40.658948],[-73.975946,40.659178],[-73.97592,40.659409],[-73.975894,40.659639],[-73.975868,40.659869],[-73.975842,40.6601],[-73.975816,40.66033],[-73.97579,40.66056],[-73.975764,40.66079],[-73.975739,40.661021],[-73.975713,40.661251],[-73.975687,40.661481],[-73.975661,40.661712],[-73.975635,40.661942],[-73.975609,40.662172],[-73.975583,40.662402],[-73.975557,40.662633],[-73.975531,40.662863],[-73.975505,40.663093],[-73.975479,40.663323],[-73.97547,40.663496],[-73.975504,40.663667],[-73.975581,40.66383],[-73.975698,40.663979],[-73.975849,40.664108],[-73.976031,40.664212],[-73.976345,40.664367],[-73.976658,40.664522],[-73.976972,40.664677],[-73.977239,40.664806],[-73.977506,40.664935],[-73.977773,40.665064],[-73.97804,40.665193],[-73.978307,40.665323],[-73.978574,40.665452],[-73.978841,40.665581],[-73.979108,40.66571],[-73.97937,40.665837],[-73.979631,40.665963],[-73.979892,40.666089],[-73.980154,40.666216],[-73.980415,40.666342],[-73.980677,40.666469],[-73.980938,40.666595],[-73.981193,40.666719],[-73.981449,40.666843],[-73.981704,40.666967],[-73.98196,40.667091],[-73.982215,40.667215],[-73.982471,40.667339],[-73.982726,40.667463],[-73.982982,40.667586],[-73.983237,40.66771],[-73.983493,40.667834],[-73.983748,40.667958],[-73.984004,40.668082],[-73.984259,40.668206],[-73.984515,40.66833],[-73.98477,40.668454],[-73.985026,40.668578],[-73.985281,40.668702],[-73.985536,40.668825],[-73.985705,40.668902],[-73.985836,40.668954],[-73.986042,40.669023],[-73.986258,40.669081],[-73.986603,40.669157],[-73.986948,40.669234],[-73.987293,40.66931]]}},{"type":"Feature","properties":{},"geometry":{"type":"LineString","coordinates":[[-73.977022,40.664617],[-73.976886,40.664537],[-73.976773,40.664438],[-73.976688,40.664325],[-73.976633,40.664202],[-73.976611,40.664073],[-73.976622,40.663943],[-73.976667,40.663817],[-73.976744,40.663699],[-73.976905,40.663503],[-73.977066,40.663308],[-73.977227,40.663112],[-73.977388,40.662917],[-73.97755,40.662721],[-73.977711,40.662526],[-73.977872,40.66233],[-73.978033,40.662134],[-73.978194,40.661939],[-73.978355,40.661743],[-73.978517,40.661548],[-73.978678,40.661352],[-73.978839,40.661157],[-73.979,40.660961],[-73.979165,40.660756],[-73.97933,40.660551],[-73.979495,40.660345],[-73.979653,40.660132],[-73.979812,40.65992],[-73.979971,40.659707],[-73.980109,40.659488],[-73.980219,40.659255],[-73.980299,40.659024],[-73.980379,40.658792],[-73.980405,40.658619],[-73.980397,40.658444],[-73.980356,40.658272],[-73.980281,40.658107],[-73.980174,40.657953],[-73.980038,40.657812],[-73.979876,40.657687],[-73.979634,40.657541],[-73.979392,40.657394],[-73.979151,40.657247],[-73.978909,40.657101],[-73.978667,40.656954],[-73.978425,40.656807],[-73.978183,40.656661],[-73.977942,40.656514],[-73.9777,40.656367],[-73.977458,40.65622],[-73.977216,40.656074],[-73.976974,40.655927],[-73.976829,40.655805],[-73.976716,40.655664],[-73.976639,40.65551],[-73.9766,40.655348],[-73.97654,40.655027],[-73.976479,40.654706],[-73.976436,40.654475],[-73.976392,40.654244],[-73.976349,40.654013],[-73.976305,40.653782],[-73.976261,40.653551],[-73.976218,40.65332],[-73.976174,40.653088],[-73.976131,40.652857],[-73.976087,40.652626],[-73.976043,40.652395]]}},{"type":"Feature","properties":{},"geometry":{"type":"LineString","coordinates":[[-73.904034,40.681187],[-73.904192,40.681417],[-73.904374,40.681641],[-73.904551,40.681841],[-73.904771,40.682108],[-73.904962,40.682377],[-73.905116,40.682625],[-73.905269,40.682873],[-73.905417,40.683148],[-73.905547,40.683428],[-73.905628,40.683621],[-73.905728,40.68388],[-73.905775,40.684112],[-73.90579,40.684323],[-73.905788,40.684545],[-73.905758,40.684822],[-73.905704,40.685232],[-73.905676,40.685525],[-73.905636,40.685816],[-73.905608,40.685974],[-73.905555,40.686229],[-73.905484,40.686478],[-73.905408,40.686703],[-73.905319,40.686937],[-73.905233,40.687132],[-73.905111,40.687391],[-73.905016,40.687572]]}},{"type":"Feature","properties":{},"geometry":{"type":"LineString","coordinates":[[-73.904911,40.687746],[-73.904705,40.688005],[-73.904538,40.688203],[-73.904372,40.688402],[-73.904205,40.688601],[-73.904038,40.6888],[-73.903871,40.688999],[-73.903705,40.689197],[-73.903538,40.689396],[-73.903365,40.689602],[-73.903086,40.689935],[-73.902936,40.690091],[-73.902745,40.690284],[-73.902553,40.690477],[-73.902362,40.69067],[-73.902146,40.690893],[-73.901931,40.691115],[-73.901715,40.691337],[-73.901499,40.69156],[-73.901347,40.691731]]}},{"type":"Feature","properties":{},"geometry":{"type":"LineString","coordinates":[[-73.909294,40.698517],[-73.909042,40.698375],[-73.908791,40.698234],[-73.908539,40.698092],[-73.908288,40.697951],[-73.908036,40.697809],[-73.907784,40.697667],[-73.907533,40.697526],[-73.907281,40.697384],[-73.907029,40.697243],[-73.906778,40.697101],[-73.906526,40.69696],[-73.906275,40.696818],[-73.906023,40.696677],[-73.905771,40.696535],[-73.90552,40.696394],[-73.905268,40.696252],[-73.904992,40.696098],[-73.904709,40.695936],[-73.904426,40.695775],[-73.904142,40.695614],[-73.903859,40.695452],[-73.903576,40.695291],[-73.903231,40.695094],[-73.902886,40.694898],[-73.90268,40.694777],[-73.902397,40.6946],[-73.902113,40.694424],[-73.90183,40.694247],[-73.901547,40.69407],[-73.901342,40.693909],[-73.90117,40.693727],[-73.901034,40.693529],[-73.900936,40.693319],[-73.900877,40.693099],[-73.900871,40.692852],[-73.900903,40.692606],[-73.900971,40.692365],[-73.901075,40.692131]]}},{"type":"Feature","properties":{},"geometry":{"type":"LineString","coordinates":[[-73.938354,40.705448],[-73.938005,40.705514],[-73.937656,40.705581],[-73.937307,40.705647],[-73.936958,40.705713],[-73.936714,40.705752],[-73.936468,40.705781],[-73.93617,40.705809],[-73.935871,40.705836],[-73.935573,40.705864],[-73.935274,40.705892],[-73.934976,40.705919],[-73.934678,40.705947],[-73.934379,40.705975],[-73.934081,40.706003],[-73.93389,40.706024],[-73.933712,40.706046],[-73.933421,40.706094],[-73.933131,40.706142],[-73.93284,40.706189],[-73.932549,40.706237],[-73.932259,40.706284],[-73.931968,40.706332],[-73.931659,40.706382],[-73.931351,40.706433],[-73.931056,40.70648],[-73.930762,40.706527],[-73.930467,40.706574],[-73.930173,40.706621],[-73.929878,40.706669],[-73.929584,40.706716],[-73.929289,40.706763],[-73.928995,40.70681],[-73.9287,40.706857],[-73.928406,40.706905],[-73.928111,40.706952],[-73.927817,40.706999],[-73.927522,40.707046],[-73.927228,40.707093],[-73.926933,40.707141],[-73.926639,40.707188],[-73.926344,40.707235],[-73.92605,40.707282],[-73.925755,40.707329],[-73.925461,40.707377],[-73.925166,40.707424],[-73.924824,40.707446],[-73.924486,40.707413],[-73.924165,40.707326],[-73.923874,40.707187],[-73.923554,40.706989],[-73.923284,40.70682],[-73.923014,40.706652],[-73.922744,40.706484],[-73.922474,40.706316],[-73.922203,40.706148],[-73.92188,40.705946],[-73.921557,40.705745],[-73.921307,40.705591],[-73.921071,40.705444],[-73.920836,40.705297],[-73.9206,40.70515],[-73.920365,40.705003],[-73.920129,40.704856],[-73.919894,40.704709],[-73.919658,40.704562],[-73.919422,40.704415],[-73.919187,40.704268],[-73.918917,40.704099],[-73.918647,40.703931],[-73.918377,40.703763],[-73.918107,40.703594],[-73.917838,40.703426],[-73.917592,40.703271],[-73.917347,40.703116],[-73.917101,40.702961],[-73.916856,40.702806],[-73.91661,40.702651],[-73.916365,40.702497],[-73.91612,40.702342],[-73.915874,40.702187],[-73.915629,40.702032],[-73.91537,40.701887],[-73.915111,40.701742],[-73.914853,40.701598],[-73.914605,40.701462],[-73.914357,40.701326],[-73.914109,40.70119],[-73.913861,40.701054],[-73.913614,40.700919],[-73.913366,40.700783],[-73.913105,40.700634],[-73.912844,40.700486],[-73.912583,40.700337],[-73.912322,40.700188],[-73.912062,40.70004],[-73.911801,40.699891],[-73.911521,40.699733],[-73.911241,40.699576],[-73.910961,40.699418],[-73.910681,40.69926],[-73.910402,40.699103],[-73.910125,40.698956],[-73.909848,40.69881],[-73.909571,40.698663]]}},{"type":"Feature","properties":{},"geometry":{"type":"LineString","coordinates":[[-73.943125,40.714643],[-73.942779,40.714675],[-73.942699,40.714677],[-73.942585,40.714681],[-73.942399,40.714654],[-73.942226,40.714596],[-73.942074,40.71451],[-73.941951,40.714401],[-73.941862,40.714272],[-73.941744,40.714035],[-73.941626,40.713799],[-73.941508,40.713562],[-73.94139,40.713326],[-73.941272,40.713089],[-73.941153,40.712853],[-73.941035,40.712616],[-73.940914,40.712374],[-73.940793,40.712132],[-73.940672,40.711889],[-73.940551,40.711647],[-73.940506,40.71154],[-73.94048,40.711431],[-73.940462,40.711321],[-73.940418,40.711054],[-73.940374,40.710787],[-73.94033,40.71052],[-73.940291,40.710282],[-73.940252,40.710043]]}},{"type":"Feature","properties":{},"geometry":{"type":"LineString","coordinates":[[-73.940158,40.709809],[-73.9402,40.710062],[-73.940242,40.710315],[-73.940283,40.710568],[-73.940325,40.710821],[-73.940367,40.711073],[-73.940409,40.711326],[-73.940427,40.711436],[-73.940453,40.711549],[-73.9405,40.71166],[-73.940622,40.711903],[-73.940744,40.712145],[-73.940866,40.712387],[-73.940988,40.71263],[-73.941106,40.712867],[-73.941224,40.713104],[-73.941341,40.713341],[-73.941459,40.713577],[-73.941577,40.713814],[-73.941695,40.714051],[-73.941813,40.714288],[-73.941906,40.714424],[-73.942037,40.71454],[-73.942198,40.714632],[-73.942383,40.714693],[-73.942581,40.714722],[-73.942783,40.714716],[-73.943131,40.714684]]}},{"type":"Feature","properties":{},"geometry":{"type":"LineString","coordinates":[[-74.003287,40.740061],[-74.002982,40.739931],[-74.002677,40.7398],[-74.002372,40.73967],[-74.002066,40.739539],[-74.001761,40.739409],[-74.001533,40.739312],[-74.001373,40.739243]]}},{"type":"Feature","properties":{},"geometry":{"type":"LineString","coordinates":[[-73.985317,40.732536],[-73.985577,40.732646],[-73.985836,40.732757],[-73.986096,40.732867],[-73.986355,40.732977],[-73.986615,40.733088],[-73.986874,40.733198],[-73.987152,40.733313],[-73.987429,40.733428],[-73.987707,40.733543],[-73.988017,40.733673]]}},{"type":"Feature","properties":{},"geometry":{"type":"LineString","coordinates":[[-73.97318,40.727403],[-73.973446,40.727515],[-73.973712,40.727628],[-73.973978,40.72774],[-73.974244,40.727853],[-73.97451,40.727966],[-73.974776,40.728078],[-73.975042,40.728191],[-73.975308,40.728303],[-73.975574,40.728416],[-73.97584,40.728528],[-73.976106,40.728641],[-73.976372,40.728753],[-73.976638,40.728866],[-73.976904,40.728978],[-73.97717,40.729091],[-73.977436,40.729203],[-73.977702,40.729316],[-73.977968,40.729428],[-73.978234,40.729541],[-73.9785,40.729653],[-73.978766,40.729766],[-73.979032,40.729878],[-73.979298,40.729991],[-73.979564,40.730103],[-73.97983,40.730216],[-73.980096,40.730328],[-73.980362,40.730441]]}},{"type":"Feature","properties":{},"geometry":{"type":"LineString","coordinates":[[-74.001478,40.730665],[-74.001213,40.731068],[-74.000999,40.731375],[-74.000968,40.731423],[-74.000812,40.73164],[-74.000657,40.731856],[-74.000502,40.732072],[-74.000346,40.732289],[-74.000191,40.732505],[-74.000036,40.732722],[-73.999881,40.732938],[-73.99979,40.733109]]}},{"type":"Feature","properties":{},"geometry":{"type":"LineString","coordinates":[[-74.001971,40.733693],[-74.001512,40.733762],[-74.001082,40.733826],[-74.000999,40.733839],[-74.000705,40.733883],[-74.00041,40.733927],[-74.000116,40.733971],[-73.999822,40.734015]]}},{"type":"Feature","properties":{},"geometry":{"type":"LineString","coordinates":[[-73.941827,40.827989],[-73.941677,40.828194],[-73.941527,40.828399],[-73.941377,40.828604],[-73.941227,40.82881],[-73.941078,40.829015],[-73.940928,40.82922],[-73.940778,40.829426]]}},{"type":"Feature","properties":{},"geometry":{"type":"LineString","coordinates":[[-73.999873,40.733389],[-73.999987,40.733178],[-74.000089,40.733025],[-74.000244,40.732808],[-74.0004,40.732592],[-74.000555,40.732375],[-74.00071,40.732159],[-74.000865,40.731942],[-74.001021,40.731726],[-74.001176,40.731509],[-74.001212,40.731454],[-74.001426,40.731148],[-74.00156,40.730944]]}},{"type":"Feature","properties":{},"geometry":{"type":"LineString","coordinates":[[-73.927648,40.818667],[-73.928053,40.818768],[-73.928457,40.818868],[-73.928822,40.818931],[-73.929187,40.818995],[-73.929501,40.819037],[-73.929815,40.81908],[-73.93014,40.819109],[-73.930466,40.819138],[-73.930791,40.819168],[-73.931146,40.819201],[-73.931605,40.819243],[-73.931787,40.819245],[-73.932071,40.819239],[-73.932415,40.819232],[-73.93276,40.819226],[-73.933104,40.819219],[-73.933448,40.819212]]}},{"type":"Feature","properties":{},"geometry":{"type":"LineString","coordinates":[[-73.933793,40.819166],[-73.933448,40.819173],[-73.933102,40.819179],[-73.932757,40.819186],[-73.932411,40.819192],[-73.932066,40.819199],[-73.931782,40.819203],[-73.931586,40.819197],[-73.931157,40.81916],[-73.930781,40.819123],[-73.930459,40.819097],[-73.930138,40.819071],[-73.929816,40.819045],[-73.929507,40.819003],[-73.929197,40.818961],[-73.928831,40.818899],[-73.928465,40.818836],[-73.928119,40.81875]]}},{"type":"Feature","properties":{},"geometry":{"type":"LineString","coordinates":[[-73.928506,40.812038],[-73.928682,40.812137],[-73.928905,40.812222],[-73.929176,40.812281],[-73.929419,40.812292],[-73.929655,40.812292],[-73.929932,40.812269],[-73.930214,40.812194],[-73.93049,40.812072],[-73.930769,40.811921]]}},{"type":"Feature","properties":{},"geometry":{"type":"LineString","coordinates":[[-73.922432,40.808946],[-73.922713,40.809065],[-73.922995,40.809184],[-73.923276,40.809303],[-73.923557,40.809423],[-73.923839,40.809542],[-73.92412,40.809661],[-73.924399,40.809785],[-73.924678,40.809908],[-73.924957,40.810032],[-73.925236,40.810156],[-73.925537,40.810282],[-73.925839,40.810408],[-73.92614,40.810534],[-73.926442,40.81066],[-73.926743,40.810786],[-73.926931,40.810875],[-73.927109,40.810984],[-73.927351,40.811172],[-73.927593,40.811359],[-73.927834,40.811546],[-73.928076,40.811734]]}},{"type":"Feature","properties":{},"geometry":{"type":"LineString","coordinates":[[-73.910187,40.80578],[-73.910462,40.805655],[-73.910737,40.80553],[-73.911013,40.805405],[-73.911288,40.80528],[-73.911563,40.805155],[-73.911839,40.80503],[-73.911923,40.804999],[-73.91201,40.804975],[-73.912103,40.80495],[-73.912241,40.804931],[-73.912334,40.804929],[-73.912454,40.804925],[-73.912629,40.804928],[-73.912832,40.804963],[-73.913049,40.805018],[-73.913475,40.805175],[-73.913745,40.80529],[-73.914015,40.805404],[-73.914285,40.805518],[-73.914555,40.805632],[-73.914825,40.805747],[-73.915096,40.805861],[-73.915365,40.805975],[-73.915634,40.806089],[-73.915904,40.806203],[-73.916173,40.806317],[-73.916445,40.806431],[-73.916717,40.806545],[-73.916989,40.80666],[-73.91726,40.806774],[-73.917532,40.806888],[-73.917804,40.807002],[-73.918076,40.807117],[-73.918347,40.807231],[-73.918619,40.807345],[-73.91889,40.807459],[-73.919161,40.807573],[-73.919433,40.807687],[-73.919704,40.807801],[-73.919975,40.807915],[-73.920248,40.80803],[-73.920521,40.808144],[-73.920794,40.808259],[-73.921067,40.808373],[-73.92134,40.808488],[-73.921613,40.808602],[-73.921886,40.808717],[-73.922159,40.808831]]}},{"type":"Feature","properties":{},"geometry":{"type":"LineString","coordinates":[[-73.922476,40.808886],[-73.922188,40.808765],[-73.921901,40.808645],[-73.921613,40.808524],[-73.921325,40.808403],[-73.921038,40.808283],[-73.92075,40.808162],[-73.920462,40.808041],[-73.920175,40.807921],[-73.919904,40.807807],[-73.919633,40.807693],[-73.919362,40.807579],[-73.919091,40.807465],[-73.91882,40.807351],[-73.918549,40.807238],[-73.918258,40.807115],[-73.917966,40.806992],[-73.917675,40.80687],[-73.917383,40.806747],[-73.917092,40.806625],[-73.9168,40.806502],[-73.916509,40.806379],[-73.916217,40.806257],[-73.915949,40.806143],[-73.915681,40.80603],[-73.915412,40.805916],[-73.915144,40.805803],[-73.914873,40.805688],[-73.914602,40.805574],[-73.914332,40.805459],[-73.914061,40.805345],[-73.91379,40.80523],[-73.913519,40.805116],[-73.913089,40.804956],[-73.912862,40.804898],[-73.912649,40.804862],[-73.912465,40.804857],[-73.912335,40.80486],[-73.912233,40.804863],[-73.912085,40.804883],[-73.911983,40.804909],[-73.911887,40.804936],[-73.911795,40.80497],[-73.91152,40.805095],[-73.911244,40.80522],[-73.910968,40.805345],[-73.910692,40.805471],[-73.910416,40.805596],[-73.910141,40.805721]]}},{"type":"Feature","properties":{},"geometry":{"type":"LineString","coordinates":[[-73.928533,40.812011],[-73.928142,40.811686],[-73.927902,40.811497],[-73.927662,40.811308],[-73.927422,40.811119],[-73.927182,40.810929],[-73.92699,40.810805],[-73.926801,40.810716],[-73.926501,40.810588],[-73.926201,40.81046],[-73.925901,40.810331],[-73.925601,40.810203],[-73.925301,40.810075],[-73.925017,40.809956],[-73.924733,40.809838],[-73.924448,40.80972],[-73.924164,40.809602],[-73.923883,40.809482],[-73.923602,40.809363],[-73.92332,40.809244],[-73.923039,40.809125],[-73.922757,40.809005]]}},{"type":"Feature","properties":{},"geometry":{"type":"LineString","coordinates":[[-73.928109,40.81171],[-73.927868,40.811521],[-73.927628,40.811333],[-73.927387,40.811144],[-73.927147,40.810956],[-73.926961,40.810839],[-73.926772,40.81075],[-73.926472,40.810624],[-73.926171,40.810497],[-73.92587,40.81037],[-73.92557,40.810243],[-73.925269,40.810116],[-73.924987,40.809995],[-73.924706,40.809874],[-73.924424,40.809753],[-73.924142,40.809631],[-73.923861,40.809512],[-73.92358,40.809393],[-73.923298,40.809274],[-73.923017,40.809154],[-73.922735,40.809035]]}},{"type":"Feature","properties":{},"geometry":{"type":"LineString","coordinates":[[-73.943153,40.796497],[-73.942966,40.796753],[-73.942814,40.796961],[-73.942662,40.797169],[-73.94251,40.797378],[-73.942358,40.797586],[-73.942206,40.797794],[-73.942054,40.798003],[-73.941902,40.798211],[-73.94175,40.798419],[-73.941598,40.798628],[-73.941441,40.798843],[-73.941284,40.799058],[-73.941127,40.799274],[-73.94097,40.799489],[-73.940813,40.799704],[-73.940656,40.79992],[-73.940502,40.800131],[-73.940348,40.800342],[-73.940194,40.800553],[-73.939993,40.800828]]}},{"type":"Feature","properties":{},"geometry":{"type":"LineString","coordinates":[[-73.936434,40.805659],[-73.93628,40.805868],[-73.936127,40.806078],[-73.935974,40.806287],[-73.935824,40.806492],[-73.935674,40.806697],[-73.935525,40.806902],[-73.935372,40.80711],[-73.93522,40.807318]]}},{"type":"Feature","properties":{},"geometry":{"type":"LineString","coordinates":[[-73.934189,40.808762],[-73.934329,40.808559],[-73.93447,40.808355],[-73.93461,40.808151],[-73.934762,40.807943],[-73.934915,40.807735],[-73.935067,40.807527],[-73.93522,40.807318],[-73.935373,40.807109],[-73.935525,40.8069],[-73.935675,40.806696],[-73.935824,40.806492],[-73.935973,40.806288],[-73.936126,40.806079],[-73.93628,40.805869],[-73.936433,40.80566],[-73.93659,40.805445],[-73.936747,40.805231],[-73.936904,40.805016],[-73.937061,40.804802],[-73.937218,40.804587],[-73.937374,40.804373],[-73.937531,40.804158],[-73.937688,40.803944],[-73.937845,40.803729],[-73.937871,40.803693],[-73.938026,40.803482],[-73.938181,40.803271]]}},{"type":"Feature","properties":{},"geometry":{"type":"LineString","coordinates":[[-73.938787,40.802443],[-73.938636,40.802649],[-73.938486,40.802854],[-73.938335,40.80306],[-73.938181,40.803271],[-73.938026,40.803481],[-73.937872,40.803692],[-73.937844,40.80373],[-73.93769,40.803941],[-73.937535,40.804152],[-73.937381,40.804363],[-73.937227,40.804574],[-73.937072,40.804785],[-73.936918,40.804996],[-73.936891,40.805034],[-73.936739,40.805242],[-73.936586,40.805451]]}},{"type":"Feature","properties":{},"geometry":{"type":"LineString","coordinates":[[-73.938867,40.802475],[-73.938716,40.80268],[-73.938565,40.802886],[-73.938414,40.803092],[-73.93826,40.803302],[-73.938106,40.803513],[-73.937951,40.803724],[-73.937923,40.803762],[-73.937769,40.803972],[-73.937615,40.804183],[-73.937462,40.804394],[-73.937308,40.804604],[-73.937154,40.804815],[-73.937,40.805026],[-73.936838,40.805247],[-73.936675,40.805469]]}},{"type":"Feature","properties":{},"geometry":{"type":"LineString","coordinates":[[-73.934268,40.808795],[-73.934408,40.808591],[-73.934549,40.808387],[-73.934689,40.808183],[-73.934842,40.807975],[-73.934994,40.807766],[-73.935147,40.807557],[-73.9353,40.807349],[-73.935452,40.80714],[-73.935605,40.806931],[-73.935755,40.806727],[-73.935904,40.806522],[-73.936054,40.806318],[-73.936207,40.806109],[-73.93636,40.8059],[-73.936513,40.805691],[-73.936665,40.805483],[-73.936817,40.805275],[-73.93697,40.805066],[-73.936999,40.805026],[-73.937153,40.804816],[-73.937307,40.804605],[-73.937461,40.804394],[-73.937615,40.804183],[-73.937769,40.803973],[-73.937923,40.803762],[-73.937951,40.803725],[-73.938105,40.803514],[-73.93826,40.803303]]}},{"type":"Feature","properties":{},"geometry":{"type":"LineString","coordinates":[[-73.938827,40.802459],[-73.938988,40.802237],[-73.93915,40.802014],[-73.939311,40.801792],[-73.939485,40.801568],[-73.939658,40.801344],[-73.939832,40.801119],[-73.940033,40.800844],[-73.940234,40.800569],[-73.940387,40.800358],[-73.940541,40.800148]]}},{"type":"Feature","properties":{},"geometry":{"type":"LineString","coordinates":[[-73.935565,40.806916],[-73.935412,40.807125],[-73.93526,40.807333],[-73.935107,40.807542],[-73.934955,40.80775],[-73.934802,40.807959],[-73.93465,40.808167],[-73.934509,40.808371],[-73.934369,40.808575]]}},{"type":"Feature","properties":{},"geometry":{"type":"LineString","coordinates":[[-73.931239,40.811879],[-73.931441,40.811669],[-73.931643,40.811459],[-73.931845,40.811248],[-73.932047,40.811038],[-73.932249,40.810828],[-73.932558,40.810598],[-73.932753,40.81046],[-73.932927,40.810302],[-73.933098,40.810112],[-73.933269,40.809923],[-73.93344,40.809733],[-73.933611,40.809544],[-73.933782,40.809355],[-73.933953,40.809165],[-73.934124,40.808976]]}},{"type":"Feature","properties":{},"geometry":{"type":"LineString","coordinates":[[-73.934228,40.808779],[-73.934086,40.808957],[-73.933915,40.809146],[-73.933744,40.809336],[-73.933574,40.809525],[-73.933403,40.809714],[-73.933232,40.809903],[-73.933061,40.810093],[-73.932891,40.810282],[-73.932718,40.810438],[-73.932526,40.810575],[-73.932216,40.810804],[-73.932014,40.811014],[-73.931813,40.811225],[-73.931611,40.811435],[-73.931409,40.811645]]}},{"type":"Feature","properties":{},"geometry":{"type":"LineString","coordinates":[[-73.931003,40.811727],[-73.931216,40.811559],[-73.931429,40.811391],[-73.931641,40.811223],[-73.931854,40.811055],[-73.932067,40.810887],[-73.93228,40.810719],[-73.932493,40.810551],[-73.932683,40.810417],[-73.932854,40.810262],[-73.933024,40.810073],[-73.933195,40.809884],[-73.933366,40.809695],[-73.933536,40.809506],[-73.933707,40.809317],[-73.933877,40.809128],[-73.934048,40.808939]]}},{"type":"Feature","properties":{},"geometry":{"type":"LineString","coordinates":[[-73.940695,40.799937],[-73.940852,40.799721],[-73.94101,40.799506],[-73.941167,40.79929],[-73.941324,40.799075],[-73.941481,40.79886],[-73.941638,40.798644],[-73.94179,40.798436],[-73.941942,40.798227],[-73.942094,40.798019],[-73.942246,40.797811],[-73.942398,40.797602],[-73.94255,40.797394],[-73.942702,40.797186],[-73.942854,40.796977],[-73.943006,40.796769]]}},{"type":"Feature","properties":{},"geometry":{"type":"LineString","coordinates":[[-73.940234,40.80057],[-73.940388,40.800359],[-73.940542,40.800148],[-73.940696,40.799937],[-73.940862,40.799709],[-73.941028,40.799481],[-73.941195,40.799253],[-73.941344,40.799048],[-73.941493,40.798843],[-73.941643,40.798639],[-73.941792,40.798434],[-73.941942,40.798229],[-73.942091,40.798024],[-73.942244,40.797815],[-73.942396,40.797606],[-73.942549,40.797397],[-73.942701,40.797188],[-73.942854,40.796979],[-73.943006,40.796769]]}},{"type":"Feature","properties":{},"geometry":{"type":"LineString","coordinates":[[-73.988993,40.736565],[-73.98884,40.736774],[-73.988687,40.736983],[-73.988534,40.737193],[-73.988381,40.737402],[-73.988228,40.737611],[-73.988075,40.73782],[-73.987922,40.73803],[-73.987769,40.738239],[-73.987616,40.738448],[-73.987463,40.738657],[-73.98731,40.738867],[-73.987157,40.739076],[-73.987004,40.739285],[-73.986851,40.739494],[-73.986698,40.739704],[-73.986517,40.739953],[-73.986335,40.740201],[-73.986186,40.740406],[-73.986037,40.74061],[-73.985888,40.740815],[-73.985738,40.741019],[-73.985589,40.741224],[-73.98544,40.741428],[-73.985291,40.741633],[-73.985141,40.741838],[-73.984992,40.742042],[-73.984843,40.742247],[-73.984694,40.742451],[-73.984545,40.742656],[-73.984395,40.74286],[-73.984246,40.743065],[-73.984097,40.743269],[-73.984051,40.743331],[-73.983896,40.743544],[-73.98374,40.743756],[-73.983584,40.743968],[-73.983428,40.74418],[-73.983272,40.744392],[-73.983116,40.744604],[-73.98296,40.744816],[-73.982804,40.745028]]}},{"type":"Feature","properties":{},"geometry":{"type":"LineString","coordinates":[[-73.981359,40.747237],[-73.981517,40.746993],[-73.981676,40.746749],[-73.981825,40.746543],[-73.981975,40.746338],[-73.982124,40.746132],[-73.982273,40.745927],[-73.982423,40.745721],[-73.982572,40.745516],[-73.982752,40.745286],[-73.982909,40.745065],[-73.983066,40.744845],[-73.983223,40.744624],[-73.98338,40.744404],[-73.983537,40.744184],[-73.983694,40.743963],[-73.983839,40.743764],[-73.983985,40.743564],[-73.984131,40.743365],[-73.984285,40.743152],[-73.98444,40.74294],[-73.984595,40.742728],[-73.984747,40.742519],[-73.9849,40.74231],[-73.985052,40.742102],[-73.985204,40.741893],[-73.985356,40.741685],[-73.985508,40.741476],[-73.985661,40.741267],[-73.985813,40.741059],[-73.985965,40.74085],[-73.986115,40.740645],[-73.986265,40.74044],[-73.986414,40.740234],[-73.986564,40.740029],[-73.986714,40.739824],[-73.986864,40.739618],[-73.987011,40.739417],[-73.987158,40.739216],[-73.987305,40.739014],[-73.987453,40.738813],[-73.9876,40.738612],[-73.987747,40.73841],[-73.987894,40.738209],[-73.988041,40.738008],[-73.988188,40.737806],[-73.988336,40.737605],[-73.988483,40.737404],[-73.98863,40.737202],[-73.988777,40.737001],[-73.988924,40.7368]]}},{"type":"Feature","properties":{},"geometry":{"type":"LineString","coordinates":[[-73.981322,40.747219],[-73.981479,40.746976],[-73.981636,40.746733],[-73.981797,40.746507],[-73.981958,40.746281],[-73.98212,40.746055],[-73.982281,40.745829],[-73.982491,40.745546],[-73.9827,40.745263],[-73.982855,40.74505],[-73.983009,40.744837],[-73.983164,40.744624],[-73.983318,40.744412],[-73.983473,40.744199],[-73.983627,40.743986],[-73.983782,40.743774],[-73.983936,40.743561],[-73.984091,40.743348],[-73.984137,40.743286],[-73.984286,40.743081],[-73.984435,40.742877],[-73.984584,40.742672],[-73.984733,40.742468],[-73.984883,40.742263],[-73.985032,40.742059],[-73.985181,40.741854],[-73.98533,40.74165],[-73.985479,40.741445],[-73.985629,40.741241],[-73.985778,40.741036],[-73.985927,40.740832],[-73.986076,40.740627],[-73.986225,40.740423],[-73.986375,40.740218],[-73.986556,40.739969],[-73.986738,40.73972],[-73.986891,40.739511],[-73.987044,40.739302],[-73.987197,40.739092],[-73.98735,40.738883],[-73.987503,40.738674],[-73.987656,40.738465],[-73.987809,40.738255],[-73.987961,40.738046],[-73.988114,40.737837],[-73.988267,40.737628],[-73.98842,40.737418],[-73.988573,40.737209],[-73.988726,40.737],[-73.988879,40.736791]]}},{"type":"Feature","properties":{},"geometry":{"type":"LineString","coordinates":[[-73.990124,40.732607],[-73.990185,40.732364],[-73.990245,40.732122],[-73.990305,40.731879],[-73.990366,40.731636],[-73.990426,40.731394],[-73.990486,40.731151],[-73.990547,40.730908],[-73.990598,40.730763],[-73.990673,40.730633],[-73.990883,40.730346],[-73.990982,40.730232],[-73.9911,40.730135],[-73.991338,40.729981],[-73.991519,40.72986],[-73.991666,40.729727],[-73.991906,40.729447],[-73.992145,40.729167],[-73.992308,40.728974],[-73.992472,40.728782],[-73.992635,40.728589],[-73.992798,40.728397],[-73.992961,40.728205],[-73.993124,40.728012],[-73.993287,40.72782],[-73.99345,40.727627],[-73.993613,40.727435],[-73.993776,40.727243],[-73.993928,40.727037],[-73.99408,40.726831],[-73.994232,40.726625],[-73.994383,40.726419],[-73.994535,40.726213],[-73.994765,40.725902],[-73.994934,40.725694],[-73.995103,40.725486],[-73.995273,40.725277],[-73.995442,40.725069],[-73.995612,40.72486],[-73.995782,40.724651],[-73.995952,40.724442],[-73.996122,40.724233],[-73.996292,40.724024],[-73.996462,40.723815],[-73.996632,40.723606],[-73.996713,40.72349],[-73.996776,40.723361],[-73.996875,40.723117],[-73.996973,40.722874],[-73.997071,40.72263],[-73.997167,40.722442],[-73.99728,40.72227],[-73.99748,40.722027],[-73.997681,40.721784],[-73.997882,40.721541],[-73.998003,40.721399],[-73.998177,40.721195],[-73.99835,40.72099],[-73.998524,40.720786],[-73.998698,40.720582],[-73.998871,40.720378],[-73.999045,40.720174],[-73.999219,40.71997],[-73.999413,40.719757],[-73.999606,40.719544],[-73.9998,40.719331],[-73.999975,40.719139],[-74.00015,40.718947],[-74.000325,40.718755],[-74.0005,40.718563],[-74.000675,40.718371],[-74.00085,40.718179],[-74.001163,40.717835],[-74.001353,40.717626],[-74.001543,40.717418],[-74.001733,40.71721],[-74.001923,40.717001],[-74.002113,40.716793],[-74.002303,40.716584]]}},{"type":"Feature","properties":{},"geometry":{"type":"LineString","coordinates":[[-74.002951,40.715838],[-74.003032,40.715715],[-74.003089,40.715584],[-74.00312,40.715451],[-74.003162,40.715175],[-74.003204,40.7149],[-74.00326,40.714693],[-74.003374,40.714414],[-74.003489,40.714134],[-74.003603,40.713855],[-74.003661,40.713728],[-74.003721,40.713628],[-74.003858,40.713487],[-74.00412,40.713188],[-74.00429,40.713009],[-74.004445,40.712863],[-74.004587,40.712749],[-74.004753,40.712623],[-74.004918,40.712507]]}},{"type":"Feature","properties":{},"geometry":{"type":"LineString","coordinates":[[-73.989032,40.736581],[-73.989198,40.736356],[-73.989363,40.73613],[-73.989544,40.735883],[-73.989707,40.735661],[-73.989871,40.735438],[-73.98994,40.735316],[-73.989976,40.735213],[-73.990001,40.735097],[-73.990015,40.734981],[-73.990009,40.734853],[-73.989996,40.734726],[-73.989979,40.734626],[-73.989943,40.734403],[-73.989933,40.734341],[-73.989928,40.734311],[-73.989897,40.734117],[-73.98989,40.733965],[-73.989881,40.733845],[-73.989887,40.733713],[-73.989902,40.733529],[-73.98992,40.73338],[-73.98994,40.733252],[-73.989998,40.732966]]}},{"type":"Feature","properties":{},"geometry":{"type":"LineString","coordinates":[[-73.99008,40.732601],[-73.99014,40.732358],[-73.990201,40.732115],[-73.990261,40.731872],[-73.990321,40.731629],[-73.990382,40.731386],[-73.990442,40.731143],[-73.990503,40.730901],[-73.990555,40.730752],[-73.990632,40.730618],[-73.990844,40.730328],[-73.990946,40.730211],[-73.991068,40.73011],[-73.991309,40.729955],[-73.991487,40.729835],[-73.99163,40.729706],[-73.99182,40.729484],[-73.992011,40.729262],[-73.992184,40.729058],[-73.992356,40.728855],[-73.992529,40.728651],[-73.992702,40.728447],[-73.992874,40.728244],[-73.993047,40.72804],[-73.99322,40.727836],[-73.993392,40.727632],[-73.993565,40.727429],[-73.993738,40.727225],[-73.993902,40.727002],[-73.994067,40.726778],[-73.994232,40.726554],[-73.994397,40.726331],[-73.994562,40.726107],[-73.994726,40.725884],[-73.994896,40.725675],[-73.995066,40.725467],[-73.995235,40.725258],[-73.995405,40.725049],[-73.995575,40.724841],[-73.995744,40.724632],[-73.995914,40.724424],[-73.996084,40.724215],[-73.996254,40.724006],[-73.996423,40.723798],[-73.996593,40.723589],[-73.996672,40.723476],[-73.996734,40.72335],[-73.996832,40.723106],[-73.99693,40.722863],[-73.997028,40.722619],[-73.997125,40.722428],[-73.997241,40.722252],[-73.997443,40.722008],[-73.997644,40.721764],[-73.997845,40.721521],[-73.998012,40.721324],[-73.998179,40.721128],[-73.998346,40.720932],[-73.998513,40.720736],[-73.99868,40.720539],[-73.998847,40.720343],[-73.999014,40.720147],[-73.999181,40.719951],[-73.999355,40.71976],[-73.999529,40.719569],[-73.999703,40.719378],[-73.999877,40.719187],[-74.000051,40.718996],[-74.000224,40.718806],[-74.000405,40.718608],[-74.000585,40.71841],[-74.000765,40.718212],[-74.000946,40.718014],[-74.001126,40.717816],[-74.001316,40.717607],[-74.001506,40.717399],[-74.001696,40.71719],[-74.001886,40.716982],[-74.002076,40.716774],[-74.002266,40.716565]]}},{"type":"Feature","properties":{},"geometry":{"type":"LineString","coordinates":[[-74.002911,40.715821],[-74.00299,40.715701],[-74.003045,40.715576],[-74.003075,40.715446],[-74.003118,40.71517],[-74.00316,40.714894],[-74.003216,40.714685],[-74.003331,40.714405],[-74.003445,40.714125],[-74.00356,40.713845],[-74.003589,40.71378],[-74.003619,40.713715],[-74.003681,40.713613],[-74.003762,40.713507],[-74.003802,40.713461],[-74.00406,40.713158],[-74.00423,40.712975],[-74.004386,40.712828],[-74.00453,40.712712],[-74.0047,40.712584],[-74.004868,40.712465]]}},{"type":"Feature","properties":{},"geometry":{"type":"LineString","coordinates":[[-73.990035,40.732595],[-73.989953,40.732961],[-73.989896,40.733247],[-73.989865,40.733464],[-73.989852,40.733571],[-73.989843,40.733691],[-73.989838,40.733873],[-73.989844,40.734024],[-73.989851,40.734078],[-73.989869,40.734222],[-73.989898,40.734395],[-73.989914,40.734501],[-73.989933,40.734625],[-73.989961,40.734814],[-73.989968,40.734897],[-73.989968,40.735006],[-73.989949,40.735133],[-73.989932,40.735221],[-73.989902,40.735302],[-73.989837,40.735419],[-73.989671,40.735643],[-73.989504,40.735867],[-73.989324,40.736114],[-73.989158,40.736339]]}},{"type":"Feature","properties":{},"geometry":{"type":"LineString","coordinates":[[-74.002418,40.716338],[-74.002228,40.716546],[-74.002038,40.716754],[-74.001848,40.716963],[-74.001659,40.717171],[-74.001469,40.717379],[-74.001279,40.717588],[-74.001089,40.717796],[-74.000909,40.717994],[-74.000728,40.718192],[-74.000548,40.71839],[-74.000368,40.718588],[-74.000187,40.718786],[-74.000013,40.718977],[-73.999839,40.719168],[-73.999665,40.719359],[-73.999492,40.71955],[-73.999318,40.719741],[-73.999144,40.719932],[-73.998977,40.720128],[-73.99881,40.720324],[-73.998643,40.720521],[-73.998476,40.720717],[-73.998309,40.720913],[-73.998141,40.72111],[-73.997974,40.721306],[-73.997807,40.721502],[-73.997605,40.721747],[-73.997404,40.721991],[-73.997202,40.722235],[-73.997084,40.722414],[-73.996986,40.722608],[-73.996887,40.722852],[-73.996789,40.723095],[-73.996691,40.723339],[-73.99663,40.723462],[-73.996554,40.723572],[-73.996384,40.723781],[-73.996214,40.723989],[-73.996045,40.724198],[-73.995875,40.724406],[-73.995705,40.724615],[-73.995536,40.724824],[-73.995366,40.725032],[-73.995196,40.725241],[-73.995027,40.725449],[-73.994857,40.725658],[-73.994687,40.725867],[-73.994523,40.72609],[-73.994358,40.726314],[-73.994193,40.726537],[-73.994028,40.72676],[-73.993864,40.726984],[-73.993699,40.727207],[-73.993526,40.727411],[-73.993354,40.727615],[-73.993181,40.727818],[-73.993009,40.728022],[-73.992836,40.728225],[-73.992663,40.728429],[-73.992491,40.728633],[-73.992318,40.728836],[-73.992146,40.72904],[-73.991973,40.729243],[-73.991783,40.729465],[-73.991594,40.729686],[-73.991455,40.729811],[-73.991279,40.729929],[-73.991037,40.730086],[-73.990911,40.730189],[-73.990806,40.73031],[-73.990591,40.730603],[-73.990513,40.730741],[-73.990459,40.730893],[-73.990398,40.731136],[-73.990338,40.731379],[-73.990277,40.731622],[-73.990217,40.731865],[-73.990156,40.732109],[-73.990096,40.732352]]}},{"type":"Feature","properties":{},"geometry":{"type":"LineString","coordinates":[[-74.003764,40.713443],[-74.003724,40.713489],[-74.003641,40.713597],[-74.003577,40.713702],[-74.003517,40.713834],[-74.003402,40.714115],[-74.003287,40.714396],[-74.003172,40.714677],[-74.003115,40.714889],[-74.003073,40.715165],[-74.003031,40.715441],[-74.003001,40.715568],[-74.002948,40.715688]]}},{"type":"Feature","properties":{},"geometry":{"type":"LineString","coordinates":[[-73.990192,40.737074],[-73.990173,40.737219],[-73.990161,40.737314],[-73.990148,40.737412],[-73.990088,40.737644],[-73.990027,40.737877],[-73.989967,40.738109],[-73.989907,40.738342],[-73.989847,40.738574],[-73.989787,40.738807],[-73.989726,40.739039],[-73.989666,40.739272],[-73.989606,40.739504],[-73.989557,40.739727],[-73.989517,40.739962],[-73.989474,40.740277],[-73.989431,40.740592],[-73.989399,40.740826],[-73.989367,40.74106],[-73.989335,40.741294],[-73.989303,40.741528],[-73.989271,40.741763],[-73.989239,40.741997],[-73.989206,40.742231],[-73.989174,40.74247],[-73.989141,40.742709],[-73.989108,40.742949],[-73.989078,40.743125],[-73.989028,40.743385],[-73.988979,40.743645],[-73.988929,40.743905],[-73.98888,40.744164],[-73.98883,40.744424],[-73.988781,40.744684],[-73.988732,40.744942],[-73.988682,40.7452],[-73.988633,40.745458],[-73.988579,40.745745],[-73.988525,40.746032],[-73.98847,40.746319]]}},{"type":"Feature","properties":{},"geometry":{"type":"LineString","coordinates":[[-73.988541,40.74667],[-73.988605,40.746333],[-73.988655,40.746066],[-73.988706,40.745798],[-73.988757,40.745531],[-73.988809,40.745253],[-73.988862,40.744975],[-73.988915,40.744698],[-73.988964,40.744438],[-73.989014,40.744178],[-73.989063,40.743918],[-73.989113,40.743659],[-73.989163,40.743399],[-73.989212,40.743139],[-73.989243,40.742961],[-73.989276,40.742721],[-73.989308,40.742481],[-73.989341,40.742242],[-73.989373,40.742007],[-73.989405,40.741773],[-73.989437,40.741539],[-73.989469,40.741305],[-73.989502,40.741071],[-73.989534,40.740837],[-73.989566,40.740602],[-73.989609,40.740288],[-73.989652,40.739974],[-73.989691,40.739742],[-73.989739,40.739522],[-73.9898,40.73929],[-73.98986,40.739057],[-73.98992,40.738825],[-73.98998,40.738592],[-73.99004,40.738359],[-73.990101,40.738127],[-73.990161,40.737894],[-73.990221,40.737662],[-73.990281,40.737429],[-73.990308,40.737324],[-73.990335,40.73722]]}},{"type":"Feature","properties":{},"geometry":{"type":"LineString","coordinates":[[-73.988496,40.746665],[-73.988539,40.746434],[-73.988582,40.746203],[-73.988625,40.745973],[-73.988712,40.745526],[-73.988723,40.745468],[-73.988767,40.745235],[-73.988812,40.745001],[-73.988856,40.744768],[-73.988901,40.744535],[-73.988945,40.744301],[-73.98899,40.744068],[-73.989034,40.743835],[-73.989079,40.743601],[-73.989123,40.743368],[-73.989167,40.743135],[-73.989198,40.742957],[-73.989231,40.742717],[-73.989264,40.742478],[-73.989296,40.742238],[-73.989327,40.742011],[-73.989359,40.741784],[-73.98939,40.741558],[-73.989421,40.741331],[-73.989452,40.741104],[-73.989483,40.740877],[-73.989514,40.74065],[-73.989545,40.740424],[-73.989576,40.740197],[-73.989607,40.73997],[-73.989647,40.739737],[-73.989695,40.739516],[-73.989755,40.739284],[-73.989815,40.739051],[-73.989875,40.738819],[-73.989936,40.738586],[-73.989996,40.738354],[-73.990056,40.738121],[-73.990116,40.737888],[-73.990177,40.737656],[-73.990237,40.737423],[-73.990256,40.73732],[-73.990274,40.737219]]}},{"type":"Feature","properties":{},"geometry":{"type":"LineString","coordinates":[[-74.009445,40.711717],[-74.00934,40.711671],[-74.009233,40.711623],[-74.009118,40.711587],[-74.008998,40.711564],[-74.008874,40.711555],[-74.00875,40.71156],[-74.008628,40.71158],[-74.008512,40.711613],[-74.008404,40.711659],[-74.008306,40.711717],[-74.008221,40.711786],[-74.008151,40.711864],[-74.007945,40.712113],[-74.007739,40.712362],[-74.007532,40.712611],[-74.007366,40.712812],[-74.0072,40.713013],[-74.007035,40.713214],[-74.006869,40.713415],[-74.006703,40.713616],[-74.006537,40.713817]]}},{"type":"Feature","properties":{},"geometry":{"type":"LineString","coordinates":[[-73.990355,40.737143],[-73.990431,40.736843],[-73.990454,40.736754],[-73.990476,40.73667],[-73.990506,40.736549],[-73.990558,40.736323],[-73.990611,40.736098],[-73.990664,40.735872],[-73.990716,40.735646],[-73.990769,40.735421],[-73.990822,40.735195],[-73.990874,40.734969],[-73.990921,40.734535],[-73.990962,40.734308],[-73.991005,40.734081],[-73.991057,40.733834],[-73.991109,40.733587],[-73.991161,40.73334]]}},{"type":"Feature","properties":{},"geometry":{"type":"LineString","coordinates":[[-73.991213,40.733093],[-73.991266,40.732856],[-73.991319,40.73262],[-73.991371,40.732383],[-73.991424,40.732146],[-73.991477,40.731909],[-73.991506,40.731808],[-73.991554,40.731716],[-73.991623,40.731627],[-73.99186,40.731346],[-73.992097,40.731066],[-73.992268,40.730864],[-73.992439,40.730662],[-73.99261,40.73046],[-73.992777,40.730261],[-73.992945,40.730063],[-73.993112,40.729864],[-73.99328,40.729666],[-73.993467,40.729446],[-73.993654,40.729226],[-73.99384,40.729006],[-73.994027,40.728786],[-73.994209,40.728571],[-73.99439,40.728357],[-73.994572,40.728143],[-73.994753,40.727928],[-73.994935,40.727714],[-73.995116,40.7275],[-73.995298,40.727285],[-73.995465,40.727088],[-73.995632,40.72689],[-73.995799,40.726693],[-73.995966,40.726496],[-73.996133,40.726298],[-73.9963,40.726101],[-73.996467,40.725903],[-73.996634,40.725706],[-73.996801,40.725509],[-73.996968,40.725311],[-73.997136,40.725114],[-73.997305,40.724914],[-73.997474,40.724714],[-73.997643,40.724514],[-73.997812,40.724313],[-73.997981,40.724113],[-73.99815,40.723913],[-73.998319,40.723713],[-73.998502,40.723498],[-73.998685,40.723283]]}},{"type":"Feature","properties":{},"geometry":{"type":"LineString","coordinates":[[-74.002313,40.719007],[-74.002624,40.71864],[-74.002856,40.718368],[-74.003088,40.718095],[-74.003153,40.718017],[-74.003366,40.717767],[-74.003578,40.717517],[-74.003756,40.717308],[-74.003934,40.717098],[-74.004111,40.716889],[-74.004289,40.71668],[-74.004467,40.71647]]}},{"type":"Feature","properties":{},"geometry":{"type":"LineString","coordinates":[[-73.990293,40.737117],[-73.990345,40.736833],[-73.990361,40.736747],[-73.990378,40.736651],[-73.990399,40.736542],[-73.990452,40.736314],[-73.990504,40.736086],[-73.990556,40.735858],[-73.990608,40.73563],[-73.99066,40.735402],[-73.990712,40.735174],[-73.990764,40.734946],[-73.990863,40.734521],[-73.990911,40.734298],[-73.99096,40.734075],[-73.991012,40.733828],[-73.991064,40.733581],[-73.991116,40.733335]]}},{"type":"Feature","properties":{},"geometry":{"type":"LineString","coordinates":[[-73.991168,40.733088],[-73.991221,40.732851],[-73.991274,40.732614],[-73.991327,40.732376],[-73.99138,40.732139],[-73.991433,40.731902],[-73.991463,40.731798],[-73.991513,40.731701],[-73.991584,40.731609],[-73.991749,40.731414],[-73.991914,40.73122],[-73.992078,40.731025],[-73.992243,40.730831],[-73.992407,40.730636],[-73.992572,40.730442],[-73.992808,40.730162],[-73.992977,40.729963],[-73.993146,40.729764],[-73.993314,40.729564],[-73.993483,40.729365],[-73.993652,40.729166],[-73.993821,40.728966],[-73.993989,40.728767],[-73.994171,40.728553],[-73.994352,40.728338],[-73.994534,40.728124],[-73.994715,40.72791],[-73.994897,40.727695],[-73.995078,40.727481],[-73.99526,40.727267],[-73.995422,40.727075],[-73.995584,40.726883],[-73.995747,40.726691],[-73.995909,40.726499],[-73.996072,40.726307],[-73.996234,40.726115],[-73.996397,40.725923],[-73.996559,40.725731],[-73.996722,40.725539],[-73.996884,40.725347],[-73.997047,40.725155],[-73.997209,40.724963],[-73.997372,40.724771],[-73.99754,40.724572],[-73.997709,40.724373],[-73.997758,40.724315],[-73.997937,40.724104],[-73.998115,40.723893],[-73.998294,40.723682],[-73.998472,40.723471],[-73.998651,40.72326]]}},{"type":"Feature","properties":{},"geometry":{"type":"LineString","coordinates":[[-73.998754,40.723012],[-73.998571,40.723228],[-73.998388,40.723444],[-73.998205,40.72366],[-73.998036,40.72386],[-73.997867,40.72406],[-73.997698,40.72426],[-73.997528,40.72446],[-73.997359,40.72466],[-73.99719,40.72486],[-73.997021,40.72506],[-73.996854,40.725257],[-73.996687,40.725454],[-73.99652,40.725651],[-73.996353,40.725849],[-73.996186,40.726046],[-73.996018,40.726243],[-73.995851,40.726441],[-73.995684,40.726638],[-73.995517,40.726835],[-73.99535,40.727032],[-73.995183,40.72723],[-73.995002,40.727444],[-73.994821,40.727658],[-73.994639,40.727873],[-73.994458,40.728087],[-73.994276,40.728301],[-73.994095,40.728516],[-73.993913,40.72873],[-73.993727,40.728951],[-73.99354,40.729171],[-73.993353,40.729392],[-73.993166,40.729613],[-73.992949,40.729869],[-73.992732,40.730126],[-73.992544,40.730347],[-73.992356,40.730569],[-73.992168,40.730791],[-73.99198,40.731013],[-73.991744,40.731293],[-73.991507,40.731573],[-73.991432,40.731671],[-73.991376,40.731778],[-73.991344,40.731889],[-73.991292,40.732127],[-73.991241,40.732364],[-73.991189,40.732602],[-73.991137,40.73284]]}},{"type":"Feature","properties":{},"geometry":{"type":"LineString","coordinates":[[-73.991085,40.733077],[-73.991032,40.733324],[-73.990978,40.73357],[-73.990925,40.733817],[-73.990871,40.734064],[-73.990807,40.73429],[-73.990743,40.734516],[-73.990622,40.734936],[-73.990571,40.735163],[-73.99052,40.735391],[-73.99047,40.735619],[-73.990419,40.735847],[-73.990368,40.736074],[-73.990317,40.736302],[-73.990266,40.73653],[-73.990251,40.736625],[-73.990236,40.736737],[-73.990223,40.736836]]}},{"type":"Feature","properties":{},"geometry":{"type":"LineString","coordinates":[[-73.999115,40.717394],[-73.998976,40.717299],[-73.998808,40.717216],[-73.998633,40.717147],[-73.998336,40.717043],[-73.998039,40.716938],[-73.997741,40.716833],[-73.997444,40.716728],[-73.997147,40.716623],[-73.996849,40.716519],[-73.996552,40.716414],[-73.996475,40.716386],[-73.996397,40.716353],[-73.996325,40.716316],[-73.996261,40.716277],[-73.996195,40.716232],[-73.996133,40.716181],[-73.996082,40.716132],[-73.995842,40.715894],[-73.995601,40.715655],[-73.995361,40.715417],[-73.995301,40.71535],[-73.995232,40.715266],[-73.995167,40.715179],[-73.995114,40.715103],[-73.995063,40.715023],[-73.994938,40.714794],[-73.994813,40.714565]]}},{"type":"Feature","properties":{},"geometry":{"type":"LineString","coordinates":[[-73.986474,40.699737],[-73.986591,40.699945],[-73.986708,40.700154],[-73.986824,40.700363],[-73.986941,40.700572],[-73.987058,40.70078],[-73.987174,40.700989],[-73.987291,40.701198],[-73.987408,40.701407],[-73.987525,40.701615],[-73.987641,40.701824],[-73.987758,40.702033],[-73.987875,40.702241],[-73.987992,40.70245],[-73.988108,40.702659],[-73.988225,40.702868],[-73.988342,40.703076],[-73.988458,40.703285],[-73.988575,40.703494],[-73.988692,40.703703],[-73.988809,40.703911],[-73.988925,40.70412],[-73.989042,40.704329],[-73.989159,40.704538],[-73.989275,40.704746],[-73.989392,40.704955],[-73.989509,40.705164],[-73.989626,40.705372],[-73.989742,40.705581],[-73.989859,40.70579],[-73.989976,40.705999],[-73.990093,40.706207],[-73.990209,40.706416],[-73.990326,40.706625],[-73.990443,40.706834],[-73.990559,40.707042],[-73.990676,40.707251],[-73.990793,40.70746],[-73.99091,40.707668],[-73.991026,40.707877],[-73.991143,40.708086],[-73.99126,40.708295],[-73.991377,40.708503],[-73.991493,40.708712],[-73.99161,40.708921],[-73.991727,40.70913],[-73.991843,40.709338],[-73.99196,40.709547],[-73.992077,40.709756],[-73.992194,40.709965],[-73.99231,40.710173],[-73.992427,40.710382],[-73.992544,40.710591],[-73.99266,40.710799],[-73.992777,40.711008],[-73.992894,40.711217],[-73.993011,40.711426],[-73.993127,40.711634],[-73.993244,40.711843],[-73.993361,40.712052],[-73.993478,40.712261],[-73.993594,40.712469],[-73.993711,40.712678],[-73.993828,40.712887],[-73.993944,40.713096],[-73.994061,40.713304],[-73.994178,40.713513],[-73.994295,40.713722],[-73.994411,40.71393],[-73.994528,40.714139]]}},{"type":"Feature","properties":{},"geometry":{"type":"LineString","coordinates":[[-73.977375,40.687267],[-73.977386,40.687321],[-73.977404,40.687374],[-73.977429,40.687425],[-73.97746,40.687474],[-73.977498,40.687521],[-73.977542,40.687564],[-73.977591,40.687604],[-73.977646,40.68764],[-73.977704,40.687672],[-73.977767,40.687699]]}},{"type":"Feature","properties":{},"geometry":{"type":"LineString","coordinates":[[-73.978302,40.687817],[-73.977819,40.687627],[-73.977765,40.687603],[-73.977715,40.687575],[-73.977668,40.687544],[-73.977626,40.687509],[-73.977588,40.687471],[-73.977555,40.687431],[-73.977527,40.687389],[-73.977504,40.687345],[-73.977488,40.687299]]}},{"type":"Feature","properties":{},"geometry":{"type":"LineString","coordinates":[[-73.983846,40.694824],[-73.984001,40.695133],[-73.984156,40.695442],[-73.984291,40.695717],[-73.984425,40.695992],[-73.984552,40.696256],[-73.984679,40.69652],[-73.984807,40.696783],[-73.984934,40.697047],[-73.985125,40.697419],[-73.985318,40.697721],[-73.985511,40.698024],[-73.985692,40.698337],[-73.985822,40.69857],[-73.985952,40.698803],[-73.986083,40.699037],[-73.986213,40.69927],[-73.986344,40.699503]]}},{"type":"Feature","properties":{},"geometry":{"type":"LineString","coordinates":[[-73.982755,40.692465],[-73.982587,40.692131],[-73.982471,40.691905],[-73.982354,40.691679],[-73.982233,40.691432],[-73.982111,40.691185],[-73.98199,40.690939],[-73.981869,40.690692],[-73.981747,40.690446],[-73.981626,40.690199],[-73.981419,40.689796],[-73.981343,40.689665],[-73.981254,40.689538],[-73.981153,40.689415],[-73.98104,40.689299],[-73.980917,40.689188],[-73.980784,40.689085],[-73.980642,40.688989],[-73.980493,40.688903],[-73.980233,40.688761],[-73.979972,40.68862]]}},{"type":"Feature","properties":{},"geometry":{"type":"LineString","coordinates":[[-73.982839,40.69244],[-73.982671,40.692104],[-73.982576,40.691874],[-73.982481,40.691643],[-73.982327,40.691331],[-73.982215,40.691106],[-73.982103,40.690881],[-73.981992,40.690656],[-73.98188,40.690431],[-73.981768,40.690206],[-73.981656,40.689981],[-73.981544,40.689757],[-73.981465,40.689621],[-73.981371,40.689487],[-73.981265,40.689358],[-73.981147,40.689235],[-73.981017,40.689119],[-73.980878,40.689011],[-73.980728,40.68891]]}},{"type":"Feature","properties":{},"geometry":{"type":"LineString","coordinates":[[-73.985102,40.696998],[-73.984975,40.696735],[-73.984848,40.696471],[-73.984721,40.696207],[-73.984594,40.695943],[-73.984459,40.695669],[-73.984325,40.695394],[-73.98417,40.695085]]}},{"type":"Feature","properties":{},"geometry":{"type":"LineString","coordinates":[[-73.985281,40.697378],[-73.98506,40.697011],[-73.984933,40.696747],[-73.984806,40.696483],[-73.984679,40.696219],[-73.984552,40.695956],[-73.984417,40.695681],[-73.984283,40.695406],[-73.984128,40.695097],[-73.983973,40.694788],[-73.983835,40.694512],[-73.983697,40.694237],[-73.983588,40.694022],[-73.983478,40.693807]]}},{"type":"Feature","properties":{},"geometry":{"type":"LineString","coordinates":[[-73.983284,40.693617],[-73.983394,40.693832],[-73.983503,40.694046],[-73.983613,40.694261],[-73.983751,40.694536],[-73.983889,40.694812],[-73.984043,40.695121],[-73.984198,40.69543],[-73.984333,40.695705],[-73.984467,40.69598],[-73.984595,40.696244],[-73.984722,40.696507],[-73.984849,40.696771],[-73.984976,40.697035],[-73.985146,40.697414],[-73.985277,40.697735]]}},{"type":"Feature","properties":{},"geometry":{"type":"LineString","coordinates":[[-73.97641,40.682688],[-73.97657,40.682985],[-73.976667,40.683287],[-73.97671,40.68355],[-73.976749,40.683789],[-73.976787,40.684027],[-73.976826,40.684265],[-73.976864,40.684503],[-73.976903,40.684741],[-73.976941,40.68498],[-73.97698,40.685218],[-73.977028,40.68546],[-73.977077,40.685702],[-73.977127,40.685963],[-73.977176,40.686224],[-73.977226,40.686485],[-73.977275,40.686745],[-73.977325,40.687006]]}},{"type":"Feature","properties":{},"geometry":{"type":"LineString","coordinates":[[-73.977477,40.687253],[-73.977427,40.686992],[-73.977378,40.686732],[-73.977329,40.686471],[-73.97728,40.686211],[-73.977231,40.68595],[-73.977182,40.68569],[-73.977134,40.68545],[-73.977086,40.685211],[-73.97704,40.684922],[-73.976995,40.684633],[-73.976952,40.684361],[-73.976909,40.684089],[-73.976866,40.683817],[-73.976823,40.683545],[-73.976758,40.683286],[-73.976627,40.682964]]}},{"type":"Feature","properties":{},"geometry":{"type":"LineString","coordinates":[[-73.982396,40.691666],[-73.982243,40.691355],[-73.982131,40.69113],[-73.982019,40.690906],[-73.981908,40.690681],[-73.981796,40.690457],[-73.981684,40.690232],[-73.981572,40.690007],[-73.981461,40.689783],[-73.981384,40.689651],[-73.981293,40.689521],[-73.98119,40.689396],[-73.981076,40.689278],[-73.980951,40.689165],[-73.980815,40.68906],[-73.98067,40.688963]]}},{"type":"Feature","properties":{},"geometry":{"type":"LineString","coordinates":[[-73.979498,40.68842],[-73.979946,40.688648],[-73.980206,40.688789],[-73.980466,40.68893],[-73.980613,40.689016],[-73.980753,40.68911],[-73.980884,40.689211],[-73.981005,40.68932],[-73.981115,40.689435],[-73.981214,40.689555],[-73.981302,40.689681],[-73.981377,40.689809],[-73.981584,40.690211],[-73.981705,40.690458],[-73.981826,40.690704],[-73.981948,40.690951],[-73.982069,40.691197],[-73.98219,40.691444],[-73.982312,40.69169],[-73.982429,40.691917],[-73.982546,40.692144],[-73.982713,40.692478],[-73.98288,40.692812],[-73.983015,40.69308],[-73.983149,40.693348]]}},{"type":"Feature","properties":{},"geometry":{"type":"LineString","coordinates":[[-73.980439,40.688958],[-73.980584,40.689042],[-73.980722,40.689135],[-73.98085,40.689234],[-73.980969,40.689341],[-73.981078,40.689454],[-73.981175,40.689572],[-73.981262,40.689695],[-73.981336,40.689822],[-73.981447,40.690046],[-73.981558,40.69027],[-73.98167,40.690494],[-73.981781,40.690718],[-73.981893,40.690942],[-73.982004,40.691166],[-73.982115,40.691389]]}},{"type":"Feature","properties":{},"geometry":{"type":"LineString","coordinates":[[-74.000935,40.696636],[-74.000649,40.696536],[-74.000364,40.696436],[-74.000063,40.696343],[-73.999762,40.696251],[-73.999387,40.696148],[-73.999013,40.696045],[-73.998685,40.695957],[-73.998358,40.695868],[-73.99803,40.695779],[-73.997703,40.69569]]}},{"type":"Feature","properties":{},"geometry":{"type":"LineString","coordinates":[[-73.992847,40.694356],[-73.992527,40.694268],[-73.992206,40.69418],[-73.991886,40.694092],[-73.991566,40.694004],[-73.991246,40.693916],[-73.990926,40.693828],[-73.990618,40.693742],[-73.990502,40.693702],[-73.990398,40.69365],[-73.990305,40.693587],[-73.990226,40.693515],[-73.990161,40.693433],[-73.990015,40.693174],[-73.989868,40.692914],[-73.989722,40.692654],[-73.989645,40.692547],[-73.989543,40.692452],[-73.989419,40.692374],[-73.989277,40.692316],[-73.989123,40.692278]]}},{"type":"Feature","properties":{},"geometry":{"type":"LineString","coordinates":[[-73.988963,40.692264],[-73.988655,40.692253],[-73.988348,40.692241],[-73.98804,40.69223],[-73.987733,40.692219],[-73.987425,40.692208],[-73.987117,40.692196],[-73.986808,40.692185],[-73.986498,40.692174],[-73.986189,40.692163],[-73.985879,40.692151],[-73.98557,40.69214],[-73.98526,40.692129],[-73.984951,40.692118],[-73.984641,40.692105],[-73.984331,40.692093],[-73.984021,40.692081],[-73.983711,40.692069],[-73.983401,40.692057],[-73.983091,40.692045],[-73.982973,40.692036],[-73.982865,40.692015],[-73.982761,40.691983],[-73.982664,40.691939],[-73.982578,40.691884],[-73.982503,40.691821],[-73.982442,40.69175]]}},{"type":"Feature","properties":{},"geometry":{"type":"LineString","coordinates":[[-73.979018,40.688054],[-73.978917,40.687999],[-73.978822,40.687939],[-73.978734,40.687872],[-73.978654,40.6878],[-73.978582,40.687723],[-73.978519,40.687642],[-73.978464,40.687557],[-73.97842,40.687469],[-73.978384,40.687378],[-73.978358,40.687291],[-73.978323,40.687066],[-73.978289,40.68684],[-73.978255,40.686615],[-73.97822,40.686389],[-73.978186,40.686164],[-73.978151,40.685938],[-73.978117,40.685713],[-73.978082,40.685487],[-73.978066,40.685346],[-73.978068,40.685204],[-73.978089,40.685062],[-73.978128,40.684923],[-73.978185,40.684788],[-73.97842,40.684436],[-73.97856,40.68423],[-73.978699,40.684025],[-73.978838,40.68382],[-73.979018,40.683555],[-73.979198,40.68329],[-73.979332,40.683084],[-73.979443,40.68289]]}},{"type":"Feature","properties":{},"geometry":{"type":"LineString","coordinates":[[-73.979689,40.682489],[-73.979826,40.682287],[-73.979963,40.682084],[-73.9801,40.681882],[-73.980237,40.68168],[-73.980374,40.681478],[-73.980511,40.681276],[-73.980648,40.681073],[-73.980785,40.680871],[-73.980922,40.680669],[-73.981059,40.680467],[-73.981196,40.680265],[-73.981333,40.680063],[-73.98147,40.67986],[-73.981608,40.679658],[-73.981745,40.679456],[-73.981882,40.679254],[-73.982019,40.679052],[-73.982156,40.678849],[-73.982293,40.678647],[-73.98243,40.678445],[-73.982567,40.678243],[-73.982704,40.678041],[-73.982841,40.677838],[-73.982978,40.677636],[-73.983115,40.677434],[-73.983262,40.677216],[-73.983408,40.676998],[-73.983554,40.67678],[-73.983701,40.676562],[-73.983907,40.676255],[-73.984065,40.67604],[-73.984226,40.675847],[-73.984386,40.675655],[-73.984547,40.675462],[-73.984708,40.675269],[-73.984868,40.675076],[-73.985029,40.674883],[-73.985189,40.67469],[-73.98535,40.674498],[-73.985511,40.674305],[-73.985671,40.674112],[-73.985832,40.673919],[-73.985992,40.673726],[-73.986153,40.673534],[-73.986313,40.673341],[-73.986474,40.673148],[-73.986635,40.672955],[-73.986795,40.672762],[-73.986956,40.672569],[-73.987116,40.672377],[-73.987277,40.672184],[-73.987437,40.671991],[-73.987598,40.671798],[-73.987759,40.671605],[-73.987927,40.671403],[-73.988095,40.671202],[-73.988263,40.671],[-73.98843,40.670798],[-73.988598,40.670596],[-73.988766,40.670394],[-73.988934,40.670192],[-73.989095,40.67],[-73.989255,40.669809],[-73.989415,40.669617],[-73.989575,40.669425],[-73.989735,40.669233],[-73.989895,40.669041],[-73.990056,40.668849],[-73.990216,40.668657],[-73.990376,40.668465],[-73.990536,40.668273],[-73.990696,40.668081],[-73.990856,40.667889],[-73.991017,40.667698],[-73.991177,40.667506],[-73.991337,40.667314],[-73.991497,40.667122],[-73.991657,40.66693],[-73.991818,40.666738],[-73.991978,40.666546],[-73.992138,40.666354],[-73.992298,40.666162],[-73.992458,40.66597],[-73.992759,40.665632],[-73.992953,40.665428],[-73.993161,40.665229],[-73.993369,40.665029],[-73.993576,40.664829],[-73.993784,40.664629],[-73.993971,40.66445],[-73.994158,40.66427],[-73.994345,40.66409],[-73.994532,40.66391],[-73.994718,40.663731],[-73.994905,40.663551],[-73.995092,40.663371],[-73.995279,40.663192],[-73.995466,40.663012],[-73.995653,40.662832],[-73.99584,40.662652],[-73.996027,40.662473],[-73.996213,40.662293],[-73.9964,40.662113],[-73.996587,40.661934],[-73.996774,40.661754],[-73.996961,40.661574],[-73.997148,40.661395],[-73.997335,40.661215],[-73.997522,40.661035],[-73.99779,40.660777],[-73.998058,40.660519],[-73.998261,40.660324],[-73.998464,40.660129],[-73.998667,40.659934],[-73.99887,40.659739],[-73.999069,40.659548],[-73.999267,40.659358],[-73.999465,40.659167],[-73.999664,40.658976],[-73.999862,40.658786],[-74.00006,40.658595],[-74.000259,40.658405],[-74.000457,40.658214]]}},{"type":"Feature","properties":{},"geometry":{"type":"LineString","coordinates":[[-73.978967,40.688111],[-73.978866,40.68805],[-73.978771,40.687983],[-73.978684,40.68791],[-73.978604,40.687833],[-73.978533,40.687751],[-73.97847,40.687665],[-73.978417,40.687576],[-73.978373,40.687483],[-73.978338,40.687389],[-73.978313,40.687295],[-73.978279,40.687069],[-73.978244,40.686844],[-73.97821,40.686618],[-73.978176,40.686393],[-73.978141,40.686167],[-73.978107,40.685942],[-73.978072,40.685716],[-73.978038,40.68549],[-73.978022,40.685302],[-73.978032,40.685114],[-73.978068,40.684928],[-73.978129,40.684746],[-73.978216,40.68457],[-73.978327,40.6844],[-73.978466,40.684195],[-73.978605,40.683989],[-73.978745,40.683784],[-73.9789,40.683553],[-73.979055,40.683322],[-73.979211,40.683091],[-73.979366,40.68286]]}},{"type":"Feature","properties":{},"geometry":{"type":"LineString","coordinates":[[-73.979648,40.682473],[-73.979785,40.682271],[-73.979923,40.682069],[-73.98006,40.681867],[-73.980197,40.681664],[-73.980334,40.681462],[-73.980471,40.68126],[-73.980608,40.681058],[-73.980745,40.680856],[-73.980882,40.680653],[-73.981019,40.680451],[-73.981156,40.680249],[-73.981293,40.680047],[-73.98143,40.679845],[-73.981567,40.679642],[-73.981705,40.67944],[-73.981842,40.679238],[-73.981979,40.679036],[-73.982116,40.678834],[-73.982253,40.678631],[-73.98239,40.678429],[-73.982527,40.678227],[-73.982664,40.678025],[-73.982801,40.677823],[-73.982938,40.67762],[-73.983075,40.677418],[-73.983199,40.677235],[-73.983366,40.676986],[-73.983533,40.676737],[-73.9837,40.676488],[-73.983867,40.676239],[-73.984026,40.676023],[-73.984187,40.67583],[-73.984348,40.675637],[-73.984508,40.675444],[-73.984669,40.675251],[-73.98483,40.675058],[-73.98499,40.674866],[-73.985151,40.674673],[-73.985311,40.67448],[-73.985472,40.674287],[-73.985633,40.674094],[-73.985793,40.673901],[-73.985954,40.673708],[-73.986114,40.673516],[-73.986275,40.673323],[-73.986436,40.67313],[-73.986596,40.672937],[-73.986757,40.672744],[-73.986917,40.672551],[-73.987078,40.672358],[-73.987239,40.672166],[-73.987399,40.671973],[-73.98756,40.67178],[-73.98772,40.671587],[-73.987888,40.671385],[-73.988056,40.671183],[-73.988224,40.670981],[-73.988392,40.67078],[-73.98856,40.670578],[-73.988728,40.670376],[-73.988896,40.670174],[-73.989056,40.669982],[-73.989217,40.66979],[-73.989377,40.669598],[-73.989537,40.669406],[-73.989697,40.669214],[-73.989857,40.669023],[-73.990018,40.668831],[-73.990178,40.668639],[-73.990338,40.668447],[-73.990498,40.668255],[-73.990658,40.668063],[-73.990819,40.667871],[-73.990979,40.667679],[-73.991139,40.667487],[-73.991299,40.667295],[-73.991459,40.667103],[-73.99162,40.666911],[-73.99178,40.666719],[-73.99194,40.666527],[-73.9921,40.666335],[-73.99226,40.666144],[-73.99242,40.665952],[-73.992722,40.665612],[-73.992918,40.665407],[-73.992969,40.665358],[-73.993156,40.665178],[-73.993343,40.664998],[-73.99353,40.664818],[-73.993718,40.664638],[-73.993905,40.664458],[-73.994092,40.664278],[-73.994279,40.664098],[-73.994466,40.663918],[-73.994653,40.663738],[-73.994841,40.663558],[-73.995028,40.663378],[-73.995215,40.663198],[-73.995402,40.663018],[-73.995589,40.662838],[-73.995776,40.662658],[-73.995964,40.662478],[-73.996151,40.662298],[-73.996338,40.662118],[-73.996525,40.661938],[-73.996712,40.661758],[-73.996899,40.661578],[-73.997087,40.661398],[-73.997274,40.661218],[-73.997461,40.661038],[-73.997648,40.660858],[-73.997835,40.660678],[-73.998022,40.660498],[-73.99822,40.660309],[-73.998404,40.660131],[-73.998589,40.659954],[-73.998774,40.659776],[-73.998958,40.659599],[-73.999143,40.659422],[-73.999327,40.659244],[-73.999512,40.659067],[-73.999697,40.658889],[-73.999881,40.658712],[-74.000066,40.658535],[-74.000251,40.658357],[-74.000435,40.65818]]}},{"type":"Feature","properties":{},"geometry":{"type":"LineString","coordinates":[[-73.979568,40.682442],[-73.979401,40.682635],[-73.979234,40.682828],[-73.97913,40.682962],[-73.979036,40.68309],[-73.978894,40.6833],[-73.978752,40.68351],[-73.97861,40.68372],[-73.978468,40.68393],[-73.978326,40.68414],[-73.978184,40.684349],[-73.978093,40.684528],[-73.978021,40.684717],[-73.97797,40.684909],[-73.977941,40.685104],[-73.977934,40.6853],[-73.97795,40.685496],[-73.977984,40.685722],[-73.978018,40.685948],[-73.978052,40.686174],[-73.978087,40.6864],[-73.978121,40.686625],[-73.978155,40.686851],[-73.978189,40.687077],[-73.978223,40.687303],[-73.978247,40.687409],[-73.978281,40.68751],[-73.978326,40.68761],[-73.97838,40.687706],[-73.978443,40.687799],[-73.978516,40.687888],[-73.978598,40.687973],[-73.978688,40.688053],[-73.978785,40.688127]]}},{"type":"Feature","properties":{},"geometry":{"type":"LineString","coordinates":[[-74.000549,40.65796],[-74.000351,40.658151],[-74.000152,40.658341],[-73.999954,40.658532],[-73.999755,40.658723],[-73.999557,40.658913],[-73.999358,40.659104],[-73.99916,40.659295],[-73.998962,40.659485],[-73.998763,40.659676],[-73.998558,40.659873],[-73.998354,40.660069],[-73.998149,40.660266],[-73.997903,40.660502],[-73.997658,40.660738],[-73.997412,40.660974],[-73.997226,40.661154],[-73.997039,40.661334],[-73.996852,40.661513],[-73.996665,40.661693],[-73.996478,40.661873],[-73.996292,40.662052],[-73.996105,40.662232],[-73.995918,40.662411],[-73.995731,40.662591],[-73.995544,40.662771],[-73.995358,40.66295],[-73.995171,40.66313],[-73.994984,40.66331],[-73.994797,40.663489],[-73.99461,40.663669],[-73.994424,40.663849],[-73.994237,40.664028],[-73.99405,40.664208],[-73.993863,40.664387],[-73.993676,40.664567],[-73.993469,40.664767],[-73.993262,40.664966],[-73.993054,40.665165],[-73.992847,40.665365],[-73.992649,40.665572],[-73.992345,40.665914],[-73.992184,40.666108],[-73.992022,40.666301],[-73.99186,40.666495],[-73.991699,40.666689],[-73.991537,40.666882],[-73.991376,40.667076],[-73.991214,40.667269],[-73.991052,40.667463],[-73.990891,40.667657],[-73.990729,40.66785],[-73.990568,40.668044],[-73.990406,40.668238],[-73.990244,40.668431],[-73.990083,40.668625],[-73.989921,40.668818],[-73.98976,40.669012],[-73.989598,40.669206],[-73.989436,40.669399],[-73.989275,40.669593],[-73.989113,40.669787],[-73.988952,40.66998],[-73.98879,40.670174],[-73.988626,40.670371],[-73.988463,40.670567],[-73.988299,40.670764],[-73.988135,40.670961],[-73.987972,40.671157],[-73.987808,40.671354],[-73.987644,40.671551],[-73.987483,40.671743],[-73.987323,40.671936],[-73.987162,40.672129],[-73.987001,40.672322],[-73.986841,40.672515],[-73.98668,40.672708],[-73.98652,40.672901],[-73.986359,40.673094],[-73.986198,40.673287],[-73.986038,40.67348],[-73.985877,40.673673],[-73.985716,40.673866],[-73.985556,40.674058],[-73.985395,40.674251],[-73.985234,40.674444],[-73.985074,40.674637],[-73.984913,40.67483],[-73.984752,40.675023],[-73.984592,40.675216],[-73.984431,40.675409],[-73.98427,40.675602],[-73.98411,40.675795],[-73.983949,40.675988],[-73.983787,40.676207],[-73.98358,40.676516],[-73.983426,40.676746],[-73.983273,40.676975],[-73.983119,40.677204],[-73.98294,40.677468],[-73.982762,40.677731],[-73.982583,40.677995],[-73.982446,40.678197],[-73.982309,40.678399],[-73.982172,40.678601],[-73.982035,40.678804],[-73.981898,40.679006],[-73.981761,40.679208],[-73.981624,40.67941],[-73.981487,40.679612],[-73.98135,40.679814],[-73.981213,40.680016],[-73.981076,40.680219],[-73.980938,40.680421],[-73.980801,40.680623],[-73.980664,40.680825],[-73.980527,40.681027],[-73.98039,40.681229],[-73.980253,40.681431],[-73.980116,40.681634],[-73.979979,40.681836],[-73.979842,40.682038],[-73.979705,40.68224]]}},{"type":"Feature","properties":{},"geometry":{"type":"LineString","coordinates":[[-74.00605,40.710004],[-74.006199,40.70988],[-74.006401,40.709672],[-74.006603,40.709465],[-74.006806,40.709258],[-74.007008,40.70905],[-74.00721,40.708843],[-74.007407,40.708636],[-74.007604,40.708429],[-74.007801,40.708222]]}},{"type":"Feature","properties":{},"geometry":{"type":"LineString","coordinates":[[-74.007964,40.707998],[-74.007753,40.708198],[-74.007542,40.708399],[-74.007331,40.708599],[-74.00712,40.708799],[-74.006931,40.708993],[-74.006742,40.709187],[-74.006553,40.709381],[-74.006364,40.709575],[-74.006175,40.709769]]}},{"type":"Feature","properties":{},"geometry":{"type":"LineString","coordinates":[[-73.990508,40.719199],[-73.990224,40.719113],[-73.989941,40.719027],[-73.989658,40.718941],[-73.989374,40.718855],[-73.989091,40.718769],[-73.988704,40.718665],[-73.988317,40.718561],[-73.98822,40.718529],[-73.987921,40.718441],[-73.987622,40.718352],[-73.987323,40.718263],[-73.987024,40.718175],[-73.986726,40.718086],[-73.986564,40.718032],[-73.986341,40.717944],[-73.98596,40.717773]]}},{"type":"Feature","properties":{},"geometry":{"type":"LineString","coordinates":[[-73.988319,40.718634],[-73.988688,40.718733],[-73.989056,40.718832],[-73.989334,40.718917],[-73.989613,40.719001],[-73.989891,40.719086],[-73.990169,40.71917],[-73.990447,40.719255],[-73.990725,40.719339],[-73.991003,40.719424]]}},{"type":"Feature","properties":{},"geometry":{"type":"LineString","coordinates":[[-73.988399,40.718692],[-73.98872,40.718778],[-73.98904,40.718864],[-73.989318,40.718949],[-73.989596,40.719033],[-73.989874,40.719117],[-73.990152,40.719202],[-73.990429,40.719286],[-73.990707,40.719371],[-73.990985,40.719455],[-73.991219,40.719526]]}},{"type":"Feature","properties":{},"geometry":{"type":"LineString","coordinates":[[-73.997616,40.720749],[-73.997523,40.720843],[-73.997413,40.720925],[-73.997288,40.720994],[-73.997151,40.721049],[-73.997005,40.721087],[-73.996852,40.721108],[-73.996698,40.721112],[-73.996544,40.721098],[-73.996395,40.721067],[-73.996153,40.720986],[-73.995796,40.720866],[-73.99544,40.720745],[-73.995084,40.720625],[-73.994799,40.720512],[-73.994514,40.720398],[-73.99423,40.720284],[-73.99395,40.720198],[-73.993669,40.720113],[-73.993389,40.720027]]}},{"type":"Feature","properties":{},"geometry":{"type":"LineString","coordinates":[[-73.995014,40.720743],[-73.995346,40.720848],[-73.995677,40.720952],[-73.996008,40.721057],[-73.99634,40.721161],[-73.996509,40.721196],[-73.996683,40.721212],[-73.996858,40.721208],[-73.997031,40.721184],[-73.997197,40.721142],[-73.997353,40.721081],[-73.997496,40.721004],[-73.997622,40.720911]]}},{"type":"Feature","properties":{},"geometry":{"type":"LineString","coordinates":[[-74.000797,40.717025],[-74.000622,40.71722],[-74.000545,40.717284],[-74.000333,40.717458],[-74.000273,40.717521],[-74.000094,40.717746],[-73.999914,40.71797],[-73.999735,40.718195],[-73.999555,40.718419],[-73.999411,40.7186],[-73.999227,40.718829],[-73.999099,40.718994],[-73.998937,40.719195],[-73.998775,40.719396],[-73.998613,40.719597],[-73.99845,40.719798],[-73.998283,40.719988],[-73.998116,40.720178],[-73.99795,40.720369],[-73.997783,40.720559]]}},{"type":"Feature","properties":{},"geometry":{"type":"LineString","coordinates":[[-74.009431,40.708548],[-74.009315,40.708665],[-74.009095,40.708857],[-74.008876,40.709049],[-74.008615,40.709307],[-74.008354,40.709565],[-74.008244,40.709676],[-74.00811,40.709826],[-74.008008,40.709938],[-74.00788,40.710079],[-74.007578,40.710369],[-74.007438,40.710489],[-74.007284,40.710613],[-74.00701,40.710814]]}},{"type":"Feature","properties":{},"geometry":{"type":"LineString","coordinates":[[-74.002037,40.715233],[-74.00215,40.715072],[-74.002231,40.714915],[-74.002368,40.714602],[-74.00245,40.714446],[-74.002549,40.714289],[-74.002662,40.714143],[-74.0029,40.71389],[-74.003138,40.713636],[-74.003344,40.713416],[-74.003549,40.713205],[-74.003754,40.712994],[-74.003959,40.712782]]}},{"type":"Feature","properties":{},"geometry":{"type":"LineString","coordinates":[[-73.997729,40.720806],[-73.997896,40.720615],[-73.998063,40.720425],[-73.99823,40.720234],[-73.998397,40.720044],[-73.998565,40.719853],[-73.998726,40.719653],[-73.998888,40.719452],[-73.99905,40.719252],[-73.999212,40.719052],[-73.99937,40.718907],[-73.999585,40.718686],[-73.99971,40.718558],[-73.999754,40.718508],[-73.999937,40.718284],[-74.00012,40.718061],[-74.000303,40.717838],[-74.000486,40.717614]]}},{"type":"Feature","properties":{},"geometry":{"type":"LineString","coordinates":[[-74.002116,40.715266],[-74.002232,40.715102],[-74.002327,40.714945],[-74.002502,40.714644],[-74.0026,40.714492],[-74.002711,40.714346],[-74.002812,40.71422],[-74.003049,40.713967],[-74.003286,40.713714],[-74.003489,40.713503],[-74.003693,40.713292],[-74.003896,40.713081],[-74.004099,40.71287]]}},{"type":"Feature","properties":{},"geometry":{"type":"LineString","coordinates":[[-74.005969,40.711618],[-74.006232,40.711427],[-74.006495,40.711237],[-74.006758,40.711046],[-74.006997,40.710837],[-74.007237,40.710628],[-74.007409,40.710498],[-74.007549,40.710372],[-74.007865,40.710081],[-74.008004,40.709959],[-74.00811,40.709848]]}},{"type":"Feature","properties":{},"geometry":{"type":"LineString","coordinates":[[-73.999084,40.717419],[-73.999308,40.717578],[-73.999531,40.717738],[-73.999756,40.7179],[-73.999981,40.718063],[-74.000206,40.718225],[-74.000431,40.718388],[-74.000657,40.71855],[-74.000882,40.718712],[-74.001107,40.718875],[-74.001258,40.718984],[-74.001419,40.7191],[-74.001494,40.719177],[-74.001553,40.71926],[-74.001594,40.71935],[-74.001616,40.719444],[-74.001619,40.719539],[-74.001603,40.719633],[-74.001568,40.719724]]}},{"type":"Feature","properties":{},"geometry":{"type":"LineString","coordinates":[[-74.001553,40.719829],[-74.00161,40.719737],[-74.001647,40.71964],[-74.001664,40.719541],[-74.001661,40.71944],[-74.001638,40.719342],[-74.001594,40.719247],[-74.001533,40.719158],[-74.001453,40.719078],[-74.001289,40.718959],[-74.00114,40.718851],[-74.000865,40.718652],[-74.000647,40.718496],[-74.00043,40.718339],[-74.000213,40.718183],[-73.999996,40.718026],[-73.999779,40.71787],[-73.999562,40.717714],[-73.999339,40.717554]]}},{"type":"Feature","properties":{},"geometry":{"type":"LineString","coordinates":[[-73.992413,40.724004],[-73.992253,40.72395],[-73.992098,40.723888],[-73.991954,40.723811],[-73.991824,40.723722],[-73.99171,40.723621],[-73.991614,40.72351],[-73.991536,40.72339],[-73.991479,40.723265],[-73.991443,40.723135],[-73.991429,40.723002],[-73.991437,40.722869],[-73.991466,40.722738],[-73.991517,40.722611],[-73.991626,40.722374],[-73.991735,40.722138],[-73.991844,40.721902],[-73.991952,40.721665],[-73.992061,40.721429],[-73.99217,40.721193],[-73.992249,40.720919],[-73.992328,40.720645],[-73.99235,40.720469],[-73.992351,40.720313],[-73.992313,40.720141],[-73.992248,40.719978],[-73.992149,40.719808],[-73.992053,40.719696],[-73.991918,40.719618],[-73.991733,40.719535],[-73.991396,40.719432]]}},{"type":"Feature","properties":{},"geometry":{"type":"LineString","coordinates":[[-73.991497,40.722607],[-73.991442,40.722739],[-73.991408,40.722877],[-73.991395,40.723017],[-73.991403,40.723158],[-73.991433,40.723296],[-73.991485,40.723431],[-73.991556,40.723561],[-73.991647,40.723683],[-73.991757,40.723797],[-73.991883,40.7239],[-73.992023,40.723991],[-73.992177,40.724069]]}},{"type":"Feature","properties":{},"geometry":{"type":"LineString","coordinates":[[-73.99238,40.724067],[-73.992223,40.72401],[-73.992078,40.723936],[-73.991945,40.72385],[-73.991827,40.723753],[-73.991724,40.723646],[-73.991638,40.723531],[-73.99157,40.723408],[-73.991522,40.723281],[-73.991493,40.723151],[-73.991485,40.723018],[-73.991497,40.722886],[-73.99153,40.722756],[-73.991586,40.722628],[-73.9917,40.722403],[-73.991813,40.722178],[-73.991927,40.721953],[-73.992041,40.721728],[-73.992154,40.721503],[-73.992268,40.721278],[-73.992382,40.721053],[-73.992496,40.720828]]}},{"type":"Feature","properties":{},"geometry":{"type":"LineString","coordinates":[[-73.994469,40.724868],[-73.994928,40.725051],[-73.995115,40.725124],[-73.99532,40.72519],[-73.995594,40.725272],[-73.995813,40.725327],[-73.996162,40.725409],[-73.996557,40.7255],[-73.996952,40.725591],[-73.99712,40.725638],[-73.997254,40.725686],[-73.997394,40.72575],[-73.997563,40.725833],[-73.998003,40.726051],[-73.99826,40.726179],[-73.998517,40.726307],[-73.998775,40.726435],[-73.999032,40.726563],[-73.999289,40.726691],[-73.999546,40.726818],[-73.999803,40.726946],[-74.00006,40.727074],[-74.000318,40.727202],[-74.000575,40.72733],[-74.000832,40.727457],[-74.001089,40.727585],[-74.001346,40.727713],[-74.00163,40.72785],[-74.001801,40.727946],[-74.00196,40.728052],[-74.002098,40.728173],[-74.002212,40.728308],[-74.002301,40.728454],[-74.002361,40.728607],[-74.002393,40.728766],[-74.002396,40.728926],[-74.002369,40.729085],[-74.002314,40.72924],[-74.00223,40.729387],[-74.002063,40.729682],[-74.001896,40.729977],[-74.001673,40.730278]]}},{"type":"Feature","properties":{},"geometry":{"type":"LineString","coordinates":[[-74.002343,40.728271],[-74.002217,40.728124],[-74.002068,40.72799],[-74.001897,40.727871],[-74.001707,40.72777],[-74.001422,40.727628],[-74.001164,40.7275],[-74.000907,40.727372],[-74.00065,40.727244],[-74.000393,40.727116],[-74.000135,40.726989],[-73.999878,40.726861],[-73.999621,40.726733],[-73.999364,40.726605],[-73.999106,40.726477],[-73.998849,40.726349],[-73.998592,40.726221],[-73.998335,40.726094],[-73.998077,40.725966],[-73.997637,40.725747],[-73.997349,40.725597],[-73.99706,40.725447],[-73.996912,40.725379],[-73.996765,40.725327],[-73.996609,40.725285],[-73.996262,40.725207],[-73.995915,40.725128],[-73.995568,40.72505],[-73.995221,40.724971],[-73.995006,40.724917],[-73.994737,40.724836]]}},{"type":"Feature","properties":{},"geometry":{"type":"LineString","coordinates":[[-74.001607,40.73071],[-74.001848,40.730335],[-74.002026,40.730019],[-74.002192,40.729724],[-74.002358,40.729429],[-74.002436,40.72927],[-74.002486,40.729104],[-74.002506,40.728935],[-74.002497,40.728765],[-74.002458,40.728598],[-74.002391,40.728436],[-74.002296,40.728282],[-74.002176,40.728138],[-74.002031,40.728009],[-74.001866,40.727894],[-74.001681,40.727797],[-74.001396,40.727656],[-74.001139,40.727528],[-74.000882,40.727401],[-74.000625,40.727273],[-74.000368,40.727145],[-74.00011,40.727017],[-73.999853,40.726889],[-73.999596,40.726761],[-73.999339,40.726633],[-73.999081,40.726506],[-73.998824,40.726378],[-73.998567,40.72625],[-73.99831,40.726122],[-73.998053,40.725994],[-73.997612,40.725775],[-73.997222,40.725581],[-73.997077,40.725515]]}},{"type":"Feature","properties":{},"geometry":{"type":"LineString","coordinates":[[-73.994006,40.724592],[-73.993687,40.724479],[-73.993368,40.724365],[-73.993049,40.724252],[-73.99273,40.724139],[-73.992397,40.724036],[-73.992281,40.724001],[-73.992011,40.723894],[-73.991742,40.723788],[-73.991429,40.723694],[-73.991117,40.7236],[-73.990825,40.723511],[-73.990534,40.723422],[-73.990242,40.723332],[-73.989951,40.723243],[-73.989659,40.723154],[-73.989368,40.723065],[-73.989077,40.722976]]}},{"type":"Feature","properties":{},"geometry":{"type":"LineString","coordinates":[[-73.988647,40.722845],[-73.988295,40.722738],[-73.987944,40.722631],[-73.987649,40.722514],[-73.987387,40.722358],[-73.987168,40.722168],[-73.986999,40.72195],[-73.986887,40.721713],[-73.986835,40.721463],[-73.986844,40.721211],[-73.986915,40.720964],[-73.987027,40.720741],[-73.98714,40.720517],[-73.987252,40.720294],[-73.987365,40.720071],[-73.987477,40.719847],[-73.987589,40.719624],[-73.987702,40.7194],[-73.987824,40.71917],[-73.987945,40.718939],[-73.988067,40.718709],[-73.988189,40.718478],[-73.988311,40.718248],[-73.988433,40.718017],[-73.988555,40.717787],[-73.988668,40.717569],[-73.988781,40.717352],[-73.988894,40.717135],[-73.989007,40.716918],[-73.98912,40.716701],[-73.989233,40.716484],[-73.989346,40.716267],[-73.989459,40.71605],[-73.989572,40.715833],[-73.989685,40.715615],[-73.989798,40.715398],[-73.989911,40.715181],[-73.990024,40.714964]]}},{"type":"Feature","properties":{},"geometry":{"type":"LineString","coordinates":[[-73.990089,40.712827],[-73.990052,40.712599],[-73.990015,40.712372],[-73.989979,40.712145],[-73.989942,40.711917],[-73.989906,40.71169],[-73.989869,40.711462],[-73.989833,40.711235],[-73.98983,40.711221],[-73.989783,40.710979],[-73.989736,40.710737],[-73.989689,40.710495]]}},{"type":"Feature","properties":{},"geometry":{"type":"LineString","coordinates":[[-73.989642,40.710252],[-73.98952,40.709849],[-73.989359,40.709459],[-73.989114,40.70907],[-73.988947,40.708858],[-73.988781,40.708645],[-73.988615,40.708433],[-73.988449,40.70822],[-73.988282,40.708008],[-73.988116,40.707795]]}},{"type":"Feature","properties":{},"geometry":{"type":"LineString","coordinates":[[-73.986727,40.702506],[-73.986741,40.702272],[-73.986755,40.702037],[-73.986769,40.701803],[-73.986783,40.701568],[-73.986797,40.701334],[-73.986811,40.701099],[-73.986825,40.700865],[-73.986838,40.700623],[-73.986851,40.700382],[-73.986864,40.700141],[-73.986877,40.6999],[-73.98689,40.699659],[-73.986903,40.699418],[-73.986916,40.699176],[-73.986929,40.698935],[-73.986978,40.698648],[-73.987028,40.698361],[-73.987074,40.697975],[-73.987086,40.697746],[-73.987098,40.697517],[-73.987111,40.69726],[-73.987124,40.697003],[-73.987137,40.696745],[-73.98715,40.696488],[-73.987162,40.69623],[-73.987175,40.695978],[-73.987188,40.695727],[-73.9872,40.695475],[-73.987213,40.695223],[-73.987226,40.694972],[-73.987238,40.69472],[-73.987245,40.694597],[-73.98726,40.694287],[-73.987301,40.693981],[-73.987342,40.693675],[-73.987359,40.693331],[-73.987371,40.693096],[-73.987383,40.692861],[-73.987394,40.692626],[-73.987406,40.692391],[-73.987418,40.692156],[-73.98743,40.691921],[-73.987442,40.691686],[-73.987458,40.691537],[-73.987492,40.691389],[-73.987546,40.691245],[-73.987621,40.691106],[-73.987701,40.690968],[-73.987848,40.690666],[-73.987963,40.690443],[-73.988087,40.690225]]}},{"type":"Feature","properties":{},"geometry":{"type":"LineString","coordinates":[[-73.989536,40.710268],[-73.989583,40.710509],[-73.989631,40.71075],[-73.989678,40.710991],[-73.989726,40.711232],[-73.989728,40.711244],[-73.989764,40.711471],[-73.9898,40.711699],[-73.989836,40.711926],[-73.989872,40.712154],[-73.989908,40.712381],[-73.989943,40.712609]]}},{"type":"Feature","properties":{},"geometry":{"type":"LineString","coordinates":[[-73.953587,40.680685],[-73.953319,40.680629],[-73.953047,40.680586],[-73.952772,40.680556],[-73.952441,40.680538],[-73.952111,40.68052],[-73.95178,40.680502],[-73.951449,40.680484],[-73.951195,40.68047],[-73.95088,40.680452],[-73.950565,40.680435],[-73.95025,40.680418],[-73.949935,40.680401],[-73.949619,40.680384],[-73.949322,40.680368],[-73.949025,40.680352],[-73.94865,40.680331],[-73.948275,40.68031],[-73.947952,40.680293],[-73.947629,40.680275],[-73.947306,40.680257],[-73.947003,40.680241],[-73.9467,40.680224],[-73.946397,40.680208],[-73.946094,40.680191],[-73.945791,40.680175],[-73.945293,40.680148]]}},{"type":"Feature","properties":{},"geometry":{"type":"LineString","coordinates":[[-73.944791,40.680155],[-73.945289,40.680182],[-73.945787,40.680209],[-73.94609,40.680225],[-73.946393,40.680242],[-73.946697,40.680259],[-73.947,40.680275],[-73.947303,40.680292],[-73.947625,40.680309],[-73.947948,40.680327],[-73.94827,40.680344],[-73.948644,40.680364],[-73.949018,40.680385],[-73.949322,40.680401],[-73.949625,40.680417],[-73.949928,40.680433],[-73.950231,40.68045],[-73.950534,40.680466],[-73.950838,40.680482],[-73.951141,40.680499],[-73.951444,40.680515],[-73.951774,40.680534],[-73.952105,40.680552],[-73.952435,40.680571],[-73.952766,40.68059],[-73.953039,40.68062],[-73.953091,40.680628],[-73.95331,40.680663]]}},{"type":"Feature","properties":{},"geometry":{"type":"LineString","coordinates":[[-73.944788,40.680189],[-73.945286,40.680216],[-73.945786,40.680208],[-73.946089,40.680225],[-73.946393,40.680241],[-73.946696,40.680258],[-73.946999,40.680274],[-73.947303,40.680291],[-73.947624,40.680308],[-73.947946,40.680326],[-73.948268,40.680344],[-73.948643,40.680364],[-73.949019,40.680384],[-73.949506,40.680411],[-73.949829,40.680428],[-73.950152,40.680445],[-73.950475,40.680462],[-73.950798,40.68048],[-73.951121,40.680497],[-73.951444,40.680514],[-73.951774,40.680533],[-73.952103,40.680551],[-73.952433,40.68057],[-73.952762,40.680589],[-73.953033,40.680634],[-73.953086,40.680645],[-73.953301,40.680689]]}},{"type":"Feature","properties":{},"geometry":{"type":"LineString","coordinates":[[-73.893514,40.6723],[-73.893818,40.672255],[-73.894209,40.672233],[-73.894597,40.672267],[-73.894969,40.672355],[-73.895314,40.672493],[-73.895619,40.672678],[-73.895873,40.672902],[-73.896068,40.673158],[-73.896198,40.673438],[-73.896293,40.673809],[-73.896357,40.674054],[-73.896421,40.6743],[-73.896484,40.674545],[-73.896547,40.674791],[-73.896611,40.675036],[-73.896675,40.675282],[-73.896755,40.675603],[-73.896835,40.675924],[-73.896908,40.676202],[-73.896981,40.676481]]}},{"type":"Feature","properties":{},"geometry":{"type":"LineString","coordinates":[[-73.897055,40.676759],[-73.897143,40.676963],[-73.897271,40.677156],[-73.897434,40.677332],[-73.89763,40.677488],[-73.897854,40.677621],[-73.898101,40.677727],[-73.898366,40.677805],[-73.898644,40.677852],[-73.898972,40.677871],[-73.8993,40.67789],[-73.899628,40.677908],[-73.899956,40.677927],[-73.900284,40.677946],[-73.900613,40.677983],[-73.900942,40.678033],[-73.901323,40.678097],[-73.901703,40.678162],[-73.902005,40.678212],[-73.902307,40.678261],[-73.902608,40.67831],[-73.902903,40.678345],[-73.903197,40.67838],[-73.903627,40.678408],[-73.903941,40.678403],[-73.904255,40.678398],[-73.904569,40.678393],[-73.904883,40.678388],[-73.905197,40.678383],[-73.905511,40.678378],[-73.905825,40.678373],[-73.906072,40.678368],[-73.906308,40.678348],[-73.90664,40.678304],[-73.906973,40.67826],[-73.907511,40.678189],[-73.907774,40.678176]]}},{"type":"Feature","properties":{},"geometry":{"type":"LineString","coordinates":[[-73.908041,40.67818],[-73.908343,40.678197],[-73.908645,40.678214],[-73.908947,40.678231],[-73.90925,40.678248],[-73.909552,40.678264],[-73.909855,40.678281],[-73.910157,40.678297],[-73.91046,40.678313],[-73.910762,40.67833],[-73.911065,40.678346],[-73.911386,40.678363],[-73.911707,40.678381],[-73.912028,40.678398],[-73.91235,40.678415],[-73.912671,40.678433],[-73.912992,40.67845],[-73.913313,40.678468],[-73.913618,40.678484],[-73.913922,40.678501],[-73.914227,40.678518],[-73.914532,40.678535],[-73.914836,40.678552],[-73.915141,40.678568],[-73.915445,40.678585],[-73.91575,40.678602],[-73.916055,40.678619],[-73.916359,40.678636],[-73.916664,40.678652],[-73.916968,40.678669],[-73.917273,40.678686],[-73.917578,40.678703],[-73.917882,40.678719],[-73.918187,40.678736],[-73.918491,40.678753],[-73.918796,40.67877],[-73.919101,40.678787],[-73.919405,40.678803],[-73.91971,40.67882],[-73.92003,40.678838],[-73.92035,40.678855],[-73.920671,40.678873],[-73.920991,40.67889],[-73.921311,40.678907],[-73.921631,40.678925],[-73.921952,40.678942],[-73.922249,40.678959],[-73.922546,40.678975],[-73.922844,40.678991],[-73.923141,40.679008],[-73.923438,40.679024],[-73.923735,40.67904],[-73.924033,40.679057],[-73.92433,40.679073],[-73.924627,40.679089],[-73.924924,40.679106],[-73.925222,40.679122],[-73.925519,40.679138]]}},{"type":"Feature","properties":{},"geometry":{"type":"LineString","coordinates":[[-73.925816,40.679155],[-73.92612,40.679171],[-73.926423,40.679188],[-73.926727,40.679204],[-73.927031,40.679221],[-73.927334,40.679237],[-73.927638,40.679254],[-73.927942,40.679271],[-73.928245,40.679287],[-73.928549,40.679304],[-73.929086,40.679367],[-73.929386,40.679402],[-73.929623,40.67943],[-73.929926,40.679446],[-73.930229,40.679462],[-73.930532,40.679478],[-73.930835,40.679494],[-73.931138,40.67951],[-73.931441,40.679525],[-73.931797,40.679525],[-73.932068,40.679529],[-73.932375,40.679529],[-73.932683,40.679529],[-73.933014,40.679547],[-73.933345,40.679565],[-73.933676,40.679583],[-73.934007,40.679601],[-73.934339,40.679619],[-73.93467,40.679637],[-73.935001,40.679655]]}},{"type":"Feature","properties":{},"geometry":{"type":"LineString","coordinates":[[-73.935332,40.679673],[-73.935634,40.67969],[-73.935937,40.679706],[-73.93624,40.679723],[-73.936542,40.679739],[-73.936845,40.679756],[-73.937148,40.679772],[-73.93745,40.679789],[-73.937753,40.679805],[-73.938055,40.679822],[-73.938358,40.679838],[-73.938661,40.679855],[-73.939226,40.679881],[-73.939527,40.679897],[-73.939829,40.679914],[-73.94013,40.67993],[-73.940431,40.679946],[-73.940732,40.679962],[-73.941033,40.679979],[-73.941334,40.679995],[-73.941648,40.680012],[-73.941962,40.68003],[-73.942276,40.680048],[-73.94259,40.680065],[-73.942904,40.680083],[-73.943218,40.680101],[-73.943532,40.680118],[-73.943846,40.680136],[-73.94416,40.680153],[-73.944474,40.680171]]}},{"type":"Feature","properties":{},"geometry":{"type":"LineString","coordinates":[[-73.953565,40.680752],[-73.953892,40.68082],[-73.954218,40.680888],[-73.954544,40.680956],[-73.954871,40.681024],[-73.955197,40.681092],[-73.955523,40.68116],[-73.955849,40.681228],[-73.956145,40.681289],[-73.95644,40.681351],[-73.956736,40.681412],[-73.957031,40.681474],[-73.957326,40.681535],[-73.957622,40.681597],[-73.957917,40.681659],[-73.958214,40.681721],[-73.958511,40.681783],[-73.958808,40.681845],[-73.959105,40.681908],[-73.959402,40.68197],[-73.9597,40.682032],[-73.959997,40.682094],[-73.960294,40.682157],[-73.960591,40.682219],[-73.960888,40.682281],[-73.961185,40.682343],[-73.961482,40.682406],[-73.961779,40.682468],[-73.962076,40.68253],[-73.962373,40.682592],[-73.96267,40.682655],[-73.962967,40.682717],[-73.963264,40.682779],[-73.963561,40.682842],[-73.963858,40.682904],[-73.964155,40.682966],[-73.964452,40.683028],[-73.964808,40.683103],[-73.965164,40.683177],[-73.96552,40.683252],[-73.965876,40.683326],[-73.966217,40.683398],[-73.966559,40.683469],[-73.9669,40.68354],[-73.967242,40.683611],[-73.967583,40.683682],[-73.967859,40.683752]]}},{"type":"Feature","properties":{},"geometry":{"type":"LineString","coordinates":[[-73.897186,40.676733],[-73.897113,40.676457],[-73.89704,40.67618],[-73.896968,40.675904],[-73.896885,40.675586],[-73.896803,40.675268],[-73.89674,40.675022],[-73.896676,40.674775],[-73.896612,40.674528],[-73.896549,40.674282],[-73.896485,40.674035],[-73.896421,40.673788],[-73.896329,40.673412],[-73.896192,40.673116],[-73.895984,40.672843],[-73.895713,40.672604],[-73.895389,40.672407],[-73.895021,40.67226],[-73.894625,40.672166],[-73.894212,40.67213],[-73.8938,40.672153],[-73.893494,40.672199]]}},{"type":"Feature","properties":{},"geometry":{"type":"LineString","coordinates":[[-73.908047,40.678077],[-73.907771,40.678073],[-73.907496,40.678083],[-73.907192,40.678096],[-73.906888,40.678109],[-73.906584,40.678123],[-73.90628,40.678136],[-73.90605,40.678146],[-73.90601,40.678148],[-73.905819,40.678155],[-73.905507,40.678161],[-73.905195,40.678167],[-73.904883,40.678174],[-73.904571,40.67818],[-73.904259,40.678186],[-73.903946,40.678193],[-73.903634,40.678199],[-73.903198,40.678198],[-73.902625,40.678159],[-73.902326,40.678126],[-73.902028,40.678094],[-73.90173,40.678062],[-73.90135,40.677997],[-73.90097,40.677932],[-73.900637,40.677881],[-73.900299,40.677844],[-73.899972,40.677825],[-73.899645,40.677806],[-73.899318,40.677788],[-73.898991,40.677769],[-73.898663,40.67775],[-73.898406,40.677706],[-73.898159,40.677634],[-73.89793,40.677535],[-73.897721,40.677412],[-73.897539,40.677267],[-73.897387,40.677103],[-73.897269,40.676924]]}},{"type":"Feature","properties":{},"geometry":{"type":"LineString","coordinates":[[-73.925826,40.679052],[-73.925528,40.679036],[-73.925231,40.67902],[-73.924933,40.679004],[-73.924636,40.678988],[-73.924338,40.678972],[-73.92404,40.678955],[-73.923743,40.678939],[-73.923445,40.678923],[-73.923147,40.678907],[-73.92285,40.678891],[-73.922552,40.678875],[-73.922255,40.678859],[-73.921957,40.678843],[-73.921638,40.678825],[-73.921318,40.678808],[-73.920999,40.678791],[-73.92068,40.678773],[-73.920361,40.678756],[-73.920041,40.678739],[-73.919722,40.678721],[-73.919418,40.678705],[-73.919113,40.678688],[-73.918809,40.678671],[-73.918505,40.678655],[-73.9182,40.678638],[-73.917896,40.678621],[-73.917592,40.678605],[-73.917287,40.678588],[-73.916983,40.678571],[-73.916679,40.678555],[-73.916374,40.678538],[-73.91607,40.678521],[-73.915766,40.678505],[-73.915461,40.678488],[-73.915157,40.678471],[-73.914853,40.678455],[-73.914548,40.678438],[-73.914244,40.678422],[-73.91394,40.678405],[-73.913635,40.678388],[-73.913331,40.678372],[-73.91301,40.678354],[-73.912689,40.678337],[-73.912368,40.678319],[-73.912047,40.678302],[-73.911726,40.678284],[-73.911404,40.678267],[-73.911083,40.678249],[-73.910779,40.678232],[-73.910475,40.678215],[-73.910171,40.678197],[-73.909867,40.67818],[-73.909563,40.678163],[-73.90926,40.678145],[-73.908956,40.678128],[-73.908653,40.678111],[-73.90835,40.678094]]}},{"type":"Feature","properties":{},"geometry":{"type":"LineString","coordinates":[[-73.935342,40.679571],[-73.935045,40.679553],[-73.934749,40.679535],[-73.934453,40.679517],[-73.934157,40.679499],[-73.933861,40.679481],[-73.933564,40.679463],[-73.933268,40.679445],[-73.932972,40.679427],[-73.932676,40.679409],[-73.932379,40.679391],[-73.932083,40.679373],[-73.931777,40.679346],[-73.93147,40.679319],[-73.931167,40.679303],[-73.930863,40.679287],[-73.93056,40.679271],[-73.930256,40.679255],[-73.929952,40.679238],[-73.929649,40.679222],[-73.929416,40.679222],[-73.929102,40.67921],[-73.928559,40.679201],[-73.928256,40.679185],[-73.927952,40.679168],[-73.927648,40.679152],[-73.927345,40.679135],[-73.927041,40.679118],[-73.926737,40.679102],[-73.926433,40.679085],[-73.92613,40.679069]]}},{"type":"Feature","properties":{},"geometry":{"type":"LineString","coordinates":[[-73.944798,40.680086],[-73.944482,40.680069],[-73.944166,40.680051],[-73.943851,40.680034],[-73.943535,40.680016],[-73.943219,40.679999],[-73.942903,40.679981],[-73.942587,40.679964],[-73.942272,40.679946],[-73.941963,40.679929],[-73.941655,40.679912],[-73.941346,40.679895],[-73.941038,40.679878],[-73.940729,40.67986],[-73.940421,40.679843],[-73.940112,40.679826],[-73.939752,40.679808],[-73.939391,40.679789],[-73.939031,40.679771],[-73.93867,40.679752],[-73.938368,40.679736],[-73.938065,40.679719],[-73.937762,40.679703],[-73.93746,40.679686],[-73.937157,40.67967],[-73.936855,40.679653],[-73.936552,40.679637],[-73.936249,40.67962],[-73.935947,40.679604],[-73.935644,40.679587]]}},{"type":"Feature","properties":{},"geometry":{"type":"LineString","coordinates":[[-73.953598,40.680652],[-73.953327,40.680603],[-73.953052,40.680571],[-73.952775,40.680555],[-73.952443,40.680537],[-73.952112,40.680519],[-73.951781,40.680501],[-73.951449,40.680483],[-73.951195,40.680469],[-73.95088,40.680452],[-73.950565,40.680435],[-73.950249,40.680417],[-73.949934,40.6804],[-73.949619,40.680383],[-73.949322,40.680366],[-73.949025,40.68035],[-73.948651,40.68033],[-73.948277,40.68031],[-73.947953,40.680292],[-73.94763,40.680274],[-73.947306,40.680257],[-73.947003,40.68024],[-73.9467,40.680224],[-73.946398,40.680207],[-73.946095,40.680191],[-73.945792,40.680174],[-73.945297,40.680113]]}},{"type":"Feature","properties":{},"geometry":{"type":"LineString","coordinates":[[-73.968183,40.683751],[-73.967909,40.683656],[-73.967623,40.683584],[-73.967323,40.683521],[-73.967022,40.683459],[-73.966722,40.683396],[-73.966422,40.683334],[-73.966122,40.683271],[-73.965822,40.683208],[-73.965489,40.683139],[-73.965155,40.683069],[-73.964822,40.682999],[-73.964488,40.682929],[-73.964199,40.682869],[-73.963909,40.682808],[-73.96362,40.682748],[-73.96333,40.682687],[-73.963041,40.682626],[-73.962752,40.682566],[-73.962462,40.682505],[-73.962173,40.682445],[-73.961883,40.682384],[-73.961594,40.682324],[-73.961304,40.682263],[-73.961015,40.682202],[-73.960726,40.682142],[-73.960436,40.682081],[-73.960147,40.682021],[-73.959857,40.68196],[-73.959568,40.681899],[-73.959278,40.681839],[-73.958989,40.681778],[-73.9587,40.681718],[-73.95841,40.681657],[-73.958121,40.681597],[-73.957831,40.681536],[-73.957537,40.681474],[-73.957242,40.681413],[-73.956948,40.681351],[-73.956653,40.681289],[-73.956359,40.681227],[-73.956064,40.681166],[-73.95577,40.681104],[-73.955459,40.681039],[-73.955149,40.680975],[-73.954839,40.68091],[-73.954529,40.680846],[-73.954218,40.680781],[-73.953908,40.680716]]}},{"type":"Feature","properties":{},"geometry":{"type":"LineString","coordinates":[[-73.98251,40.687513],[-73.982172,40.68741],[-73.981806,40.687276],[-73.98155,40.687185],[-73.981287,40.687111],[-73.980948,40.687036],[-73.980609,40.686961],[-73.980152,40.686859],[-73.979831,40.686787],[-73.979547,40.686735],[-73.979245,40.686692],[-73.978919,40.686683],[-73.978595,40.686692],[-73.978262,40.68673],[-73.977928,40.686768],[-73.977594,40.686806],[-73.97726,40.686844],[-73.97693,40.686867],[-73.976599,40.686865],[-73.97627,40.686837],[-73.975946,40.686785],[-73.975631,40.686707],[-73.975328,40.686606],[-73.974928,40.686447],[-73.974562,40.686301],[-73.974289,40.686193],[-73.974017,40.686085],[-73.973745,40.685977],[-73.973472,40.685868],[-73.9732,40.68576],[-73.972927,40.685652],[-73.972664,40.685546],[-73.9724,40.685441],[-73.972137,40.685335],[-73.971873,40.68523],[-73.97161,40.685124],[-73.971346,40.685018],[-73.971083,40.684913],[-73.970819,40.684807],[-73.970555,40.684702],[-73.970292,40.684596],[-73.970028,40.68449],[-73.969765,40.684385],[-73.969501,40.684279],[-73.969238,40.684174],[-73.968974,40.684068],[-73.968711,40.683962],[-73.968447,40.683857]]}},{"type":"Feature","properties":{},"geometry":{"type":"LineString","coordinates":[[-73.897142,40.676742],[-73.897069,40.676465],[-73.896996,40.676188],[-73.896923,40.675911],[-73.896865,40.675684],[-73.896807,40.675458],[-73.896749,40.675232],[-73.896691,40.675005],[-73.896633,40.674779],[-73.896575,40.674552],[-73.896517,40.674326],[-73.896459,40.6741],[-73.896401,40.673873],[-73.896343,40.673647],[-73.896285,40.67342],[-73.896151,40.67313],[-73.895947,40.672863],[-73.895682,40.672629],[-73.895364,40.672436],[-73.895004,40.672291],[-73.894615,40.6722],[-73.894211,40.672165],[-73.893806,40.672187],[-73.893512,40.672231]]}},{"type":"Feature","properties":{},"geometry":{"type":"LineString","coordinates":[[-73.908045,40.678111],[-73.907772,40.678107],[-73.907501,40.678121],[-73.906981,40.678165],[-73.906637,40.678194],[-73.906292,40.678223],[-73.906061,40.678237],[-73.905828,40.678246],[-73.905515,40.678251],[-73.905202,40.678256],[-73.904889,40.678262],[-73.904576,40.678267],[-73.904263,40.678272],[-73.90395,40.678278],[-73.903637,40.678283],[-73.903199,40.678273],[-73.902615,40.678217],[-73.902317,40.678176],[-73.902019,40.678136],[-73.901721,40.678095],[-73.901474,40.678053],[-73.90096,40.677966],[-73.900629,40.677915],[-73.900294,40.677878],[-73.899966,40.677859],[-73.899639,40.67784],[-73.899312,40.677822],[-73.898984,40.677803],[-73.898657,40.677784],[-73.898393,40.677739],[-73.89814,40.677665],[-73.897904,40.677564],[-73.897691,40.677438],[-73.897504,40.677289],[-73.897349,40.677121],[-73.897227,40.676937]]}},{"type":"Feature","properties":{},"geometry":{"type":"LineString","coordinates":[[-73.925823,40.679086],[-73.925515,40.67907],[-73.925207,40.679053],[-73.924899,40.679036],[-73.924591,40.679019],[-73.924283,40.679003],[-73.923975,40.678986],[-73.923667,40.678969],[-73.923359,40.678952],[-73.923051,40.678936],[-73.922743,40.678919],[-73.922435,40.678902],[-73.922128,40.678885],[-73.92182,40.678869],[-73.921512,40.678852],[-73.921204,40.678835],[-73.920896,40.678818],[-73.920588,40.678802],[-73.92028,40.678785],[-73.919972,40.678768],[-73.919665,40.678751],[-73.919357,40.678734],[-73.91905,40.678717],[-73.918742,40.678701],[-73.918435,40.678684],[-73.918127,40.678667],[-73.91782,40.67865],[-73.917512,40.678633],[-73.917205,40.678616],[-73.916897,40.678599],[-73.91659,40.678582],[-73.916282,40.678566],[-73.915975,40.678549],[-73.915667,40.678532],[-73.91536,40.678515],[-73.915053,40.678498],[-73.914503,40.678468],[-73.914194,40.678451],[-73.913886,40.678434],[-73.913577,40.678417],[-73.913268,40.6784],[-73.91296,40.678383],[-73.912651,40.678366],[-73.912342,40.678349],[-73.912034,40.678332],[-73.911725,40.678315],[-73.911417,40.678298],[-73.911108,40.678281],[-73.910799,40.678264],[-73.910491,40.678247],[-73.910182,40.678231],[-73.909873,40.678214],[-73.909565,40.678197],[-73.909256,40.67818],[-73.908953,40.678163],[-73.908651,40.678146],[-73.908348,40.678128]]}},{"type":"Feature","properties":{},"geometry":{"type":"LineString","coordinates":[[-73.935338,40.679605],[-73.935043,40.679589],[-73.934747,40.679573],[-73.934451,40.679556],[-73.934155,40.67954],[-73.93386,40.679524],[-73.933564,40.679508],[-73.933268,40.679492],[-73.932972,40.679476],[-73.932674,40.679462],[-73.932375,40.679448],[-73.932076,40.679434],[-73.931769,40.679421],[-73.931461,40.679408],[-73.931119,40.679389],[-73.930777,40.679369],[-73.930436,40.67935],[-73.930094,40.67933],[-73.929752,40.679311],[-73.92941,40.679291],[-73.929095,40.679272],[-73.928556,40.679235],[-73.928252,40.679219],[-73.927949,40.679202],[-73.927645,40.679186],[-73.927341,40.679169],[-73.927037,40.679153],[-73.926734,40.679136],[-73.92643,40.679119],[-73.926126,40.679103]]}},{"type":"Feature","properties":{},"geometry":{"type":"LineString","coordinates":[[-73.944795,40.680121],[-73.944495,40.680104],[-73.944195,40.680088],[-73.943895,40.680071],[-73.943595,40.680055],[-73.943295,40.680039],[-73.942995,40.680022],[-73.942695,40.680006],[-73.942395,40.67999],[-73.942095,40.679973],[-73.941795,40.679957],[-73.941495,40.679941],[-73.941196,40.679924],[-73.940896,40.679908],[-73.940582,40.679891],[-73.940263,40.679873],[-73.939944,40.679856],[-73.939624,40.679839],[-73.939305,40.679821],[-73.938986,40.679804],[-73.938667,40.679786],[-73.938364,40.67977],[-73.938062,40.679753],[-73.937759,40.679737],[-73.937457,40.67972],[-73.937154,40.679704],[-73.936851,40.679687],[-73.936549,40.679671],[-73.936246,40.679654],[-73.935944,40.679638],[-73.935641,40.679621]]}},{"type":"Feature","properties":{},"geometry":{"type":"LineString","coordinates":[[-73.968164,40.683782],[-73.967892,40.683688],[-73.96761,40.683617],[-73.967296,40.683551],[-73.966983,40.683486],[-73.96667,40.683421],[-73.966356,40.683355],[-73.966043,40.68329],[-73.96573,40.683224],[-73.965416,40.683159],[-73.965103,40.683093],[-73.96479,40.683028],[-73.964476,40.682962],[-73.964188,40.682902],[-73.963901,40.682842],[-73.963613,40.682782],[-73.963325,40.682722],[-73.963037,40.682661],[-73.962749,40.682601],[-73.962461,40.682541],[-73.962174,40.682481],[-73.961886,40.68242],[-73.961598,40.68236],[-73.96131,40.6823],[-73.961022,40.68224],[-73.960735,40.68218],[-73.960447,40.682119],[-73.960159,40.682059],[-73.959871,40.681999],[-73.959583,40.681939],[-73.959295,40.681878],[-73.959008,40.681818],[-73.95872,40.681758],[-73.958432,40.681698],[-73.958144,40.681638],[-73.957856,40.681577],[-73.957569,40.681517],[-73.957281,40.681457],[-73.956993,40.681397],[-73.956705,40.681336],[-73.956417,40.681276],[-73.95613,40.681216],[-73.955842,40.681156],[-73.95552,40.681089],[-73.955197,40.681021],[-73.954875,40.680954],[-73.954553,40.680887],[-73.954231,40.68082],[-73.953909,40.680752]]}},{"type":"Feature","properties":{},"geometry":{"type":"LineString","coordinates":[[-73.893436,40.672277],[-73.893812,40.672221],[-73.89421,40.672199],[-73.894606,40.672233],[-73.894987,40.672323],[-73.895339,40.672465],[-73.89565,40.672653],[-73.89591,40.672882],[-73.896109,40.673144],[-73.896241,40.673429],[-73.896299,40.673656],[-73.896357,40.673882],[-73.896415,40.674108],[-73.896473,40.674334],[-73.896531,40.67456],[-73.896589,40.674787],[-73.896647,40.675013],[-73.896705,40.675239],[-73.896763,40.675465],[-73.896821,40.675691],[-73.896879,40.675917],[-73.896952,40.676195],[-73.897025,40.676473]]}},{"type":"Feature","properties":{},"geometry":{"type":"LineString","coordinates":[[-73.986537,40.68894],[-73.98618,40.688799],[-73.985893,40.688686],[-73.985606,40.688574],[-73.98532,40.688461],[-73.985033,40.688348],[-73.984746,40.688236],[-73.984477,40.688136],[-73.984208,40.688037],[-73.983834,40.687906],[-73.983471,40.687783]]}},{"type":"Feature","properties":{},"geometry":{"type":"LineString","coordinates":[[-73.982926,40.687784],[-73.983357,40.687943],[-73.983726,40.688081],[-73.984094,40.688219],[-73.984619,40.688425],[-73.984905,40.688537],[-73.985191,40.688649],[-73.985477,40.688761],[-73.985763,40.688873],[-73.986049,40.688985]]}},{"type":"Feature","properties":{},"geometry":{"type":"LineString","coordinates":[[-73.987541,40.691077],[-73.987451,40.69122],[-73.987382,40.691369],[-73.987333,40.691523],[-73.987305,40.69168],[-73.987293,40.691915],[-73.987281,40.692151],[-73.987269,40.692386],[-73.987256,40.692621],[-73.987244,40.692856],[-73.987232,40.693092],[-73.98722,40.693327],[-73.987201,40.693672],[-73.987185,40.693978],[-73.98717,40.694285],[-73.987164,40.694407],[-73.987162,40.694446],[-73.987156,40.694568],[-73.987144,40.694805],[-73.987132,40.695043],[-73.98712,40.69528],[-73.987108,40.695517],[-73.987096,40.695754],[-73.987084,40.695991]]}},{"type":"Feature","properties":{},"geometry":{"type":"LineString","coordinates":[[-73.987117,40.696229],[-73.98713,40.695978],[-73.987143,40.695726],[-73.987155,40.695474],[-73.987168,40.695223],[-73.987181,40.694971],[-73.987193,40.694719],[-73.9872,40.694595],[-73.987201,40.694567],[-73.987207,40.694445],[-73.987215,40.694286],[-73.98723,40.693979],[-73.987246,40.693672],[-73.987263,40.693329],[-73.987276,40.693094],[-73.987288,40.692859],[-73.9873,40.692624],[-73.987313,40.692389],[-73.987325,40.692154],[-73.987337,40.691918],[-73.98735,40.691683],[-73.987377,40.691529],[-73.987425,40.691378],[-73.987494,40.691232]]}},{"type":"Feature","properties":{},"geometry":{"type":"LineString","coordinates":[[-73.988202,40.689977],[-73.988031,40.690199],[-73.987849,40.690408],[-73.987721,40.690627],[-73.987575,40.690928],[-73.9875,40.691062],[-73.987396,40.691206],[-73.987313,40.691358],[-73.98725,40.691515],[-73.987209,40.691676],[-73.987197,40.691911],[-73.987185,40.692147],[-73.987173,40.692382],[-73.987161,40.692618],[-73.987149,40.692853],[-73.987137,40.693088],[-73.987125,40.693324],[-73.987104,40.693669],[-73.987114,40.693976],[-73.987125,40.694283],[-73.987119,40.694406],[-73.987107,40.694634],[-73.987096,40.694862],[-73.987084,40.695089],[-73.987073,40.695317],[-73.987061,40.695544],[-73.98705,40.695772],[-73.987039,40.696],[-73.987027,40.696227],[-73.987014,40.696485],[-73.987001,40.696742],[-73.986988,40.696999],[-73.986975,40.697256],[-73.986963,40.697514],[-73.986952,40.697745],[-73.986942,40.697976],[-73.98692,40.698354],[-73.98687,40.698641],[-73.98682,40.698928],[-73.986807,40.699169],[-73.986793,40.699411],[-73.986779,40.699652],[-73.986765,40.699893],[-73.986752,40.700134],[-73.986738,40.700376],[-73.986724,40.700617],[-73.98671,40.700858],[-73.986697,40.701093],[-73.986684,40.701328],[-73.98667,40.701563],[-73.986657,40.701799],[-73.986643,40.702034],[-73.98663,40.702269]]}},{"type":"Feature","properties":{},"geometry":{"type":"LineString","coordinates":[[-73.993995,40.681415],[-73.993747,40.681782],[-73.99352,40.682192],[-73.993381,40.682397],[-73.993243,40.682601],[-73.993104,40.682805],[-73.992966,40.68301],[-73.992827,40.683214],[-73.992689,40.683419],[-73.99255,40.683623],[-73.992411,40.683827],[-73.992273,40.684032],[-73.992134,40.684236],[-73.991996,40.684441],[-73.991854,40.684649],[-73.991713,40.684857],[-73.991571,40.685066],[-73.99143,40.685274],[-73.991288,40.685483],[-73.991146,40.685691],[-73.991005,40.685899],[-73.990844,40.686135],[-73.990684,40.68637],[-73.990524,40.686605],[-73.990364,40.686841]]}},{"type":"Feature","properties":{},"geometry":{"type":"LineString","coordinates":[[-73.990203,40.687154],[-73.990406,40.686855],[-73.990584,40.686593],[-73.990762,40.686331],[-73.990929,40.686085],[-73.991095,40.68584],[-73.991261,40.685594],[-73.991428,40.685349],[-73.99158,40.685126],[-73.991732,40.684902],[-73.991884,40.684679],[-73.992036,40.684456],[-73.992175,40.684252],[-73.992313,40.684047],[-73.992452,40.683843],[-73.99259,40.683639],[-73.992729,40.683434],[-73.992867,40.68323],[-73.993006,40.683025],[-73.993144,40.682821],[-73.993283,40.682617],[-73.993421,40.682412],[-73.99356,40.682208],[-73.993868,40.681828]]}},{"type":"Feature","properties":{},"geometry":{"type":"LineString","coordinates":[[-73.994116,40.681462],[-73.994358,40.681105],[-73.9945,40.680923],[-73.994562,40.680844],[-73.994722,40.680651],[-73.994882,40.680459],[-73.995042,40.680267],[-73.995202,40.680074],[-73.995363,40.679882],[-73.995523,40.67969],[-73.995683,40.679497],[-73.995843,40.679298],[-73.995982,40.679104]]}},{"type":"Feature","properties":{},"geometry":{"type":"LineString","coordinates":[[-73.995963,40.67886],[-73.995852,40.679054],[-73.995725,40.679247],[-73.995577,40.679431],[-73.995416,40.679625],[-73.995255,40.679819],[-73.995095,40.680013],[-73.994934,40.680207],[-73.994773,40.6804],[-73.994612,40.680594],[-73.994451,40.680788],[-73.9944,40.68085],[-73.99424,40.681055]]}},{"type":"Feature","properties":{},"geometry":{"type":"LineString","coordinates":[[-73.996011,40.678875],[-73.995896,40.679071],[-73.995764,40.679264],[-73.995622,40.679445],[-73.99546,40.67964],[-73.995298,40.679834],[-73.995135,40.680029],[-73.994973,40.680224],[-73.99481,40.680418],[-73.994648,40.680613],[-73.994485,40.680808],[-73.994279,40.681072],[-73.994036,40.681431],[-73.993788,40.681798],[-73.993518,40.682193],[-73.993379,40.682397],[-73.993241,40.682601],[-73.993102,40.682806],[-73.992964,40.68301],[-73.992825,40.683214],[-73.992687,40.683418],[-73.992548,40.683623],[-73.99241,40.683827],[-73.992271,40.684031],[-73.992133,40.684236],[-73.991994,40.68444],[-73.991846,40.684658],[-73.991697,40.684876],[-73.991549,40.685094],[-73.9914,40.685313],[-73.991252,40.685531],[-73.991103,40.685749],[-73.990955,40.685967],[-73.990806,40.686185],[-73.990657,40.686404],[-73.990509,40.686622],[-73.99036,40.68684],[-73.990211,40.68706],[-73.990061,40.687281],[-73.989912,40.687501],[-73.989762,40.687722],[-73.989613,40.687942],[-73.989464,40.688163],[-73.989314,40.688383],[-73.989165,40.688603],[-73.989015,40.688824],[-73.988841,40.689071],[-73.988667,40.689318],[-73.988493,40.689565],[-73.988347,40.689771]]}},{"type":"Feature","properties":{},"geometry":{"type":"LineString","coordinates":[[-73.988383,40.689327],[-73.988247,40.689371],[-73.988104,40.689403],[-73.987957,40.689422],[-73.987809,40.689428],[-73.98766,40.689421],[-73.987514,40.6894],[-73.987375,40.689369],[-73.98705,40.689241],[-73.986767,40.68913],[-73.986485,40.689019],[-73.986126,40.688878],[-73.985845,40.688768],[-73.985565,40.688658],[-73.985285,40.688548],[-73.985004,40.688438],[-73.984724,40.688328],[-73.984444,40.688219],[-73.984163,40.688109]]}},{"type":"Feature","properties":{},"geometry":{"type":"LineString","coordinates":[[-73.987582,40.691092],[-73.987659,40.690955],[-73.987805,40.690653],[-73.987865,40.69052],[-73.987901,40.690382],[-73.987913,40.690242],[-73.987902,40.690102],[-73.987867,40.689964],[-73.987809,40.68983],[-73.987728,40.689704],[-73.987627,40.689586],[-73.987507,40.689479],[-73.987371,40.689378],[-73.98707,40.689214],[-73.986791,40.689062]]}},{"type":"Feature","properties":{},"geometry":{"type":"LineString","coordinates":[[-73.987008,40.697515],[-73.987021,40.697809],[-73.987105,40.698081],[-73.987244,40.698341],[-73.987435,40.69858],[-73.987672,40.698794],[-73.98795,40.698978],[-73.988263,40.699127]]}},{"type":"Feature","properties":{},"geometry":{"type":"LineString","coordinates":[[-73.988623,40.699179],[-73.988293,40.699073],[-73.987989,40.698931],[-73.987717,40.698754],[-73.987484,40.698547],[-73.987296,40.698316],[-73.987157,40.698065],[-73.987071,40.697802]]}},{"type":"Feature","properties":{},"geometry":{"type":"LineString","coordinates":[[-73.98249,40.687543],[-73.982151,40.68744],[-73.981786,40.687307],[-73.981534,40.687217],[-73.981275,40.687144],[-73.980937,40.687069],[-73.980599,40.686994],[-73.980141,40.686892],[-73.97982,40.68682],[-73.979537,40.686769],[-73.97924,40.686727],[-73.978919,40.686717],[-73.9786,40.686726],[-73.978266,40.686764],[-73.977933,40.686802],[-73.9776,40.686839],[-73.977266,40.686877],[-73.976932,40.686901],[-73.976596,40.686899],[-73.976263,40.686871],[-73.975934,40.686817],[-73.975615,40.686739],[-73.975307,40.686637],[-73.974924,40.686484],[-73.974541,40.686332],[-73.974337,40.68625],[-73.974068,40.686143],[-73.9738,40.686035],[-73.973532,40.685928],[-73.973263,40.685821],[-73.972995,40.685714],[-73.972726,40.685606],[-73.972458,40.685499],[-73.97219,40.685392],[-73.971921,40.685284],[-73.971653,40.685177],[-73.971384,40.68507],[-73.971116,40.684962],[-73.970848,40.684855],[-73.970579,40.684748],[-73.970311,40.68464],[-73.970042,40.684533],[-73.969774,40.684426],[-73.969506,40.684319],[-73.969237,40.684211],[-73.968969,40.684104],[-73.9687,40.683997],[-73.968432,40.683889]]}},{"type":"Feature","properties":{},"geometry":{"type":"LineString","coordinates":[[-73.968144,40.683813],[-73.96841,40.683919],[-73.968676,40.684026],[-73.968942,40.684132],[-73.969209,40.684239],[-73.969475,40.684345],[-73.969741,40.684452],[-73.970008,40.684558],[-73.970274,40.684664],[-73.97054,40.684771],[-73.970806,40.684877],[-73.971073,40.684984],[-73.971339,40.68509],[-73.971605,40.685197],[-73.971872,40.685303],[-73.972138,40.68541],[-73.972456,40.685537],[-73.972774,40.685664],[-73.973082,40.685787],[-73.973391,40.685911],[-73.973699,40.686034],[-73.974007,40.686157],[-73.974316,40.68628],[-73.97452,40.686362],[-73.974903,40.686515],[-73.975286,40.686667],[-73.975598,40.686771],[-73.975922,40.68685],[-73.976255,40.686904],[-73.976593,40.686933],[-73.976934,40.686935],[-73.977273,40.686911],[-73.977605,40.686873],[-73.977938,40.686836],[-73.978271,40.686798],[-73.978604,40.68676],[-73.978919,40.686752],[-73.979235,40.686761],[-73.979528,40.686802],[-73.97981,40.686853],[-73.980131,40.686925],[-73.980588,40.687027],[-73.980925,40.687102],[-73.981263,40.687177],[-73.981519,40.687249],[-73.981767,40.687338],[-73.982124,40.687475]]}},{"type":"Feature","properties":{},"geometry":{"type":"LineString","coordinates":[[-73.968124,40.683844],[-73.968387,40.683949],[-73.96865,40.684054],[-73.968913,40.684159],[-73.969176,40.684264],[-73.969439,40.684369],[-73.969702,40.684475],[-73.969965,40.68458],[-73.970228,40.684685],[-73.970491,40.68479],[-73.970754,40.684895],[-73.971017,40.685],[-73.97128,40.685106],[-73.971544,40.685211],[-73.971807,40.685316],[-73.97207,40.685421],[-73.972333,40.685526],[-73.972856,40.685736],[-73.973144,40.685851],[-73.973432,40.685966],[-73.973719,40.686081],[-73.974007,40.686196],[-73.974295,40.686311],[-73.974574,40.686421],[-73.974854,40.686531],[-73.975265,40.686697],[-73.975581,40.686802],[-73.97591,40.686883],[-73.976247,40.686938],[-73.97659,40.686967],[-73.976935,40.686969],[-73.977279,40.686945],[-73.977611,40.686907],[-73.977944,40.68687],[-73.978276,40.686832],[-73.978608,40.686794],[-73.978919,40.686786],[-73.97923,40.686795],[-73.979518,40.686836],[-73.979799,40.686887],[-73.98012,40.686959],[-73.980577,40.687061],[-73.980914,40.687135],[-73.98125,40.68721],[-73.981503,40.687281],[-73.981747,40.687369],[-73.982103,40.687505]]}},{"type":"Feature","properties":{},"geometry":{"type":"LineString","coordinates":[[-73.978616,40.686862],[-73.978919,40.686854],[-73.97922,40.686863],[-73.9795,40.686903],[-73.979778,40.686953],[-73.980104,40.687013],[-73.980568,40.687097],[-73.980963,40.687172],[-73.981358,40.687246],[-73.981604,40.687306],[-73.981848,40.687379],[-73.982146,40.687476],[-73.982443,40.687574],[-73.982741,40.687672],[-73.983038,40.68777],[-73.983336,40.687868],[-73.983634,40.687966]]}},{"type":"Feature","properties":{},"geometry":{"type":"LineString","coordinates":[[-73.978612,40.686828],[-73.97828,40.686866],[-73.977948,40.686903],[-73.977616,40.686941],[-73.977284,40.686979],[-73.976943,40.687002],[-73.976632,40.687015],[-73.97632,40.687029],[-73.976108,40.687036],[-73.975811,40.687063],[-73.975445,40.687104],[-73.975117,40.687141],[-73.974788,40.687177],[-73.974459,40.687214],[-73.974131,40.68725],[-73.973797,40.687288],[-73.973463,40.687325],[-73.973129,40.687362],[-73.972796,40.6874],[-73.972462,40.687437],[-73.972128,40.687474],[-73.971794,40.687512],[-73.971494,40.687546],[-73.971194,40.687581],[-73.970894,40.687615],[-73.970595,40.68765],[-73.970295,40.687684],[-73.969995,40.687719],[-73.969695,40.687753],[-73.969395,40.687788],[-73.969095,40.687822],[-73.968795,40.687857],[-73.968495,40.687891],[-73.968195,40.687926],[-73.967895,40.68796],[-73.967584,40.687996],[-73.967273,40.688032],[-73.966962,40.688068],[-73.966651,40.688104],[-73.96634,40.68814],[-73.966029,40.688176],[-73.965718,40.688212],[-73.965362,40.688253],[-73.965006,40.688293],[-73.96465,40.688334],[-73.964294,40.688375],[-73.963994,40.68841],[-73.963694,40.688444],[-73.963394,40.688479],[-73.963094,40.688513],[-73.962794,40.688548],[-73.96247,40.688581],[-73.962146,40.688614],[-73.961822,40.688647],[-73.961498,40.68868],[-73.961106,40.688725],[-73.960803,40.68876],[-73.9605,40.688795],[-73.960197,40.68883],[-73.959894,40.688865],[-73.959591,40.688899],[-73.959288,40.688934],[-73.958985,40.688969],[-73.958426,40.689034],[-73.95808,40.689073],[-73.957734,40.689113],[-73.957388,40.689153],[-73.957041,40.689193]]}},{"type":"Feature","properties":{},"geometry":{"type":"LineString","coordinates":[[-73.949476,40.696615],[-73.94943,40.696385],[-73.949384,40.696154],[-73.949336,40.695912],[-73.949288,40.695669],[-73.94924,40.695427],[-73.94919,40.69518],[-73.949141,40.694933],[-73.949092,40.694687],[-73.949042,40.69444],[-73.948993,40.694194],[-73.948943,40.693947],[-73.948894,40.693701],[-73.948846,40.693459],[-73.948799,40.693217],[-73.948751,40.692976],[-73.948704,40.692734],[-73.948656,40.692492],[-73.948609,40.69225],[-73.948561,40.692009],[-73.948514,40.691767],[-73.948466,40.691525],[-73.948419,40.691284],[-73.948423,40.691078],[-73.948476,40.690879],[-73.948579,40.69069],[-73.948727,40.69052],[-73.948915,40.690375],[-73.949136,40.690259],[-73.949382,40.690177],[-73.94965,40.690131],[-73.949983,40.690093],[-73.950315,40.690054],[-73.950647,40.690016],[-73.950979,40.689978],[-73.951311,40.68994],[-73.951642,40.689902],[-73.951939,40.689867],[-73.952236,40.689833],[-73.952545,40.689798],[-73.952854,40.689762],[-73.953162,40.689727],[-73.953471,40.689691],[-73.953779,40.689656],[-73.954088,40.68962],[-73.954397,40.689585],[-73.954691,40.689551],[-73.954985,40.689517],[-73.95533,40.689473],[-73.955674,40.68943],[-73.956019,40.689387],[-73.956364,40.689344]]}},{"type":"Feature","properties":{},"geometry":{"type":"LineString","coordinates":[[-73.956709,40.689301],[-73.957055,40.689261],[-73.957401,40.689221],[-73.957747,40.689181],[-73.958093,40.689141],[-73.95844,40.689101],[-73.958988,40.689038],[-73.959292,40.689003],[-73.959597,40.688967],[-73.959902,40.688932],[-73.960206,40.688896],[-73.960511,40.688861],[-73.960816,40.688826],[-73.961121,40.68879],[-73.961512,40.688747],[-73.961834,40.688706],[-73.962156,40.688665],[-73.962478,40.688623],[-73.962801,40.688582],[-73.963101,40.688547],[-73.963401,40.688513],[-73.963701,40.688478],[-73.964001,40.688443],[-73.964301,40.688409],[-73.964655,40.688368],[-73.965009,40.688328],[-73.965363,40.688288],[-73.965717,40.688247],[-73.966029,40.688211],[-73.966341,40.688175],[-73.966653,40.688138],[-73.966966,40.688102],[-73.967278,40.688066],[-73.96759,40.68803],[-73.967902,40.687993],[-73.968202,40.687959],[-73.968502,40.687925],[-73.968802,40.68789],[-73.969102,40.687856],[-73.969402,40.687821],[-73.969702,40.687787],[-73.970002,40.687752],[-73.970302,40.687718],[-73.970601,40.687683],[-73.970901,40.687649],[-73.971201,40.687614],[-73.971501,40.68758],[-73.971801,40.687546],[-73.972134,40.687508],[-73.972467,40.687471],[-73.972801,40.687434],[-73.973134,40.687397],[-73.973467,40.68736],[-73.9738,40.687322],[-73.974134,40.687285],[-73.974458,40.687249],[-73.974782,40.687213],[-73.975106,40.687177],[-73.97543,40.687141],[-73.97545,40.687139],[-73.975822,40.687098],[-73.976085,40.687075],[-73.976323,40.687063],[-73.976635,40.68705],[-73.976947,40.687036],[-73.977291,40.687013],[-73.977622,40.686975],[-73.977953,40.686937],[-73.978285,40.6869]]}},{"type":"Feature","properties":{},"geometry":{"type":"LineString","coordinates":[[-73.956695,40.689233],[-73.956349,40.689269],[-73.956003,40.689306],[-73.955657,40.689342],[-73.955311,40.689379],[-73.954965,40.689415],[-73.954386,40.689481],[-73.954076,40.689517],[-73.953765,40.689552],[-73.953455,40.689588],[-73.953144,40.689623],[-73.952834,40.689659],[-73.952523,40.689694],[-73.952213,40.68973],[-73.951917,40.689765],[-73.951622,40.6898],[-73.95129,40.689838],[-73.950959,40.689877],[-73.950627,40.689915],[-73.950295,40.689953],[-73.949962,40.689991],[-73.94963,40.69003],[-73.949347,40.690077],[-73.949085,40.69017],[-73.948852,40.690299],[-73.948656,40.690461],[-73.948506,40.690648],[-73.948407,40.690853],[-73.948362,40.69107],[-73.948374,40.691289],[-73.94842,40.691519],[-73.948466,40.69175],[-73.948512,40.69198],[-73.948558,40.692211],[-73.948604,40.692441],[-73.94865,40.692672],[-73.948696,40.692902],[-73.948742,40.693132],[-73.948788,40.693363],[-73.948833,40.693593],[-73.948879,40.693824],[-73.948925,40.694054],[-73.948971,40.694285],[-73.949017,40.694515],[-73.949063,40.694746],[-73.949109,40.694976],[-73.949155,40.695207],[-73.949201,40.695437],[-73.949247,40.695678],[-73.949293,40.695919],[-73.949339,40.696159],[-73.949386,40.69639],[-73.949432,40.69662]]}},{"type":"Feature","properties":{},"geometry":{"type":"LineString","coordinates":[[-73.995382,40.739276],[-73.995233,40.739479],[-73.995083,40.739683],[-73.994934,40.739887],[-73.994784,40.74009],[-73.994635,40.740294],[-73.994486,40.740498],[-73.994336,40.740701],[-73.994187,40.740905],[-73.994037,40.741108],[-73.993888,40.741312],[-73.993738,40.741516],[-73.993589,40.741719],[-73.99344,40.741923],[-73.99329,40.742127],[-73.993117,40.742363],[-73.993062,40.742437],[-73.992898,40.742661],[-73.992734,40.742884],[-73.992579,40.743099],[-73.992424,40.743313],[-73.992355,40.74341],[-73.992223,40.743592],[-73.992074,40.743798],[-73.991925,40.744004],[-73.991776,40.74421],[-73.991628,40.744417],[-73.991479,40.744623],[-73.99133,40.744829],[-73.991169,40.745054],[-73.991009,40.74528],[-73.990848,40.745505],[-73.990688,40.74573],[-73.990527,40.745956],[-73.990367,40.746181],[-73.990191,40.746422],[-73.990015,40.746664],[-73.989872,40.746864],[-73.989728,40.747064],[-73.989584,40.747263]]}},{"type":"Feature","properties":{},"geometry":{"type":"LineString","coordinates":[[-73.99915,40.722735],[-73.999317,40.722537],[-73.999485,40.722338],[-73.999653,40.72214],[-73.99982,40.721942],[-73.999988,40.721744],[-74.000156,40.721546],[-74.000323,40.721348],[-74.000491,40.72115]]}},{"type":"Feature","properties":{},"geometry":{"type":"LineString","coordinates":[[-73.999112,40.722715],[-73.99928,40.722517],[-73.999447,40.722319],[-73.999615,40.722121],[-73.999783,40.721923],[-73.99995,40.721725],[-74.000118,40.721527],[-74.000286,40.721329],[-74.000453,40.721131]]}},{"type":"Feature","properties":{},"geometry":{"type":"LineString","coordinates":[[-74.000583,40.720914],[-74.000415,40.721112],[-74.000248,40.72131],[-74.00008,40.721508],[-73.999913,40.721706],[-73.999745,40.721904],[-73.999577,40.722102],[-73.99941,40.7223],[-73.999242,40.722498]]}},{"type":"Feature","properties":{},"geometry":{"type":"LineString","coordinates":[[-74.000545,40.720896],[-74.000377,40.721094],[-74.00021,40.721292],[-74.000042,40.72149],[-73.999875,40.721688],[-73.999707,40.721885],[-73.99954,40.722083],[-73.999372,40.722281],[-73.999205,40.722479]]}},{"type":"Feature","properties":{},"geometry":{"type":"LineString","coordinates":[[-73.941873,40.828009],[-73.942025,40.827798],[-73.942177,40.827587],[-73.942329,40.827376],[-73.942481,40.827166],[-73.942633,40.826955],[-73.942785,40.826744],[-73.942937,40.826533],[-73.943089,40.826322]]}},{"type":"Feature","properties":{},"geometry":{"type":"LineString","coordinates":[[-74.005123,40.719071],[-74.005145,40.719465],[-74.005159,40.719726],[-74.005165,40.719835],[-74.005177,40.72005],[-74.005183,40.720147],[-74.005197,40.720407],[-74.005211,40.720667],[-74.005226,40.720927],[-74.00524,40.721187],[-74.005254,40.721447]]}},{"type":"Feature","properties":{},"geometry":{"type":"LineString","coordinates":[[-74.005173,40.719071],[-74.005183,40.718925],[-74.005204,40.718826],[-74.00523,40.718725],[-74.005284,40.718578],[-74.005329,40.718486],[-74.005404,40.718347],[-74.005462,40.718261],[-74.005591,40.718095]]}},{"type":"Feature","properties":{},"geometry":{"type":"LineString","coordinates":[[-74.009419,40.713085],[-74.009207,40.713357],[-74.009157,40.713421],[-74.008938,40.713702],[-74.008807,40.713869],[-74.008639,40.714083],[-74.008472,40.714298],[-74.008304,40.714512],[-74.008137,40.714727],[-74.007969,40.714941],[-74.007768,40.715198],[-74.007628,40.715377],[-74.007328,40.715751],[-74.007146,40.715982],[-74.006964,40.716213],[-74.006782,40.716443],[-74.006579,40.716701],[-74.006376,40.716959],[-74.006173,40.717217],[-74.005998,40.717438]]}},{"type":"Feature","properties":{},"geometry":{"type":"LineString","coordinates":[[-73.991001,40.692508],[-73.990682,40.692473],[-73.990363,40.692437],[-73.990044,40.692402],[-73.989885,40.692379],[-73.989739,40.692357],[-73.9894,40.69229],[-73.989284,40.692257],[-73.989213,40.692236]]}},{"type":"Feature","properties":{},"geometry":{"type":"LineString","coordinates":[[-73.994531,40.714386],[-73.994401,40.714154],[-73.994271,40.713922],[-73.994142,40.71369],[-73.994012,40.713459],[-73.993882,40.713227],[-73.993752,40.712995],[-73.993623,40.712763],[-73.993493,40.712532],[-73.993371,40.712311],[-73.99325,40.712089],[-73.993128,40.711868],[-73.993007,40.711647],[-73.992885,40.711426],[-73.992764,40.711205],[-73.992642,40.710984],[-73.992521,40.710763],[-73.992393,40.710533],[-73.992266,40.710304],[-73.992138,40.710074],[-73.992011,40.709845],[-73.991883,40.709615],[-73.991756,40.709386],[-73.991628,40.709156],[-73.991507,40.708941],[-73.991386,40.708726],[-73.991266,40.708511],[-73.991145,40.708295],[-73.991024,40.70808],[-73.990903,40.707865],[-73.990782,40.70765],[-73.990661,40.707435]]}},{"type":"Feature","properties":{},"geometry":{"type":"LineString","coordinates":[[-73.986349,40.699775],[-73.986466,40.699985],[-73.986582,40.700194],[-73.986698,40.700403],[-73.986814,40.700613],[-73.986931,40.700822],[-73.987047,40.701031],[-73.987163,40.701241],[-73.987279,40.70145],[-73.987395,40.701659],[-73.987512,40.701869],[-73.987628,40.702078],[-73.987744,40.702287],[-73.98786,40.702497],[-73.987977,40.702706],[-73.988093,40.702915],[-73.988209,40.703125],[-73.988325,40.703334],[-73.988442,40.703543],[-73.988558,40.703753],[-73.988674,40.703962],[-73.98879,40.704171],[-73.988906,40.704381],[-73.989023,40.70459],[-73.989139,40.704799],[-73.989255,40.705009],[-73.989371,40.705218],[-73.989488,40.705427],[-73.989604,40.705637],[-73.98972,40.705846],[-73.989836,40.706055],[-73.989952,40.706265],[-73.990069,40.706474],[-73.990185,40.706683],[-73.990301,40.706893]]}},{"type":"Feature","properties":{},"geometry":{"type":"LineString","coordinates":[[-74.004094,40.712527],[-74.003888,40.712741],[-74.003682,40.712955],[-74.003476,40.713169],[-74.00327,40.713383],[-74.003064,40.713597],[-74.002825,40.713851],[-74.002587,40.714105],[-74.002468,40.714261],[-74.002375,40.714423],[-74.002301,40.714582],[-74.002183,40.7149],[-74.002111,40.715056]]}},{"type":"Feature","properties":{},"geometry":{"type":"LineString","coordinates":[[-73.980628,40.730553],[-73.980933,40.730682],[-73.981238,40.730811],[-73.981543,40.73094],[-73.981848,40.731069],[-73.982153,40.731198],[-73.982417,40.73131],[-73.98268,40.731421],[-73.982944,40.731533],[-73.983208,40.731644],[-73.983471,40.731755],[-73.983735,40.731867],[-73.983999,40.731978],[-73.984262,40.73209],[-73.984526,40.732201],[-73.98479,40.732313],[-73.985053,40.732424]]}},{"type":"Feature","properties":{},"geometry":{"type":"LineString","coordinates":[[-73.985343,40.7325],[-73.985079,40.732388],[-73.984816,40.732277],[-73.984552,40.732165],[-73.984288,40.732054],[-73.984025,40.731942],[-73.983761,40.731831],[-73.983497,40.731719],[-73.983234,40.731608],[-73.98297,40.731497],[-73.982707,40.731385],[-73.982443,40.731274],[-73.982179,40.731162],[-73.981875,40.731033],[-73.98157,40.730905],[-73.981265,40.730776],[-73.98096,40.730647]]}},{"type":"Feature","properties":{},"geometry":{"type":"LineString","coordinates":[[-73.989979,40.712836],[-73.990015,40.713062],[-73.990052,40.713288],[-73.990088,40.713514],[-73.990124,40.71374],[-73.99016,40.713966],[-73.990196,40.714192],[-73.990201,40.71433],[-73.990189,40.71448],[-73.990156,40.714604]]}},{"type":"Feature","properties":{},"geometry":{"type":"LineString","coordinates":[[-73.990137,40.714747],[-73.990208,40.714622],[-73.990259,40.714492],[-73.99029,40.714358],[-73.9903,40.714223],[-73.99029,40.714087],[-73.99025,40.713835],[-73.99021,40.713583],[-73.990169,40.713331],[-73.990129,40.713079]]}},{"type":"Feature","properties":{},"geometry":{"type":"LineString","coordinates":[[-73.98795,40.707583],[-73.98778,40.707366],[-73.987611,40.70715],[-73.987442,40.706933],[-73.987272,40.706717],[-73.987019,40.706337],[-73.986834,40.70595],[-73.98672,40.705587],[-73.986648,40.705216],[-73.986606,40.704828],[-73.986653,40.70446],[-73.986662,40.704216],[-73.986671,40.703972],[-73.98668,40.703727],[-73.98669,40.703483],[-73.986699,40.703239],[-73.986708,40.702995],[-73.986717,40.702751]]}},{"type":"Feature","properties":{},"geometry":{"type":"LineString","coordinates":[[-73.986616,40.702504],[-73.986603,40.702749],[-73.986589,40.702995],[-73.986575,40.70324],[-73.986562,40.703486],[-73.986548,40.703731],[-73.986534,40.703977],[-73.986521,40.704222]]}},{"type":"Feature","properties":{},"geometry":{"type":"LineString","coordinates":[[-73.997913,40.698833],[-73.997435,40.698671],[-73.997246,40.698608],[-73.997043,40.698549],[-73.996648,40.698441],[-73.996253,40.698333],[-73.995945,40.698247],[-73.995637,40.698161],[-73.995328,40.698076],[-73.99502,40.69799],[-73.994712,40.697904],[-73.994404,40.697818],[-73.994096,40.697732]]}},{"type":"Feature","properties":{},"geometry":{"type":"LineString","coordinates":[[-73.993766,40.697687],[-73.994075,40.697773],[-73.994384,40.697858],[-73.994693,40.697943],[-73.995001,40.698028],[-73.99531,40.698113],[-73.995619,40.698198],[-73.995928,40.698283],[-73.996236,40.698368],[-73.996422,40.69842],[-73.996623,40.698479],[-73.996812,40.698542],[-73.997165,40.698664],[-73.997517,40.698786]]}},{"type":"Feature","properties":{},"geometry":{"type":"LineString","coordinates":[[-73.997375,40.695602],[-73.997092,40.695524],[-73.996809,40.695446],[-73.996526,40.695368],[-73.996243,40.69529],[-73.99596,40.695212],[-73.995677,40.695135],[-73.995394,40.695057],[-73.995111,40.694979],[-73.994828,40.694901],[-73.994545,40.694823],[-73.994262,40.694745],[-73.993979,40.694668],[-73.993696,40.69459],[-73.993413,40.694512],[-73.99313,40.694434]]}},{"type":"Feature","properties":{},"geometry":{"type":"LineString","coordinates":[[-73.992812,40.69443],[-73.993095,40.694508],[-73.993377,40.694586],[-73.99366,40.694664],[-73.993943,40.694742],[-73.994226,40.69482],[-73.994509,40.694898],[-73.994792,40.694976],[-73.995075,40.695054],[-73.995358,40.695132],[-73.995641,40.69521],[-73.995924,40.695288],[-73.996207,40.695367],[-73.99649,40.695445],[-73.996773,40.695523],[-73.997056,40.695601]]}},{"type":"Feature","properties":{},"geometry":{"type":"LineString","coordinates":[[-73.904068,40.704206],[-73.904276,40.704157],[-73.90437,40.704134],[-73.904561,40.704087],[-73.904845,40.704017],[-73.905179,40.703937],[-73.905508,40.703857],[-73.905838,40.703776],[-73.906167,40.703695],[-73.906497,40.703614],[-73.906707,40.703563],[-73.906797,40.703538],[-73.906856,40.703519],[-73.90691,40.7035],[-73.906979,40.703473],[-73.907033,40.703447],[-73.90709,40.703416],[-73.907157,40.703374],[-73.907228,40.703321],[-73.907337,40.703225],[-73.907421,40.703141],[-73.90763,40.702936],[-73.90784,40.70273],[-73.908049,40.702524],[-73.908258,40.702319],[-73.908467,40.702113],[-73.908498,40.702082],[-73.908575,40.702011],[-73.908807,40.701783],[-73.909038,40.701555],[-73.90937,40.701231],[-73.909554,40.701051],[-73.909739,40.700871],[-73.909986,40.700629],[-73.910233,40.700387],[-73.910481,40.700144],[-73.91073,40.699901],[-73.910798,40.699838],[-73.910846,40.699799],[-73.910882,40.699774],[-73.91093,40.699744],[-73.91098,40.699717],[-73.911038,40.699691],[-73.911096,40.699669],[-73.911149,40.699652],[-73.911214,40.699637],[-73.911272,40.699624],[-73.911297,40.699618],[-73.911331,40.699612]]}},{"type":"Feature","properties":{},"geometry":{"type":"LineString","coordinates":[[-73.911403,40.699472],[-73.911294,40.699489],[-73.911224,40.699503],[-73.911162,40.69952],[-73.911093,40.699545],[-73.911037,40.699568],[-73.910975,40.6996],[-73.910925,40.699626],[-73.910877,40.699656],[-73.910828,40.699692],[-73.910782,40.699729],[-73.910739,40.699768],[-73.910695,40.699818],[-73.910568,40.699941],[-73.910374,40.700131],[-73.91018,40.700321],[-73.909986,40.700511],[-73.909792,40.700701],[-73.909659,40.700833],[-73.909336,40.70115],[-73.90909,40.701389],[-73.908879,40.701595],[-73.908601,40.701866],[-73.908406,40.702059],[-73.908195,40.702265],[-73.907985,40.70247],[-73.907775,40.702675],[-73.907564,40.70288],[-73.907354,40.703085],[-73.907144,40.70329],[-73.907045,40.703373],[-73.906996,40.703405],[-73.906935,40.703439],[-73.906866,40.70347],[-73.906781,40.703503],[-73.906676,40.703532],[-73.906452,40.703586],[-73.905937,40.703714],[-73.905378,40.703852],[-73.904889,40.703969],[-73.904622,40.704035],[-73.904523,40.704059],[-73.904444,40.704075],[-73.904362,40.704088],[-73.904279,40.704099],[-73.904239,40.704104],[-73.904211,40.704107],[-73.904102,40.704121]]}},{"type":"Feature","properties":{},"geometry":{"type":"LineString","coordinates":[[-73.940212,40.709804],[-73.940174,40.70957],[-73.940135,40.709335],[-73.940097,40.7091],[-73.940058,40.708866],[-73.94002,40.708631],[-73.939995,40.708481],[-73.939951,40.708213],[-73.939906,40.707946],[-73.939862,40.707679],[-73.939818,40.707411]]}},{"type":"Feature","properties":{},"geometry":{"type":"LineString","coordinates":[[-73.939774,40.707144],[-73.939725,40.706852],[-73.939677,40.70656],[-73.939628,40.706268],[-73.939598,40.706153],[-73.93956,40.706052],[-73.939513,40.705957],[-73.939434,40.705847],[-73.939329,40.705745],[-73.939185,40.70565],[-73.938988,40.705549],[-73.938849,40.705495],[-73.938673,40.705444],[-73.938506,40.705433]]}},{"type":"Feature","properties":{},"geometry":{"type":"LineString","coordinates":[[-73.903635,40.680015],[-73.903582,40.679823],[-73.903498,40.679505],[-73.903428,40.679266],[-73.903357,40.679027],[-73.903287,40.678787],[-73.903217,40.678548],[-73.903146,40.678309]]}},{"type":"Feature","properties":{},"geometry":{"type":"LineString","coordinates":[[-73.982648,40.74524],[-73.982445,40.745526],[-73.982242,40.745812],[-73.98208,40.746038],[-73.981919,40.746264],[-73.981757,40.74649],[-73.981596,40.746717],[-73.981404,40.746939],[-73.981212,40.74716]]}},{"type":"Feature","properties":{},"geometry":{"type":"LineString","coordinates":[[-73.930526,40.812428],[-73.930233,40.812661],[-73.930168,40.812742],[-73.930031,40.812954],[-73.929893,40.813165],[-73.929755,40.813376],[-73.929617,40.813588],[-73.929479,40.813799]]}},{"type":"Feature","properties":{},"geometry":{"type":"LineString","coordinates":[[-73.926355,40.827191],[-73.92649,40.826961],[-73.926626,40.826731],[-73.926761,40.826501],[-73.926896,40.826271],[-73.926967,40.826152],[-73.927046,40.826014],[-73.927134,40.82584],[-73.927187,40.825708],[-73.927227,40.825565],[-73.927262,40.825409]]}},{"type":"Feature","properties":{},"geometry":{"type":"LineString","coordinates":[[-73.999527,40.734059],[-73.999468,40.73407],[-73.999415,40.734081],[-73.999361,40.734096],[-73.999283,40.734121],[-73.999217,40.734146],[-73.999167,40.734175],[-73.999124,40.734211],[-73.999092,40.734247],[-73.999055,40.734288],[-73.99902,40.734335]]}},{"type":"Feature","properties":{},"geometry":{"type":"LineString","coordinates":[[-73.999036,40.734386],[-73.999066,40.734347],[-73.999104,40.734297],[-73.999154,40.734247],[-73.999203,40.73421],[-73.99926,40.73418],[-73.999313,40.734162],[-73.999378,40.734147]]}},{"type":"Feature","properties":{},"geometry":{"type":"LineString","coordinates":[[-73.997459,40.736549],[-73.997611,40.736341],[-73.997763,40.736132],[-73.997915,40.735924],[-73.998067,40.735715],[-73.998219,40.735507],[-73.99837,40.735298],[-73.998522,40.735089],[-73.998694,40.734855],[-73.998865,40.73462]]}},{"type":"Feature","properties":{},"geometry":{"type":"LineString","coordinates":[[-74.007063,40.732997],[-74.007146,40.732981],[-74.007226,40.732958],[-74.007301,40.732927],[-74.00737,40.73289],[-74.007434,40.732846],[-74.007489,40.732797],[-74.007536,40.732743],[-74.007574,40.732685],[-74.007602,40.732624],[-74.00762,40.73256],[-74.007685,40.732329],[-74.007751,40.732099],[-74.007817,40.731868],[-74.007882,40.731637],[-74.007948,40.731406],[-74.007961,40.731364],[-74.007981,40.731324],[-74.008007,40.731287],[-74.008039,40.731252],[-74.008077,40.73122],[-74.008121,40.731193],[-74.008168,40.73117],[-74.008219,40.731152],[-74.008273,40.731139],[-74.008328,40.731131],[-74.008385,40.731129],[-74.008441,40.731132],[-74.008786,40.731165],[-74.009132,40.731198],[-74.009478,40.73123]]}},{"type":"Feature","properties":{},"geometry":{"type":"LineString","coordinates":[[-74.009483,40.731195],[-74.009138,40.731162],[-74.008792,40.73113],[-74.008447,40.731097],[-74.008384,40.731093],[-74.008322,40.731096],[-74.00826,40.731104],[-74.008201,40.731118],[-74.008144,40.731138],[-74.008091,40.731164],[-74.008043,40.731194],[-74.008001,40.731229],[-74.007965,40.731268],[-74.007936,40.73131],[-74.007915,40.731354],[-74.007901,40.7314],[-74.007836,40.731631],[-74.007771,40.731862],[-74.007705,40.732092],[-74.00764,40.732323],[-74.007575,40.732553],[-74.007555,40.73261],[-74.007526,40.732665],[-74.007488,40.732716],[-74.007443,40.732763],[-74.00739,40.732807],[-74.00733,40.732844],[-74.007265,40.732876],[-74.007196,40.732902],[-74.007122,40.732921]]}},{"type":"Feature","properties":{},"geometry":{"type":"LineString","coordinates":[[-74.00674,40.711016],[-74.006392,40.711268],[-74.00615,40.711443],[-74.005908,40.711618],[-74.005713,40.711748],[-74.005511,40.711858],[-74.005237,40.71199],[-74.004941,40.712108],[-74.004615,40.71225],[-74.004309,40.712384],[-74.004193,40.712448]]}},{"type":"Feature","properties":{},"geometry":{"type":"LineString","coordinates":[[-74.000797,40.717025],[-74.000669,40.717234],[-74.000533,40.717432],[-74.000416,40.717584],[-74.000236,40.717809],[-74.000055,40.718033],[-73.999874,40.718257],[-73.999693,40.718482]]}},{"type":"Feature","properties":{},"geometry":{"type":"LineString","coordinates":[[-73.986184,40.717959],[-73.986288,40.71802],[-73.986499,40.718122],[-73.986673,40.718184],[-73.986999,40.71828],[-73.987325,40.718377],[-73.987651,40.718473],[-73.987977,40.71857],[-73.988303,40.718667]]}},{"type":"Feature","properties":{},"geometry":{"type":"LineString","coordinates":[[-73.991873,40.719725],[-73.992017,40.719804],[-73.992134,40.719909],[-73.992221,40.720021],[-73.992286,40.720184],[-73.992324,40.720356],[-73.992322,40.720514],[-73.992301,40.720689],[-73.992222,40.720962]]}},{"type":"Feature","properties":{},"geometry":{"type":"LineString","coordinates":[[-73.897671,40.67711],[-73.897326,40.67716],[-73.896982,40.67721],[-73.896637,40.677259],[-73.896331,40.677305],[-73.896024,40.677351],[-73.895718,40.677397],[-73.895412,40.677443],[-73.895105,40.677489],[-73.894799,40.677535],[-73.894493,40.677581],[-73.894186,40.677627],[-73.89388,40.677672],[-73.89357,40.677718]]}},{"type":"Feature","properties":{},"geometry":{"type":"LineString","coordinates":[[-73.893586,40.677788],[-73.893896,40.677742],[-73.894202,40.677697],[-73.894508,40.677651],[-73.894814,40.677606],[-73.895121,40.67756],[-73.895427,40.677515],[-73.895733,40.67747],[-73.896039,40.677424],[-73.896345,40.677379],[-73.896652,40.677333],[-73.896996,40.677282],[-73.897341,40.67723]]}},{"type":"Feature","properties":{},"geometry":{"type":"LineString","coordinates":[[-73.897686,40.677179],[-73.898012,40.67713],[-73.898337,40.677082],[-73.898663,40.677033],[-73.898989,40.676985],[-73.899315,40.676936],[-73.899641,40.676887],[-73.899683,40.676881],[-73.89979,40.676882],[-73.899869,40.676888],[-73.899957,40.676902],[-73.900064,40.676933],[-73.900152,40.676971],[-73.900329,40.67707],[-73.900675,40.677277],[-73.901021,40.677484],[-73.901314,40.677668],[-73.901607,40.677852]]}},{"type":"Feature","properties":{},"geometry":{"type":"LineString","coordinates":[[-73.978422,40.715506],[-73.978714,40.715594],[-73.979007,40.715682],[-73.979299,40.715771],[-73.979592,40.715859],[-73.979884,40.715947],[-73.980176,40.716035],[-73.980469,40.716123],[-73.980761,40.716212],[-73.981053,40.7163],[-73.981346,40.716388],[-73.981638,40.716476],[-73.981931,40.716564],[-73.982223,40.716652],[-73.982515,40.716741],[-73.982808,40.716829],[-73.9831,40.716917],[-73.983387,40.717004],[-73.983674,40.71709],[-73.983961,40.717177],[-73.984248,40.717264],[-73.984535,40.717351],[-73.984822,40.717437],[-73.985109,40.717524],[-73.985396,40.717611]]}},{"type":"Feature","properties":{},"geometry":{"type":"LineString","coordinates":[[-73.985513,40.71761],[-73.985413,40.717579],[-73.985134,40.717495],[-73.984855,40.717411],[-73.984576,40.717327],[-73.984297,40.717242],[-73.984018,40.717158],[-73.983739,40.717074],[-73.98346,40.71699],[-73.983181,40.716906],[-73.982902,40.716821],[-73.982623,40.716737],[-73.982344,40.716653],[-73.982065,40.716569],[-73.981786,40.716485],[-73.981507,40.7164],[-73.981228,40.716316],[-73.980949,40.716232],[-73.98067,40.716148],[-73.980391,40.716064],[-73.980112,40.715979],[-73.979833,40.715895],[-73.979554,40.715811],[-73.979275,40.715727],[-73.978996,40.715643],[-73.978717,40.715558]]}},{"type":"Feature","properties":{},"geometry":{"type":"LineString","coordinates":[[-73.901122,40.677428],[-73.900869,40.677283],[-73.900577,40.677114],[-73.900285,40.676944],[-73.900127,40.676867],[-73.900024,40.67683],[-73.899917,40.676806],[-73.899801,40.676793],[-73.899709,40.676797],[-73.89963,40.676818],[-73.899304,40.676867],[-73.898977,40.676916],[-73.898651,40.676964],[-73.898324,40.677013],[-73.897997,40.677062]]}},{"type":"Feature","properties":{},"geometry":{"type":"LineString","coordinates":[[-74.006371,40.714017],[-74.006287,40.71412],[-74.006063,40.714391],[-74.005839,40.714662],[-74.005609,40.71494],[-74.00538,40.715217],[-74.00521,40.715415],[-74.005041,40.715612],[-74.004871,40.71581],[-74.004701,40.716007]]}},{"type":"Feature","properties":{},"geometry":{"type":"LineString","coordinates":[[-73.989482,40.692485],[-73.989533,40.692528],[-73.989572,40.69256],[-73.989632,40.692622],[-73.989757,40.692851],[-73.989882,40.693081],[-73.990006,40.69331],[-73.990131,40.693539],[-73.990256,40.693768]]}},{"type":"Feature","properties":{},"geometry":{"type":"LineString","coordinates":[[-74.005986,40.709963],[-74.005905,40.71006],[-74.005828,40.71017],[-74.005786,40.710268],[-74.005768,40.710334],[-74.005757,40.710402],[-74.005767,40.710469],[-74.005791,40.710536],[-74.005822,40.710598],[-74.005861,40.710654]]}},{"type":"Feature","properties":{},"geometry":{"type":"LineString","coordinates":[[-74.005984,40.710735],[-74.005898,40.710637],[-74.005861,40.710584],[-74.005832,40.710526],[-74.005809,40.710463],[-74.0058,40.710402],[-74.005811,40.710339],[-74.005827,40.710279],[-74.005875,40.710186],[-74.005961,40.710088]]}},{"type":"Feature","properties":{},"geometry":{"type":"LineString","coordinates":[[-73.94041,40.81474],[-73.940258,40.814946],[-73.940106,40.815152],[-73.939953,40.815358],[-73.939801,40.815563],[-73.939649,40.815769],[-73.939497,40.815975],[-73.939345,40.816181],[-73.939193,40.816387],[-73.93904,40.816592],[-73.938888,40.816798],[-73.938736,40.817004],[-73.938584,40.81721],[-73.938432,40.817415],[-73.93828,40.817621],[-73.938128,40.817827],[-73.937975,40.818033],[-73.937784,40.818292]]}},{"type":"Feature","properties":{},"geometry":{"type":"LineString","coordinates":[[-74.000659,40.720951],[-74.000896,40.720671],[-74.001133,40.72039],[-74.001362,40.720119],[-74.00159,40.719848],[-74.001771,40.719638],[-74.001952,40.719427],[-74.002132,40.719217]]}},{"type":"Feature","properties":{},"geometry":{"type":"LineString","coordinates":[[-74.005494,40.715272],[-74.005725,40.714993],[-74.005955,40.714714],[-74.006178,40.714445],[-74.006401,40.714175],[-74.006488,40.714069],[-74.006654,40.713869],[-74.00682,40.713668],[-74.006986,40.713467],[-74.007151,40.713266],[-74.007317,40.713065],[-74.007483,40.712865]]}},{"type":"Feature","properties":{},"geometry":{"type":"LineString","coordinates":[[-74.007649,40.712664],[-74.007807,40.712473],[-74.007966,40.712281],[-74.008125,40.71209],[-74.008284,40.711898],[-74.008348,40.711827],[-74.008419,40.71177],[-74.0085,40.711721],[-74.00859,40.711683],[-74.008687,40.711655],[-74.008789,40.711639],[-74.008892,40.711634],[-74.008995,40.711642],[-74.009096,40.711661],[-74.009193,40.711692],[-74.009293,40.711736],[-74.009425,40.711804]]}},{"type":"Feature","properties":{},"geometry":{"type":"LineString","coordinates":[[-74.002113,40.730047],[-74.00228,40.729753],[-74.002447,40.729458],[-74.002519,40.729291],[-74.002562,40.729118],[-74.002577,40.728943],[-74.002561,40.728768],[-74.002517,40.728596],[-74.002444,40.728429]]}},{"type":"Feature","properties":{},"geometry":{"type":"LineString","coordinates":[[-73.991541,40.722618],[-73.991486,40.722747],[-73.991452,40.722882],[-73.99144,40.723018],[-73.991448,40.723154],[-73.991478,40.723289],[-73.991527,40.72342],[-73.991597,40.723546],[-73.991685,40.723665],[-73.991792,40.723775],[-73.991914,40.723875],[-73.992051,40.723964],[-73.9922,40.72404]]}},{"type":"Feature","properties":{},"geometry":{"type":"LineString","coordinates":[[-73.997023,40.725496],[-73.996934,40.725464],[-73.996781,40.725423],[-73.996405,40.725337],[-73.99603,40.72525],[-73.995654,40.725164],[-73.995438,40.725109],[-73.995183,40.725033],[-73.994977,40.724967],[-73.994507,40.724805]]}},{"type":"Feature","properties":{},"geometry":{"type":"LineString","coordinates":[[-73.993968,40.724654],[-73.994488,40.724836],[-73.994958,40.724998],[-73.995156,40.725062],[-73.995422,40.725141],[-73.995639,40.725196],[-73.996015,40.725283],[-73.99639,40.725369],[-73.996766,40.725455],[-73.996914,40.725495]]}}]}